model_type,pool_index,layer,position,metric,control,score,num_prompts
trained,0,0,5,beta_r2,actual,-0.04179775342345238,128
trained,0,0,5,beta_r2,shuffled,-0.045357223600149155,128
trained,0,0,5,component_accuracy,actual,0.4765625,128
trained,0,0,5,component_accuracy,shuffled,0.4921875,128
trained,0,0,10,beta_r2,actual,-0.052379295229911804,128
trained,0,0,10,beta_r2,shuffled,-0.047228749841451645,128
trained,0,0,10,component_accuracy,actual,0.4765625,128
trained,0,0,10,component_accuracy,shuffled,0.5,128
trained,0,0,20,beta_r2,actual,-0.04302133247256279,128
trained,0,0,20,beta_r2,shuffled,-0.016276532784104347,128
trained,0,0,20,component_accuracy,actual,0.515625,128
trained,0,0,20,component_accuracy,shuffled,0.4921875,128
trained,0,0,30,beta_r2,actual,-0.13671480119228363,128
trained,0,0,30,beta_r2,shuffled,0.013661662116646767,128
trained,0,0,30,component_accuracy,actual,0.46875,128
trained,0,0,30,component_accuracy,shuffled,0.4765625,128
trained,0,0,40,beta_r2,actual,-0.09882774949073792,128
trained,0,0,40,beta_r2,shuffled,-0.054624367505311966,128
trained,0,0,40,component_accuracy,actual,0.4453125,128
trained,0,0,40,component_accuracy,shuffled,0.5546875,128
trained,0,0,49,beta_r2,actual,-0.1488197147846222,128
trained,0,0,49,beta_r2,shuffled,-0.018482668325304985,128
trained,0,0,49,component_accuracy,actual,0.453125,128
trained,0,0,49,component_accuracy,shuffled,0.5078125,128
trained,0,1,5,beta_r2,actual,0.23886987566947937,128
trained,0,1,5,beta_r2,shuffled,-0.2060714215040207,128
trained,0,1,5,component_accuracy,actual,0.671875,128
trained,0,1,5,component_accuracy,shuffled,0.4921875,128
trained,0,1,10,beta_r2,actual,0.13422521948814392,128
trained,0,1,10,beta_r2,shuffled,-0.319080650806427,128
trained,0,1,10,component_accuracy,actual,0.6015625,128
trained,0,1,10,component_accuracy,shuffled,0.546875,128
trained,0,1,20,beta_r2,actual,0.06949645280838013,128
trained,0,1,20,beta_r2,shuffled,-0.19918587803840637,128
trained,0,1,20,component_accuracy,actual,0.609375,128
trained,0,1,20,component_accuracy,shuffled,0.4375,128
trained,0,1,30,beta_r2,actual,0.21879051625728607,128
trained,0,1,30,beta_r2,shuffled,-0.14738354086875916,128
trained,0,1,30,component_accuracy,actual,0.65625,128
trained,0,1,30,component_accuracy,shuffled,0.453125,128
trained,0,1,40,beta_r2,actual,0.029803933575749397,128
trained,0,1,40,beta_r2,shuffled,-0.1226443499326706,128
trained,0,1,40,component_accuracy,actual,0.59375,128
trained,0,1,40,component_accuracy,shuffled,0.4765625,128
trained,0,1,49,beta_r2,actual,0.10618596524000168,128
trained,0,1,49,beta_r2,shuffled,-0.21091113984584808,128
trained,0,1,49,component_accuracy,actual,0.609375,128
trained,0,1,49,component_accuracy,shuffled,0.5,128
trained,0,2,5,beta_r2,actual,0.2880566716194153,128
trained,0,2,5,beta_r2,shuffled,-0.4165491461753845,128
trained,0,2,5,component_accuracy,actual,0.765625,128
trained,0,2,5,component_accuracy,shuffled,0.515625,128
trained,0,2,10,beta_r2,actual,0.19045080244541168,128
trained,0,2,10,beta_r2,shuffled,-0.3043755292892456,128
trained,0,2,10,component_accuracy,actual,0.71875,128
trained,0,2,10,component_accuracy,shuffled,0.5,128
trained,0,2,20,beta_r2,actual,0.11578678339719772,128
trained,0,2,20,beta_r2,shuffled,-0.1766708940267563,128
trained,0,2,20,component_accuracy,actual,0.578125,128
trained,0,2,20,component_accuracy,shuffled,0.4921875,128
trained,0,2,30,beta_r2,actual,0.28875014185905457,128
trained,0,2,30,beta_r2,shuffled,-0.1937786489725113,128
trained,0,2,30,component_accuracy,actual,0.7109375,128
trained,0,2,30,component_accuracy,shuffled,0.484375,128
trained,0,2,40,beta_r2,actual,0.12899763882160187,128
trained,0,2,40,beta_r2,shuffled,-0.30121350288391113,128
trained,0,2,40,component_accuracy,actual,0.640625,128
trained,0,2,40,component_accuracy,shuffled,0.5390625,128
trained,0,2,49,beta_r2,actual,0.2446548342704773,128
trained,0,2,49,beta_r2,shuffled,-0.09864770621061325,128
trained,0,2,49,component_accuracy,actual,0.6796875,128
trained,0,2,49,component_accuracy,shuffled,0.6015625,128
trained,0,3,5,beta_r2,actual,0.3795648515224457,128
trained,0,3,5,beta_r2,shuffled,-0.35372787714004517,128
trained,0,3,5,component_accuracy,actual,0.8671875,128
trained,0,3,5,component_accuracy,shuffled,0.5703125,128
trained,0,3,10,beta_r2,actual,0.4540296792984009,128
trained,0,3,10,beta_r2,shuffled,-0.24564626812934875,128
trained,0,3,10,component_accuracy,actual,0.828125,128
trained,0,3,10,component_accuracy,shuffled,0.5078125,128
trained,0,3,20,beta_r2,actual,0.34740766882896423,128
trained,0,3,20,beta_r2,shuffled,-0.27651187777519226,128
trained,0,3,20,component_accuracy,actual,0.796875,128
trained,0,3,20,component_accuracy,shuffled,0.4375,128
trained,0,3,30,beta_r2,actual,0.4555363953113556,128
trained,0,3,30,beta_r2,shuffled,-0.2362576574087143,128
trained,0,3,30,component_accuracy,actual,0.8671875,128
trained,0,3,30,component_accuracy,shuffled,0.4765625,128
trained,0,3,40,beta_r2,actual,0.39688733220100403,128
trained,0,3,40,beta_r2,shuffled,-0.16279874742031097,128
trained,0,3,40,component_accuracy,actual,0.8359375,128
trained,0,3,40,component_accuracy,shuffled,0.4453125,128
trained,0,3,49,beta_r2,actual,0.5473137497901917,128
trained,0,3,49,beta_r2,shuffled,-0.25040823221206665,128
trained,0,3,49,component_accuracy,actual,0.8828125,128
trained,0,3,49,component_accuracy,shuffled,0.453125,128
trained,0,4,5,beta_r2,actual,0.4895308315753937,128
trained,0,4,5,beta_r2,shuffled,-0.4689817428588867,128
trained,0,4,5,component_accuracy,actual,0.9140625,128
trained,0,4,5,component_accuracy,shuffled,0.4296875,128
trained,0,4,10,beta_r2,actual,0.4294455349445343,128
trained,0,4,10,beta_r2,shuffled,-0.31063127517700195,128
trained,0,4,10,component_accuracy,actual,0.8203125,128
trained,0,4,10,component_accuracy,shuffled,0.4453125,128
trained,0,4,20,beta_r2,actual,0.45192769169807434,128
trained,0,4,20,beta_r2,shuffled,-0.280531644821167,128
trained,0,4,20,component_accuracy,actual,0.8203125,128
trained,0,4,20,component_accuracy,shuffled,0.4609375,128
trained,0,4,30,beta_r2,actual,0.4683396816253662,128
trained,0,4,30,beta_r2,shuffled,-0.17512787878513336,128
trained,0,4,30,component_accuracy,actual,0.84375,128
trained,0,4,30,component_accuracy,shuffled,0.4609375,128
trained,0,4,40,beta_r2,actual,0.47495612502098083,128
trained,0,4,40,beta_r2,shuffled,-0.29751718044281006,128
trained,0,4,40,component_accuracy,actual,0.859375,128
trained,0,4,40,component_accuracy,shuffled,0.5390625,128
trained,0,4,49,beta_r2,actual,0.5765131711959839,128
trained,0,4,49,beta_r2,shuffled,-0.10748201608657837,128
trained,0,4,49,component_accuracy,actual,0.8984375,128
trained,0,4,49,component_accuracy,shuffled,0.5,128
trained,0,5,5,beta_r2,actual,0.3842102587223053,128
trained,0,5,5,beta_r2,shuffled,-0.340017706155777,128
trained,0,5,5,component_accuracy,actual,0.8515625,128
trained,0,5,5,component_accuracy,shuffled,0.4921875,128
trained,0,5,10,beta_r2,actual,0.4699725806713104,128
trained,0,5,10,beta_r2,shuffled,-0.2519632875919342,128
trained,0,5,10,component_accuracy,actual,0.8125,128
trained,0,5,10,component_accuracy,shuffled,0.546875,128
trained,0,5,20,beta_r2,actual,0.45493146777153015,128
trained,0,5,20,beta_r2,shuffled,-0.2744618058204651,128
trained,0,5,20,component_accuracy,actual,0.8203125,128
trained,0,5,20,component_accuracy,shuffled,0.484375,128
trained,0,5,30,beta_r2,actual,0.4606059789657593,128
trained,0,5,30,beta_r2,shuffled,-0.23813818395137787,128
trained,0,5,30,component_accuracy,actual,0.84375,128
trained,0,5,30,component_accuracy,shuffled,0.515625,128
trained,0,5,40,beta_r2,actual,0.4674266278743744,128
trained,0,5,40,beta_r2,shuffled,-0.2832277715206146,128
trained,0,5,40,component_accuracy,actual,0.828125,128
trained,0,5,40,component_accuracy,shuffled,0.5234375,128
trained,0,5,49,beta_r2,actual,0.571083128452301,128
trained,0,5,49,beta_r2,shuffled,-0.1747998148202896,128
trained,0,5,49,component_accuracy,actual,0.90625,128
trained,0,5,49,component_accuracy,shuffled,0.4296875,128
trained,0,6,5,beta_r2,actual,0.35610535740852356,128
trained,0,6,5,beta_r2,shuffled,-0.5272567868232727,128
trained,0,6,5,component_accuracy,actual,0.875,128
trained,0,6,5,component_accuracy,shuffled,0.453125,128
trained,0,6,10,beta_r2,actual,0.43702179193496704,128
trained,0,6,10,beta_r2,shuffled,-0.40257591009140015,128
trained,0,6,10,component_accuracy,actual,0.8046875,128
trained,0,6,10,component_accuracy,shuffled,0.53125,128
trained,0,6,20,beta_r2,actual,0.38906511664390564,128
trained,0,6,20,beta_r2,shuffled,-0.3621383309364319,128
trained,0,6,20,component_accuracy,actual,0.8203125,128
trained,0,6,20,component_accuracy,shuffled,0.3984375,128
trained,0,6,30,beta_r2,actual,0.4818328619003296,128
trained,0,6,30,beta_r2,shuffled,-0.2523699700832367,128
trained,0,6,30,component_accuracy,actual,0.84375,128
trained,0,6,30,component_accuracy,shuffled,0.5546875,128
trained,0,6,40,beta_r2,actual,0.4439023733139038,128
trained,0,6,40,beta_r2,shuffled,-0.2783566415309906,128
trained,0,6,40,component_accuracy,actual,0.828125,128
trained,0,6,40,component_accuracy,shuffled,0.4375,128
trained,0,6,49,beta_r2,actual,0.6297802329063416,128
trained,0,6,49,beta_r2,shuffled,-0.3085041046142578,128
trained,0,6,49,component_accuracy,actual,0.90625,128
trained,0,6,49,component_accuracy,shuffled,0.5078125,128
raw_input,0,-1,5,beta_r2,actual,-0.03595275059342384,128
raw_input,0,-1,5,beta_r2,shuffled,-0.0696684867143631,128
raw_input,0,-1,5,component_accuracy,actual,0.5,128
raw_input,0,-1,5,component_accuracy,shuffled,0.53125,128
raw_input,0,-1,10,beta_r2,actual,-0.0701201781630516,128
raw_input,0,-1,10,beta_r2,shuffled,-0.054699528962373734,128
raw_input,0,-1,10,component_accuracy,actual,0.421875,128
raw_input,0,-1,10,component_accuracy,shuffled,0.53125,128
raw_input,0,-1,20,beta_r2,actual,-0.042077984660863876,128
raw_input,0,-1,20,beta_r2,shuffled,-0.10096084326505661,128
raw_input,0,-1,20,component_accuracy,actual,0.4921875,128
raw_input,0,-1,20,component_accuracy,shuffled,0.5703125,128
raw_input,0,-1,30,beta_r2,actual,-0.1414056122303009,128
raw_input,0,-1,30,beta_r2,shuffled,-0.04839898273348808,128
raw_input,0,-1,30,component_accuracy,actual,0.4765625,128
raw_input,0,-1,30,component_accuracy,shuffled,0.4765625,128
raw_input,0,-1,40,beta_r2,actual,-0.08749110251665115,128
raw_input,0,-1,40,beta_r2,shuffled,-0.06820163130760193,128
raw_input,0,-1,40,component_accuracy,actual,0.4453125,128
raw_input,0,-1,40,component_accuracy,shuffled,0.53125,128
raw_input,0,-1,49,beta_r2,actual,-0.1292496770620346,128
raw_input,0,-1,49,beta_r2,shuffled,-0.004396843258291483,128
raw_input,0,-1,49,component_accuracy,actual,0.3828125,128
raw_input,0,-1,49,component_accuracy,shuffled,0.5703125,128
untrained,0,0,5,beta_r2,actual,-0.04299665614962578,128
untrained,0,0,5,beta_r2,shuffled,-0.046858590096235275,128
untrained,0,0,5,component_accuracy,actual,0.46875,128
untrained,0,0,5,component_accuracy,shuffled,0.5078125,128
untrained,0,0,10,beta_r2,actual,-0.050782542675733566,128
untrained,0,0,10,beta_r2,shuffled,-0.05047882720828056,128
untrained,0,0,10,component_accuracy,actual,0.5234375,128
untrained,0,0,10,component_accuracy,shuffled,0.546875,128
untrained,0,0,20,beta_r2,actual,-0.04399073123931885,128
untrained,0,0,20,beta_r2,shuffled,-0.01751888543367386,128
untrained,0,0,20,component_accuracy,actual,0.5234375,128
untrained,0,0,20,component_accuracy,shuffled,0.515625,128
untrained,0,0,30,beta_r2,actual,-0.13975705206394196,128
untrained,0,0,30,beta_r2,shuffled,0.011914974078536034,128
untrained,0,0,30,component_accuracy,actual,0.4765625,128
untrained,0,0,30,component_accuracy,shuffled,0.484375,128
untrained,0,0,40,beta_r2,actual,-0.09700557589530945,128
untrained,0,0,40,beta_r2,shuffled,-0.05404777079820633,128
untrained,0,0,40,component_accuracy,actual,0.4296875,128
untrained,0,0,40,component_accuracy,shuffled,0.53125,128
untrained,0,0,49,beta_r2,actual,-0.14658121764659882,128
untrained,0,0,49,beta_r2,shuffled,-0.01698899455368519,128
untrained,0,0,49,component_accuracy,actual,0.46875,128
untrained,0,0,49,component_accuracy,shuffled,0.5078125,128
untrained,0,1,5,beta_r2,actual,-0.039207182824611664,128
untrained,0,1,5,beta_r2,shuffled,-0.05175832286477089,128
untrained,0,1,5,component_accuracy,actual,0.484375,128
untrained,0,1,5,component_accuracy,shuffled,0.4765625,128
untrained,0,1,10,beta_r2,actual,-0.042987797409296036,128
untrained,0,1,10,beta_r2,shuffled,-0.11820387095212936,128
untrained,0,1,10,component_accuracy,actual,0.5234375,128
untrained,0,1,10,component_accuracy,shuffled,0.5,128
untrained,0,1,20,beta_r2,actual,-0.03716035932302475,128
untrained,0,1,20,beta_r2,shuffled,-0.08838354051113129,128
untrained,0,1,20,component_accuracy,actual,0.515625,128
untrained,0,1,20,component_accuracy,shuffled,0.53125,128
untrained,0,1,30,beta_r2,actual,-0.13519252836704254,128
untrained,0,1,30,beta_r2,shuffled,-0.034739863127470016,128
untrained,0,1,30,component_accuracy,actual,0.4921875,128
untrained,0,1,30,component_accuracy,shuffled,0.4765625,128
untrained,0,1,40,beta_r2,actual,-0.09426766633987427,128
untrained,0,1,40,beta_r2,shuffled,-0.0025203311815857887,128
untrained,0,1,40,component_accuracy,actual,0.421875,128
untrained,0,1,40,component_accuracy,shuffled,0.546875,128
untrained,0,1,49,beta_r2,actual,-0.15173910558223724,128
untrained,0,1,49,beta_r2,shuffled,-0.10749881714582443,128
untrained,0,1,49,component_accuracy,actual,0.4609375,128
untrained,0,1,49,component_accuracy,shuffled,0.5078125,128
untrained,0,2,5,beta_r2,actual,-0.030791671946644783,128
untrained,0,2,5,beta_r2,shuffled,-0.09493917226791382,128
untrained,0,2,5,component_accuracy,actual,0.5,128
untrained,0,2,5,component_accuracy,shuffled,0.46875,128
untrained,0,2,10,beta_r2,actual,-0.05086231604218483,128
untrained,0,2,10,beta_r2,shuffled,-0.07308779656887054,128
untrained,0,2,10,component_accuracy,actual,0.5234375,128
untrained,0,2,10,component_accuracy,shuffled,0.5078125,128
untrained,0,2,20,beta_r2,actual,-0.03182995319366455,128
untrained,0,2,20,beta_r2,shuffled,-0.03047436662018299,128
untrained,0,2,20,component_accuracy,actual,0.546875,128
untrained,0,2,20,component_accuracy,shuffled,0.5078125,128
untrained,0,2,30,beta_r2,actual,-0.13001367449760437,128
untrained,0,2,30,beta_r2,shuffled,-0.041201163083314896,128
untrained,0,2,30,component_accuracy,actual,0.515625,128
untrained,0,2,30,component_accuracy,shuffled,0.484375,128
untrained,0,2,40,beta_r2,actual,-0.08758021891117096,128
untrained,0,2,40,beta_r2,shuffled,-0.09617485851049423,128
untrained,0,2,40,component_accuracy,actual,0.4296875,128
untrained,0,2,40,component_accuracy,shuffled,0.5234375,128
untrained,0,2,49,beta_r2,actual,-0.1503084897994995,128
untrained,0,2,49,beta_r2,shuffled,-0.08625588566064835,128
untrained,0,2,49,component_accuracy,actual,0.46875,128
untrained,0,2,49,component_accuracy,shuffled,0.5234375,128
untrained,0,3,5,beta_r2,actual,-0.034962013363838196,128
untrained,0,3,5,beta_r2,shuffled,-0.06527332216501236,128
untrained,0,3,5,component_accuracy,actual,0.4765625,128
untrained,0,3,5,component_accuracy,shuffled,0.5078125,128
untrained,0,3,10,beta_r2,actual,-0.058472659438848495,128
untrained,0,3,10,beta_r2,shuffled,-0.02560412511229515,128
untrained,0,3,10,component_accuracy,actual,0.53125,128
untrained,0,3,10,component_accuracy,shuffled,0.5390625,128
untrained,0,3,20,beta_r2,actual,-0.032150816172361374,128
untrained,0,3,20,beta_r2,shuffled,-0.06099892035126686,128
untrained,0,3,20,component_accuracy,actual,0.515625,128
untrained,0,3,20,component_accuracy,shuffled,0.4765625,128
untrained,0,3,30,beta_r2,actual,-0.1284981220960617,128
untrained,0,3,30,beta_r2,shuffled,-0.052710697054862976,128
untrained,0,3,30,component_accuracy,actual,0.5,128
untrained,0,3,30,component_accuracy,shuffled,0.4765625,128
untrained,0,3,40,beta_r2,actual,-0.0873045101761818,128
untrained,0,3,40,beta_r2,shuffled,-0.055751778185367584,128
untrained,0,3,40,component_accuracy,actual,0.4140625,128
untrained,0,3,40,component_accuracy,shuffled,0.484375,128
untrained,0,3,49,beta_r2,actual,-0.15404808521270752,128
untrained,0,3,49,beta_r2,shuffled,-0.08667238801717758,128
untrained,0,3,49,component_accuracy,actual,0.46875,128
untrained,0,3,49,component_accuracy,shuffled,0.5625,128
untrained,0,4,5,beta_r2,actual,-0.022462114691734314,128
untrained,0,4,5,beta_r2,shuffled,-0.017100445926189423,128
untrained,0,4,5,component_accuracy,actual,0.4921875,128
untrained,0,4,5,component_accuracy,shuffled,0.5078125,128
untrained,0,4,10,beta_r2,actual,-0.06689170747995377,128
untrained,0,4,10,beta_r2,shuffled,-0.07722808420658112,128
untrained,0,4,10,component_accuracy,actual,0.515625,128
untrained,0,4,10,component_accuracy,shuffled,0.515625,128
untrained,0,4,20,beta_r2,actual,-0.03263840451836586,128
untrained,0,4,20,beta_r2,shuffled,0.010595107451081276,128
untrained,0,4,20,component_accuracy,actual,0.53125,128
untrained,0,4,20,component_accuracy,shuffled,0.453125,128
untrained,0,4,30,beta_r2,actual,-0.11808619648218155,128
untrained,0,4,30,beta_r2,shuffled,-0.137505903840065,128
untrained,0,4,30,component_accuracy,actual,0.5,128
untrained,0,4,30,component_accuracy,shuffled,0.625,128
untrained,0,4,40,beta_r2,actual,-0.10046514123678207,128
untrained,0,4,40,beta_r2,shuffled,-0.0878017321228981,128
untrained,0,4,40,component_accuracy,actual,0.40625,128
untrained,0,4,40,component_accuracy,shuffled,0.453125,128
untrained,0,4,49,beta_r2,actual,-0.151022270321846,128
untrained,0,4,49,beta_r2,shuffled,-0.02788734622299671,128
untrained,0,4,49,component_accuracy,actual,0.4765625,128
untrained,0,4,49,component_accuracy,shuffled,0.46875,128
untrained,0,5,5,beta_r2,actual,-0.020374450832605362,128
untrained,0,5,5,beta_r2,shuffled,-0.08043742179870605,128
untrained,0,5,5,component_accuracy,actual,0.4765625,128
untrained,0,5,5,component_accuracy,shuffled,0.4609375,128
untrained,0,5,10,beta_r2,actual,-0.06276769936084747,128
untrained,0,5,10,beta_r2,shuffled,-0.112599216401577,128
untrained,0,5,10,component_accuracy,actual,0.5234375,128
untrained,0,5,10,component_accuracy,shuffled,0.515625,128
untrained,0,5,20,beta_r2,actual,-0.03845784068107605,128
untrained,0,5,20,beta_r2,shuffled,-0.064411960542202,128
untrained,0,5,20,component_accuracy,actual,0.515625,128
untrained,0,5,20,component_accuracy,shuffled,0.4609375,128
untrained,0,5,30,beta_r2,actual,-0.11402516067028046,128
untrained,0,5,30,beta_r2,shuffled,-0.0635247677564621,128
untrained,0,5,30,component_accuracy,actual,0.515625,128
untrained,0,5,30,component_accuracy,shuffled,0.5234375,128
untrained,0,5,40,beta_r2,actual,-0.09615781158208847,128
untrained,0,5,40,beta_r2,shuffled,-0.07894434779882431,128
untrained,0,5,40,component_accuracy,actual,0.4140625,128
untrained,0,5,40,component_accuracy,shuffled,0.59375,128
untrained,0,5,49,beta_r2,actual,-0.14492030441761017,128
untrained,0,5,49,beta_r2,shuffled,-0.0742427185177803,128
untrained,0,5,49,component_accuracy,actual,0.4609375,128
untrained,0,5,49,component_accuracy,shuffled,0.46875,128
untrained,0,6,5,beta_r2,actual,-0.04463418573141098,128
untrained,0,6,5,beta_r2,shuffled,-0.06722841411828995,128
untrained,0,6,5,component_accuracy,actual,0.46875,128
untrained,0,6,5,component_accuracy,shuffled,0.578125,128
untrained,0,6,10,beta_r2,actual,-0.09741248935461044,128
untrained,0,6,10,beta_r2,shuffled,-0.04754532873630524,128
untrained,0,6,10,component_accuracy,actual,0.4921875,128
untrained,0,6,10,component_accuracy,shuffled,0.453125,128
untrained,0,6,20,beta_r2,actual,-0.06697642803192139,128
untrained,0,6,20,beta_r2,shuffled,0.014340667054057121,128
untrained,0,6,20,component_accuracy,actual,0.484375,128
untrained,0,6,20,component_accuracy,shuffled,0.4921875,128
untrained,0,6,30,beta_r2,actual,-0.1279255747795105,128
untrained,0,6,30,beta_r2,shuffled,-0.02290792018175125,128
untrained,0,6,30,component_accuracy,actual,0.5234375,128
untrained,0,6,30,component_accuracy,shuffled,0.5078125,128
untrained,0,6,40,beta_r2,actual,-0.10169687122106552,128
untrained,0,6,40,beta_r2,shuffled,-0.00459720054641366,128
untrained,0,6,40,component_accuracy,actual,0.4609375,128
untrained,0,6,40,component_accuracy,shuffled,0.5,128
untrained,0,6,49,beta_r2,actual,-0.14303545653820038,128
untrained,0,6,49,beta_r2,shuffled,-0.013968948274850845,128
untrained,0,6,49,component_accuracy,actual,0.4140625,128
untrained,0,6,49,component_accuracy,shuffled,0.5078125,128
trained,1,0,5,beta_r2,actual,-0.06468523293733597,128
trained,1,0,5,beta_r2,shuffled,-0.06038752570748329,128
trained,1,0,5,component_accuracy,actual,0.5,128
trained,1,0,5,component_accuracy,shuffled,0.5390625,128
trained,1,0,10,beta_r2,actual,-0.11528089642524719,128
trained,1,0,10,beta_r2,shuffled,-0.05274374410510063,128
trained,1,0,10,component_accuracy,actual,0.4140625,128
trained,1,0,10,component_accuracy,shuffled,0.515625,128
trained,1,0,20,beta_r2,actual,-0.035765390843153,128
trained,1,0,20,beta_r2,shuffled,-0.01316872052848339,128
trained,1,0,20,component_accuracy,actual,0.546875,128
trained,1,0,20,component_accuracy,shuffled,0.4921875,128
trained,1,0,30,beta_r2,actual,-0.08203538507223129,128
trained,1,0,30,beta_r2,shuffled,-0.0042653740383684635,128
trained,1,0,30,component_accuracy,actual,0.4921875,128
trained,1,0,30,component_accuracy,shuffled,0.5625,128
trained,1,0,40,beta_r2,actual,-0.09604959934949875,128
trained,1,0,40,beta_r2,shuffled,-0.023842474445700645,128
trained,1,0,40,component_accuracy,actual,0.4453125,128
trained,1,0,40,component_accuracy,shuffled,0.4765625,128
trained,1,0,49,beta_r2,actual,-0.02257220447063446,128
trained,1,0,49,beta_r2,shuffled,-0.08921778202056885,128
trained,1,0,49,component_accuracy,actual,0.5,128
trained,1,0,49,component_accuracy,shuffled,0.5078125,128
trained,1,1,5,beta_r2,actual,0.6276700496673584,128
trained,1,1,5,beta_r2,shuffled,-0.32633134722709656,128
trained,1,1,5,component_accuracy,actual,0.9453125,128
trained,1,1,5,component_accuracy,shuffled,0.4921875,128
trained,1,1,10,beta_r2,actual,0.7144292593002319,128
trained,1,1,10,beta_r2,shuffled,-0.3155885934829712,128
trained,1,1,10,component_accuracy,actual,0.953125,128
trained,1,1,10,component_accuracy,shuffled,0.515625,128
trained,1,1,20,beta_r2,actual,0.6848705410957336,128
trained,1,1,20,beta_r2,shuffled,-0.10688722133636475,128
trained,1,1,20,component_accuracy,actual,0.96875,128
trained,1,1,20,component_accuracy,shuffled,0.4375,128
trained,1,1,30,beta_r2,actual,0.7046838402748108,128
trained,1,1,30,beta_r2,shuffled,-0.1942325085401535,128
trained,1,1,30,component_accuracy,actual,0.9609375,128
trained,1,1,30,component_accuracy,shuffled,0.546875,128
trained,1,1,40,beta_r2,actual,0.6750074625015259,128
trained,1,1,40,beta_r2,shuffled,-0.15635451674461365,128
trained,1,1,40,component_accuracy,actual,0.953125,128
trained,1,1,40,component_accuracy,shuffled,0.484375,128
trained,1,1,49,beta_r2,actual,0.7140348553657532,128
trained,1,1,49,beta_r2,shuffled,-0.19244860112667084,128
trained,1,1,49,component_accuracy,actual,0.9921875,128
trained,1,1,49,component_accuracy,shuffled,0.5,128
trained,1,2,5,beta_r2,actual,0.6612294912338257,128
trained,1,2,5,beta_r2,shuffled,-0.28827396035194397,128
trained,1,2,5,component_accuracy,actual,0.96875,128
trained,1,2,5,component_accuracy,shuffled,0.5078125,128
trained,1,2,10,beta_r2,actual,0.6867469549179077,128
trained,1,2,10,beta_r2,shuffled,-0.15314249694347382,128
trained,1,2,10,component_accuracy,actual,0.9375,128
trained,1,2,10,component_accuracy,shuffled,0.5234375,128
trained,1,2,20,beta_r2,actual,0.7172232270240784,128
trained,1,2,20,beta_r2,shuffled,-0.16474942862987518,128
trained,1,2,20,component_accuracy,actual,0.9453125,128
trained,1,2,20,component_accuracy,shuffled,0.5390625,128
trained,1,2,30,beta_r2,actual,0.7442224621772766,128
trained,1,2,30,beta_r2,shuffled,-0.19441117346286774,128
trained,1,2,30,component_accuracy,actual,0.953125,128
trained,1,2,30,component_accuracy,shuffled,0.46875,128
trained,1,2,40,beta_r2,actual,0.7215932011604309,128
trained,1,2,40,beta_r2,shuffled,-0.1901097446680069,128
trained,1,2,40,component_accuracy,actual,0.9609375,128
trained,1,2,40,component_accuracy,shuffled,0.59375,128
trained,1,2,49,beta_r2,actual,0.7623382210731506,128
trained,1,2,49,beta_r2,shuffled,-0.09590611606836319,128
trained,1,2,49,component_accuracy,actual,0.9921875,128
trained,1,2,49,component_accuracy,shuffled,0.5234375,128
trained,1,3,5,beta_r2,actual,0.7597663998603821,128
trained,1,3,5,beta_r2,shuffled,-0.5288110971450806,128
trained,1,3,5,component_accuracy,actual,0.9921875,128
trained,1,3,5,component_accuracy,shuffled,0.5,128
trained,1,3,10,beta_r2,actual,0.7859233617782593,128
trained,1,3,10,beta_r2,shuffled,-0.3290277421474457,128
trained,1,3,10,component_accuracy,actual,0.9765625,128
trained,1,3,10,component_accuracy,shuffled,0.5,128
trained,1,3,20,beta_r2,actual,0.8461621999740601,128
trained,1,3,20,beta_r2,shuffled,-0.03909769281744957,128
trained,1,3,20,component_accuracy,actual,0.984375,128
trained,1,3,20,component_accuracy,shuffled,0.4609375,128
trained,1,3,30,beta_r2,actual,0.8511726260185242,128
trained,1,3,30,beta_r2,shuffled,-0.34614935517311096,128
trained,1,3,30,component_accuracy,actual,0.984375,128
trained,1,3,30,component_accuracy,shuffled,0.46875,128
trained,1,3,40,beta_r2,actual,0.8531250357627869,128
trained,1,3,40,beta_r2,shuffled,-0.2978697419166565,128
trained,1,3,40,component_accuracy,actual,0.96875,128
trained,1,3,40,component_accuracy,shuffled,0.5078125,128
trained,1,3,49,beta_r2,actual,0.8720635175704956,128
trained,1,3,49,beta_r2,shuffled,-0.09167446941137314,128
trained,1,3,49,component_accuracy,actual,1.0,128
trained,1,3,49,component_accuracy,shuffled,0.4921875,128
trained,1,4,5,beta_r2,actual,0.8485674262046814,128
trained,1,4,5,beta_r2,shuffled,-0.32216066122055054,128
trained,1,4,5,component_accuracy,actual,0.96875,128
trained,1,4,5,component_accuracy,shuffled,0.46875,128
trained,1,4,10,beta_r2,actual,0.9419736862182617,128
trained,1,4,10,beta_r2,shuffled,-0.39138689637184143,128
trained,1,4,10,component_accuracy,actual,0.984375,128
trained,1,4,10,component_accuracy,shuffled,0.484375,128
trained,1,4,20,beta_r2,actual,0.9314303994178772,128
trained,1,4,20,beta_r2,shuffled,-0.31029725074768066,128
trained,1,4,20,component_accuracy,actual,0.9921875,128
trained,1,4,20,component_accuracy,shuffled,0.5,128
trained,1,4,30,beta_r2,actual,0.9536477327346802,128
trained,1,4,30,beta_r2,shuffled,-0.37974628806114197,128
trained,1,4,30,component_accuracy,actual,0.9921875,128
trained,1,4,30,component_accuracy,shuffled,0.4375,128
trained,1,4,40,beta_r2,actual,0.9251857399940491,128
trained,1,4,40,beta_r2,shuffled,-0.36240246891975403,128
trained,1,4,40,component_accuracy,actual,0.984375,128
trained,1,4,40,component_accuracy,shuffled,0.4375,128
trained,1,4,49,beta_r2,actual,0.9531340003013611,128
trained,1,4,49,beta_r2,shuffled,-0.16388776898384094,128
trained,1,4,49,component_accuracy,actual,1.0,128
trained,1,4,49,component_accuracy,shuffled,0.3828125,128
trained,1,5,5,beta_r2,actual,0.8344593048095703,128
trained,1,5,5,beta_r2,shuffled,-0.5202929377555847,128
trained,1,5,5,component_accuracy,actual,0.96875,128
trained,1,5,5,component_accuracy,shuffled,0.4609375,128
trained,1,5,10,beta_r2,actual,0.9549235105514526,128
trained,1,5,10,beta_r2,shuffled,-0.3104548752307892,128
trained,1,5,10,component_accuracy,actual,0.9921875,128
trained,1,5,10,component_accuracy,shuffled,0.5234375,128
trained,1,5,20,beta_r2,actual,0.9439303278923035,128
trained,1,5,20,beta_r2,shuffled,-0.13724219799041748,128
trained,1,5,20,component_accuracy,actual,0.9921875,128
trained,1,5,20,component_accuracy,shuffled,0.5,128
trained,1,5,30,beta_r2,actual,0.9654557704925537,128
trained,1,5,30,beta_r2,shuffled,-0.2500690519809723,128
trained,1,5,30,component_accuracy,actual,0.9921875,128
trained,1,5,30,component_accuracy,shuffled,0.46875,128
trained,1,5,40,beta_r2,actual,0.9511086940765381,128
trained,1,5,40,beta_r2,shuffled,-0.25580501556396484,128
trained,1,5,40,component_accuracy,actual,0.9921875,128
trained,1,5,40,component_accuracy,shuffled,0.5546875,128
trained,1,5,49,beta_r2,actual,0.9703669548034668,128
trained,1,5,49,beta_r2,shuffled,-0.3112497329711914,128
trained,1,5,49,component_accuracy,actual,0.9921875,128
trained,1,5,49,component_accuracy,shuffled,0.5234375,128
trained,1,6,5,beta_r2,actual,0.7908790111541748,128
trained,1,6,5,beta_r2,shuffled,-0.3451712429523468,128
trained,1,6,5,component_accuracy,actual,0.953125,128
trained,1,6,5,component_accuracy,shuffled,0.4609375,128
trained,1,6,10,beta_r2,actual,0.912722647190094,128
trained,1,6,10,beta_r2,shuffled,-0.4220668077468872,128
trained,1,6,10,component_accuracy,actual,0.984375,128
trained,1,6,10,component_accuracy,shuffled,0.4453125,128
trained,1,6,20,beta_r2,actual,0.9192507266998291,128
trained,1,6,20,beta_r2,shuffled,-0.38876599073410034,128
trained,1,6,20,component_accuracy,actual,0.9921875,128
trained,1,6,20,component_accuracy,shuffled,0.5,128
trained,1,6,30,beta_r2,actual,0.9549741148948669,128
trained,1,6,30,beta_r2,shuffled,-0.15862935781478882,128
trained,1,6,30,component_accuracy,actual,0.9921875,128
trained,1,6,30,component_accuracy,shuffled,0.46875,128
trained,1,6,40,beta_r2,actual,0.932751476764679,128
trained,1,6,40,beta_r2,shuffled,-0.3058086335659027,128
trained,1,6,40,component_accuracy,actual,0.9921875,128
trained,1,6,40,component_accuracy,shuffled,0.5234375,128
trained,1,6,49,beta_r2,actual,0.962277352809906,128
trained,1,6,49,beta_r2,shuffled,-0.09323213994503021,128
trained,1,6,49,component_accuracy,actual,1.0,128
trained,1,6,49,component_accuracy,shuffled,0.5390625,128
raw_input,1,-1,5,beta_r2,actual,-0.05659715086221695,128
raw_input,1,-1,5,beta_r2,shuffled,-0.05197179317474365,128
raw_input,1,-1,5,component_accuracy,actual,0.4921875,128
raw_input,1,-1,5,component_accuracy,shuffled,0.546875,128
raw_input,1,-1,10,beta_r2,actual,-0.10570011287927628,128
raw_input,1,-1,10,beta_r2,shuffled,-0.06284164637327194,128
raw_input,1,-1,10,component_accuracy,actual,0.4140625,128
raw_input,1,-1,10,component_accuracy,shuffled,0.5078125,128
raw_input,1,-1,20,beta_r2,actual,-0.03732050582766533,128
raw_input,1,-1,20,beta_r2,shuffled,0.00831026304513216,128
raw_input,1,-1,20,component_accuracy,actual,0.5,128
raw_input,1,-1,20,component_accuracy,shuffled,0.515625,128
raw_input,1,-1,30,beta_r2,actual,-0.06765478104352951,128
raw_input,1,-1,30,beta_r2,shuffled,-0.0342533178627491,128
raw_input,1,-1,30,component_accuracy,actual,0.5,128
raw_input,1,-1,30,component_accuracy,shuffled,0.453125,128
raw_input,1,-1,40,beta_r2,actual,-0.09943298250436783,128
raw_input,1,-1,40,beta_r2,shuffled,-0.07650494575500488,128
raw_input,1,-1,40,component_accuracy,actual,0.46875,128
raw_input,1,-1,40,component_accuracy,shuffled,0.5078125,128
raw_input,1,-1,49,beta_r2,actual,-0.024450384080410004,128
raw_input,1,-1,49,beta_r2,shuffled,-0.08100594580173492,128
raw_input,1,-1,49,component_accuracy,actual,0.53125,128
raw_input,1,-1,49,component_accuracy,shuffled,0.5703125,128
untrained,1,0,5,beta_r2,actual,-0.06870889663696289,128
untrained,1,0,5,beta_r2,shuffled,-0.05796361714601517,128
untrained,1,0,5,component_accuracy,actual,0.5078125,128
untrained,1,0,5,component_accuracy,shuffled,0.5859375,128
untrained,1,0,10,beta_r2,actual,-0.12028277665376663,128
untrained,1,0,10,beta_r2,shuffled,-0.05221350118517876,128
untrained,1,0,10,component_accuracy,actual,0.4140625,128
untrained,1,0,10,component_accuracy,shuffled,0.515625,128
untrained,1,0,20,beta_r2,actual,-0.03887656703591347,128
untrained,1,0,20,beta_r2,shuffled,-0.015879344195127487,128
untrained,1,0,20,component_accuracy,actual,0.546875,128
untrained,1,0,20,component_accuracy,shuffled,0.4609375,128
untrained,1,0,30,beta_r2,actual,-0.08322840929031372,128
untrained,1,0,30,beta_r2,shuffled,-0.002492516301572323,128
untrained,1,0,30,component_accuracy,actual,0.46875,128
untrained,1,0,30,component_accuracy,shuffled,0.5703125,128
untrained,1,0,40,beta_r2,actual,-0.0967155173420906,128
untrained,1,0,40,beta_r2,shuffled,-0.024321310222148895,128
untrained,1,0,40,component_accuracy,actual,0.4296875,128
untrained,1,0,40,component_accuracy,shuffled,0.5234375,128
untrained,1,0,49,beta_r2,actual,-0.01821235567331314,128
untrained,1,0,49,beta_r2,shuffled,-0.08587685227394104,128
untrained,1,0,49,component_accuracy,actual,0.53125,128
untrained,1,0,49,component_accuracy,shuffled,0.515625,128
untrained,1,1,5,beta_r2,actual,-0.03149498626589775,128
untrained,1,1,5,beta_r2,shuffled,-0.05615342780947685,128
untrained,1,1,5,component_accuracy,actual,0.5078125,128
untrained,1,1,5,component_accuracy,shuffled,0.515625,128
untrained,1,1,10,beta_r2,actual,-0.08067703992128372,128
untrained,1,1,10,beta_r2,shuffled,-0.09736880660057068,128
untrained,1,1,10,component_accuracy,actual,0.4140625,128
untrained,1,1,10,component_accuracy,shuffled,0.53125,128
untrained,1,1,20,beta_r2,actual,0.0028668653685599566,128
untrained,1,1,20,beta_r2,shuffled,-0.030567266047000885,128
untrained,1,1,20,component_accuracy,actual,0.5546875,128
untrained,1,1,20,component_accuracy,shuffled,0.5234375,128
untrained,1,1,30,beta_r2,actual,-0.04386758804321289,128
untrained,1,1,30,beta_r2,shuffled,-0.011678679846227169,128
untrained,1,1,30,component_accuracy,actual,0.5,128
untrained,1,1,30,component_accuracy,shuffled,0.5234375,128
untrained,1,1,40,beta_r2,actual,-0.059484269469976425,128
untrained,1,1,40,beta_r2,shuffled,-0.047447994351387024,128
untrained,1,1,40,component_accuracy,actual,0.4453125,128
untrained,1,1,40,component_accuracy,shuffled,0.5,128
untrained,1,1,49,beta_r2,actual,0.012859792448580265,128
untrained,1,1,49,beta_r2,shuffled,-0.09902770817279816,128
untrained,1,1,49,component_accuracy,actual,0.515625,128
untrained,1,1,49,component_accuracy,shuffled,0.390625,128
untrained,1,2,5,beta_r2,actual,0.015035329386591911,128
untrained,1,2,5,beta_r2,shuffled,-0.08649134635925293,128
untrained,1,2,5,component_accuracy,actual,0.5234375,128
untrained,1,2,5,component_accuracy,shuffled,0.484375,128
untrained,1,2,10,beta_r2,actual,-0.04161816090345383,128
untrained,1,2,10,beta_r2,shuffled,-0.005471866112202406,128
untrained,1,2,10,component_accuracy,actual,0.4609375,128
untrained,1,2,10,component_accuracy,shuffled,0.4375,128
untrained,1,2,20,beta_r2,actual,0.052106812596321106,128
untrained,1,2,20,beta_r2,shuffled,-0.019189152866601944,128
untrained,1,2,20,component_accuracy,actual,0.5625,128
untrained,1,2,20,component_accuracy,shuffled,0.5,128
untrained,1,2,30,beta_r2,actual,-0.020754698663949966,128
untrained,1,2,30,beta_r2,shuffled,-0.02932417392730713,128
untrained,1,2,30,component_accuracy,actual,0.4921875,128
untrained,1,2,30,component_accuracy,shuffled,0.4609375,128
untrained,1,2,40,beta_r2,actual,-0.028175698593258858,128
untrained,1,2,40,beta_r2,shuffled,-0.05463893339037895,128
untrained,1,2,40,component_accuracy,actual,0.453125,128
untrained,1,2,40,component_accuracy,shuffled,0.5859375,128
untrained,1,2,49,beta_r2,actual,0.04099712893366814,128
untrained,1,2,49,beta_r2,shuffled,-0.0646122470498085,128
untrained,1,2,49,component_accuracy,actual,0.546875,128
untrained,1,2,49,component_accuracy,shuffled,0.5625,128
untrained,1,3,5,beta_r2,actual,0.03300518915057182,128
untrained,1,3,5,beta_r2,shuffled,-0.1245989128947258,128
untrained,1,3,5,component_accuracy,actual,0.5234375,128
untrained,1,3,5,component_accuracy,shuffled,0.5234375,128
untrained,1,3,10,beta_r2,actual,-0.004507418721914291,128
untrained,1,3,10,beta_r2,shuffled,-0.11765880137681961,128
untrained,1,3,10,component_accuracy,actual,0.4609375,128
untrained,1,3,10,component_accuracy,shuffled,0.4921875,128
untrained,1,3,20,beta_r2,actual,0.08885110169649124,128
untrained,1,3,20,beta_r2,shuffled,-0.11741119623184204,128
untrained,1,3,20,component_accuracy,actual,0.5859375,128
untrained,1,3,20,component_accuracy,shuffled,0.46875,128
untrained,1,3,30,beta_r2,actual,0.006556445267051458,128
untrained,1,3,30,beta_r2,shuffled,-0.075377456843853,128
untrained,1,3,30,component_accuracy,actual,0.4921875,128
untrained,1,3,30,component_accuracy,shuffled,0.5703125,128
untrained,1,3,40,beta_r2,actual,-0.00377776101231575,128
untrained,1,3,40,beta_r2,shuffled,-0.02641059085726738,128
untrained,1,3,40,component_accuracy,actual,0.4609375,128
untrained,1,3,40,component_accuracy,shuffled,0.5078125,128
untrained,1,3,49,beta_r2,actual,0.06647144258022308,128
untrained,1,3,49,beta_r2,shuffled,-0.01103657204657793,128
untrained,1,3,49,component_accuracy,actual,0.578125,128
untrained,1,3,49,component_accuracy,shuffled,0.546875,128
untrained,1,4,5,beta_r2,actual,0.06883877515792847,128
untrained,1,4,5,beta_r2,shuffled,-0.025115415453910828,128
untrained,1,4,5,component_accuracy,actual,0.53125,128
untrained,1,4,5,component_accuracy,shuffled,0.4453125,128
untrained,1,4,10,beta_r2,actual,0.05613041669130325,128
untrained,1,4,10,beta_r2,shuffled,-0.04315687343478203,128
untrained,1,4,10,component_accuracy,actual,0.484375,128
untrained,1,4,10,component_accuracy,shuffled,0.5625,128
untrained,1,4,20,beta_r2,actual,0.1453482061624527,128
untrained,1,4,20,beta_r2,shuffled,-0.11261013150215149,128
untrained,1,4,20,component_accuracy,actual,0.5859375,128
untrained,1,4,20,component_accuracy,shuffled,0.484375,128
untrained,1,4,30,beta_r2,actual,0.04745692014694214,128
untrained,1,4,30,beta_r2,shuffled,-0.09585778415203094,128
untrained,1,4,30,component_accuracy,actual,0.5234375,128
untrained,1,4,30,component_accuracy,shuffled,0.4609375,128
untrained,1,4,40,beta_r2,actual,0.047308169305324554,128
untrained,1,4,40,beta_r2,shuffled,-0.0863298699259758,128
untrained,1,4,40,component_accuracy,actual,0.46875,128
untrained,1,4,40,component_accuracy,shuffled,0.3828125,128
untrained,1,4,49,beta_r2,actual,0.07539516687393188,128
untrained,1,4,49,beta_r2,shuffled,-0.032978981733322144,128
untrained,1,4,49,component_accuracy,actual,0.578125,128
untrained,1,4,49,component_accuracy,shuffled,0.421875,128
untrained,1,5,5,beta_r2,actual,0.10251632332801819,128
untrained,1,5,5,beta_r2,shuffled,-0.02454102598130703,128
untrained,1,5,5,component_accuracy,actual,0.515625,128
untrained,1,5,5,component_accuracy,shuffled,0.3828125,128
untrained,1,5,10,beta_r2,actual,0.08295721560716629,128
untrained,1,5,10,beta_r2,shuffled,-0.14102613925933838,128
untrained,1,5,10,component_accuracy,actual,0.5,128
untrained,1,5,10,component_accuracy,shuffled,0.5,128
untrained,1,5,20,beta_r2,actual,0.19423434138298035,128
untrained,1,5,20,beta_r2,shuffled,-0.1013704165816307,128
untrained,1,5,20,component_accuracy,actual,0.6015625,128
untrained,1,5,20,component_accuracy,shuffled,0.4609375,128
untrained,1,5,30,beta_r2,actual,0.1076742634177208,128
untrained,1,5,30,beta_r2,shuffled,-0.023667560890316963,128
untrained,1,5,30,component_accuracy,actual,0.5625,128
untrained,1,5,30,component_accuracy,shuffled,0.4921875,128
untrained,1,5,40,beta_r2,actual,0.09058675169944763,128
untrained,1,5,40,beta_r2,shuffled,-0.10814724117517471,128
untrained,1,5,40,component_accuracy,actual,0.4921875,128
untrained,1,5,40,component_accuracy,shuffled,0.4609375,128
untrained,1,5,49,beta_r2,actual,0.1354047954082489,128
untrained,1,5,49,beta_r2,shuffled,-0.054953720420598984,128
untrained,1,5,49,component_accuracy,actual,0.5703125,128
untrained,1,5,49,component_accuracy,shuffled,0.4140625,128
untrained,1,6,5,beta_r2,actual,0.10955619066953659,128
untrained,1,6,5,beta_r2,shuffled,-0.05028684064745903,128
untrained,1,6,5,component_accuracy,actual,0.5625,128
untrained,1,6,5,component_accuracy,shuffled,0.46875,128
untrained,1,6,10,beta_r2,actual,0.13985677063465118,128
untrained,1,6,10,beta_r2,shuffled,-0.06037506088614464,128
untrained,1,6,10,component_accuracy,actual,0.546875,128
untrained,1,6,10,component_accuracy,shuffled,0.46875,128
untrained,1,6,20,beta_r2,actual,0.20588046312332153,128
untrained,1,6,20,beta_r2,shuffled,-0.1157161295413971,128
untrained,1,6,20,component_accuracy,actual,0.625,128
untrained,1,6,20,component_accuracy,shuffled,0.546875,128
untrained,1,6,30,beta_r2,actual,0.13459746539592743,128
untrained,1,6,30,beta_r2,shuffled,-0.07807530462741852,128
untrained,1,6,30,component_accuracy,actual,0.6015625,128
untrained,1,6,30,component_accuracy,shuffled,0.453125,128
untrained,1,6,40,beta_r2,actual,0.10160620510578156,128
untrained,1,6,40,beta_r2,shuffled,-0.09498985856771469,128
untrained,1,6,40,component_accuracy,actual,0.546875,128
untrained,1,6,40,component_accuracy,shuffled,0.578125,128
untrained,1,6,49,beta_r2,actual,0.1347959190607071,128
untrained,1,6,49,beta_r2,shuffled,-0.05420900508761406,128
untrained,1,6,49,component_accuracy,actual,0.5625,128
untrained,1,6,49,component_accuracy,shuffled,0.5078125,128
trained,2,0,5,beta_r2,actual,-0.05370796099305153,128
trained,2,0,5,beta_r2,shuffled,-0.009972997941076756,128
trained,2,0,5,component_accuracy,actual,0.4921875,128
trained,2,0,5,component_accuracy,shuffled,0.5078125,128
trained,2,0,10,beta_r2,actual,-0.07114256918430328,128
trained,2,0,10,beta_r2,shuffled,0.009363213554024696,128
trained,2,0,10,component_accuracy,actual,0.4453125,128
trained,2,0,10,component_accuracy,shuffled,0.46875,128
trained,2,0,20,beta_r2,actual,-0.05684622749686241,128
trained,2,0,20,beta_r2,shuffled,-0.04464546963572502,128
trained,2,0,20,component_accuracy,actual,0.5,128
trained,2,0,20,component_accuracy,shuffled,0.5546875,128
trained,2,0,30,beta_r2,actual,-0.12240822613239288,128
trained,2,0,30,beta_r2,shuffled,-0.045492060482501984,128
trained,2,0,30,component_accuracy,actual,0.484375,128
trained,2,0,30,component_accuracy,shuffled,0.421875,128
trained,2,0,40,beta_r2,actual,-0.10317225754261017,128
trained,2,0,40,beta_r2,shuffled,-0.07172784209251404,128
trained,2,0,40,component_accuracy,actual,0.59375,128
trained,2,0,40,component_accuracy,shuffled,0.5546875,128
trained,2,0,49,beta_r2,actual,-0.03373607248067856,128
trained,2,0,49,beta_r2,shuffled,-0.003455769969150424,128
trained,2,0,49,component_accuracy,actual,0.5234375,128
trained,2,0,49,component_accuracy,shuffled,0.5234375,128
trained,2,1,5,beta_r2,actual,0.5239698886871338,128
trained,2,1,5,beta_r2,shuffled,-0.27277395129203796,128
trained,2,1,5,component_accuracy,actual,0.8671875,128
trained,2,1,5,component_accuracy,shuffled,0.5390625,128
trained,2,1,10,beta_r2,actual,0.452941358089447,128
trained,2,1,10,beta_r2,shuffled,-0.17823435366153717,128
trained,2,1,10,component_accuracy,actual,0.8203125,128
trained,2,1,10,component_accuracy,shuffled,0.5078125,128
trained,2,1,20,beta_r2,actual,0.45844030380249023,128
trained,2,1,20,beta_r2,shuffled,-0.13351678848266602,128
trained,2,1,20,component_accuracy,actual,0.84375,128
trained,2,1,20,component_accuracy,shuffled,0.5546875,128
trained,2,1,30,beta_r2,actual,0.3559747338294983,128
trained,2,1,30,beta_r2,shuffled,-0.1703624576330185,128
trained,2,1,30,component_accuracy,actual,0.7265625,128
trained,2,1,30,component_accuracy,shuffled,0.53125,128
trained,2,1,40,beta_r2,actual,0.34534701704978943,128
trained,2,1,40,beta_r2,shuffled,-0.21446774899959564,128
trained,2,1,40,component_accuracy,actual,0.734375,128
trained,2,1,40,component_accuracy,shuffled,0.53125,128
trained,2,1,49,beta_r2,actual,0.4896659255027771,128
trained,2,1,49,beta_r2,shuffled,-0.27461928129196167,128
trained,2,1,49,component_accuracy,actual,0.796875,128
trained,2,1,49,component_accuracy,shuffled,0.4453125,128
trained,2,2,5,beta_r2,actual,0.5695620775222778,128
trained,2,2,5,beta_r2,shuffled,-0.29771319031715393,128
trained,2,2,5,component_accuracy,actual,0.8984375,128
trained,2,2,5,component_accuracy,shuffled,0.5234375,128
trained,2,2,10,beta_r2,actual,0.5469038486480713,128
trained,2,2,10,beta_r2,shuffled,-0.11753667891025543,128
trained,2,2,10,component_accuracy,actual,0.859375,128
trained,2,2,10,component_accuracy,shuffled,0.5625,128
trained,2,2,20,beta_r2,actual,0.5337971448898315,128
trained,2,2,20,beta_r2,shuffled,-0.18944194912910461,128
trained,2,2,20,component_accuracy,actual,0.875,128
trained,2,2,20,component_accuracy,shuffled,0.515625,128
trained,2,2,30,beta_r2,actual,0.4668463468551636,128
trained,2,2,30,beta_r2,shuffled,-0.17117244005203247,128
trained,2,2,30,component_accuracy,actual,0.7734375,128
trained,2,2,30,component_accuracy,shuffled,0.546875,128
trained,2,2,40,beta_r2,actual,0.4310595989227295,128
trained,2,2,40,beta_r2,shuffled,-0.1549988090991974,128
trained,2,2,40,component_accuracy,actual,0.84375,128
trained,2,2,40,component_accuracy,shuffled,0.46875,128
trained,2,2,49,beta_r2,actual,0.5216466188430786,128
trained,2,2,49,beta_r2,shuffled,-0.0924057736992836,128
trained,2,2,49,component_accuracy,actual,0.859375,128
trained,2,2,49,component_accuracy,shuffled,0.4453125,128
trained,2,3,5,beta_r2,actual,0.6941145062446594,128
trained,2,3,5,beta_r2,shuffled,-0.26985326409339905,128
trained,2,3,5,component_accuracy,actual,0.9140625,128
trained,2,3,5,component_accuracy,shuffled,0.421875,128
trained,2,3,10,beta_r2,actual,0.7075073719024658,128
trained,2,3,10,beta_r2,shuffled,-0.1736547350883484,128
trained,2,3,10,component_accuracy,actual,0.9453125,128
trained,2,3,10,component_accuracy,shuffled,0.4921875,128
trained,2,3,20,beta_r2,actual,0.6932854056358337,128
trained,2,3,20,beta_r2,shuffled,-0.20711129903793335,128
trained,2,3,20,component_accuracy,actual,0.9765625,128
trained,2,3,20,component_accuracy,shuffled,0.5234375,128
trained,2,3,30,beta_r2,actual,0.6944077014923096,128
trained,2,3,30,beta_r2,shuffled,-0.17211000621318817,128
trained,2,3,30,component_accuracy,actual,0.953125,128
trained,2,3,30,component_accuracy,shuffled,0.484375,128
trained,2,3,40,beta_r2,actual,0.7106497883796692,128
trained,2,3,40,beta_r2,shuffled,-0.11322608590126038,128
trained,2,3,40,component_accuracy,actual,0.9765625,128
trained,2,3,40,component_accuracy,shuffled,0.4296875,128
trained,2,3,49,beta_r2,actual,0.6593725681304932,128
trained,2,3,49,beta_r2,shuffled,-0.2797401249408722,128
trained,2,3,49,component_accuracy,actual,0.9453125,128
trained,2,3,49,component_accuracy,shuffled,0.5078125,128
trained,2,4,5,beta_r2,actual,0.7553269863128662,128
trained,2,4,5,beta_r2,shuffled,-0.312361478805542,128
trained,2,4,5,component_accuracy,actual,0.953125,128
trained,2,4,5,component_accuracy,shuffled,0.421875,128
trained,2,4,10,beta_r2,actual,0.7857387065887451,128
trained,2,4,10,beta_r2,shuffled,-0.36609238386154175,128
trained,2,4,10,component_accuracy,actual,0.9765625,128
trained,2,4,10,component_accuracy,shuffled,0.5390625,128
trained,2,4,20,beta_r2,actual,0.82027268409729,128
trained,2,4,20,beta_r2,shuffled,-0.23316270112991333,128
trained,2,4,20,component_accuracy,actual,0.9609375,128
trained,2,4,20,component_accuracy,shuffled,0.546875,128
trained,2,4,30,beta_r2,actual,0.8076302409172058,128
trained,2,4,30,beta_r2,shuffled,-0.24971948564052582,128
trained,2,4,30,component_accuracy,actual,0.9609375,128
trained,2,4,30,component_accuracy,shuffled,0.5546875,128
trained,2,4,40,beta_r2,actual,0.8340252637863159,128
trained,2,4,40,beta_r2,shuffled,-0.3178374469280243,128
trained,2,4,40,component_accuracy,actual,0.984375,128
trained,2,4,40,component_accuracy,shuffled,0.4921875,128
trained,2,4,49,beta_r2,actual,0.8114079236984253,128
trained,2,4,49,beta_r2,shuffled,-0.040023524314165115,128
trained,2,4,49,component_accuracy,actual,0.984375,128
trained,2,4,49,component_accuracy,shuffled,0.5078125,128
trained,2,5,5,beta_r2,actual,0.6992784142494202,128
trained,2,5,5,beta_r2,shuffled,-0.2616175413131714,128
trained,2,5,5,component_accuracy,actual,0.9609375,128
trained,2,5,5,component_accuracy,shuffled,0.4921875,128
trained,2,5,10,beta_r2,actual,0.7634366154670715,128
trained,2,5,10,beta_r2,shuffled,-0.2775072157382965,128
trained,2,5,10,component_accuracy,actual,0.9609375,128
trained,2,5,10,component_accuracy,shuffled,0.53125,128
trained,2,5,20,beta_r2,actual,0.848218560218811,128
trained,2,5,20,beta_r2,shuffled,-0.22490468621253967,128
trained,2,5,20,component_accuracy,actual,0.96875,128
trained,2,5,20,component_accuracy,shuffled,0.4609375,128
trained,2,5,30,beta_r2,actual,0.8227786421775818,128
trained,2,5,30,beta_r2,shuffled,-0.23072317242622375,128
trained,2,5,30,component_accuracy,actual,0.9765625,128
trained,2,5,30,component_accuracy,shuffled,0.515625,128
trained,2,5,40,beta_r2,actual,0.846121072769165,128
trained,2,5,40,beta_r2,shuffled,-0.4112694263458252,128
trained,2,5,40,component_accuracy,actual,0.96875,128
trained,2,5,40,component_accuracy,shuffled,0.5078125,128
trained,2,5,49,beta_r2,actual,0.8230916261672974,128
trained,2,5,49,beta_r2,shuffled,-0.36027640104293823,128
trained,2,5,49,component_accuracy,actual,0.984375,128
trained,2,5,49,component_accuracy,shuffled,0.5,128
trained,2,6,5,beta_r2,actual,0.609467625617981,128
trained,2,6,5,beta_r2,shuffled,-0.41702914237976074,128
trained,2,6,5,component_accuracy,actual,0.9453125,128
trained,2,6,5,component_accuracy,shuffled,0.453125,128
trained,2,6,10,beta_r2,actual,0.7194485068321228,128
trained,2,6,10,beta_r2,shuffled,-0.1354469209909439,128
trained,2,6,10,component_accuracy,actual,0.96875,128
trained,2,6,10,component_accuracy,shuffled,0.5,128
trained,2,6,20,beta_r2,actual,0.7967424988746643,128
trained,2,6,20,beta_r2,shuffled,-0.158340722322464,128
trained,2,6,20,component_accuracy,actual,0.96875,128
trained,2,6,20,component_accuracy,shuffled,0.5625,128
trained,2,6,30,beta_r2,actual,0.7774530053138733,128
trained,2,6,30,beta_r2,shuffled,-0.5379091501235962,128
trained,2,6,30,component_accuracy,actual,0.9609375,128
trained,2,6,30,component_accuracy,shuffled,0.5234375,128
trained,2,6,40,beta_r2,actual,0.824683666229248,128
trained,2,6,40,beta_r2,shuffled,-0.3621440529823303,128
trained,2,6,40,component_accuracy,actual,0.9765625,128
trained,2,6,40,component_accuracy,shuffled,0.4765625,128
trained,2,6,49,beta_r2,actual,0.8046152591705322,128
trained,2,6,49,beta_r2,shuffled,-0.01990586705505848,128
trained,2,6,49,component_accuracy,actual,0.984375,128
trained,2,6,49,component_accuracy,shuffled,0.53125,128
raw_input,2,-1,5,beta_r2,actual,-0.030029835179448128,128
raw_input,2,-1,5,beta_r2,shuffled,-0.08709299564361572,128
raw_input,2,-1,5,component_accuracy,actual,0.5234375,128
raw_input,2,-1,5,component_accuracy,shuffled,0.53125,128
raw_input,2,-1,10,beta_r2,actual,-0.06812877207994461,128
raw_input,2,-1,10,beta_r2,shuffled,-0.03497249260544777,128
raw_input,2,-1,10,component_accuracy,actual,0.453125,128
raw_input,2,-1,10,component_accuracy,shuffled,0.4921875,128
raw_input,2,-1,20,beta_r2,actual,-0.06675808131694794,128
raw_input,2,-1,20,beta_r2,shuffled,-0.10799047350883484,128
raw_input,2,-1,20,component_accuracy,actual,0.5234375,128
raw_input,2,-1,20,component_accuracy,shuffled,0.546875,128
raw_input,2,-1,30,beta_r2,actual,-0.08808291703462601,128
raw_input,2,-1,30,beta_r2,shuffled,7.616326183779165e-05,128
raw_input,2,-1,30,component_accuracy,actual,0.4921875,128
raw_input,2,-1,30,component_accuracy,shuffled,0.5703125,128
raw_input,2,-1,40,beta_r2,actual,-0.0895509123802185,128
raw_input,2,-1,40,beta_r2,shuffled,-0.017555726692080498,128
raw_input,2,-1,40,component_accuracy,actual,0.5546875,128
raw_input,2,-1,40,component_accuracy,shuffled,0.5859375,128
raw_input,2,-1,49,beta_r2,actual,-0.033566027879714966,128
raw_input,2,-1,49,beta_r2,shuffled,-0.07180501520633698,128
raw_input,2,-1,49,component_accuracy,actual,0.578125,128
raw_input,2,-1,49,component_accuracy,shuffled,0.4921875,128
untrained,2,0,5,beta_r2,actual,-0.053166747093200684,128
untrained,2,0,5,beta_r2,shuffled,-0.009859136305749416,128
untrained,2,0,5,component_accuracy,actual,0.5078125,128
untrained,2,0,5,component_accuracy,shuffled,0.5078125,128
untrained,2,0,10,beta_r2,actual,-0.07257118076086044,128
untrained,2,0,10,beta_r2,shuffled,0.008511310443282127,128
untrained,2,0,10,component_accuracy,actual,0.46875,128
untrained,2,0,10,component_accuracy,shuffled,0.4140625,128
untrained,2,0,20,beta_r2,actual,-0.05634727701544762,128
untrained,2,0,20,beta_r2,shuffled,-0.04420577362179756,128
untrained,2,0,20,component_accuracy,actual,0.5,128
untrained,2,0,20,component_accuracy,shuffled,0.546875,128
untrained,2,0,30,beta_r2,actual,-0.13116216659545898,128
untrained,2,0,30,beta_r2,shuffled,-0.04537336900830269,128
untrained,2,0,30,component_accuracy,actual,0.4609375,128
untrained,2,0,30,component_accuracy,shuffled,0.375,128
untrained,2,0,40,beta_r2,actual,-0.10908409208059311,128
untrained,2,0,40,beta_r2,shuffled,-0.07204506546258926,128
untrained,2,0,40,component_accuracy,actual,0.5546875,128
untrained,2,0,40,component_accuracy,shuffled,0.546875,128
untrained,2,0,49,beta_r2,actual,-0.03227449581027031,128
untrained,2,0,49,beta_r2,shuffled,-0.003480630461126566,128
untrained,2,0,49,component_accuracy,actual,0.53125,128
untrained,2,0,49,component_accuracy,shuffled,0.53125,128
untrained,2,1,5,beta_r2,actual,-0.044604115188121796,128
untrained,2,1,5,beta_r2,shuffled,-0.0644766092300415,128
untrained,2,1,5,component_accuracy,actual,0.5,128
untrained,2,1,5,component_accuracy,shuffled,0.5703125,128
untrained,2,1,10,beta_r2,actual,-0.06207608804106712,128
untrained,2,1,10,beta_r2,shuffled,-0.11672379821538925,128
untrained,2,1,10,component_accuracy,actual,0.4765625,128
untrained,2,1,10,component_accuracy,shuffled,0.53125,128
untrained,2,1,20,beta_r2,actual,-0.04380705952644348,128
untrained,2,1,20,beta_r2,shuffled,-0.04034338891506195,128
untrained,2,1,20,component_accuracy,actual,0.5078125,128
untrained,2,1,20,component_accuracy,shuffled,0.4921875,128
untrained,2,1,30,beta_r2,actual,-0.12426627427339554,128
untrained,2,1,30,beta_r2,shuffled,-0.07990240305662155,128
untrained,2,1,30,component_accuracy,actual,0.4609375,128
untrained,2,1,30,component_accuracy,shuffled,0.484375,128
untrained,2,1,40,beta_r2,actual,-0.10290420800447464,128
untrained,2,1,40,beta_r2,shuffled,-0.08481181412935257,128
untrained,2,1,40,component_accuracy,actual,0.5546875,128
untrained,2,1,40,component_accuracy,shuffled,0.4921875,128
untrained,2,1,49,beta_r2,actual,-0.026311233639717102,128
untrained,2,1,49,beta_r2,shuffled,-0.08317606896162033,128
untrained,2,1,49,component_accuracy,actual,0.5390625,128
untrained,2,1,49,component_accuracy,shuffled,0.4921875,128
untrained,2,2,5,beta_r2,actual,-0.02712911181151867,128
untrained,2,2,5,beta_r2,shuffled,-0.10981877893209457,128
untrained,2,2,5,component_accuracy,actual,0.515625,128
untrained,2,2,5,component_accuracy,shuffled,0.4765625,128
untrained,2,2,10,beta_r2,actual,-0.055386487394571304,128
untrained,2,2,10,beta_r2,shuffled,-0.031693845987319946,128
untrained,2,2,10,component_accuracy,actual,0.453125,128
untrained,2,2,10,component_accuracy,shuffled,0.59375,128
untrained,2,2,20,beta_r2,actual,-0.03378977254033089,128
untrained,2,2,20,beta_r2,shuffled,-0.02932470291852951,128
untrained,2,2,20,component_accuracy,actual,0.5078125,128
untrained,2,2,20,component_accuracy,shuffled,0.4609375,128
untrained,2,2,30,beta_r2,actual,-0.1155129075050354,128
untrained,2,2,30,beta_r2,shuffled,-0.00289551867172122,128
untrained,2,2,30,component_accuracy,actual,0.46875,128
untrained,2,2,30,component_accuracy,shuffled,0.5234375,128
untrained,2,2,40,beta_r2,actual,-0.09483309835195541,128
untrained,2,2,40,beta_r2,shuffled,-0.07874426990747452,128
untrained,2,2,40,component_accuracy,actual,0.5625,128
untrained,2,2,40,component_accuracy,shuffled,0.453125,128
untrained,2,2,49,beta_r2,actual,-0.017862236127257347,128
untrained,2,2,49,beta_r2,shuffled,0.049147192388772964,128
untrained,2,2,49,component_accuracy,actual,0.546875,128
untrained,2,2,49,component_accuracy,shuffled,0.484375,128
untrained,2,3,5,beta_r2,actual,-0.009733369573950768,128
untrained,2,3,5,beta_r2,shuffled,-0.010400354862213135,128
untrained,2,3,5,component_accuracy,actual,0.5078125,128
untrained,2,3,5,component_accuracy,shuffled,0.546875,128
untrained,2,3,10,beta_r2,actual,-0.03536667302250862,128
untrained,2,3,10,beta_r2,shuffled,-0.06118994951248169,128
untrained,2,3,10,component_accuracy,actual,0.453125,128
untrained,2,3,10,component_accuracy,shuffled,0.4296875,128
untrained,2,3,20,beta_r2,actual,-0.019568223506212234,128
untrained,2,3,20,beta_r2,shuffled,0.015777384862303734,128
untrained,2,3,20,component_accuracy,actual,0.4921875,128
untrained,2,3,20,component_accuracy,shuffled,0.5234375,128
untrained,2,3,30,beta_r2,actual,-0.11380859464406967,128
untrained,2,3,30,beta_r2,shuffled,-0.05251741409301758,128
untrained,2,3,30,component_accuracy,actual,0.46875,128
untrained,2,3,30,component_accuracy,shuffled,0.546875,128
untrained,2,3,40,beta_r2,actual,-0.07664090394973755,128
untrained,2,3,40,beta_r2,shuffled,0.014759790152311325,128
untrained,2,3,40,component_accuracy,actual,0.578125,128
untrained,2,3,40,component_accuracy,shuffled,0.5703125,128
untrained,2,3,49,beta_r2,actual,-0.009886548854410648,128
untrained,2,3,49,beta_r2,shuffled,-0.01325430627912283,128
untrained,2,3,49,component_accuracy,actual,0.5546875,128
untrained,2,3,49,component_accuracy,shuffled,0.5,128
untrained,2,4,5,beta_r2,actual,-0.001299557276070118,128
untrained,2,4,5,beta_r2,shuffled,-0.09510807693004608,128
untrained,2,4,5,component_accuracy,actual,0.515625,128
untrained,2,4,5,component_accuracy,shuffled,0.4765625,128
untrained,2,4,10,beta_r2,actual,-0.014150574803352356,128
untrained,2,4,10,beta_r2,shuffled,-0.11141543090343475,128
untrained,2,4,10,component_accuracy,actual,0.46875,128
untrained,2,4,10,component_accuracy,shuffled,0.5390625,128
untrained,2,4,20,beta_r2,actual,-0.0005033384077250957,128
untrained,2,4,20,beta_r2,shuffled,-0.07273566722869873,128
untrained,2,4,20,component_accuracy,actual,0.5,128
untrained,2,4,20,component_accuracy,shuffled,0.5078125,128
untrained,2,4,30,beta_r2,actual,-0.09888710826635361,128
untrained,2,4,30,beta_r2,shuffled,-0.06945042312145233,128
untrained,2,4,30,component_accuracy,actual,0.46875,128
untrained,2,4,30,component_accuracy,shuffled,0.484375,128
untrained,2,4,40,beta_r2,actual,-0.06901084631681442,128
untrained,2,4,40,beta_r2,shuffled,-0.03318630903959274,128
untrained,2,4,40,component_accuracy,actual,0.59375,128
untrained,2,4,40,component_accuracy,shuffled,0.515625,128
untrained,2,4,49,beta_r2,actual,-0.00593908317387104,128
untrained,2,4,49,beta_r2,shuffled,0.0014159965794533491,128
untrained,2,4,49,component_accuracy,actual,0.5703125,128
untrained,2,4,49,component_accuracy,shuffled,0.546875,128
untrained,2,5,5,beta_r2,actual,0.007158238440752029,128
untrained,2,5,5,beta_r2,shuffled,-0.05509825795888901,128
untrained,2,5,5,component_accuracy,actual,0.515625,128
untrained,2,5,5,component_accuracy,shuffled,0.5234375,128
untrained,2,5,10,beta_r2,actual,0.00014872940664645284,128
untrained,2,5,10,beta_r2,shuffled,-0.06497284024953842,128
untrained,2,5,10,component_accuracy,actual,0.46875,128
untrained,2,5,10,component_accuracy,shuffled,0.5703125,128
untrained,2,5,20,beta_r2,actual,0.0036935124080628157,128
untrained,2,5,20,beta_r2,shuffled,-0.06868325918912888,128
untrained,2,5,20,component_accuracy,actual,0.5078125,128
untrained,2,5,20,component_accuracy,shuffled,0.5390625,128
untrained,2,5,30,beta_r2,actual,-0.10072676092386246,128
untrained,2,5,30,beta_r2,shuffled,-0.06436207890510559,128
untrained,2,5,30,component_accuracy,actual,0.4609375,128
untrained,2,5,30,component_accuracy,shuffled,0.5,128
untrained,2,5,40,beta_r2,actual,-0.06376630067825317,128
untrained,2,5,40,beta_r2,shuffled,-0.04731526970863342,128
untrained,2,5,40,component_accuracy,actual,0.5859375,128
untrained,2,5,40,component_accuracy,shuffled,0.5234375,128
untrained,2,5,49,beta_r2,actual,-0.0031190698500722647,128
untrained,2,5,49,beta_r2,shuffled,-0.10519910603761673,128
untrained,2,5,49,component_accuracy,actual,0.5625,128
untrained,2,5,49,component_accuracy,shuffled,0.5,128
untrained,2,6,5,beta_r2,actual,-0.0032448340207338333,128
untrained,2,6,5,beta_r2,shuffled,-0.07208597660064697,128
untrained,2,6,5,component_accuracy,actual,0.515625,128
untrained,2,6,5,component_accuracy,shuffled,0.484375,128
untrained,2,6,10,beta_r2,actual,-0.004638755694031715,128
untrained,2,6,10,beta_r2,shuffled,-0.08266119658946991,128
untrained,2,6,10,component_accuracy,actual,0.46875,128
untrained,2,6,10,component_accuracy,shuffled,0.5234375,128
untrained,2,6,20,beta_r2,actual,-0.018008435145020485,128
untrained,2,6,20,beta_r2,shuffled,-0.07320600748062134,128
untrained,2,6,20,component_accuracy,actual,0.5703125,128
untrained,2,6,20,component_accuracy,shuffled,0.515625,128
untrained,2,6,30,beta_r2,actual,-0.10838571190834045,128
untrained,2,6,30,beta_r2,shuffled,-0.10730190575122833,128
untrained,2,6,30,component_accuracy,actual,0.46875,128
untrained,2,6,30,component_accuracy,shuffled,0.4921875,128
untrained,2,6,40,beta_r2,actual,-0.03614738583564758,128
untrained,2,6,40,beta_r2,shuffled,0.0006615326274186373,128
untrained,2,6,40,component_accuracy,actual,0.59375,128
untrained,2,6,40,component_accuracy,shuffled,0.4921875,128
untrained,2,6,49,beta_r2,actual,-0.00847451202571392,128
untrained,2,6,49,beta_r2,shuffled,-0.023399775847792625,128
untrained,2,6,49,component_accuracy,actual,0.53125,128
untrained,2,6,49,component_accuracy,shuffled,0.4921875,128
trained,3,0,5,beta_r2,actual,-0.08330633491277695,128
trained,3,0,5,beta_r2,shuffled,-0.07944750785827637,128
trained,3,0,5,component_accuracy,actual,0.4375,128
trained,3,0,5,component_accuracy,shuffled,0.4609375,128
trained,3,0,10,beta_r2,actual,-0.01955416053533554,128
trained,3,0,10,beta_r2,shuffled,-0.03305228427052498,128
trained,3,0,10,component_accuracy,actual,0.515625,128
trained,3,0,10,component_accuracy,shuffled,0.40625,128
trained,3,0,20,beta_r2,actual,-0.0009277901262976229,128
trained,3,0,20,beta_r2,shuffled,-0.04857180640101433,128
trained,3,0,20,component_accuracy,actual,0.5703125,128
trained,3,0,20,component_accuracy,shuffled,0.390625,128
trained,3,0,30,beta_r2,actual,-0.11953704804182053,128
trained,3,0,30,beta_r2,shuffled,-0.06145741790533066,128
trained,3,0,30,component_accuracy,actual,0.53125,128
trained,3,0,30,component_accuracy,shuffled,0.6328125,128
trained,3,0,40,beta_r2,actual,-0.09907600283622742,128
trained,3,0,40,beta_r2,shuffled,-0.11198292672634125,128
trained,3,0,40,component_accuracy,actual,0.46875,128
trained,3,0,40,component_accuracy,shuffled,0.5,128
trained,3,0,49,beta_r2,actual,-0.06587054580450058,128
trained,3,0,49,beta_r2,shuffled,-0.09141052514314651,128
trained,3,0,49,component_accuracy,actual,0.4609375,128
trained,3,0,49,component_accuracy,shuffled,0.484375,128
trained,3,1,5,beta_r2,actual,0.6843999028205872,128
trained,3,1,5,beta_r2,shuffled,-0.28139203786849976,128
trained,3,1,5,component_accuracy,actual,0.96875,128
trained,3,1,5,component_accuracy,shuffled,0.484375,128
trained,3,1,10,beta_r2,actual,0.6709212064743042,128
trained,3,1,10,beta_r2,shuffled,-0.03118884190917015,128
trained,3,1,10,component_accuracy,actual,0.9453125,128
trained,3,1,10,component_accuracy,shuffled,0.5546875,128
trained,3,1,20,beta_r2,actual,0.7044705152511597,128
trained,3,1,20,beta_r2,shuffled,-0.2754974067211151,128
trained,3,1,20,component_accuracy,actual,0.96875,128
trained,3,1,20,component_accuracy,shuffled,0.5234375,128
trained,3,1,30,beta_r2,actual,0.6659111976623535,128
trained,3,1,30,beta_r2,shuffled,-0.21712848544120789,128
trained,3,1,30,component_accuracy,actual,0.9765625,128
trained,3,1,30,component_accuracy,shuffled,0.46875,128
trained,3,1,40,beta_r2,actual,0.6634916663169861,128
trained,3,1,40,beta_r2,shuffled,-0.14768807590007782,128
trained,3,1,40,component_accuracy,actual,0.9765625,128
trained,3,1,40,component_accuracy,shuffled,0.546875,128
trained,3,1,49,beta_r2,actual,0.646012008190155,128
trained,3,1,49,beta_r2,shuffled,-0.12930962443351746,128
trained,3,1,49,component_accuracy,actual,0.9453125,128
trained,3,1,49,component_accuracy,shuffled,0.5546875,128
trained,3,2,5,beta_r2,actual,0.7211946249008179,128
trained,3,2,5,beta_r2,shuffled,-0.32954949140548706,128
trained,3,2,5,component_accuracy,actual,0.96875,128
trained,3,2,5,component_accuracy,shuffled,0.3984375,128
trained,3,2,10,beta_r2,actual,0.7140623927116394,128
trained,3,2,10,beta_r2,shuffled,-0.1245170533657074,128
trained,3,2,10,component_accuracy,actual,0.984375,128
trained,3,2,10,component_accuracy,shuffled,0.3984375,128
trained,3,2,20,beta_r2,actual,0.7151771187782288,128
trained,3,2,20,beta_r2,shuffled,-0.14320598542690277,128
trained,3,2,20,component_accuracy,actual,0.96875,128
trained,3,2,20,component_accuracy,shuffled,0.375,128
trained,3,2,30,beta_r2,actual,0.7189606428146362,128
trained,3,2,30,beta_r2,shuffled,-0.1667921245098114,128
trained,3,2,30,component_accuracy,actual,0.9765625,128
trained,3,2,30,component_accuracy,shuffled,0.4765625,128
trained,3,2,40,beta_r2,actual,0.7206565737724304,128
trained,3,2,40,beta_r2,shuffled,-0.12801875174045563,128
trained,3,2,40,component_accuracy,actual,0.9765625,128
trained,3,2,40,component_accuracy,shuffled,0.5,128
trained,3,2,49,beta_r2,actual,0.6787401437759399,128
trained,3,2,49,beta_r2,shuffled,-0.12871550023555756,128
trained,3,2,49,component_accuracy,actual,0.9453125,128
trained,3,2,49,component_accuracy,shuffled,0.546875,128
trained,3,3,5,beta_r2,actual,0.8045610785484314,128
trained,3,3,5,beta_r2,shuffled,-0.29658952355384827,128
trained,3,3,5,component_accuracy,actual,0.984375,128
trained,3,3,5,component_accuracy,shuffled,0.484375,128
trained,3,3,10,beta_r2,actual,0.8270444869995117,128
trained,3,3,10,beta_r2,shuffled,-0.3998650908470154,128
trained,3,3,10,component_accuracy,actual,0.9765625,128
trained,3,3,10,component_accuracy,shuffled,0.484375,128
trained,3,3,20,beta_r2,actual,0.8270495533943176,128
trained,3,3,20,beta_r2,shuffled,-0.22010645270347595,128
trained,3,3,20,component_accuracy,actual,0.96875,128
trained,3,3,20,component_accuracy,shuffled,0.4375,128
trained,3,3,30,beta_r2,actual,0.8603149652481079,128
trained,3,3,30,beta_r2,shuffled,-0.169075146317482,128
trained,3,3,30,component_accuracy,actual,1.0,128
trained,3,3,30,component_accuracy,shuffled,0.5859375,128
trained,3,3,40,beta_r2,actual,0.8488780856132507,128
trained,3,3,40,beta_r2,shuffled,-0.44171130657196045,128
trained,3,3,40,component_accuracy,actual,0.984375,128
trained,3,3,40,component_accuracy,shuffled,0.546875,128
trained,3,3,49,beta_r2,actual,0.8092641234397888,128
trained,3,3,49,beta_r2,shuffled,-0.4394081234931946,128
trained,3,3,49,component_accuracy,actual,0.984375,128
trained,3,3,49,component_accuracy,shuffled,0.484375,128
trained,3,4,5,beta_r2,actual,0.9008071422576904,128
trained,3,4,5,beta_r2,shuffled,-0.3078879117965698,128
trained,3,4,5,component_accuracy,actual,0.984375,128
trained,3,4,5,component_accuracy,shuffled,0.5390625,128
trained,3,4,10,beta_r2,actual,0.9176785945892334,128
trained,3,4,10,beta_r2,shuffled,-0.17174696922302246,128
trained,3,4,10,component_accuracy,actual,0.9765625,128
trained,3,4,10,component_accuracy,shuffled,0.5,128
trained,3,4,20,beta_r2,actual,0.9317448139190674,128
trained,3,4,20,beta_r2,shuffled,-0.2579028308391571,128
trained,3,4,20,component_accuracy,actual,0.9765625,128
trained,3,4,20,component_accuracy,shuffled,0.5,128
trained,3,4,30,beta_r2,actual,0.9590557813644409,128
trained,3,4,30,beta_r2,shuffled,-0.4039473235607147,128
trained,3,4,30,component_accuracy,actual,1.0,128
trained,3,4,30,component_accuracy,shuffled,0.5234375,128
trained,3,4,40,beta_r2,actual,0.9526774883270264,128
trained,3,4,40,beta_r2,shuffled,-0.29198402166366577,128
trained,3,4,40,component_accuracy,actual,0.9921875,128
trained,3,4,40,component_accuracy,shuffled,0.5078125,128
trained,3,4,49,beta_r2,actual,0.9464700818061829,128
trained,3,4,49,beta_r2,shuffled,-0.28165292739868164,128
trained,3,4,49,component_accuracy,actual,0.9921875,128
trained,3,4,49,component_accuracy,shuffled,0.46875,128
trained,3,5,5,beta_r2,actual,0.9045068621635437,128
trained,3,5,5,beta_r2,shuffled,-0.3680097162723541,128
trained,3,5,5,component_accuracy,actual,0.984375,128
trained,3,5,5,component_accuracy,shuffled,0.53125,128
trained,3,5,10,beta_r2,actual,0.9388234615325928,128
trained,3,5,10,beta_r2,shuffled,-0.1595436930656433,128
trained,3,5,10,component_accuracy,actual,0.984375,128
trained,3,5,10,component_accuracy,shuffled,0.46875,128
trained,3,5,20,beta_r2,actual,0.9442629218101501,128
trained,3,5,20,beta_r2,shuffled,-0.3427543342113495,128
trained,3,5,20,component_accuracy,actual,0.9921875,128
trained,3,5,20,component_accuracy,shuffled,0.484375,128
trained,3,5,30,beta_r2,actual,0.9637184143066406,128
trained,3,5,30,beta_r2,shuffled,-0.19938470423221588,128
trained,3,5,30,component_accuracy,actual,1.0,128
trained,3,5,30,component_accuracy,shuffled,0.5,128
trained,3,5,40,beta_r2,actual,0.9710283875465393,128
trained,3,5,40,beta_r2,shuffled,-0.22273296117782593,128
trained,3,5,40,component_accuracy,actual,1.0,128
trained,3,5,40,component_accuracy,shuffled,0.546875,128
trained,3,5,49,beta_r2,actual,0.9611846208572388,128
trained,3,5,49,beta_r2,shuffled,-0.30916935205459595,128
trained,3,5,49,component_accuracy,actual,1.0,128
trained,3,5,49,component_accuracy,shuffled,0.484375,128
trained,3,6,5,beta_r2,actual,0.8615490198135376,128
trained,3,6,5,beta_r2,shuffled,-0.3855138421058655,128
trained,3,6,5,component_accuracy,actual,0.984375,128
trained,3,6,5,component_accuracy,shuffled,0.5390625,128
trained,3,6,10,beta_r2,actual,0.8960418105125427,128
trained,3,6,10,beta_r2,shuffled,-0.4602774977684021,128
trained,3,6,10,component_accuracy,actual,1.0,128
trained,3,6,10,component_accuracy,shuffled,0.4921875,128
trained,3,6,20,beta_r2,actual,0.9222986698150635,128
trained,3,6,20,beta_r2,shuffled,-0.23264050483703613,128
trained,3,6,20,component_accuracy,actual,0.984375,128
trained,3,6,20,component_accuracy,shuffled,0.53125,128
trained,3,6,30,beta_r2,actual,0.9373379945755005,128
trained,3,6,30,beta_r2,shuffled,-0.13230717182159424,128
trained,3,6,30,component_accuracy,actual,1.0,128
trained,3,6,30,component_accuracy,shuffled,0.4765625,128
trained,3,6,40,beta_r2,actual,0.941120445728302,128
trained,3,6,40,beta_r2,shuffled,-0.07746163010597229,128
trained,3,6,40,component_accuracy,actual,0.9921875,128
trained,3,6,40,component_accuracy,shuffled,0.40625,128
trained,3,6,49,beta_r2,actual,0.9296261668205261,128
trained,3,6,49,beta_r2,shuffled,-0.2432790845632553,128
trained,3,6,49,component_accuracy,actual,1.0,128
trained,3,6,49,component_accuracy,shuffled,0.578125,128
raw_input,3,-1,5,beta_r2,actual,-0.07199075073003769,128
raw_input,3,-1,5,beta_r2,shuffled,-0.05442524328827858,128
raw_input,3,-1,5,component_accuracy,actual,0.484375,128
raw_input,3,-1,5,component_accuracy,shuffled,0.4296875,128
raw_input,3,-1,10,beta_r2,actual,-0.018205171450972557,128
raw_input,3,-1,10,beta_r2,shuffled,-0.01520884595811367,128
raw_input,3,-1,10,component_accuracy,actual,0.5390625,128
raw_input,3,-1,10,component_accuracy,shuffled,0.3828125,128
raw_input,3,-1,20,beta_r2,actual,-0.007236436940729618,128
raw_input,3,-1,20,beta_r2,shuffled,-0.02271328866481781,128
raw_input,3,-1,20,component_accuracy,actual,0.53125,128
raw_input,3,-1,20,component_accuracy,shuffled,0.515625,128
raw_input,3,-1,30,beta_r2,actual,-0.10315448045730591,128
raw_input,3,-1,30,beta_r2,shuffled,-0.01785852387547493,128
raw_input,3,-1,30,component_accuracy,actual,0.484375,128
raw_input,3,-1,30,component_accuracy,shuffled,0.5546875,128
raw_input,3,-1,40,beta_r2,actual,-0.09004610776901245,128
raw_input,3,-1,40,beta_r2,shuffled,-0.10062472522258759,128
raw_input,3,-1,40,component_accuracy,actual,0.4453125,128
raw_input,3,-1,40,component_accuracy,shuffled,0.5625,128
raw_input,3,-1,49,beta_r2,actual,-0.06835849583148956,128
raw_input,3,-1,49,beta_r2,shuffled,-0.0948139950633049,128
raw_input,3,-1,49,component_accuracy,actual,0.4921875,128
raw_input,3,-1,49,component_accuracy,shuffled,0.515625,128
untrained,3,0,5,beta_r2,actual,-0.08401407301425934,128
untrained,3,0,5,beta_r2,shuffled,-0.08021858334541321,128
untrained,3,0,5,component_accuracy,actual,0.4375,128
untrained,3,0,5,component_accuracy,shuffled,0.453125,128
untrained,3,0,10,beta_r2,actual,-0.01956484466791153,128
untrained,3,0,10,beta_r2,shuffled,-0.036353178322315216,128
untrained,3,0,10,component_accuracy,actual,0.5078125,128
untrained,3,0,10,component_accuracy,shuffled,0.4375,128
untrained,3,0,20,beta_r2,actual,-0.004429920576512814,128
untrained,3,0,20,beta_r2,shuffled,-0.049007173627614975,128
untrained,3,0,20,component_accuracy,actual,0.578125,128
untrained,3,0,20,component_accuracy,shuffled,0.4296875,128
untrained,3,0,30,beta_r2,actual,-0.12515416741371155,128
untrained,3,0,30,beta_r2,shuffled,-0.061975233256816864,128
untrained,3,0,30,component_accuracy,actual,0.515625,128
untrained,3,0,30,component_accuracy,shuffled,0.640625,128
untrained,3,0,40,beta_r2,actual,-0.0984157919883728,128
untrained,3,0,40,beta_r2,shuffled,-0.11133963614702225,128
untrained,3,0,40,component_accuracy,actual,0.4453125,128
untrained,3,0,40,component_accuracy,shuffled,0.484375,128
untrained,3,0,49,beta_r2,actual,-0.06515450030565262,128
untrained,3,0,49,beta_r2,shuffled,-0.08939450979232788,128
untrained,3,0,49,component_accuracy,actual,0.453125,128
untrained,3,0,49,component_accuracy,shuffled,0.46875,128
untrained,3,1,5,beta_r2,actual,-0.028214439749717712,128
untrained,3,1,5,beta_r2,shuffled,-0.057706546038389206,128
untrained,3,1,5,component_accuracy,actual,0.4609375,128
untrained,3,1,5,component_accuracy,shuffled,0.4765625,128
untrained,3,1,10,beta_r2,actual,0.023863669484853745,128
untrained,3,1,10,beta_r2,shuffled,-0.033028602600097656,128
untrained,3,1,10,component_accuracy,actual,0.515625,128
untrained,3,1,10,component_accuracy,shuffled,0.53125,128
untrained,3,1,20,beta_r2,actual,0.023355647921562195,128
untrained,3,1,20,beta_r2,shuffled,-0.09946935623884201,128
untrained,3,1,20,component_accuracy,actual,0.5703125,128
untrained,3,1,20,component_accuracy,shuffled,0.515625,128
untrained,3,1,30,beta_r2,actual,-0.08517058938741684,128
untrained,3,1,30,beta_r2,shuffled,-0.09314453601837158,128
untrained,3,1,30,component_accuracy,actual,0.5078125,128
untrained,3,1,30,component_accuracy,shuffled,0.46875,128
untrained,3,1,40,beta_r2,actual,-0.06287002563476562,128
untrained,3,1,40,beta_r2,shuffled,-0.07593660056591034,128
untrained,3,1,40,component_accuracy,actual,0.4609375,128
untrained,3,1,40,component_accuracy,shuffled,0.5625,128
untrained,3,1,49,beta_r2,actual,-0.03707592561841011,128
untrained,3,1,49,beta_r2,shuffled,-0.025261562317609787,128
untrained,3,1,49,component_accuracy,actual,0.46875,128
untrained,3,1,49,component_accuracy,shuffled,0.5234375,128
untrained,3,2,5,beta_r2,actual,0.005370989441871643,128
untrained,3,2,5,beta_r2,shuffled,-0.04656039550900459,128
untrained,3,2,5,component_accuracy,actual,0.4765625,128
untrained,3,2,5,component_accuracy,shuffled,0.4921875,128
untrained,3,2,10,beta_r2,actual,0.0576447993516922,128
untrained,3,2,10,beta_r2,shuffled,-0.04392587020993233,128
untrained,3,2,10,component_accuracy,actual,0.546875,128
untrained,3,2,10,component_accuracy,shuffled,0.40625,128
untrained,3,2,20,beta_r2,actual,0.041030995547771454,128
untrained,3,2,20,beta_r2,shuffled,-0.02076631970703602,128
untrained,3,2,20,component_accuracy,actual,0.59375,128
untrained,3,2,20,component_accuracy,shuffled,0.484375,128
untrained,3,2,30,beta_r2,actual,-0.05025867000222206,128
untrained,3,2,30,beta_r2,shuffled,-0.029209395870566368,128
untrained,3,2,30,component_accuracy,actual,0.5,128
untrained,3,2,30,component_accuracy,shuffled,0.5390625,128
untrained,3,2,40,beta_r2,actual,-0.0228030513972044,128
untrained,3,2,40,beta_r2,shuffled,-0.0632527768611908,128
untrained,3,2,40,component_accuracy,actual,0.4453125,128
untrained,3,2,40,component_accuracy,shuffled,0.5,128
untrained,3,2,49,beta_r2,actual,-0.016262458637356758,128
untrained,3,2,49,beta_r2,shuffled,-0.04404794052243233,128
untrained,3,2,49,component_accuracy,actual,0.4921875,128
untrained,3,2,49,component_accuracy,shuffled,0.46875,128
untrained,3,3,5,beta_r2,actual,0.03149550408124924,128
untrained,3,3,5,beta_r2,shuffled,-0.08006449043750763,128
untrained,3,3,5,component_accuracy,actual,0.4921875,128
untrained,3,3,5,component_accuracy,shuffled,0.4609375,128
untrained,3,3,10,beta_r2,actual,0.07378311455249786,128
untrained,3,3,10,beta_r2,shuffled,-0.03725258260965347,128
untrained,3,3,10,component_accuracy,actual,0.53125,128
untrained,3,3,10,component_accuracy,shuffled,0.515625,128
untrained,3,3,20,beta_r2,actual,0.07054366916418076,128
untrained,3,3,20,beta_r2,shuffled,-0.084488645195961,128
untrained,3,3,20,component_accuracy,actual,0.6015625,128
untrained,3,3,20,component_accuracy,shuffled,0.515625,128
untrained,3,3,30,beta_r2,actual,-0.030354999005794525,128
untrained,3,3,30,beta_r2,shuffled,-0.032678306102752686,128
untrained,3,3,30,component_accuracy,actual,0.5078125,128
untrained,3,3,30,component_accuracy,shuffled,0.515625,128
untrained,3,3,40,beta_r2,actual,-0.01056655403226614,128
untrained,3,3,40,beta_r2,shuffled,-0.12018867582082748,128
untrained,3,3,40,component_accuracy,actual,0.4453125,128
untrained,3,3,40,component_accuracy,shuffled,0.5546875,128
untrained,3,3,49,beta_r2,actual,0.009088042192161083,128
untrained,3,3,49,beta_r2,shuffled,-0.06388746201992035,128
untrained,3,3,49,component_accuracy,actual,0.5,128
untrained,3,3,49,component_accuracy,shuffled,0.5546875,128
untrained,3,4,5,beta_r2,actual,0.05584653466939926,128
untrained,3,4,5,beta_r2,shuffled,-0.06656277179718018,128
untrained,3,4,5,component_accuracy,actual,0.4921875,128
untrained,3,4,5,component_accuracy,shuffled,0.59375,128
untrained,3,4,10,beta_r2,actual,0.09539924561977386,128
untrained,3,4,10,beta_r2,shuffled,-0.014133617281913757,128
untrained,3,4,10,component_accuracy,actual,0.5546875,128
untrained,3,4,10,component_accuracy,shuffled,0.5234375,128
untrained,3,4,20,beta_r2,actual,0.07754246145486832,128
untrained,3,4,20,beta_r2,shuffled,-0.10600581765174866,128
untrained,3,4,20,component_accuracy,actual,0.6015625,128
untrained,3,4,20,component_accuracy,shuffled,0.484375,128
untrained,3,4,30,beta_r2,actual,0.0001849786058301106,128
untrained,3,4,30,beta_r2,shuffled,-0.08599893003702164,128
untrained,3,4,30,component_accuracy,actual,0.546875,128
untrained,3,4,30,component_accuracy,shuffled,0.546875,128
untrained,3,4,40,beta_r2,actual,0.024680910632014275,128
untrained,3,4,40,beta_r2,shuffled,-0.0645444393157959,128
untrained,3,4,40,component_accuracy,actual,0.46875,128
untrained,3,4,40,component_accuracy,shuffled,0.5078125,128
untrained,3,4,49,beta_r2,actual,0.026402080431580544,128
untrained,3,4,49,beta_r2,shuffled,-0.0552438423037529,128
untrained,3,4,49,component_accuracy,actual,0.5078125,128
untrained,3,4,49,component_accuracy,shuffled,0.4453125,128
untrained,3,5,5,beta_r2,actual,0.0911431834101677,128
untrained,3,5,5,beta_r2,shuffled,-0.0428851842880249,128
untrained,3,5,5,component_accuracy,actual,0.5078125,128
untrained,3,5,5,component_accuracy,shuffled,0.453125,128
untrained,3,5,10,beta_r2,actual,0.10289830714464188,128
untrained,3,5,10,beta_r2,shuffled,-0.09896677732467651,128
untrained,3,5,10,component_accuracy,actual,0.5390625,128
untrained,3,5,10,component_accuracy,shuffled,0.5625,128
untrained,3,5,20,beta_r2,actual,0.08406027406454086,128
untrained,3,5,20,beta_r2,shuffled,-0.015510325320065022,128
untrained,3,5,20,component_accuracy,actual,0.6171875,128
untrained,3,5,20,component_accuracy,shuffled,0.4375,128
untrained,3,5,30,beta_r2,actual,0.019252687692642212,128
untrained,3,5,30,beta_r2,shuffled,0.026484521105885506,128
untrained,3,5,30,component_accuracy,actual,0.5546875,128
untrained,3,5,30,component_accuracy,shuffled,0.5234375,128
untrained,3,5,40,beta_r2,actual,0.050744447857141495,128
untrained,3,5,40,beta_r2,shuffled,-0.09013056755065918,128
untrained,3,5,40,component_accuracy,actual,0.5078125,128
untrained,3,5,40,component_accuracy,shuffled,0.53125,128
untrained,3,5,49,beta_r2,actual,0.04907218739390373,128
untrained,3,5,49,beta_r2,shuffled,-0.10446030646562576,128
untrained,3,5,49,component_accuracy,actual,0.515625,128
untrained,3,5,49,component_accuracy,shuffled,0.53125,128
untrained,3,6,5,beta_r2,actual,0.1131676584482193,128
untrained,3,6,5,beta_r2,shuffled,-0.11505020409822464,128
untrained,3,6,5,component_accuracy,actual,0.5390625,128
untrained,3,6,5,component_accuracy,shuffled,0.4609375,128
untrained,3,6,10,beta_r2,actual,0.09236738085746765,128
untrained,3,6,10,beta_r2,shuffled,-0.10879698395729065,128
untrained,3,6,10,component_accuracy,actual,0.5859375,128
untrained,3,6,10,component_accuracy,shuffled,0.578125,128
untrained,3,6,20,beta_r2,actual,0.07936036586761475,128
untrained,3,6,20,beta_r2,shuffled,-0.007374236825853586,128
untrained,3,6,20,component_accuracy,actual,0.59375,128
untrained,3,6,20,component_accuracy,shuffled,0.546875,128
untrained,3,6,30,beta_r2,actual,0.031180111691355705,128
untrained,3,6,30,beta_r2,shuffled,-0.038999930024147034,128
untrained,3,6,30,component_accuracy,actual,0.515625,128
untrained,3,6,30,component_accuracy,shuffled,0.4765625,128
untrained,3,6,40,beta_r2,actual,0.0744401291012764,128
untrained,3,6,40,beta_r2,shuffled,-0.019035838544368744,128
untrained,3,6,40,component_accuracy,actual,0.4921875,128
untrained,3,6,40,component_accuracy,shuffled,0.4453125,128
untrained,3,6,49,beta_r2,actual,0.08593739569187164,128
untrained,3,6,49,beta_r2,shuffled,-0.08273576200008392,128
untrained,3,6,49,component_accuracy,actual,0.5390625,128
untrained,3,6,49,component_accuracy,shuffled,0.625,128
trained,4,0,5,beta_r2,actual,0.029370127245783806,128
trained,4,0,5,beta_r2,shuffled,-0.08197981864213943,128
trained,4,0,5,component_accuracy,actual,0.578125,128
trained,4,0,5,component_accuracy,shuffled,0.5078125,128
trained,4,0,10,beta_r2,actual,-0.021209580823779106,128
trained,4,0,10,beta_r2,shuffled,-0.06124225631356239,128
trained,4,0,10,component_accuracy,actual,0.5703125,128
trained,4,0,10,component_accuracy,shuffled,0.46875,128
trained,4,0,20,beta_r2,actual,-0.05546388030052185,128
trained,4,0,20,beta_r2,shuffled,-0.03184919431805611,128
trained,4,0,20,component_accuracy,actual,0.4921875,128
trained,4,0,20,component_accuracy,shuffled,0.484375,128
trained,4,0,30,beta_r2,actual,-0.03257593512535095,128
trained,4,0,30,beta_r2,shuffled,-0.08887074887752533,128
trained,4,0,30,component_accuracy,actual,0.546875,128
trained,4,0,30,component_accuracy,shuffled,0.5234375,128
trained,4,0,40,beta_r2,actual,0.012868441641330719,128
trained,4,0,40,beta_r2,shuffled,-0.019961901009082794,128
trained,4,0,40,component_accuracy,actual,0.5703125,128
trained,4,0,40,component_accuracy,shuffled,0.5078125,128
trained,4,0,49,beta_r2,actual,0.017139215022325516,128
trained,4,0,49,beta_r2,shuffled,-0.04445042088627815,128
trained,4,0,49,component_accuracy,actual,0.5390625,128
trained,4,0,49,component_accuracy,shuffled,0.5390625,128
trained,4,1,5,beta_r2,actual,0.7532059550285339,128
trained,4,1,5,beta_r2,shuffled,-0.1324230581521988,128
trained,4,1,5,component_accuracy,actual,0.984375,128
trained,4,1,5,component_accuracy,shuffled,0.5546875,128
trained,4,1,10,beta_r2,actual,0.7526060938835144,128
trained,4,1,10,beta_r2,shuffled,-0.03860655426979065,128
trained,4,1,10,component_accuracy,actual,0.9765625,128
trained,4,1,10,component_accuracy,shuffled,0.59375,128
trained,4,1,20,beta_r2,actual,0.7157129049301147,128
trained,4,1,20,beta_r2,shuffled,-0.1761988401412964,128
trained,4,1,20,component_accuracy,actual,0.9609375,128
trained,4,1,20,component_accuracy,shuffled,0.5390625,128
trained,4,1,30,beta_r2,actual,0.7591601610183716,128
trained,4,1,30,beta_r2,shuffled,-0.20997002720832825,128
trained,4,1,30,component_accuracy,actual,0.9765625,128
trained,4,1,30,component_accuracy,shuffled,0.4375,128
trained,4,1,40,beta_r2,actual,0.6934567093849182,128
trained,4,1,40,beta_r2,shuffled,-0.08689160645008087,128
trained,4,1,40,component_accuracy,actual,0.9765625,128
trained,4,1,40,component_accuracy,shuffled,0.5390625,128
trained,4,1,49,beta_r2,actual,0.6968538761138916,128
trained,4,1,49,beta_r2,shuffled,-0.20981058478355408,128
trained,4,1,49,component_accuracy,actual,0.96875,128
trained,4,1,49,component_accuracy,shuffled,0.546875,128
trained,4,2,5,beta_r2,actual,0.7000675797462463,128
trained,4,2,5,beta_r2,shuffled,-0.23036769032478333,128
trained,4,2,5,component_accuracy,actual,0.9921875,128
trained,4,2,5,component_accuracy,shuffled,0.515625,128
trained,4,2,10,beta_r2,actual,0.7731901407241821,128
trained,4,2,10,beta_r2,shuffled,-0.21213434636592865,128
trained,4,2,10,component_accuracy,actual,0.984375,128
trained,4,2,10,component_accuracy,shuffled,0.515625,128
trained,4,2,20,beta_r2,actual,0.7482038736343384,128
trained,4,2,20,beta_r2,shuffled,-0.1920551061630249,128
trained,4,2,20,component_accuracy,actual,0.9609375,128
trained,4,2,20,component_accuracy,shuffled,0.5234375,128
trained,4,2,30,beta_r2,actual,0.7716236710548401,128
trained,4,2,30,beta_r2,shuffled,-0.2334584891796112,128
trained,4,2,30,component_accuracy,actual,0.96875,128
trained,4,2,30,component_accuracy,shuffled,0.546875,128
trained,4,2,40,beta_r2,actual,0.7189652323722839,128
trained,4,2,40,beta_r2,shuffled,-0.18440763652324677,128
trained,4,2,40,component_accuracy,actual,0.9921875,128
trained,4,2,40,component_accuracy,shuffled,0.546875,128
trained,4,2,49,beta_r2,actual,0.7004073262214661,128
trained,4,2,49,beta_r2,shuffled,-0.06983478367328644,128
trained,4,2,49,component_accuracy,actual,0.9765625,128
trained,4,2,49,component_accuracy,shuffled,0.40625,128
trained,4,3,5,beta_r2,actual,0.8407871127128601,128
trained,4,3,5,beta_r2,shuffled,-0.4572252929210663,128
trained,4,3,5,component_accuracy,actual,1.0,128
trained,4,3,5,component_accuracy,shuffled,0.5546875,128
trained,4,3,10,beta_r2,actual,0.874545156955719,128
trained,4,3,10,beta_r2,shuffled,-0.332353413105011,128
trained,4,3,10,component_accuracy,actual,1.0,128
trained,4,3,10,component_accuracy,shuffled,0.484375,128
trained,4,3,20,beta_r2,actual,0.8633540272712708,128
trained,4,3,20,beta_r2,shuffled,-0.205619677901268,128
trained,4,3,20,component_accuracy,actual,0.984375,128
trained,4,3,20,component_accuracy,shuffled,0.4453125,128
trained,4,3,30,beta_r2,actual,0.8843820095062256,128
trained,4,3,30,beta_r2,shuffled,-0.2621178925037384,128
trained,4,3,30,component_accuracy,actual,0.9921875,128
trained,4,3,30,component_accuracy,shuffled,0.453125,128
trained,4,3,40,beta_r2,actual,0.8740592002868652,128
trained,4,3,40,beta_r2,shuffled,-0.23151542246341705,128
trained,4,3,40,component_accuracy,actual,1.0,128
trained,4,3,40,component_accuracy,shuffled,0.40625,128
trained,4,3,49,beta_r2,actual,0.8410667777061462,128
trained,4,3,49,beta_r2,shuffled,-0.19752004742622375,128
trained,4,3,49,component_accuracy,actual,0.9765625,128
trained,4,3,49,component_accuracy,shuffled,0.5078125,128
trained,4,4,5,beta_r2,actual,0.9320421814918518,128
trained,4,4,5,beta_r2,shuffled,-0.4775386452674866,128
trained,4,4,5,component_accuracy,actual,1.0,128
trained,4,4,5,component_accuracy,shuffled,0.53125,128
trained,4,4,10,beta_r2,actual,0.9328190088272095,128
trained,4,4,10,beta_r2,shuffled,-0.1844531148672104,128
trained,4,4,10,component_accuracy,actual,0.9921875,128
trained,4,4,10,component_accuracy,shuffled,0.6015625,128
trained,4,4,20,beta_r2,actual,0.9528099894523621,128
trained,4,4,20,beta_r2,shuffled,-0.2731828987598419,128
trained,4,4,20,component_accuracy,actual,1.0,128
trained,4,4,20,component_accuracy,shuffled,0.5078125,128
trained,4,4,30,beta_r2,actual,0.9598953723907471,128
trained,4,4,30,beta_r2,shuffled,-0.1213352382183075,128
trained,4,4,30,component_accuracy,actual,1.0,128
trained,4,4,30,component_accuracy,shuffled,0.4921875,128
trained,4,4,40,beta_r2,actual,0.9592262506484985,128
trained,4,4,40,beta_r2,shuffled,-0.372518926858902,128
trained,4,4,40,component_accuracy,actual,1.0,128
trained,4,4,40,component_accuracy,shuffled,0.5546875,128
trained,4,4,49,beta_r2,actual,0.9311693906784058,128
trained,4,4,49,beta_r2,shuffled,-0.42341774702072144,128
trained,4,4,49,component_accuracy,actual,0.9765625,128
trained,4,4,49,component_accuracy,shuffled,0.453125,128
trained,4,5,5,beta_r2,actual,0.92900151014328,128
trained,4,5,5,beta_r2,shuffled,-0.3630467653274536,128
trained,4,5,5,component_accuracy,actual,1.0,128
trained,4,5,5,component_accuracy,shuffled,0.4765625,128
trained,4,5,10,beta_r2,actual,0.933962345123291,128
trained,4,5,10,beta_r2,shuffled,-0.4443415701389313,128
trained,4,5,10,component_accuracy,actual,0.9921875,128
trained,4,5,10,component_accuracy,shuffled,0.4765625,128
trained,4,5,20,beta_r2,actual,0.965813159942627,128
trained,4,5,20,beta_r2,shuffled,-0.5369309186935425,128
trained,4,5,20,component_accuracy,actual,1.0,128
trained,4,5,20,component_accuracy,shuffled,0.4140625,128
trained,4,5,30,beta_r2,actual,0.9733967185020447,128
trained,4,5,30,beta_r2,shuffled,-0.5180041193962097,128
trained,4,5,30,component_accuracy,actual,1.0,128
trained,4,5,30,component_accuracy,shuffled,0.5625,128
trained,4,5,40,beta_r2,actual,0.9680971503257751,128
trained,4,5,40,beta_r2,shuffled,-0.40699827671051025,128
trained,4,5,40,component_accuracy,actual,1.0,128
trained,4,5,40,component_accuracy,shuffled,0.53125,128
trained,4,5,49,beta_r2,actual,0.9401578307151794,128
trained,4,5,49,beta_r2,shuffled,-0.5290838479995728,128
trained,4,5,49,component_accuracy,actual,0.984375,128
trained,4,5,49,component_accuracy,shuffled,0.5,128
trained,4,6,5,beta_r2,actual,0.8875860571861267,128
trained,4,6,5,beta_r2,shuffled,-0.3045753240585327,128
trained,4,6,5,component_accuracy,actual,1.0,128
trained,4,6,5,component_accuracy,shuffled,0.484375,128
trained,4,6,10,beta_r2,actual,0.884403645992279,128
trained,4,6,10,beta_r2,shuffled,-0.2366519719362259,128
trained,4,6,10,component_accuracy,actual,0.9921875,128
trained,4,6,10,component_accuracy,shuffled,0.5,128
trained,4,6,20,beta_r2,actual,0.9312421679496765,128
trained,4,6,20,beta_r2,shuffled,-0.29479312896728516,128
trained,4,6,20,component_accuracy,actual,1.0,128
trained,4,6,20,component_accuracy,shuffled,0.4921875,128
trained,4,6,30,beta_r2,actual,0.9490312933921814,128
trained,4,6,30,beta_r2,shuffled,-0.31515446305274963,128
trained,4,6,30,component_accuracy,actual,1.0,128
trained,4,6,30,component_accuracy,shuffled,0.5078125,128
trained,4,6,40,beta_r2,actual,0.9465357661247253,128
trained,4,6,40,beta_r2,shuffled,-0.266263484954834,128
trained,4,6,40,component_accuracy,actual,1.0,128
trained,4,6,40,component_accuracy,shuffled,0.5078125,128
trained,4,6,49,beta_r2,actual,0.9065725803375244,128
trained,4,6,49,beta_r2,shuffled,-0.24333924055099487,128
trained,4,6,49,component_accuracy,actual,0.984375,128
trained,4,6,49,component_accuracy,shuffled,0.4375,128
raw_input,4,-1,5,beta_r2,actual,0.036467164754867554,128
raw_input,4,-1,5,beta_r2,shuffled,-0.02145860344171524,128
raw_input,4,-1,5,component_accuracy,actual,0.5546875,128
raw_input,4,-1,5,component_accuracy,shuffled,0.6015625,128
raw_input,4,-1,10,beta_r2,actual,-0.024466916918754578,128
raw_input,4,-1,10,beta_r2,shuffled,-0.04748830944299698,128
raw_input,4,-1,10,component_accuracy,actual,0.546875,128
raw_input,4,-1,10,component_accuracy,shuffled,0.40625,128
raw_input,4,-1,20,beta_r2,actual,-0.05502762645483017,128
raw_input,4,-1,20,beta_r2,shuffled,-0.05247539281845093,128
raw_input,4,-1,20,component_accuracy,actual,0.5078125,128
raw_input,4,-1,20,component_accuracy,shuffled,0.5859375,128
raw_input,4,-1,30,beta_r2,actual,-0.024551568552851677,128
raw_input,4,-1,30,beta_r2,shuffled,-0.055334653705358505,128
raw_input,4,-1,30,component_accuracy,actual,0.5234375,128
raw_input,4,-1,30,component_accuracy,shuffled,0.453125,128
raw_input,4,-1,40,beta_r2,actual,0.009385744109749794,128
raw_input,4,-1,40,beta_r2,shuffled,-0.06264486908912659,128
raw_input,4,-1,40,component_accuracy,actual,0.5234375,128
raw_input,4,-1,40,component_accuracy,shuffled,0.5078125,128
raw_input,4,-1,49,beta_r2,actual,0.04019586369395256,128
raw_input,4,-1,49,beta_r2,shuffled,-0.022911103442311287,128
raw_input,4,-1,49,component_accuracy,actual,0.546875,128
raw_input,4,-1,49,component_accuracy,shuffled,0.53125,128
untrained,4,0,5,beta_r2,actual,0.030263612046837807,128
untrained,4,0,5,beta_r2,shuffled,-0.0822756364941597,128
untrained,4,0,5,component_accuracy,actual,0.5703125,128
untrained,4,0,5,component_accuracy,shuffled,0.5390625,128
untrained,4,0,10,beta_r2,actual,-0.02059265784919262,128
untrained,4,0,10,beta_r2,shuffled,-0.05957192927598953,128
untrained,4,0,10,component_accuracy,actual,0.53125,128
untrained,4,0,10,component_accuracy,shuffled,0.46875,128
untrained,4,0,20,beta_r2,actual,-0.056572433561086655,128
untrained,4,0,20,beta_r2,shuffled,-0.03541327640414238,128
untrained,4,0,20,component_accuracy,actual,0.5078125,128
untrained,4,0,20,component_accuracy,shuffled,0.5,128
untrained,4,0,30,beta_r2,actual,-0.03209691122174263,128
untrained,4,0,30,beta_r2,shuffled,-0.0919039398431778,128
untrained,4,0,30,component_accuracy,actual,0.53125,128
untrained,4,0,30,component_accuracy,shuffled,0.515625,128
untrained,4,0,40,beta_r2,actual,0.013458040542900562,128
untrained,4,0,40,beta_r2,shuffled,-0.022519294172525406,128
untrained,4,0,40,component_accuracy,actual,0.59375,128
untrained,4,0,40,component_accuracy,shuffled,0.484375,128
untrained,4,0,49,beta_r2,actual,0.02000930905342102,128
untrained,4,0,49,beta_r2,shuffled,-0.04395001009106636,128
untrained,4,0,49,component_accuracy,actual,0.5390625,128
untrained,4,0,49,component_accuracy,shuffled,0.53125,128
untrained,4,1,5,beta_r2,actual,0.06495939195156097,128
untrained,4,1,5,beta_r2,shuffled,-0.05559460446238518,128
untrained,4,1,5,component_accuracy,actual,0.5703125,128
untrained,4,1,5,component_accuracy,shuffled,0.59375,128
untrained,4,1,10,beta_r2,actual,0.012928253971040249,128
untrained,4,1,10,beta_r2,shuffled,0.007370721083134413,128
untrained,4,1,10,component_accuracy,actual,0.5390625,128
untrained,4,1,10,component_accuracy,shuffled,0.6015625,128
untrained,4,1,20,beta_r2,actual,-0.017116865143179893,128
untrained,4,1,20,beta_r2,shuffled,-0.07920671999454498,128
untrained,4,1,20,component_accuracy,actual,0.5078125,128
untrained,4,1,20,component_accuracy,shuffled,0.4609375,128
untrained,4,1,30,beta_r2,actual,0.009043448604643345,128
untrained,4,1,30,beta_r2,shuffled,-0.07223041355609894,128
untrained,4,1,30,component_accuracy,actual,0.5390625,128
untrained,4,1,30,component_accuracy,shuffled,0.53125,128
untrained,4,1,40,beta_r2,actual,0.04283042624592781,128
untrained,4,1,40,beta_r2,shuffled,-0.04839140176773071,128
untrained,4,1,40,component_accuracy,actual,0.59375,128
untrained,4,1,40,component_accuracy,shuffled,0.5625,128
untrained,4,1,49,beta_r2,actual,0.05384683236479759,128
untrained,4,1,49,beta_r2,shuffled,-0.07011064887046814,128
untrained,4,1,49,component_accuracy,actual,0.546875,128
untrained,4,1,49,component_accuracy,shuffled,0.4921875,128
untrained,4,2,5,beta_r2,actual,0.11202722787857056,128
untrained,4,2,5,beta_r2,shuffled,-0.07568904757499695,128
untrained,4,2,5,component_accuracy,actual,0.59375,128
untrained,4,2,5,component_accuracy,shuffled,0.4609375,128
untrained,4,2,10,beta_r2,actual,0.07016725093126297,128
untrained,4,2,10,beta_r2,shuffled,-0.04933125898241997,128
untrained,4,2,10,component_accuracy,actual,0.5390625,128
untrained,4,2,10,component_accuracy,shuffled,0.5,128
untrained,4,2,20,beta_r2,actual,0.026449915021657944,128
untrained,4,2,20,beta_r2,shuffled,-0.07216902822256088,128
untrained,4,2,20,component_accuracy,actual,0.5390625,128
untrained,4,2,20,component_accuracy,shuffled,0.5390625,128
untrained,4,2,30,beta_r2,actual,0.06380973011255264,128
untrained,4,2,30,beta_r2,shuffled,-0.07970721274614334,128
untrained,4,2,30,component_accuracy,actual,0.53125,128
untrained,4,2,30,component_accuracy,shuffled,0.4921875,128
untrained,4,2,40,beta_r2,actual,0.09188904613256454,128
untrained,4,2,40,beta_r2,shuffled,-0.08418301492929459,128
untrained,4,2,40,component_accuracy,actual,0.59375,128
untrained,4,2,40,component_accuracy,shuffled,0.5,128
untrained,4,2,49,beta_r2,actual,0.09719769656658173,128
untrained,4,2,49,beta_r2,shuffled,-0.03580016270279884,128
untrained,4,2,49,component_accuracy,actual,0.5859375,128
untrained,4,2,49,component_accuracy,shuffled,0.4140625,128
untrained,4,3,5,beta_r2,actual,0.13085836172103882,128
untrained,4,3,5,beta_r2,shuffled,-0.0835077092051506,128
untrained,4,3,5,component_accuracy,actual,0.59375,128
untrained,4,3,5,component_accuracy,shuffled,0.5078125,128
untrained,4,3,10,beta_r2,actual,0.10135084390640259,128
untrained,4,3,10,beta_r2,shuffled,-0.09196712076663971,128
untrained,4,3,10,component_accuracy,actual,0.5625,128
untrained,4,3,10,component_accuracy,shuffled,0.5234375,128
untrained,4,3,20,beta_r2,actual,0.04959944263100624,128
untrained,4,3,20,beta_r2,shuffled,-0.03599468991160393,128
untrained,4,3,20,component_accuracy,actual,0.515625,128
untrained,4,3,20,component_accuracy,shuffled,0.4609375,128
untrained,4,3,30,beta_r2,actual,0.09441132843494415,128
untrained,4,3,30,beta_r2,shuffled,-0.03497259318828583,128
untrained,4,3,30,component_accuracy,actual,0.546875,128
untrained,4,3,30,component_accuracy,shuffled,0.5078125,128
untrained,4,3,40,beta_r2,actual,0.11506646126508713,128
untrained,4,3,40,beta_r2,shuffled,-0.10475295782089233,128
untrained,4,3,40,component_accuracy,actual,0.6015625,128
untrained,4,3,40,component_accuracy,shuffled,0.46875,128
untrained,4,3,49,beta_r2,actual,0.12743988633155823,128
untrained,4,3,49,beta_r2,shuffled,-0.04588007926940918,128
untrained,4,3,49,component_accuracy,actual,0.5859375,128
untrained,4,3,49,component_accuracy,shuffled,0.46875,128
untrained,4,4,5,beta_r2,actual,0.17358912527561188,128
untrained,4,4,5,beta_r2,shuffled,-0.08940527588129044,128
untrained,4,4,5,component_accuracy,actual,0.59375,128
untrained,4,4,5,component_accuracy,shuffled,0.46875,128
untrained,4,4,10,beta_r2,actual,0.12007874995470047,128
untrained,4,4,10,beta_r2,shuffled,-0.048502013087272644,128
untrained,4,4,10,component_accuracy,actual,0.578125,128
untrained,4,4,10,component_accuracy,shuffled,0.609375,128
untrained,4,4,20,beta_r2,actual,0.06688112765550613,128
untrained,4,4,20,beta_r2,shuffled,-0.11159321665763855,128
untrained,4,4,20,component_accuracy,actual,0.5546875,128
untrained,4,4,20,component_accuracy,shuffled,0.4765625,128
untrained,4,4,30,beta_r2,actual,0.10693394392728806,128
untrained,4,4,30,beta_r2,shuffled,-0.05069182068109512,128
untrained,4,4,30,component_accuracy,actual,0.5546875,128
untrained,4,4,30,component_accuracy,shuffled,0.5390625,128
untrained,4,4,40,beta_r2,actual,0.11761315912008286,128
untrained,4,4,40,beta_r2,shuffled,-0.04453089460730553,128
untrained,4,4,40,component_accuracy,actual,0.6171875,128
untrained,4,4,40,component_accuracy,shuffled,0.5625,128
untrained,4,4,49,beta_r2,actual,0.1469830572605133,128
untrained,4,4,49,beta_r2,shuffled,-0.07681049406528473,128
untrained,4,4,49,component_accuracy,actual,0.6171875,128
untrained,4,4,49,component_accuracy,shuffled,0.53125,128
untrained,4,5,5,beta_r2,actual,0.1831115037202835,128
untrained,4,5,5,beta_r2,shuffled,-0.042757548391819,128
untrained,4,5,5,component_accuracy,actual,0.6171875,128
untrained,4,5,5,component_accuracy,shuffled,0.390625,128
untrained,4,5,10,beta_r2,actual,0.14425641298294067,128
untrained,4,5,10,beta_r2,shuffled,-0.04364560917019844,128
untrained,4,5,10,component_accuracy,actual,0.5859375,128
untrained,4,5,10,component_accuracy,shuffled,0.4765625,128
untrained,4,5,20,beta_r2,actual,0.07454988360404968,128
untrained,4,5,20,beta_r2,shuffled,-0.07769764959812164,128
untrained,4,5,20,component_accuracy,actual,0.5546875,128
untrained,4,5,20,component_accuracy,shuffled,0.4765625,128
untrained,4,5,30,beta_r2,actual,0.131474569439888,128
untrained,4,5,30,beta_r2,shuffled,-0.10540527105331421,128
untrained,4,5,30,component_accuracy,actual,0.5546875,128
untrained,4,5,30,component_accuracy,shuffled,0.4921875,128
untrained,4,5,40,beta_r2,actual,0.15229959785938263,128
untrained,4,5,40,beta_r2,shuffled,-0.11420240253210068,128
untrained,4,5,40,component_accuracy,actual,0.625,128
untrained,4,5,40,component_accuracy,shuffled,0.4453125,128
untrained,4,5,49,beta_r2,actual,0.17447662353515625,128
untrained,4,5,49,beta_r2,shuffled,-0.017690572887659073,128
untrained,4,5,49,component_accuracy,actual,0.6015625,128
untrained,4,5,49,component_accuracy,shuffled,0.4375,128
untrained,4,6,5,beta_r2,actual,0.2047562152147293,128
untrained,4,6,5,beta_r2,shuffled,-0.06983714550733566,128
untrained,4,6,5,component_accuracy,actual,0.6484375,128
untrained,4,6,5,component_accuracy,shuffled,0.453125,128
untrained,4,6,10,beta_r2,actual,0.17771054804325104,128
untrained,4,6,10,beta_r2,shuffled,-0.025804780423641205,128
untrained,4,6,10,component_accuracy,actual,0.6015625,128
untrained,4,6,10,component_accuracy,shuffled,0.484375,128
untrained,4,6,20,beta_r2,actual,0.08370336145162582,128
untrained,4,6,20,beta_r2,shuffled,-0.04441758245229721,128
untrained,4,6,20,component_accuracy,actual,0.546875,128
untrained,4,6,20,component_accuracy,shuffled,0.5390625,128
untrained,4,6,30,beta_r2,actual,0.15168140828609467,128
untrained,4,6,30,beta_r2,shuffled,-0.018744006752967834,128
untrained,4,6,30,component_accuracy,actual,0.5859375,128
untrained,4,6,30,component_accuracy,shuffled,0.5390625,128
untrained,4,6,40,beta_r2,actual,0.1669105887413025,128
untrained,4,6,40,beta_r2,shuffled,-0.0616585798561573,128
untrained,4,6,40,component_accuracy,actual,0.625,128
untrained,4,6,40,component_accuracy,shuffled,0.4921875,128
untrained,4,6,49,beta_r2,actual,0.18019038438796997,128
untrained,4,6,49,beta_r2,shuffled,-0.08360696583986282,128
untrained,4,6,49,component_accuracy,actual,0.6171875,128
untrained,4,6,49,component_accuracy,shuffled,0.4609375,128
trained,5,0,5,beta_r2,actual,0.007846499793231487,128
trained,5,0,5,beta_r2,shuffled,-0.09647874534130096,128
trained,5,0,5,component_accuracy,actual,0.53125,128
trained,5,0,5,component_accuracy,shuffled,0.5390625,128
trained,5,0,10,beta_r2,actual,-0.06374170631170273,128
trained,5,0,10,beta_r2,shuffled,-0.1031900942325592,128
trained,5,0,10,component_accuracy,actual,0.484375,128
trained,5,0,10,component_accuracy,shuffled,0.4921875,128
trained,5,0,20,beta_r2,actual,-0.07060281932353973,128
trained,5,0,20,beta_r2,shuffled,-0.02740282565355301,128
trained,5,0,20,component_accuracy,actual,0.546875,128
trained,5,0,20,component_accuracy,shuffled,0.4375,128
trained,5,0,30,beta_r2,actual,-0.03606097027659416,128
trained,5,0,30,beta_r2,shuffled,-0.04011395946145058,128
trained,5,0,30,component_accuracy,actual,0.515625,128
trained,5,0,30,component_accuracy,shuffled,0.484375,128
trained,5,0,40,beta_r2,actual,-0.0329921692609787,128
trained,5,0,40,beta_r2,shuffled,-0.030001705512404442,128
trained,5,0,40,component_accuracy,actual,0.4765625,128
trained,5,0,40,component_accuracy,shuffled,0.4609375,128
trained,5,0,49,beta_r2,actual,-0.08543655276298523,128
trained,5,0,49,beta_r2,shuffled,-0.03109905496239662,128
trained,5,0,49,component_accuracy,actual,0.4609375,128
trained,5,0,49,component_accuracy,shuffled,0.6328125,128
trained,5,1,5,beta_r2,actual,0.5449700355529785,128
trained,5,1,5,beta_r2,shuffled,-0.25497499108314514,128
trained,5,1,5,component_accuracy,actual,0.796875,128
trained,5,1,5,component_accuracy,shuffled,0.53125,128
trained,5,1,10,beta_r2,actual,0.5327132940292358,128
trained,5,1,10,beta_r2,shuffled,-0.2906064987182617,128
trained,5,1,10,component_accuracy,actual,0.84375,128
trained,5,1,10,component_accuracy,shuffled,0.5234375,128
trained,5,1,20,beta_r2,actual,0.4820501208305359,128
trained,5,1,20,beta_r2,shuffled,-0.06798206269741058,128
trained,5,1,20,component_accuracy,actual,0.859375,128
trained,5,1,20,component_accuracy,shuffled,0.4453125,128
trained,5,1,30,beta_r2,actual,0.4591961205005646,128
trained,5,1,30,beta_r2,shuffled,-0.06809378415346146,128
trained,5,1,30,component_accuracy,actual,0.796875,128
trained,5,1,30,component_accuracy,shuffled,0.546875,128
trained,5,1,40,beta_r2,actual,0.5373285412788391,128
trained,5,1,40,beta_r2,shuffled,-0.22244839370250702,128
trained,5,1,40,component_accuracy,actual,0.8984375,128
trained,5,1,40,component_accuracy,shuffled,0.546875,128
trained,5,1,49,beta_r2,actual,0.4065454304218292,128
trained,5,1,49,beta_r2,shuffled,-0.16699643433094025,128
trained,5,1,49,component_accuracy,actual,0.78125,128
trained,5,1,49,component_accuracy,shuffled,0.4609375,128
trained,5,2,5,beta_r2,actual,0.5730925798416138,128
trained,5,2,5,beta_r2,shuffled,-0.16955699026584625,128
trained,5,2,5,component_accuracy,actual,0.8515625,128
trained,5,2,5,component_accuracy,shuffled,0.484375,128
trained,5,2,10,beta_r2,actual,0.5201937556266785,128
trained,5,2,10,beta_r2,shuffled,-0.2570243179798126,128
trained,5,2,10,component_accuracy,actual,0.859375,128
trained,5,2,10,component_accuracy,shuffled,0.5234375,128
trained,5,2,20,beta_r2,actual,0.4806210398674011,128
trained,5,2,20,beta_r2,shuffled,-0.06295686215162277,128
trained,5,2,20,component_accuracy,actual,0.8671875,128
trained,5,2,20,component_accuracy,shuffled,0.546875,128
trained,5,2,30,beta_r2,actual,0.5208268761634827,128
trained,5,2,30,beta_r2,shuffled,-0.3214161694049835,128
trained,5,2,30,component_accuracy,actual,0.8203125,128
trained,5,2,30,component_accuracy,shuffled,0.4765625,128
trained,5,2,40,beta_r2,actual,0.5496902465820312,128
trained,5,2,40,beta_r2,shuffled,-0.14545294642448425,128
trained,5,2,40,component_accuracy,actual,0.8984375,128
trained,5,2,40,component_accuracy,shuffled,0.578125,128
trained,5,2,49,beta_r2,actual,0.495196133852005,128
trained,5,2,49,beta_r2,shuffled,-0.1818818300962448,128
trained,5,2,49,component_accuracy,actual,0.875,128
trained,5,2,49,component_accuracy,shuffled,0.609375,128
trained,5,3,5,beta_r2,actual,0.678272008895874,128
trained,5,3,5,beta_r2,shuffled,-0.2488769143819809,128
trained,5,3,5,component_accuracy,actual,0.953125,128
trained,5,3,5,component_accuracy,shuffled,0.4453125,128
trained,5,3,10,beta_r2,actual,0.7236546277999878,128
trained,5,3,10,beta_r2,shuffled,-0.16456690430641174,128
trained,5,3,10,component_accuracy,actual,0.9609375,128
trained,5,3,10,component_accuracy,shuffled,0.484375,128
trained,5,3,20,beta_r2,actual,0.7367809414863586,128
trained,5,3,20,beta_r2,shuffled,-0.17814362049102783,128
trained,5,3,20,component_accuracy,actual,0.96875,128
trained,5,3,20,component_accuracy,shuffled,0.5234375,128
trained,5,3,30,beta_r2,actual,0.7154715657234192,128
trained,5,3,30,beta_r2,shuffled,-0.32397860288619995,128
trained,5,3,30,component_accuracy,actual,0.953125,128
trained,5,3,30,component_accuracy,shuffled,0.5234375,128
trained,5,3,40,beta_r2,actual,0.7312514185905457,128
trained,5,3,40,beta_r2,shuffled,-0.3316957652568817,128
trained,5,3,40,component_accuracy,actual,0.9765625,128
trained,5,3,40,component_accuracy,shuffled,0.421875,128
trained,5,3,49,beta_r2,actual,0.6857753396034241,128
trained,5,3,49,beta_r2,shuffled,-0.24421203136444092,128
trained,5,3,49,component_accuracy,actual,0.9453125,128
trained,5,3,49,component_accuracy,shuffled,0.4453125,128
trained,5,4,5,beta_r2,actual,0.72210294008255,128
trained,5,4,5,beta_r2,shuffled,-0.41390612721443176,128
trained,5,4,5,component_accuracy,actual,0.9140625,128
trained,5,4,5,component_accuracy,shuffled,0.5625,128
trained,5,4,10,beta_r2,actual,0.8307403922080994,128
trained,5,4,10,beta_r2,shuffled,-0.2437431514263153,128
trained,5,4,10,component_accuracy,actual,0.96875,128
trained,5,4,10,component_accuracy,shuffled,0.421875,128
trained,5,4,20,beta_r2,actual,0.840880811214447,128
trained,5,4,20,beta_r2,shuffled,-0.21671104431152344,128
trained,5,4,20,component_accuracy,actual,0.9765625,128
trained,5,4,20,component_accuracy,shuffled,0.5078125,128
trained,5,4,30,beta_r2,actual,0.8327732086181641,128
trained,5,4,30,beta_r2,shuffled,-0.17817652225494385,128
trained,5,4,30,component_accuracy,actual,0.953125,128
trained,5,4,30,component_accuracy,shuffled,0.4609375,128
trained,5,4,40,beta_r2,actual,0.8771566152572632,128
trained,5,4,40,beta_r2,shuffled,-0.369475394487381,128
trained,5,4,40,component_accuracy,actual,0.9921875,128
trained,5,4,40,component_accuracy,shuffled,0.4609375,128
trained,5,4,49,beta_r2,actual,0.825146496295929,128
trained,5,4,49,beta_r2,shuffled,-0.0633135735988617,128
trained,5,4,49,component_accuracy,actual,0.96875,128
trained,5,4,49,component_accuracy,shuffled,0.453125,128
trained,5,5,5,beta_r2,actual,0.7273712158203125,128
trained,5,5,5,beta_r2,shuffled,-0.17507362365722656,128
trained,5,5,5,component_accuracy,actual,0.90625,128
trained,5,5,5,component_accuracy,shuffled,0.4453125,128
trained,5,5,10,beta_r2,actual,0.8425949215888977,128
trained,5,5,10,beta_r2,shuffled,-0.24216879904270172,128
trained,5,5,10,component_accuracy,actual,0.9765625,128
trained,5,5,10,component_accuracy,shuffled,0.5078125,128
trained,5,5,20,beta_r2,actual,0.8553131222724915,128
trained,5,5,20,beta_r2,shuffled,-0.21770967543125153,128
trained,5,5,20,component_accuracy,actual,0.96875,128
trained,5,5,20,component_accuracy,shuffled,0.4609375,128
trained,5,5,30,beta_r2,actual,0.8405700922012329,128
trained,5,5,30,beta_r2,shuffled,-0.19741247594356537,128
trained,5,5,30,component_accuracy,actual,0.9609375,128
trained,5,5,30,component_accuracy,shuffled,0.5703125,128
trained,5,5,40,beta_r2,actual,0.8934230804443359,128
trained,5,5,40,beta_r2,shuffled,-0.3867141008377075,128
trained,5,5,40,component_accuracy,actual,0.9921875,128
trained,5,5,40,component_accuracy,shuffled,0.484375,128
trained,5,5,49,beta_r2,actual,0.8207794427871704,128
trained,5,5,49,beta_r2,shuffled,-0.3610459566116333,128
trained,5,5,49,component_accuracy,actual,0.9609375,128
trained,5,5,49,component_accuracy,shuffled,0.4921875,128
trained,5,6,5,beta_r2,actual,0.6765526533126831,128
trained,5,6,5,beta_r2,shuffled,-0.7345882654190063,128
trained,5,6,5,component_accuracy,actual,0.921875,128
trained,5,6,5,component_accuracy,shuffled,0.484375,128
trained,5,6,10,beta_r2,actual,0.7833856344223022,128
trained,5,6,10,beta_r2,shuffled,-0.2066710889339447,128
trained,5,6,10,component_accuracy,actual,0.96875,128
trained,5,6,10,component_accuracy,shuffled,0.4921875,128
trained,5,6,20,beta_r2,actual,0.8326584696769714,128
trained,5,6,20,beta_r2,shuffled,-0.19148242473602295,128
trained,5,6,20,component_accuracy,actual,0.9765625,128
trained,5,6,20,component_accuracy,shuffled,0.4921875,128
trained,5,6,30,beta_r2,actual,0.8028478026390076,128
trained,5,6,30,beta_r2,shuffled,-0.28947144746780396,128
trained,5,6,30,component_accuracy,actual,0.9453125,128
trained,5,6,30,component_accuracy,shuffled,0.515625,128
trained,5,6,40,beta_r2,actual,0.8611108064651489,128
trained,5,6,40,beta_r2,shuffled,-0.30585727095603943,128
trained,5,6,40,component_accuracy,actual,0.9921875,128
trained,5,6,40,component_accuracy,shuffled,0.5390625,128
trained,5,6,49,beta_r2,actual,0.7943500280380249,128
trained,5,6,49,beta_r2,shuffled,-0.3048153519630432,128
trained,5,6,49,component_accuracy,actual,0.9609375,128
trained,5,6,49,component_accuracy,shuffled,0.4609375,128
raw_input,5,-1,5,beta_r2,actual,0.0021806356962770224,128
raw_input,5,-1,5,beta_r2,shuffled,-0.057992931455373764,128
raw_input,5,-1,5,component_accuracy,actual,0.5703125,128
raw_input,5,-1,5,component_accuracy,shuffled,0.4765625,128
raw_input,5,-1,10,beta_r2,actual,-0.0578230619430542,128
raw_input,5,-1,10,beta_r2,shuffled,-0.06887339055538177,128
raw_input,5,-1,10,component_accuracy,actual,0.46875,128
raw_input,5,-1,10,component_accuracy,shuffled,0.484375,128
raw_input,5,-1,20,beta_r2,actual,-0.06480550765991211,128
raw_input,5,-1,20,beta_r2,shuffled,-0.05888630449771881,128
raw_input,5,-1,20,component_accuracy,actual,0.484375,128
raw_input,5,-1,20,component_accuracy,shuffled,0.40625,128
raw_input,5,-1,30,beta_r2,actual,-0.0283917598426342,128
raw_input,5,-1,30,beta_r2,shuffled,-0.04428409785032272,128
raw_input,5,-1,30,component_accuracy,actual,0.53125,128
raw_input,5,-1,30,component_accuracy,shuffled,0.5234375,128
raw_input,5,-1,40,beta_r2,actual,-0.03347869962453842,128
raw_input,5,-1,40,beta_r2,shuffled,-0.0208381786942482,128
raw_input,5,-1,40,component_accuracy,actual,0.4921875,128
raw_input,5,-1,40,component_accuracy,shuffled,0.5703125,128
raw_input,5,-1,49,beta_r2,actual,-0.08289671689271927,128
raw_input,5,-1,49,beta_r2,shuffled,-0.09176009148359299,128
raw_input,5,-1,49,component_accuracy,actual,0.4453125,128
raw_input,5,-1,49,component_accuracy,shuffled,0.4140625,128
untrained,5,0,5,beta_r2,actual,0.00877485703676939,128
untrained,5,0,5,beta_r2,shuffled,-0.09343057870864868,128
untrained,5,0,5,component_accuracy,actual,0.53125,128
untrained,5,0,5,component_accuracy,shuffled,0.5546875,128
untrained,5,0,10,beta_r2,actual,-0.06321199983358383,128
untrained,5,0,10,beta_r2,shuffled,-0.10278435051441193,128
untrained,5,0,10,component_accuracy,actual,0.5078125,128
untrained,5,0,10,component_accuracy,shuffled,0.5078125,128
untrained,5,0,20,beta_r2,actual,-0.07072923332452774,128
untrained,5,0,20,beta_r2,shuffled,-0.026637187227606773,128
untrained,5,0,20,component_accuracy,actual,0.5078125,128
untrained,5,0,20,component_accuracy,shuffled,0.4375,128
untrained,5,0,30,beta_r2,actual,-0.037485215812921524,128
untrained,5,0,30,beta_r2,shuffled,-0.04253843054175377,128
untrained,5,0,30,component_accuracy,actual,0.4765625,128
untrained,5,0,30,component_accuracy,shuffled,0.5078125,128
untrained,5,0,40,beta_r2,actual,-0.033765338361263275,128
untrained,5,0,40,beta_r2,shuffled,-0.030970579013228416,128
untrained,5,0,40,component_accuracy,actual,0.484375,128
untrained,5,0,40,component_accuracy,shuffled,0.453125,128
untrained,5,0,49,beta_r2,actual,-0.08296269178390503,128
untrained,5,0,49,beta_r2,shuffled,-0.030712204053997993,128
untrained,5,0,49,component_accuracy,actual,0.4609375,128
untrained,5,0,49,component_accuracy,shuffled,0.640625,128
untrained,5,1,5,beta_r2,actual,0.021533535793423653,128
untrained,5,1,5,beta_r2,shuffled,-0.07763306796550751,128
untrained,5,1,5,component_accuracy,actual,0.53125,128
untrained,5,1,5,component_accuracy,shuffled,0.5,128
untrained,5,1,10,beta_r2,actual,-0.05320298671722412,128
untrained,5,1,10,beta_r2,shuffled,-0.06163286417722702,128
untrained,5,1,10,component_accuracy,actual,0.5,128
untrained,5,1,10,component_accuracy,shuffled,0.5234375,128
untrained,5,1,20,beta_r2,actual,-0.06526654213666916,128
untrained,5,1,20,beta_r2,shuffled,-0.030078910291194916,128
untrained,5,1,20,component_accuracy,actual,0.5,128
untrained,5,1,20,component_accuracy,shuffled,0.484375,128
untrained,5,1,30,beta_r2,actual,-0.02526593953371048,128
untrained,5,1,30,beta_r2,shuffled,-0.007183229550719261,128
untrained,5,1,30,component_accuracy,actual,0.4921875,128
untrained,5,1,30,component_accuracy,shuffled,0.578125,128
untrained,5,1,40,beta_r2,actual,-0.02284877561032772,128
untrained,5,1,40,beta_r2,shuffled,-0.08859160542488098,128
untrained,5,1,40,component_accuracy,actual,0.4921875,128
untrained,5,1,40,component_accuracy,shuffled,0.5859375,128
untrained,5,1,49,beta_r2,actual,-0.07683232426643372,128
untrained,5,1,49,beta_r2,shuffled,-0.027329793199896812,128
untrained,5,1,49,component_accuracy,actual,0.4609375,128
untrained,5,1,49,component_accuracy,shuffled,0.4921875,128
untrained,5,2,5,beta_r2,actual,0.03438916429877281,128
untrained,5,2,5,beta_r2,shuffled,-0.0012179829645901918,128
untrained,5,2,5,component_accuracy,actual,0.5546875,128
untrained,5,2,5,component_accuracy,shuffled,0.53125,128
untrained,5,2,10,beta_r2,actual,-0.04791286587715149,128
untrained,5,2,10,beta_r2,shuffled,-0.0036232846323400736,128
untrained,5,2,10,component_accuracy,actual,0.53125,128
untrained,5,2,10,component_accuracy,shuffled,0.53125,128
untrained,5,2,20,beta_r2,actual,-0.056042153388261795,128
untrained,5,2,20,beta_r2,shuffled,-0.03964520990848541,128
untrained,5,2,20,component_accuracy,actual,0.5078125,128
untrained,5,2,20,component_accuracy,shuffled,0.6171875,128
untrained,5,2,30,beta_r2,actual,-0.025115346536040306,128
untrained,5,2,30,beta_r2,shuffled,-0.033862754702568054,128
untrained,5,2,30,component_accuracy,actual,0.5,128
untrained,5,2,30,component_accuracy,shuffled,0.453125,128
untrained,5,2,40,beta_r2,actual,-0.012414027005434036,128
untrained,5,2,40,beta_r2,shuffled,-0.022704502567648888,128
untrained,5,2,40,component_accuracy,actual,0.5078125,128
untrained,5,2,40,component_accuracy,shuffled,0.5234375,128
untrained,5,2,49,beta_r2,actual,-0.06361731886863708,128
untrained,5,2,49,beta_r2,shuffled,-0.06375932693481445,128
untrained,5,2,49,component_accuracy,actual,0.4609375,128
untrained,5,2,49,component_accuracy,shuffled,0.59375,128
untrained,5,3,5,beta_r2,actual,0.047173872590065,128
untrained,5,3,5,beta_r2,shuffled,-0.04415518790483475,128
untrained,5,3,5,component_accuracy,actual,0.5546875,128
untrained,5,3,5,component_accuracy,shuffled,0.40625,128
untrained,5,3,10,beta_r2,actual,-0.04933687299489975,128
untrained,5,3,10,beta_r2,shuffled,-0.027738388627767563,128
untrained,5,3,10,component_accuracy,actual,0.5234375,128
untrained,5,3,10,component_accuracy,shuffled,0.515625,128
untrained,5,3,20,beta_r2,actual,-0.0607253834605217,128
untrained,5,3,20,beta_r2,shuffled,-0.009081818163394928,128
untrained,5,3,20,component_accuracy,actual,0.5078125,128
untrained,5,3,20,component_accuracy,shuffled,0.546875,128
untrained,5,3,30,beta_r2,actual,-0.01427697017788887,128
untrained,5,3,30,beta_r2,shuffled,-0.005804716609418392,128
untrained,5,3,30,component_accuracy,actual,0.5078125,128
untrained,5,3,30,component_accuracy,shuffled,0.5234375,128
untrained,5,3,40,beta_r2,actual,0.002129119820892811,128
untrained,5,3,40,beta_r2,shuffled,-0.10149737447500229,128
untrained,5,3,40,component_accuracy,actual,0.53125,128
untrained,5,3,40,component_accuracy,shuffled,0.4921875,128
untrained,5,3,49,beta_r2,actual,-0.04920399561524391,128
untrained,5,3,49,beta_r2,shuffled,-0.031753551214933395,128
untrained,5,3,49,component_accuracy,actual,0.4609375,128
untrained,5,3,49,component_accuracy,shuffled,0.4921875,128
untrained,5,4,5,beta_r2,actual,0.045413825660943985,128
untrained,5,4,5,beta_r2,shuffled,-0.10956309735774994,128
untrained,5,4,5,component_accuracy,actual,0.5546875,128
untrained,5,4,5,component_accuracy,shuffled,0.546875,128
untrained,5,4,10,beta_r2,actual,-0.054491348564624786,128
untrained,5,4,10,beta_r2,shuffled,-0.09240486472845078,128
untrained,5,4,10,component_accuracy,actual,0.5234375,128
untrained,5,4,10,component_accuracy,shuffled,0.53125,128
untrained,5,4,20,beta_r2,actual,-0.05891401693224907,128
untrained,5,4,20,beta_r2,shuffled,-0.028705473989248276,128
untrained,5,4,20,component_accuracy,actual,0.484375,128
untrained,5,4,20,component_accuracy,shuffled,0.4609375,128
untrained,5,4,30,beta_r2,actual,-0.012075643986463547,128
untrained,5,4,30,beta_r2,shuffled,-0.06572610139846802,128
untrained,5,4,30,component_accuracy,actual,0.5078125,128
untrained,5,4,30,component_accuracy,shuffled,0.40625,128
untrained,5,4,40,beta_r2,actual,0.0032592208590358496,128
untrained,5,4,40,beta_r2,shuffled,-0.14751316606998444,128
untrained,5,4,40,component_accuracy,actual,0.5234375,128
untrained,5,4,40,component_accuracy,shuffled,0.5234375,128
untrained,5,4,49,beta_r2,actual,-0.0556044764816761,128
untrained,5,4,49,beta_r2,shuffled,-0.07355346530675888,128
untrained,5,4,49,component_accuracy,actual,0.453125,128
untrained,5,4,49,component_accuracy,shuffled,0.5,128
untrained,5,5,5,beta_r2,actual,0.05421537905931473,128
untrained,5,5,5,beta_r2,shuffled,-0.04595469683408737,128
untrained,5,5,5,component_accuracy,actual,0.5546875,128
untrained,5,5,5,component_accuracy,shuffled,0.4453125,128
untrained,5,5,10,beta_r2,actual,-0.03506014868617058,128
untrained,5,5,10,beta_r2,shuffled,-0.05431700125336647,128
untrained,5,5,10,component_accuracy,actual,0.53125,128
untrained,5,5,10,component_accuracy,shuffled,0.453125,128
untrained,5,5,20,beta_r2,actual,-0.04586737975478172,128
untrained,5,5,20,beta_r2,shuffled,-0.04921504482626915,128
untrained,5,5,20,component_accuracy,actual,0.484375,128
untrained,5,5,20,component_accuracy,shuffled,0.546875,128
untrained,5,5,30,beta_r2,actual,-0.009844784624874592,128
untrained,5,5,30,beta_r2,shuffled,-0.05919266119599342,128
untrained,5,5,30,component_accuracy,actual,0.5390625,128
untrained,5,5,30,component_accuracy,shuffled,0.5546875,128
untrained,5,5,40,beta_r2,actual,0.008930156007409096,128
untrained,5,5,40,beta_r2,shuffled,-0.05744553729891777,128
untrained,5,5,40,component_accuracy,actual,0.5390625,128
untrained,5,5,40,component_accuracy,shuffled,0.515625,128
untrained,5,5,49,beta_r2,actual,-0.0517854243516922,128
untrained,5,5,49,beta_r2,shuffled,-0.014702139422297478,128
untrained,5,5,49,component_accuracy,actual,0.46875,128
untrained,5,5,49,component_accuracy,shuffled,0.515625,128
untrained,5,6,5,beta_r2,actual,0.060856010764837265,128
untrained,5,6,5,beta_r2,shuffled,-0.043360862880945206,128
untrained,5,6,5,component_accuracy,actual,0.546875,128
untrained,5,6,5,component_accuracy,shuffled,0.546875,128
untrained,5,6,10,beta_r2,actual,-0.05296226963400841,128
untrained,5,6,10,beta_r2,shuffled,-0.04713676869869232,128
untrained,5,6,10,component_accuracy,actual,0.5234375,128
untrained,5,6,10,component_accuracy,shuffled,0.484375,128
untrained,5,6,20,beta_r2,actual,-0.041093043982982635,128
untrained,5,6,20,beta_r2,shuffled,-0.04846975952386856,128
untrained,5,6,20,component_accuracy,actual,0.5234375,128
untrained,5,6,20,component_accuracy,shuffled,0.5390625,128
untrained,5,6,30,beta_r2,actual,-0.023518433794379234,128
untrained,5,6,30,beta_r2,shuffled,-0.028393426910042763,128
untrained,5,6,30,component_accuracy,actual,0.5078125,128
untrained,5,6,30,component_accuracy,shuffled,0.4765625,128
untrained,5,6,40,beta_r2,actual,0.021967342123389244,128
untrained,5,6,40,beta_r2,shuffled,-0.01448284275829792,128
untrained,5,6,40,component_accuracy,actual,0.53125,128
untrained,5,6,40,component_accuracy,shuffled,0.6015625,128
untrained,5,6,49,beta_r2,actual,-0.03950537368655205,128
untrained,5,6,49,beta_r2,shuffled,-0.10048630833625793,128
untrained,5,6,49,component_accuracy,actual,0.4609375,128
untrained,5,6,49,component_accuracy,shuffled,0.4609375,128
trained,6,0,5,beta_r2,actual,0.010618450120091438,128
trained,6,0,5,beta_r2,shuffled,-0.026198118925094604,128
trained,6,0,5,component_accuracy,actual,0.5234375,128
trained,6,0,5,component_accuracy,shuffled,0.4609375,128
trained,6,0,10,beta_r2,actual,-0.025946469977498055,128
trained,6,0,10,beta_r2,shuffled,0.020833386108279228,128
trained,6,0,10,component_accuracy,actual,0.6015625,128
trained,6,0,10,component_accuracy,shuffled,0.5625,128
trained,6,0,20,beta_r2,actual,-0.010484876111149788,128
trained,6,0,20,beta_r2,shuffled,-0.07499048113822937,128
trained,6,0,20,component_accuracy,actual,0.5546875,128
trained,6,0,20,component_accuracy,shuffled,0.5078125,128
trained,6,0,30,beta_r2,actual,-0.04418643191456795,128
trained,6,0,30,beta_r2,shuffled,-0.07237384468317032,128
trained,6,0,30,component_accuracy,actual,0.515625,128
trained,6,0,30,component_accuracy,shuffled,0.5,128
trained,6,0,40,beta_r2,actual,-0.04329903796315193,128
trained,6,0,40,beta_r2,shuffled,-0.06575573980808258,128
trained,6,0,40,component_accuracy,actual,0.4765625,128
trained,6,0,40,component_accuracy,shuffled,0.453125,128
trained,6,0,49,beta_r2,actual,-0.07979313284158707,128
trained,6,0,49,beta_r2,shuffled,-0.007200197316706181,128
trained,6,0,49,component_accuracy,actual,0.484375,128
trained,6,0,49,component_accuracy,shuffled,0.4921875,128
trained,6,1,5,beta_r2,actual,0.6889581084251404,128
trained,6,1,5,beta_r2,shuffled,-0.17134670913219452,128
trained,6,1,5,component_accuracy,actual,0.9765625,128
trained,6,1,5,component_accuracy,shuffled,0.4609375,128
trained,6,1,10,beta_r2,actual,0.6919605731964111,128
trained,6,1,10,beta_r2,shuffled,-0.34390345215797424,128
trained,6,1,10,component_accuracy,actual,0.96875,128
trained,6,1,10,component_accuracy,shuffled,0.421875,128
trained,6,1,20,beta_r2,actual,0.6914566159248352,128
trained,6,1,20,beta_r2,shuffled,-0.17003470659255981,128
trained,6,1,20,component_accuracy,actual,0.953125,128
trained,6,1,20,component_accuracy,shuffled,0.5390625,128
trained,6,1,30,beta_r2,actual,0.7340365052223206,128
trained,6,1,30,beta_r2,shuffled,-0.22644172608852386,128
trained,6,1,30,component_accuracy,actual,0.9609375,128
trained,6,1,30,component_accuracy,shuffled,0.5,128
trained,6,1,40,beta_r2,actual,0.7016422152519226,128
trained,6,1,40,beta_r2,shuffled,-0.17199008166790009,128
trained,6,1,40,component_accuracy,actual,0.96875,128
trained,6,1,40,component_accuracy,shuffled,0.375,128
trained,6,1,49,beta_r2,actual,0.740788996219635,128
trained,6,1,49,beta_r2,shuffled,-0.26224467158317566,128
trained,6,1,49,component_accuracy,actual,0.9921875,128
trained,6,1,49,component_accuracy,shuffled,0.5,128
trained,6,2,5,beta_r2,actual,0.7091582417488098,128
trained,6,2,5,beta_r2,shuffled,-0.5601475238800049,128
trained,6,2,5,component_accuracy,actual,0.9765625,128
trained,6,2,5,component_accuracy,shuffled,0.484375,128
trained,6,2,10,beta_r2,actual,0.7328551411628723,128
trained,6,2,10,beta_r2,shuffled,-0.23080645501613617,128
trained,6,2,10,component_accuracy,actual,0.9609375,128
trained,6,2,10,component_accuracy,shuffled,0.4765625,128
trained,6,2,20,beta_r2,actual,0.7098828554153442,128
trained,6,2,20,beta_r2,shuffled,-0.08768025040626526,128
trained,6,2,20,component_accuracy,actual,0.96875,128
trained,6,2,20,component_accuracy,shuffled,0.5,128
trained,6,2,30,beta_r2,actual,0.7672238945960999,128
trained,6,2,30,beta_r2,shuffled,-0.26199865341186523,128
trained,6,2,30,component_accuracy,actual,0.9765625,128
trained,6,2,30,component_accuracy,shuffled,0.5234375,128
trained,6,2,40,beta_r2,actual,0.738047182559967,128
trained,6,2,40,beta_r2,shuffled,-0.21902690827846527,128
trained,6,2,40,component_accuracy,actual,0.96875,128
trained,6,2,40,component_accuracy,shuffled,0.390625,128
trained,6,2,49,beta_r2,actual,0.7525609135627747,128
trained,6,2,49,beta_r2,shuffled,-0.16017861664295197,128
trained,6,2,49,component_accuracy,actual,0.984375,128
trained,6,2,49,component_accuracy,shuffled,0.515625,128
trained,6,3,5,beta_r2,actual,0.8038989901542664,128
trained,6,3,5,beta_r2,shuffled,-0.3066752851009369,128
trained,6,3,5,component_accuracy,actual,0.9921875,128
trained,6,3,5,component_accuracy,shuffled,0.4921875,128
trained,6,3,10,beta_r2,actual,0.7937301993370056,128
trained,6,3,10,beta_r2,shuffled,-0.6290778517723083,128
trained,6,3,10,component_accuracy,actual,0.984375,128
trained,6,3,10,component_accuracy,shuffled,0.5,128
trained,6,3,20,beta_r2,actual,0.8260738253593445,128
trained,6,3,20,beta_r2,shuffled,-0.3722825050354004,128
trained,6,3,20,component_accuracy,actual,0.9765625,128
trained,6,3,20,component_accuracy,shuffled,0.5,128
trained,6,3,30,beta_r2,actual,0.8720154166221619,128
trained,6,3,30,beta_r2,shuffled,-0.10621480643749237,128
trained,6,3,30,component_accuracy,actual,0.984375,128
trained,6,3,30,component_accuracy,shuffled,0.4609375,128
trained,6,3,40,beta_r2,actual,0.831855833530426,128
trained,6,3,40,beta_r2,shuffled,-0.29608261585235596,128
trained,6,3,40,component_accuracy,actual,0.96875,128
trained,6,3,40,component_accuracy,shuffled,0.453125,128
trained,6,3,49,beta_r2,actual,0.8617867231369019,128
trained,6,3,49,beta_r2,shuffled,-0.17994612455368042,128
trained,6,3,49,component_accuracy,actual,0.9765625,128
trained,6,3,49,component_accuracy,shuffled,0.40625,128
trained,6,4,5,beta_r2,actual,0.918189525604248,128
trained,6,4,5,beta_r2,shuffled,-0.4504436254501343,128
trained,6,4,5,component_accuracy,actual,0.9921875,128
trained,6,4,5,component_accuracy,shuffled,0.4453125,128
trained,6,4,10,beta_r2,actual,0.910275399684906,128
trained,6,4,10,beta_r2,shuffled,-0.2567528188228607,128
trained,6,4,10,component_accuracy,actual,0.984375,128
trained,6,4,10,component_accuracy,shuffled,0.5390625,128
trained,6,4,20,beta_r2,actual,0.9443360567092896,128
trained,6,4,20,beta_r2,shuffled,-0.2977904975414276,128
trained,6,4,20,component_accuracy,actual,1.0,128
trained,6,4,20,component_accuracy,shuffled,0.53125,128
trained,6,4,30,beta_r2,actual,0.9496386647224426,128
trained,6,4,30,beta_r2,shuffled,-0.31749075651168823,128
trained,6,4,30,component_accuracy,actual,1.0,128
trained,6,4,30,component_accuracy,shuffled,0.515625,128
trained,6,4,40,beta_r2,actual,0.9194838404655457,128
trained,6,4,40,beta_r2,shuffled,-0.31637153029441833,128
trained,6,4,40,component_accuracy,actual,0.9765625,128
trained,6,4,40,component_accuracy,shuffled,0.4765625,128
trained,6,4,49,beta_r2,actual,0.9320870637893677,128
trained,6,4,49,beta_r2,shuffled,-0.03364485502243042,128
trained,6,4,49,component_accuracy,actual,0.9765625,128
trained,6,4,49,component_accuracy,shuffled,0.5234375,128
trained,6,5,5,beta_r2,actual,0.9034273624420166,128
trained,6,5,5,beta_r2,shuffled,-0.4096524119377136,128
trained,6,5,5,component_accuracy,actual,0.9921875,128
trained,6,5,5,component_accuracy,shuffled,0.515625,128
trained,6,5,10,beta_r2,actual,0.9390925168991089,128
trained,6,5,10,beta_r2,shuffled,-0.2609094977378845,128
trained,6,5,10,component_accuracy,actual,1.0,128
trained,6,5,10,component_accuracy,shuffled,0.4296875,128
trained,6,5,20,beta_r2,actual,0.9626654386520386,128
trained,6,5,20,beta_r2,shuffled,-0.3535967767238617,128
trained,6,5,20,component_accuracy,actual,1.0,128
trained,6,5,20,component_accuracy,shuffled,0.484375,128
trained,6,5,30,beta_r2,actual,0.9688801169395447,128
trained,6,5,30,beta_r2,shuffled,-0.2980261743068695,128
trained,6,5,30,component_accuracy,actual,1.0,128
trained,6,5,30,component_accuracy,shuffled,0.4453125,128
trained,6,5,40,beta_r2,actual,0.9427639245986938,128
trained,6,5,40,beta_r2,shuffled,-0.27772092819213867,128
trained,6,5,40,component_accuracy,actual,0.984375,128
trained,6,5,40,component_accuracy,shuffled,0.5390625,128
trained,6,5,49,beta_r2,actual,0.9501628279685974,128
trained,6,5,49,beta_r2,shuffled,-0.28560933470726013,128
trained,6,5,49,component_accuracy,actual,0.9921875,128
trained,6,5,49,component_accuracy,shuffled,0.4296875,128
trained,6,6,5,beta_r2,actual,0.8315905928611755,128
trained,6,6,5,beta_r2,shuffled,-0.4380277097225189,128
trained,6,6,5,component_accuracy,actual,0.9921875,128
trained,6,6,5,component_accuracy,shuffled,0.515625,128
trained,6,6,10,beta_r2,actual,0.9014081358909607,128
trained,6,6,10,beta_r2,shuffled,-0.189475417137146,128
trained,6,6,10,component_accuracy,actual,1.0,128
trained,6,6,10,component_accuracy,shuffled,0.40625,128
trained,6,6,20,beta_r2,actual,0.9275908470153809,128
trained,6,6,20,beta_r2,shuffled,-0.21851828694343567,128
trained,6,6,20,component_accuracy,actual,1.0,128
trained,6,6,20,component_accuracy,shuffled,0.5234375,128
trained,6,6,30,beta_r2,actual,0.9505894780158997,128
trained,6,6,30,beta_r2,shuffled,-0.18367190659046173,128
trained,6,6,30,component_accuracy,actual,1.0,128
trained,6,6,30,component_accuracy,shuffled,0.5,128
trained,6,6,40,beta_r2,actual,0.9249216914176941,128
trained,6,6,40,beta_r2,shuffled,-0.08495116978883743,128
trained,6,6,40,component_accuracy,actual,0.984375,128
trained,6,6,40,component_accuracy,shuffled,0.5625,128
trained,6,6,49,beta_r2,actual,0.9392479658126831,128
trained,6,6,49,beta_r2,shuffled,-0.22320060431957245,128
trained,6,6,49,component_accuracy,actual,0.984375,128
trained,6,6,49,component_accuracy,shuffled,0.546875,128
raw_input,6,-1,5,beta_r2,actual,0.003365060780197382,128
raw_input,6,-1,5,beta_r2,shuffled,-0.009550240822136402,128
raw_input,6,-1,5,component_accuracy,actual,0.5625,128
raw_input,6,-1,5,component_accuracy,shuffled,0.453125,128
raw_input,6,-1,10,beta_r2,actual,-0.02489907294511795,128
raw_input,6,-1,10,beta_r2,shuffled,-0.07025258988142014,128
raw_input,6,-1,10,component_accuracy,actual,0.53125,128
raw_input,6,-1,10,component_accuracy,shuffled,0.515625,128
raw_input,6,-1,20,beta_r2,actual,-0.004519361071288586,128
raw_input,6,-1,20,beta_r2,shuffled,-0.040153782814741135,128
raw_input,6,-1,20,component_accuracy,actual,0.546875,128
raw_input,6,-1,20,component_accuracy,shuffled,0.5,128
raw_input,6,-1,30,beta_r2,actual,-0.019712161272764206,128
raw_input,6,-1,30,beta_r2,shuffled,-0.11272306740283966,128
raw_input,6,-1,30,component_accuracy,actual,0.515625,128
raw_input,6,-1,30,component_accuracy,shuffled,0.453125,128
raw_input,6,-1,40,beta_r2,actual,-0.032689373940229416,128
raw_input,6,-1,40,beta_r2,shuffled,-0.07142108678817749,128
raw_input,6,-1,40,component_accuracy,actual,0.4765625,128
raw_input,6,-1,40,component_accuracy,shuffled,0.5625,128
raw_input,6,-1,49,beta_r2,actual,-0.06406427919864655,128
raw_input,6,-1,49,beta_r2,shuffled,-0.03840915486216545,128
raw_input,6,-1,49,component_accuracy,actual,0.4921875,128
raw_input,6,-1,49,component_accuracy,shuffled,0.5546875,128
untrained,6,0,5,beta_r2,actual,0.011206190101802349,128
untrained,6,0,5,beta_r2,shuffled,-0.025439778342843056,128
untrained,6,0,5,component_accuracy,actual,0.5390625,128
untrained,6,0,5,component_accuracy,shuffled,0.453125,128
untrained,6,0,10,beta_r2,actual,-0.029036927968263626,128
untrained,6,0,10,beta_r2,shuffled,0.020352115854620934,128
untrained,6,0,10,component_accuracy,actual,0.59375,128
untrained,6,0,10,component_accuracy,shuffled,0.53125,128
untrained,6,0,20,beta_r2,actual,-0.011503231711685658,128
untrained,6,0,20,beta_r2,shuffled,-0.07668636739253998,128
untrained,6,0,20,component_accuracy,actual,0.5546875,128
untrained,6,0,20,component_accuracy,shuffled,0.4765625,128
untrained,6,0,30,beta_r2,actual,-0.050711147487163544,128
untrained,6,0,30,beta_r2,shuffled,-0.07343024015426636,128
untrained,6,0,30,component_accuracy,actual,0.515625,128
untrained,6,0,30,component_accuracy,shuffled,0.515625,128
untrained,6,0,40,beta_r2,actual,-0.048712875694036484,128
untrained,6,0,40,beta_r2,shuffled,-0.06544730067253113,128
untrained,6,0,40,component_accuracy,actual,0.4375,128
untrained,6,0,40,component_accuracy,shuffled,0.453125,128
untrained,6,0,49,beta_r2,actual,-0.07873787730932236,128
untrained,6,0,49,beta_r2,shuffled,-0.006848901975899935,128
untrained,6,0,49,component_accuracy,actual,0.4921875,128
untrained,6,0,49,component_accuracy,shuffled,0.46875,128
untrained,6,1,5,beta_r2,actual,0.06413613259792328,128
untrained,6,1,5,beta_r2,shuffled,-0.04261850565671921,128
untrained,6,1,5,component_accuracy,actual,0.5390625,128
untrained,6,1,5,component_accuracy,shuffled,0.5078125,128
untrained,6,1,10,beta_r2,actual,0.04230625182390213,128
untrained,6,1,10,beta_r2,shuffled,-0.037955787032842636,128
untrained,6,1,10,component_accuracy,actual,0.609375,128
untrained,6,1,10,component_accuracy,shuffled,0.4765625,128
untrained,6,1,20,beta_r2,actual,0.0359189510345459,128
untrained,6,1,20,beta_r2,shuffled,-0.03723718971014023,128
untrained,6,1,20,component_accuracy,actual,0.5546875,128
untrained,6,1,20,component_accuracy,shuffled,0.53125,128
untrained,6,1,30,beta_r2,actual,0.005198950879275799,128
untrained,6,1,30,beta_r2,shuffled,-0.04376884922385216,128
untrained,6,1,30,component_accuracy,actual,0.5546875,128
untrained,6,1,30,component_accuracy,shuffled,0.46875,128
untrained,6,1,40,beta_r2,actual,-0.012384681031107903,128
untrained,6,1,40,beta_r2,shuffled,-0.037487491965293884,128
untrained,6,1,40,component_accuracy,actual,0.453125,128
untrained,6,1,40,component_accuracy,shuffled,0.4296875,128
untrained,6,1,49,beta_r2,actual,-0.03910636156797409,128
untrained,6,1,49,beta_r2,shuffled,-0.06251604110002518,128
untrained,6,1,49,component_accuracy,actual,0.4921875,128
untrained,6,1,49,component_accuracy,shuffled,0.515625,128
untrained,6,2,5,beta_r2,actual,0.08003977686166763,128
untrained,6,2,5,beta_r2,shuffled,-0.10748118907213211,128
untrained,6,2,5,component_accuracy,actual,0.5546875,128
untrained,6,2,5,component_accuracy,shuffled,0.4921875,128
untrained,6,2,10,beta_r2,actual,0.08227123320102692,128
untrained,6,2,10,beta_r2,shuffled,0.060633301734924316,128
untrained,6,2,10,component_accuracy,actual,0.609375,128
untrained,6,2,10,component_accuracy,shuffled,0.5390625,128
untrained,6,2,20,beta_r2,actual,0.07723002880811691,128
untrained,6,2,20,beta_r2,shuffled,-0.024082213640213013,128
untrained,6,2,20,component_accuracy,actual,0.5703125,128
untrained,6,2,20,component_accuracy,shuffled,0.53125,128
untrained,6,2,30,beta_r2,actual,0.04019111767411232,128
untrained,6,2,30,beta_r2,shuffled,-0.02900592051446438,128
untrained,6,2,30,component_accuracy,actual,0.5703125,128
untrained,6,2,30,component_accuracy,shuffled,0.5234375,128
untrained,6,2,40,beta_r2,actual,0.010716733522713184,128
untrained,6,2,40,beta_r2,shuffled,-0.06141715496778488,128
untrained,6,2,40,component_accuracy,actual,0.4765625,128
untrained,6,2,40,component_accuracy,shuffled,0.5,128
untrained,6,2,49,beta_r2,actual,0.009847591631114483,128
untrained,6,2,49,beta_r2,shuffled,-0.0390649177134037,128
untrained,6,2,49,component_accuracy,actual,0.4921875,128
untrained,6,2,49,component_accuracy,shuffled,0.546875,128
untrained,6,3,5,beta_r2,actual,0.14167870581150055,128
untrained,6,3,5,beta_r2,shuffled,-0.05265115201473236,128
untrained,6,3,5,component_accuracy,actual,0.5859375,128
untrained,6,3,5,component_accuracy,shuffled,0.5078125,128
untrained,6,3,10,beta_r2,actual,0.1416989117860794,128
untrained,6,3,10,beta_r2,shuffled,-0.119529590010643,128
untrained,6,3,10,component_accuracy,actual,0.625,128
untrained,6,3,10,component_accuracy,shuffled,0.5078125,128
untrained,6,3,20,beta_r2,actual,0.10873081535100937,128
untrained,6,3,20,beta_r2,shuffled,-0.06218142807483673,128
untrained,6,3,20,component_accuracy,actual,0.5703125,128
untrained,6,3,20,component_accuracy,shuffled,0.46875,128
untrained,6,3,30,beta_r2,actual,0.06396830081939697,128
untrained,6,3,30,beta_r2,shuffled,-0.04411891847848892,128
untrained,6,3,30,component_accuracy,actual,0.5703125,128
untrained,6,3,30,component_accuracy,shuffled,0.4140625,128
untrained,6,3,40,beta_r2,actual,0.06620075553655624,128
untrained,6,3,40,beta_r2,shuffled,-0.013509931042790413,128
untrained,6,3,40,component_accuracy,actual,0.5078125,128
untrained,6,3,40,component_accuracy,shuffled,0.4921875,128
untrained,6,3,49,beta_r2,actual,0.06341676414012909,128
untrained,6,3,49,beta_r2,shuffled,-0.06509872525930405,128
untrained,6,3,49,component_accuracy,actual,0.5078125,128
untrained,6,3,49,component_accuracy,shuffled,0.546875,128
untrained,6,4,5,beta_r2,actual,0.1275331974029541,128
untrained,6,4,5,beta_r2,shuffled,-0.05103226378560066,128
untrained,6,4,5,component_accuracy,actual,0.5625,128
untrained,6,4,5,component_accuracy,shuffled,0.515625,128
untrained,6,4,10,beta_r2,actual,0.14568738639354706,128
untrained,6,4,10,beta_r2,shuffled,-0.04447152838110924,128
untrained,6,4,10,component_accuracy,actual,0.6015625,128
untrained,6,4,10,component_accuracy,shuffled,0.5703125,128
untrained,6,4,20,beta_r2,actual,0.13776515424251556,128
untrained,6,4,20,beta_r2,shuffled,-0.08839453011751175,128
untrained,6,4,20,component_accuracy,actual,0.5859375,128
untrained,6,4,20,component_accuracy,shuffled,0.5234375,128
untrained,6,4,30,beta_r2,actual,0.06791247427463531,128
untrained,6,4,30,beta_r2,shuffled,-0.04921652004122734,128
untrained,6,4,30,component_accuracy,actual,0.5546875,128
untrained,6,4,30,component_accuracy,shuffled,0.46875,128
untrained,6,4,40,beta_r2,actual,0.07077020406723022,128
untrained,6,4,40,beta_r2,shuffled,-0.10204757750034332,128
untrained,6,4,40,component_accuracy,actual,0.546875,128
untrained,6,4,40,component_accuracy,shuffled,0.484375,128
untrained,6,4,49,beta_r2,actual,0.08758874237537384,128
untrained,6,4,49,beta_r2,shuffled,-0.010657086037099361,128
untrained,6,4,49,component_accuracy,actual,0.5390625,128
untrained,6,4,49,component_accuracy,shuffled,0.53125,128
untrained,6,5,5,beta_r2,actual,0.14401210844516754,128
untrained,6,5,5,beta_r2,shuffled,-0.022256620228290558,128
untrained,6,5,5,component_accuracy,actual,0.546875,128
untrained,6,5,5,component_accuracy,shuffled,0.5625,128
untrained,6,5,10,beta_r2,actual,0.15799281001091003,128
untrained,6,5,10,beta_r2,shuffled,-0.03512566536664963,128
untrained,6,5,10,component_accuracy,actual,0.609375,128
untrained,6,5,10,component_accuracy,shuffled,0.4140625,128
untrained,6,5,20,beta_r2,actual,0.16559819877147675,128
untrained,6,5,20,beta_r2,shuffled,-0.05363941192626953,128
untrained,6,5,20,component_accuracy,actual,0.59375,128
untrained,6,5,20,component_accuracy,shuffled,0.5859375,128
untrained,6,5,30,beta_r2,actual,0.09136632829904556,128
untrained,6,5,30,beta_r2,shuffled,-0.0982760339975357,128
untrained,6,5,30,component_accuracy,actual,0.546875,128
untrained,6,5,30,component_accuracy,shuffled,0.6015625,128
untrained,6,5,40,beta_r2,actual,0.10587259382009506,128
untrained,6,5,40,beta_r2,shuffled,-0.04714614525437355,128
untrained,6,5,40,component_accuracy,actual,0.5390625,128
untrained,6,5,40,component_accuracy,shuffled,0.4765625,128
untrained,6,5,49,beta_r2,actual,0.11168569326400757,128
untrained,6,5,49,beta_r2,shuffled,-0.06513117998838425,128
untrained,6,5,49,component_accuracy,actual,0.546875,128
untrained,6,5,49,component_accuracy,shuffled,0.5234375,128
untrained,6,6,5,beta_r2,actual,0.18425880372524261,128
untrained,6,6,5,beta_r2,shuffled,-0.05283767729997635,128
untrained,6,6,5,component_accuracy,actual,0.5703125,128
untrained,6,6,5,component_accuracy,shuffled,0.515625,128
untrained,6,6,10,beta_r2,actual,0.18541458249092102,128
untrained,6,6,10,beta_r2,shuffled,0.01065297331660986,128
untrained,6,6,10,component_accuracy,actual,0.6015625,128
untrained,6,6,10,component_accuracy,shuffled,0.5390625,128
untrained,6,6,20,beta_r2,actual,0.2101774364709854,128
untrained,6,6,20,beta_r2,shuffled,-0.10554254055023193,128
untrained,6,6,20,component_accuracy,actual,0.59375,128
untrained,6,6,20,component_accuracy,shuffled,0.46875,128
untrained,6,6,30,beta_r2,actual,0.14409199357032776,128
untrained,6,6,30,beta_r2,shuffled,-0.06669007986783981,128
untrained,6,6,30,component_accuracy,actual,0.6015625,128
untrained,6,6,30,component_accuracy,shuffled,0.5,128
untrained,6,6,40,beta_r2,actual,0.1287429928779602,128
untrained,6,6,40,beta_r2,shuffled,-0.031268633902072906,128
untrained,6,6,40,component_accuracy,actual,0.5546875,128
untrained,6,6,40,component_accuracy,shuffled,0.484375,128
untrained,6,6,49,beta_r2,actual,0.12853007018566132,128
untrained,6,6,49,beta_r2,shuffled,-0.08195419609546661,128
untrained,6,6,49,component_accuracy,actual,0.5390625,128
untrained,6,6,49,component_accuracy,shuffled,0.53125,128
trained,7,0,5,beta_r2,actual,-0.08303650468587875,128
trained,7,0,5,beta_r2,shuffled,0.008405586704611778,128
trained,7,0,5,component_accuracy,actual,0.4921875,128
trained,7,0,5,component_accuracy,shuffled,0.4765625,128
trained,7,0,10,beta_r2,actual,-0.005486080422997475,128
trained,7,0,10,beta_r2,shuffled,-0.05913751944899559,128
trained,7,0,10,component_accuracy,actual,0.59375,128
trained,7,0,10,component_accuracy,shuffled,0.484375,128
trained,7,0,20,beta_r2,actual,-0.02964170090854168,128
trained,7,0,20,beta_r2,shuffled,-0.09467127919197083,128
trained,7,0,20,component_accuracy,actual,0.5234375,128
trained,7,0,20,component_accuracy,shuffled,0.546875,128
trained,7,0,30,beta_r2,actual,-0.03358367085456848,128
trained,7,0,30,beta_r2,shuffled,-0.05129305273294449,128
trained,7,0,30,component_accuracy,actual,0.40625,128
trained,7,0,30,component_accuracy,shuffled,0.5390625,128
trained,7,0,40,beta_r2,actual,-0.06483376026153564,128
trained,7,0,40,beta_r2,shuffled,-0.03154727816581726,128
trained,7,0,40,component_accuracy,actual,0.4765625,128
trained,7,0,40,component_accuracy,shuffled,0.4296875,128
trained,7,0,49,beta_r2,actual,-0.09046149253845215,128
trained,7,0,49,beta_r2,shuffled,-0.04857098311185837,128
trained,7,0,49,component_accuracy,actual,0.4921875,128
trained,7,0,49,component_accuracy,shuffled,0.5546875,128
trained,7,1,5,beta_r2,actual,0.27779728174209595,128
trained,7,1,5,beta_r2,shuffled,-0.3452672064304352,128
trained,7,1,5,component_accuracy,actual,0.78125,128
trained,7,1,5,component_accuracy,shuffled,0.5859375,128
trained,7,1,10,beta_r2,actual,0.28798380494117737,128
trained,7,1,10,beta_r2,shuffled,-0.29871419072151184,128
trained,7,1,10,component_accuracy,actual,0.7265625,128
trained,7,1,10,component_accuracy,shuffled,0.4609375,128
trained,7,1,20,beta_r2,actual,0.33132117986679077,128
trained,7,1,20,beta_r2,shuffled,-0.026288485154509544,128
trained,7,1,20,component_accuracy,actual,0.75,128
trained,7,1,20,component_accuracy,shuffled,0.5078125,128
trained,7,1,30,beta_r2,actual,0.35398510098457336,128
trained,7,1,30,beta_r2,shuffled,-0.11796943098306656,128
trained,7,1,30,component_accuracy,actual,0.765625,128
trained,7,1,30,component_accuracy,shuffled,0.53125,128
trained,7,1,40,beta_r2,actual,0.3502601683139801,128
trained,7,1,40,beta_r2,shuffled,-0.17136846482753754,128
trained,7,1,40,component_accuracy,actual,0.75,128
trained,7,1,40,component_accuracy,shuffled,0.546875,128
trained,7,1,49,beta_r2,actual,0.30467209219932556,128
trained,7,1,49,beta_r2,shuffled,-0.308618426322937,128
trained,7,1,49,component_accuracy,actual,0.734375,128
trained,7,1,49,component_accuracy,shuffled,0.5546875,128
trained,7,2,5,beta_r2,actual,0.3528728187084198,128
trained,7,2,5,beta_r2,shuffled,-0.5406883955001831,128
trained,7,2,5,component_accuracy,actual,0.7578125,128
trained,7,2,5,component_accuracy,shuffled,0.46875,128
trained,7,2,10,beta_r2,actual,0.37543851137161255,128
trained,7,2,10,beta_r2,shuffled,-0.33761635422706604,128
trained,7,2,10,component_accuracy,actual,0.7734375,128
trained,7,2,10,component_accuracy,shuffled,0.5703125,128
trained,7,2,20,beta_r2,actual,0.4416968822479248,128
trained,7,2,20,beta_r2,shuffled,-0.28014883399009705,128
trained,7,2,20,component_accuracy,actual,0.8046875,128
trained,7,2,20,component_accuracy,shuffled,0.421875,128
trained,7,2,30,beta_r2,actual,0.46143069863319397,128
trained,7,2,30,beta_r2,shuffled,-0.13630954921245575,128
trained,7,2,30,component_accuracy,actual,0.78125,128
trained,7,2,30,component_accuracy,shuffled,0.453125,128
trained,7,2,40,beta_r2,actual,0.361900269985199,128
trained,7,2,40,beta_r2,shuffled,-0.15047428011894226,128
trained,7,2,40,component_accuracy,actual,0.7265625,128
trained,7,2,40,component_accuracy,shuffled,0.53125,128
trained,7,2,49,beta_r2,actual,0.40588802099227905,128
trained,7,2,49,beta_r2,shuffled,-0.04908795282244682,128
trained,7,2,49,component_accuracy,actual,0.8046875,128
trained,7,2,49,component_accuracy,shuffled,0.46875,128
trained,7,3,5,beta_r2,actual,0.5774940252304077,128
trained,7,3,5,beta_r2,shuffled,-0.27371540665626526,128
trained,7,3,5,component_accuracy,actual,0.875,128
trained,7,3,5,component_accuracy,shuffled,0.5234375,128
trained,7,3,10,beta_r2,actual,0.5498734712600708,128
trained,7,3,10,beta_r2,shuffled,-0.26335737109184265,128
trained,7,3,10,component_accuracy,actual,0.828125,128
trained,7,3,10,component_accuracy,shuffled,0.4609375,128
trained,7,3,20,beta_r2,actual,0.5846023559570312,128
trained,7,3,20,beta_r2,shuffled,-0.3728232681751251,128
trained,7,3,20,component_accuracy,actual,0.90625,128
trained,7,3,20,component_accuracy,shuffled,0.5625,128
trained,7,3,30,beta_r2,actual,0.5924155712127686,128
trained,7,3,30,beta_r2,shuffled,-0.2601887285709381,128
trained,7,3,30,component_accuracy,actual,0.921875,128
trained,7,3,30,component_accuracy,shuffled,0.4609375,128
trained,7,3,40,beta_r2,actual,0.553649365901947,128
trained,7,3,40,beta_r2,shuffled,-0.40444067120552063,128
trained,7,3,40,component_accuracy,actual,0.8515625,128
trained,7,3,40,component_accuracy,shuffled,0.5234375,128
trained,7,3,49,beta_r2,actual,0.5462788939476013,128
trained,7,3,49,beta_r2,shuffled,-0.31544750928878784,128
trained,7,3,49,component_accuracy,actual,0.8828125,128
trained,7,3,49,component_accuracy,shuffled,0.53125,128
trained,7,4,5,beta_r2,actual,0.5201792120933533,128
trained,7,4,5,beta_r2,shuffled,-0.2180904895067215,128
trained,7,4,5,component_accuracy,actual,0.8359375,128
trained,7,4,5,component_accuracy,shuffled,0.4765625,128
trained,7,4,10,beta_r2,actual,0.5960327982902527,128
trained,7,4,10,beta_r2,shuffled,-0.4489828050136566,128
trained,7,4,10,component_accuracy,actual,0.859375,128
trained,7,4,10,component_accuracy,shuffled,0.5703125,128
trained,7,4,20,beta_r2,actual,0.6445549130439758,128
trained,7,4,20,beta_r2,shuffled,-0.20477327704429626,128
trained,7,4,20,component_accuracy,actual,0.8984375,128
trained,7,4,20,component_accuracy,shuffled,0.4765625,128
trained,7,4,30,beta_r2,actual,0.7092278599739075,128
trained,7,4,30,beta_r2,shuffled,-0.3055581748485565,128
trained,7,4,30,component_accuracy,actual,0.9375,128
trained,7,4,30,component_accuracy,shuffled,0.46875,128
trained,7,4,40,beta_r2,actual,0.5983825325965881,128
trained,7,4,40,beta_r2,shuffled,-0.25293391942977905,128
trained,7,4,40,component_accuracy,actual,0.875,128
trained,7,4,40,component_accuracy,shuffled,0.546875,128
trained,7,4,49,beta_r2,actual,0.6466382741928101,128
trained,7,4,49,beta_r2,shuffled,-0.21972866356372833,128
trained,7,4,49,component_accuracy,actual,0.9140625,128
trained,7,4,49,component_accuracy,shuffled,0.5546875,128
trained,7,5,5,beta_r2,actual,0.5568385720252991,128
trained,7,5,5,beta_r2,shuffled,-0.28867393732070923,128
trained,7,5,5,component_accuracy,actual,0.8515625,128
trained,7,5,5,component_accuracy,shuffled,0.53125,128
trained,7,5,10,beta_r2,actual,0.6209794878959656,128
trained,7,5,10,beta_r2,shuffled,-0.28422585129737854,128
trained,7,5,10,component_accuracy,actual,0.8671875,128
trained,7,5,10,component_accuracy,shuffled,0.515625,128
trained,7,5,20,beta_r2,actual,0.625150203704834,128
trained,7,5,20,beta_r2,shuffled,-0.28282245993614197,128
trained,7,5,20,component_accuracy,actual,0.890625,128
trained,7,5,20,component_accuracy,shuffled,0.5546875,128
trained,7,5,30,beta_r2,actual,0.7409603595733643,128
trained,7,5,30,beta_r2,shuffled,-0.2821691036224365,128
trained,7,5,30,component_accuracy,actual,0.9375,128
trained,7,5,30,component_accuracy,shuffled,0.4921875,128
trained,7,5,40,beta_r2,actual,0.612673819065094,128
trained,7,5,40,beta_r2,shuffled,-0.2360658347606659,128
trained,7,5,40,component_accuracy,actual,0.8671875,128
trained,7,5,40,component_accuracy,shuffled,0.5859375,128
trained,7,5,49,beta_r2,actual,0.6641306281089783,128
trained,7,5,49,beta_r2,shuffled,-0.16204488277435303,128
trained,7,5,49,component_accuracy,actual,0.9140625,128
trained,7,5,49,component_accuracy,shuffled,0.5625,128
trained,7,6,5,beta_r2,actual,0.4343598186969757,128
trained,7,6,5,beta_r2,shuffled,-0.5861082077026367,128
trained,7,6,5,component_accuracy,actual,0.859375,128
trained,7,6,5,component_accuracy,shuffled,0.5703125,128
trained,7,6,10,beta_r2,actual,0.5934107303619385,128
trained,7,6,10,beta_r2,shuffled,-0.2524152398109436,128
trained,7,6,10,component_accuracy,actual,0.8515625,128
trained,7,6,10,component_accuracy,shuffled,0.5703125,128
trained,7,6,20,beta_r2,actual,0.6122238636016846,128
trained,7,6,20,beta_r2,shuffled,-0.335707426071167,128
trained,7,6,20,component_accuracy,actual,0.890625,128
trained,7,6,20,component_accuracy,shuffled,0.4765625,128
trained,7,6,30,beta_r2,actual,0.7092083096504211,128
trained,7,6,30,beta_r2,shuffled,-0.2851681411266327,128
trained,7,6,30,component_accuracy,actual,0.9453125,128
trained,7,6,30,component_accuracy,shuffled,0.5546875,128
trained,7,6,40,beta_r2,actual,0.6354227662086487,128
trained,7,6,40,beta_r2,shuffled,-0.258235365152359,128
trained,7,6,40,component_accuracy,actual,0.875,128
trained,7,6,40,component_accuracy,shuffled,0.546875,128
trained,7,6,49,beta_r2,actual,0.6410903930664062,128
trained,7,6,49,beta_r2,shuffled,-0.44512590765953064,128
trained,7,6,49,component_accuracy,actual,0.921875,128
trained,7,6,49,component_accuracy,shuffled,0.4453125,128
raw_input,7,-1,5,beta_r2,actual,-0.08803233504295349,128
raw_input,7,-1,5,beta_r2,shuffled,-0.054404787719249725,128
raw_input,7,-1,5,component_accuracy,actual,0.421875,128
raw_input,7,-1,5,component_accuracy,shuffled,0.4140625,128
raw_input,7,-1,10,beta_r2,actual,-0.005548993591219187,128
raw_input,7,-1,10,beta_r2,shuffled,-0.06008593365550041,128
raw_input,7,-1,10,component_accuracy,actual,0.5859375,128
raw_input,7,-1,10,component_accuracy,shuffled,0.4453125,128
raw_input,7,-1,20,beta_r2,actual,-0.01607617177069187,128
raw_input,7,-1,20,beta_r2,shuffled,-0.020251670852303505,128
raw_input,7,-1,20,component_accuracy,actual,0.5390625,128
raw_input,7,-1,20,component_accuracy,shuffled,0.484375,128
raw_input,7,-1,30,beta_r2,actual,-0.026138657703995705,128
raw_input,7,-1,30,beta_r2,shuffled,-0.026273062452673912,128
raw_input,7,-1,30,component_accuracy,actual,0.453125,128
raw_input,7,-1,30,component_accuracy,shuffled,0.5,128
raw_input,7,-1,40,beta_r2,actual,-0.06213982030749321,128
raw_input,7,-1,40,beta_r2,shuffled,-0.03059510700404644,128
raw_input,7,-1,40,component_accuracy,actual,0.4609375,128
raw_input,7,-1,40,component_accuracy,shuffled,0.4609375,128
raw_input,7,-1,49,beta_r2,actual,-0.07911958545446396,128
raw_input,7,-1,49,beta_r2,shuffled,-0.07069863379001617,128
raw_input,7,-1,49,component_accuracy,actual,0.453125,128
raw_input,7,-1,49,component_accuracy,shuffled,0.46875,128
untrained,7,0,5,beta_r2,actual,-0.08246397227048874,128
untrained,7,0,5,beta_r2,shuffled,0.009488754905760288,128
untrained,7,0,5,component_accuracy,actual,0.484375,128
untrained,7,0,5,component_accuracy,shuffled,0.46875,128
untrained,7,0,10,beta_r2,actual,-0.0061599621549248695,128
untrained,7,0,10,beta_r2,shuffled,-0.06262500584125519,128
untrained,7,0,10,component_accuracy,actual,0.5625,128
untrained,7,0,10,component_accuracy,shuffled,0.4921875,128
untrained,7,0,20,beta_r2,actual,-0.03403233736753464,128
untrained,7,0,20,beta_r2,shuffled,-0.09959567338228226,128
untrained,7,0,20,component_accuracy,actual,0.515625,128
untrained,7,0,20,component_accuracy,shuffled,0.5390625,128
untrained,7,0,30,beta_r2,actual,-0.038373131304979324,128
untrained,7,0,30,beta_r2,shuffled,-0.05807073041796684,128
untrained,7,0,30,component_accuracy,actual,0.4453125,128
untrained,7,0,30,component_accuracy,shuffled,0.5390625,128
untrained,7,0,40,beta_r2,actual,-0.06539544463157654,128
untrained,7,0,40,beta_r2,shuffled,-0.03609618917107582,128
untrained,7,0,40,component_accuracy,actual,0.4609375,128
untrained,7,0,40,component_accuracy,shuffled,0.40625,128
untrained,7,0,49,beta_r2,actual,-0.08942291140556335,128
untrained,7,0,49,beta_r2,shuffled,-0.04821255803108215,128
untrained,7,0,49,component_accuracy,actual,0.484375,128
untrained,7,0,49,component_accuracy,shuffled,0.5703125,128
untrained,7,1,5,beta_r2,actual,-0.07616522908210754,128
untrained,7,1,5,beta_r2,shuffled,-0.11434420198202133,128
untrained,7,1,5,component_accuracy,actual,0.484375,128
untrained,7,1,5,component_accuracy,shuffled,0.5,128
untrained,7,1,10,beta_r2,actual,3.323614510009065e-05,128
untrained,7,1,10,beta_r2,shuffled,-0.03531098738312721,128
untrained,7,1,10,component_accuracy,actual,0.5390625,128
untrained,7,1,10,component_accuracy,shuffled,0.3671875,128
untrained,7,1,20,beta_r2,actual,-0.029001137241721153,128
untrained,7,1,20,beta_r2,shuffled,-0.026278963312506676,128
untrained,7,1,20,component_accuracy,actual,0.5234375,128
untrained,7,1,20,component_accuracy,shuffled,0.5234375,128
untrained,7,1,30,beta_r2,actual,-0.03553154692053795,128
untrained,7,1,30,beta_r2,shuffled,-0.021962439641356468,128
untrained,7,1,30,component_accuracy,actual,0.4453125,128
untrained,7,1,30,component_accuracy,shuffled,0.53125,128
untrained,7,1,40,beta_r2,actual,-0.05549714341759682,128
untrained,7,1,40,beta_r2,shuffled,-0.04624557122588158,128
untrained,7,1,40,component_accuracy,actual,0.46875,128
untrained,7,1,40,component_accuracy,shuffled,0.5078125,128
untrained,7,1,49,beta_r2,actual,-0.0861433744430542,128
untrained,7,1,49,beta_r2,shuffled,-0.041481565684080124,128
untrained,7,1,49,component_accuracy,actual,0.4765625,128
untrained,7,1,49,component_accuracy,shuffled,0.4921875,128
untrained,7,2,5,beta_r2,actual,-0.07377315312623978,128
untrained,7,2,5,beta_r2,shuffled,-0.009123926050961018,128
untrained,7,2,5,component_accuracy,actual,0.4921875,128
untrained,7,2,5,component_accuracy,shuffled,0.4453125,128
untrained,7,2,10,beta_r2,actual,0.00735439220443368,128
untrained,7,2,10,beta_r2,shuffled,-0.05181017145514488,128
untrained,7,2,10,component_accuracy,actual,0.546875,128
untrained,7,2,10,component_accuracy,shuffled,0.4609375,128
untrained,7,2,20,beta_r2,actual,-0.03529157117009163,128
untrained,7,2,20,beta_r2,shuffled,-0.07181141525506973,128
untrained,7,2,20,component_accuracy,actual,0.5234375,128
untrained,7,2,20,component_accuracy,shuffled,0.4453125,128
untrained,7,2,30,beta_r2,actual,-0.03262273222208023,128
untrained,7,2,30,beta_r2,shuffled,-0.047032006084918976,128
untrained,7,2,30,component_accuracy,actual,0.4296875,128
untrained,7,2,30,component_accuracy,shuffled,0.4921875,128
untrained,7,2,40,beta_r2,actual,-0.04966002330183983,128
untrained,7,2,40,beta_r2,shuffled,-0.07512066513299942,128
untrained,7,2,40,component_accuracy,actual,0.46875,128
untrained,7,2,40,component_accuracy,shuffled,0.5546875,128
untrained,7,2,49,beta_r2,actual,-0.07781147211790085,128
untrained,7,2,49,beta_r2,shuffled,0.013875354081392288,128
untrained,7,2,49,component_accuracy,actual,0.5,128
untrained,7,2,49,component_accuracy,shuffled,0.546875,128
untrained,7,3,5,beta_r2,actual,-0.06516233831644058,128
untrained,7,3,5,beta_r2,shuffled,-0.10451521724462509,128
untrained,7,3,5,component_accuracy,actual,0.5,128
untrained,7,3,5,component_accuracy,shuffled,0.5078125,128
untrained,7,3,10,beta_r2,actual,0.003731729695573449,128
untrained,7,3,10,beta_r2,shuffled,-0.05263897404074669,128
untrained,7,3,10,component_accuracy,actual,0.5546875,128
untrained,7,3,10,component_accuracy,shuffled,0.546875,128
untrained,7,3,20,beta_r2,actual,-0.027026845142245293,128
untrained,7,3,20,beta_r2,shuffled,-0.10252124071121216,128
untrained,7,3,20,component_accuracy,actual,0.5078125,128
untrained,7,3,20,component_accuracy,shuffled,0.53125,128
untrained,7,3,30,beta_r2,actual,-0.03224172815680504,128
untrained,7,3,30,beta_r2,shuffled,-0.008250996470451355,128
untrained,7,3,30,component_accuracy,actual,0.4453125,128
untrained,7,3,30,component_accuracy,shuffled,0.4453125,128
untrained,7,3,40,beta_r2,actual,-0.044405966997146606,128
untrained,7,3,40,beta_r2,shuffled,-0.08459296077489853,128
untrained,7,3,40,component_accuracy,actual,0.4765625,128
untrained,7,3,40,component_accuracy,shuffled,0.4609375,128
untrained,7,3,49,beta_r2,actual,-0.062057558447122574,128
untrained,7,3,49,beta_r2,shuffled,-0.07997129112482071,128
untrained,7,3,49,component_accuracy,actual,0.484375,128
untrained,7,3,49,component_accuracy,shuffled,0.5,128
untrained,7,4,5,beta_r2,actual,-0.05356667563319206,128
untrained,7,4,5,beta_r2,shuffled,-0.003326686332002282,128
untrained,7,4,5,component_accuracy,actual,0.515625,128
untrained,7,4,5,component_accuracy,shuffled,0.4609375,128
untrained,7,4,10,beta_r2,actual,0.0020445443224161863,128
untrained,7,4,10,beta_r2,shuffled,-0.06556995958089828,128
untrained,7,4,10,component_accuracy,actual,0.546875,128
untrained,7,4,10,component_accuracy,shuffled,0.515625,128
untrained,7,4,20,beta_r2,actual,-0.026870978996157646,128
untrained,7,4,20,beta_r2,shuffled,-0.08910555392503738,128
untrained,7,4,20,component_accuracy,actual,0.515625,128
untrained,7,4,20,component_accuracy,shuffled,0.5234375,128
untrained,7,4,30,beta_r2,actual,-0.03998243063688278,128
untrained,7,4,30,beta_r2,shuffled,-0.09653469920158386,128
untrained,7,4,30,component_accuracy,actual,0.4296875,128
untrained,7,4,30,component_accuracy,shuffled,0.453125,128
untrained,7,4,40,beta_r2,actual,-0.03768209367990494,128
untrained,7,4,40,beta_r2,shuffled,-0.10710899531841278,128
untrained,7,4,40,component_accuracy,actual,0.4921875,128
untrained,7,4,40,component_accuracy,shuffled,0.578125,128
untrained,7,4,49,beta_r2,actual,-0.04825321212410927,128
untrained,7,4,49,beta_r2,shuffled,-0.09854688495397568,128
untrained,7,4,49,component_accuracy,actual,0.5,128
untrained,7,4,49,component_accuracy,shuffled,0.4296875,128
untrained,7,5,5,beta_r2,actual,-0.06247087940573692,128
untrained,7,5,5,beta_r2,shuffled,-0.09194055199623108,128
untrained,7,5,5,component_accuracy,actual,0.5078125,128
untrained,7,5,5,component_accuracy,shuffled,0.515625,128
untrained,7,5,10,beta_r2,actual,0.005974560510367155,128
untrained,7,5,10,beta_r2,shuffled,-0.007446772884577513,128
untrained,7,5,10,component_accuracy,actual,0.53125,128
untrained,7,5,10,component_accuracy,shuffled,0.53125,128
untrained,7,5,20,beta_r2,actual,-0.024661323055624962,128
untrained,7,5,20,beta_r2,shuffled,-0.023018529638648033,128
untrained,7,5,20,component_accuracy,actual,0.53125,128
untrained,7,5,20,component_accuracy,shuffled,0.5234375,128
untrained,7,5,30,beta_r2,actual,-0.0366506353020668,128
untrained,7,5,30,beta_r2,shuffled,-0.05512145161628723,128
untrained,7,5,30,component_accuracy,actual,0.421875,128
untrained,7,5,30,component_accuracy,shuffled,0.515625,128
untrained,7,5,40,beta_r2,actual,-0.027233771979808807,128
untrained,7,5,40,beta_r2,shuffled,0.014696595259010792,128
untrained,7,5,40,component_accuracy,actual,0.484375,128
untrained,7,5,40,component_accuracy,shuffled,0.546875,128
untrained,7,5,49,beta_r2,actual,-0.051971934735774994,128
untrained,7,5,49,beta_r2,shuffled,-0.06191351264715195,128
untrained,7,5,49,component_accuracy,actual,0.5,128
untrained,7,5,49,component_accuracy,shuffled,0.5390625,128
untrained,7,6,5,beta_r2,actual,-0.10007335245609283,128
untrained,7,6,5,beta_r2,shuffled,-0.030532948672771454,128
untrained,7,6,5,component_accuracy,actual,0.4765625,128
untrained,7,6,5,component_accuracy,shuffled,0.6015625,128
untrained,7,6,10,beta_r2,actual,-0.0017300320323556662,128
untrained,7,6,10,beta_r2,shuffled,-0.07541415840387344,128
untrained,7,6,10,component_accuracy,actual,0.5390625,128
untrained,7,6,10,component_accuracy,shuffled,0.53125,128
untrained,7,6,20,beta_r2,actual,-0.030063310638070107,128
untrained,7,6,20,beta_r2,shuffled,-0.12025893479585648,128
untrained,7,6,20,component_accuracy,actual,0.5234375,128
untrained,7,6,20,component_accuracy,shuffled,0.5,128
untrained,7,6,30,beta_r2,actual,-0.05468595027923584,128
untrained,7,6,30,beta_r2,shuffled,-0.051486168056726456,128
untrained,7,6,30,component_accuracy,actual,0.453125,128
untrained,7,6,30,component_accuracy,shuffled,0.5390625,128
untrained,7,6,40,beta_r2,actual,-0.004641940351575613,128
untrained,7,6,40,beta_r2,shuffled,-0.11085402220487595,128
untrained,7,6,40,component_accuracy,actual,0.46875,128
untrained,7,6,40,component_accuracy,shuffled,0.484375,128
untrained,7,6,49,beta_r2,actual,-0.031981196254491806,128
untrained,7,6,49,beta_r2,shuffled,-0.06114470213651657,128
untrained,7,6,49,component_accuracy,actual,0.53125,128
untrained,7,6,49,component_accuracy,shuffled,0.5078125,128
trained,8,0,5,beta_r2,actual,-0.06671061366796494,128
trained,8,0,5,beta_r2,shuffled,-0.10326188802719116,128
trained,8,0,5,component_accuracy,actual,0.4296875,128
trained,8,0,5,component_accuracy,shuffled,0.4765625,128
trained,8,0,10,beta_r2,actual,-0.013272684998810291,128
trained,8,0,10,beta_r2,shuffled,-0.030502015724778175,128
trained,8,0,10,component_accuracy,actual,0.53125,128
trained,8,0,10,component_accuracy,shuffled,0.5234375,128
trained,8,0,20,beta_r2,actual,-0.09339793771505356,128
trained,8,0,20,beta_r2,shuffled,-0.04028906300663948,128
trained,8,0,20,component_accuracy,actual,0.4609375,128
trained,8,0,20,component_accuracy,shuffled,0.484375,128
trained,8,0,30,beta_r2,actual,-0.01243961788713932,128
trained,8,0,30,beta_r2,shuffled,-0.0472688190639019,128
trained,8,0,30,component_accuracy,actual,0.5703125,128
trained,8,0,30,component_accuracy,shuffled,0.546875,128
trained,8,0,40,beta_r2,actual,-0.07501066476106644,128
trained,8,0,40,beta_r2,shuffled,-0.04024980217218399,128
trained,8,0,40,component_accuracy,actual,0.4921875,128
trained,8,0,40,component_accuracy,shuffled,0.5078125,128
trained,8,0,49,beta_r2,actual,-0.10330824553966522,128
trained,8,0,49,beta_r2,shuffled,-0.07834884524345398,128
trained,8,0,49,component_accuracy,actual,0.40625,128
trained,8,0,49,component_accuracy,shuffled,0.53125,128
trained,8,1,5,beta_r2,actual,0.7220070958137512,128
trained,8,1,5,beta_r2,shuffled,-0.20726831257343292,128
trained,8,1,5,component_accuracy,actual,0.953125,128
trained,8,1,5,component_accuracy,shuffled,0.5703125,128
trained,8,1,10,beta_r2,actual,0.6376616358757019,128
trained,8,1,10,beta_r2,shuffled,-0.4783173203468323,128
trained,8,1,10,component_accuracy,actual,0.953125,128
trained,8,1,10,component_accuracy,shuffled,0.3828125,128
trained,8,1,20,beta_r2,actual,0.6607520580291748,128
trained,8,1,20,beta_r2,shuffled,-0.1318274438381195,128
trained,8,1,20,component_accuracy,actual,0.921875,128
trained,8,1,20,component_accuracy,shuffled,0.484375,128
trained,8,1,30,beta_r2,actual,0.6183987259864807,128
trained,8,1,30,beta_r2,shuffled,-0.14284224808216095,128
trained,8,1,30,component_accuracy,actual,0.921875,128
trained,8,1,30,component_accuracy,shuffled,0.515625,128
trained,8,1,40,beta_r2,actual,0.7473270893096924,128
trained,8,1,40,beta_r2,shuffled,-0.12097655981779099,128
trained,8,1,40,component_accuracy,actual,0.9609375,128
trained,8,1,40,component_accuracy,shuffled,0.5078125,128
trained,8,1,49,beta_r2,actual,0.6788103580474854,128
trained,8,1,49,beta_r2,shuffled,-0.1644911915063858,128
trained,8,1,49,component_accuracy,actual,0.90625,128
trained,8,1,49,component_accuracy,shuffled,0.484375,128
trained,8,2,5,beta_r2,actual,0.71551513671875,128
trained,8,2,5,beta_r2,shuffled,-0.3876356780529022,128
trained,8,2,5,component_accuracy,actual,0.9453125,128
trained,8,2,5,component_accuracy,shuffled,0.484375,128
trained,8,2,10,beta_r2,actual,0.6453957557678223,128
trained,8,2,10,beta_r2,shuffled,-0.21384300291538239,128
trained,8,2,10,component_accuracy,actual,0.921875,128
trained,8,2,10,component_accuracy,shuffled,0.4296875,128
trained,8,2,20,beta_r2,actual,0.6738235354423523,128
trained,8,2,20,beta_r2,shuffled,-0.4182260036468506,128
trained,8,2,20,component_accuracy,actual,0.9453125,128
trained,8,2,20,component_accuracy,shuffled,0.515625,128
trained,8,2,30,beta_r2,actual,0.7056739926338196,128
trained,8,2,30,beta_r2,shuffled,-0.29553359746932983,128
trained,8,2,30,component_accuracy,actual,0.8984375,128
trained,8,2,30,component_accuracy,shuffled,0.453125,128
trained,8,2,40,beta_r2,actual,0.7524242401123047,128
trained,8,2,40,beta_r2,shuffled,-0.2629806399345398,128
trained,8,2,40,component_accuracy,actual,0.9453125,128
trained,8,2,40,component_accuracy,shuffled,0.4453125,128
trained,8,2,49,beta_r2,actual,0.7305902242660522,128
trained,8,2,49,beta_r2,shuffled,-0.27058008313179016,128
trained,8,2,49,component_accuracy,actual,0.921875,128
trained,8,2,49,component_accuracy,shuffled,0.625,128
trained,8,3,5,beta_r2,actual,0.7929447293281555,128
trained,8,3,5,beta_r2,shuffled,-0.4259468913078308,128
trained,8,3,5,component_accuracy,actual,0.953125,128
trained,8,3,5,component_accuracy,shuffled,0.515625,128
trained,8,3,10,beta_r2,actual,0.8043392300605774,128
trained,8,3,10,beta_r2,shuffled,-0.40367600321769714,128
trained,8,3,10,component_accuracy,actual,0.9921875,128
trained,8,3,10,component_accuracy,shuffled,0.5390625,128
trained,8,3,20,beta_r2,actual,0.8174650073051453,128
trained,8,3,20,beta_r2,shuffled,-0.2755003273487091,128
trained,8,3,20,component_accuracy,actual,0.96875,128
trained,8,3,20,component_accuracy,shuffled,0.484375,128
trained,8,3,30,beta_r2,actual,0.8290723562240601,128
trained,8,3,30,beta_r2,shuffled,-0.1680688112974167,128
trained,8,3,30,component_accuracy,actual,0.9921875,128
trained,8,3,30,component_accuracy,shuffled,0.4765625,128
trained,8,3,40,beta_r2,actual,0.8280389308929443,128
trained,8,3,40,beta_r2,shuffled,-0.2926676869392395,128
trained,8,3,40,component_accuracy,actual,0.984375,128
trained,8,3,40,component_accuracy,shuffled,0.5,128
trained,8,3,49,beta_r2,actual,0.8290055394172668,128
trained,8,3,49,beta_r2,shuffled,-0.29535138607025146,128
trained,8,3,49,component_accuracy,actual,0.9921875,128
trained,8,3,49,component_accuracy,shuffled,0.4375,128
trained,8,4,5,beta_r2,actual,0.8480222821235657,128
trained,8,4,5,beta_r2,shuffled,-0.15279902517795563,128
trained,8,4,5,component_accuracy,actual,0.9609375,128
trained,8,4,5,component_accuracy,shuffled,0.4453125,128
trained,8,4,10,beta_r2,actual,0.9136453866958618,128
trained,8,4,10,beta_r2,shuffled,-0.11485224962234497,128
trained,8,4,10,component_accuracy,actual,0.9921875,128
trained,8,4,10,component_accuracy,shuffled,0.515625,128
trained,8,4,20,beta_r2,actual,0.9282329678535461,128
trained,8,4,20,beta_r2,shuffled,-0.24050366878509521,128
trained,8,4,20,component_accuracy,actual,0.984375,128
trained,8,4,20,component_accuracy,shuffled,0.5546875,128
trained,8,4,30,beta_r2,actual,0.9109518527984619,128
trained,8,4,30,beta_r2,shuffled,-0.3471103310585022,128
trained,8,4,30,component_accuracy,actual,0.984375,128
trained,8,4,30,component_accuracy,shuffled,0.46875,128
trained,8,4,40,beta_r2,actual,0.9349483847618103,128
trained,8,4,40,beta_r2,shuffled,-0.3255355954170227,128
trained,8,4,40,component_accuracy,actual,1.0,128
trained,8,4,40,component_accuracy,shuffled,0.4921875,128
trained,8,4,49,beta_r2,actual,0.9264637231826782,128
trained,8,4,49,beta_r2,shuffled,-0.12288898974657059,128
trained,8,4,49,component_accuracy,actual,0.984375,128
trained,8,4,49,component_accuracy,shuffled,0.53125,128
trained,8,5,5,beta_r2,actual,0.8407348394393921,128
trained,8,5,5,beta_r2,shuffled,-0.3088962733745575,128
trained,8,5,5,component_accuracy,actual,0.9609375,128
trained,8,5,5,component_accuracy,shuffled,0.4453125,128
trained,8,5,10,beta_r2,actual,0.931461751461029,128
trained,8,5,10,beta_r2,shuffled,-0.32518458366394043,128
trained,8,5,10,component_accuracy,actual,0.9921875,128
trained,8,5,10,component_accuracy,shuffled,0.4765625,128
trained,8,5,20,beta_r2,actual,0.92954021692276,128
trained,8,5,20,beta_r2,shuffled,-0.14646227657794952,128
trained,8,5,20,component_accuracy,actual,0.9921875,128
trained,8,5,20,component_accuracy,shuffled,0.4609375,128
trained,8,5,30,beta_r2,actual,0.9402183890342712,128
trained,8,5,30,beta_r2,shuffled,-0.13697098195552826,128
trained,8,5,30,component_accuracy,actual,0.9921875,128
trained,8,5,30,component_accuracy,shuffled,0.4609375,128
trained,8,5,40,beta_r2,actual,0.9501872062683105,128
trained,8,5,40,beta_r2,shuffled,-0.2260434925556183,128
trained,8,5,40,component_accuracy,actual,1.0,128
trained,8,5,40,component_accuracy,shuffled,0.5234375,128
trained,8,5,49,beta_r2,actual,0.9457578063011169,128
trained,8,5,49,beta_r2,shuffled,-0.3544173836708069,128
trained,8,5,49,component_accuracy,actual,0.984375,128
trained,8,5,49,component_accuracy,shuffled,0.4921875,128
trained,8,6,5,beta_r2,actual,0.7422392964363098,128
trained,8,6,5,beta_r2,shuffled,-0.42271479964256287,128
trained,8,6,5,component_accuracy,actual,0.96875,128
trained,8,6,5,component_accuracy,shuffled,0.5,128
trained,8,6,10,beta_r2,actual,0.8846995830535889,128
trained,8,6,10,beta_r2,shuffled,-0.2524624466896057,128
trained,8,6,10,component_accuracy,actual,1.0,128
trained,8,6,10,component_accuracy,shuffled,0.4765625,128
trained,8,6,20,beta_r2,actual,0.8872133493423462,128
trained,8,6,20,beta_r2,shuffled,-0.2127678394317627,128
trained,8,6,20,component_accuracy,actual,0.9921875,128
trained,8,6,20,component_accuracy,shuffled,0.4296875,128
trained,8,6,30,beta_r2,actual,0.908249020576477,128
trained,8,6,30,beta_r2,shuffled,-0.4414220452308655,128
trained,8,6,30,component_accuracy,actual,0.984375,128
trained,8,6,30,component_accuracy,shuffled,0.40625,128
trained,8,6,40,beta_r2,actual,0.9042174220085144,128
trained,8,6,40,beta_r2,shuffled,-0.1242293193936348,128
trained,8,6,40,component_accuracy,actual,0.9921875,128
trained,8,6,40,component_accuracy,shuffled,0.5078125,128
trained,8,6,49,beta_r2,actual,0.8973341584205627,128
trained,8,6,49,beta_r2,shuffled,-0.11513758450746536,128
trained,8,6,49,component_accuracy,actual,0.984375,128
trained,8,6,49,component_accuracy,shuffled,0.4609375,128
raw_input,8,-1,5,beta_r2,actual,-0.04897025227546692,128
raw_input,8,-1,5,beta_r2,shuffled,-0.06108871102333069,128
raw_input,8,-1,5,component_accuracy,actual,0.4765625,128
raw_input,8,-1,5,component_accuracy,shuffled,0.4921875,128
raw_input,8,-1,10,beta_r2,actual,0.002099765930324793,128
raw_input,8,-1,10,beta_r2,shuffled,-0.055849336087703705,128
raw_input,8,-1,10,component_accuracy,actual,0.5546875,128
raw_input,8,-1,10,component_accuracy,shuffled,0.4921875,128
raw_input,8,-1,20,beta_r2,actual,-0.0835389569401741,128
raw_input,8,-1,20,beta_r2,shuffled,-0.04763760790228844,128
raw_input,8,-1,20,component_accuracy,actual,0.4609375,128
raw_input,8,-1,20,component_accuracy,shuffled,0.484375,128
raw_input,8,-1,30,beta_r2,actual,-0.011025176383554935,128
raw_input,8,-1,30,beta_r2,shuffled,-0.10388138890266418,128
raw_input,8,-1,30,component_accuracy,actual,0.5546875,128
raw_input,8,-1,30,component_accuracy,shuffled,0.5078125,128
raw_input,8,-1,40,beta_r2,actual,-0.07327783107757568,128
raw_input,8,-1,40,beta_r2,shuffled,-0.02273406833410263,128
raw_input,8,-1,40,component_accuracy,actual,0.5,128
raw_input,8,-1,40,component_accuracy,shuffled,0.5078125,128
raw_input,8,-1,49,beta_r2,actual,-0.10131044685840607,128
raw_input,8,-1,49,beta_r2,shuffled,0.003555470844730735,128
raw_input,8,-1,49,component_accuracy,actual,0.4375,128
raw_input,8,-1,49,component_accuracy,shuffled,0.453125,128
untrained,8,0,5,beta_r2,actual,-0.06713764369487762,128
untrained,8,0,5,beta_r2,shuffled,-0.10183456540107727,128
untrained,8,0,5,component_accuracy,actual,0.421875,128
untrained,8,0,5,component_accuracy,shuffled,0.484375,128
untrained,8,0,10,beta_r2,actual,-0.015178374946117401,128
untrained,8,0,10,beta_r2,shuffled,-0.03151918202638626,128
untrained,8,0,10,component_accuracy,actual,0.5546875,128
untrained,8,0,10,component_accuracy,shuffled,0.5078125,128
untrained,8,0,20,beta_r2,actual,-0.09409871697425842,128
untrained,8,0,20,beta_r2,shuffled,-0.04139753431081772,128
untrained,8,0,20,component_accuracy,actual,0.4765625,128
untrained,8,0,20,component_accuracy,shuffled,0.4921875,128
untrained,8,0,30,beta_r2,actual,-0.013195711188018322,128
untrained,8,0,30,beta_r2,shuffled,-0.04756276682019234,128
untrained,8,0,30,component_accuracy,actual,0.5546875,128
untrained,8,0,30,component_accuracy,shuffled,0.484375,128
untrained,8,0,40,beta_r2,actual,-0.07639054208993912,128
untrained,8,0,40,beta_r2,shuffled,-0.040306709706783295,128
untrained,8,0,40,component_accuracy,actual,0.484375,128
untrained,8,0,40,component_accuracy,shuffled,0.5234375,128
untrained,8,0,49,beta_r2,actual,-0.10197952389717102,128
untrained,8,0,49,beta_r2,shuffled,-0.07820820063352585,128
untrained,8,0,49,component_accuracy,actual,0.4296875,128
untrained,8,0,49,component_accuracy,shuffled,0.515625,128
untrained,8,1,5,beta_r2,actual,-0.03445491939783096,128
untrained,8,1,5,beta_r2,shuffled,-0.07274499535560608,128
untrained,8,1,5,component_accuracy,actual,0.453125,128
untrained,8,1,5,component_accuracy,shuffled,0.640625,128
untrained,8,1,10,beta_r2,actual,0.019023779779672623,128
untrained,8,1,10,beta_r2,shuffled,-0.11454077064990997,128
untrained,8,1,10,component_accuracy,actual,0.5859375,128
untrained,8,1,10,component_accuracy,shuffled,0.3671875,128
untrained,8,1,20,beta_r2,actual,-0.060217052698135376,128
untrained,8,1,20,beta_r2,shuffled,-0.05366208776831627,128
untrained,8,1,20,component_accuracy,actual,0.4765625,128
untrained,8,1,20,component_accuracy,shuffled,0.5078125,128
untrained,8,1,30,beta_r2,actual,0.013886899687349796,128
untrained,8,1,30,beta_r2,shuffled,-0.039257973432540894,128
untrained,8,1,30,component_accuracy,actual,0.5625,128
untrained,8,1,30,component_accuracy,shuffled,0.5234375,128
untrained,8,1,40,beta_r2,actual,-0.04436277970671654,128
untrained,8,1,40,beta_r2,shuffled,-0.10848025977611542,128
untrained,8,1,40,component_accuracy,actual,0.5,128
untrained,8,1,40,component_accuracy,shuffled,0.5078125,128
untrained,8,1,49,beta_r2,actual,-0.06011339649558067,128
untrained,8,1,49,beta_r2,shuffled,-0.1066814512014389,128
untrained,8,1,49,component_accuracy,actual,0.46875,128
untrained,8,1,49,component_accuracy,shuffled,0.5390625,128
untrained,8,2,5,beta_r2,actual,0.010241203010082245,128
untrained,8,2,5,beta_r2,shuffled,-0.06610306352376938,128
untrained,8,2,5,component_accuracy,actual,0.453125,128
untrained,8,2,5,component_accuracy,shuffled,0.4375,128
untrained,8,2,10,beta_r2,actual,0.052132200449705124,128
untrained,8,2,10,beta_r2,shuffled,-0.0374397374689579,128
untrained,8,2,10,component_accuracy,actual,0.578125,128
untrained,8,2,10,component_accuracy,shuffled,0.4375,128
untrained,8,2,20,beta_r2,actual,-0.026700560003519058,128
untrained,8,2,20,beta_r2,shuffled,-0.07466743886470795,128
untrained,8,2,20,component_accuracy,actual,0.4765625,128
untrained,8,2,20,component_accuracy,shuffled,0.515625,128
untrained,8,2,30,beta_r2,actual,0.04088674113154411,128
untrained,8,2,30,beta_r2,shuffled,-0.038100287318229675,128
untrained,8,2,30,component_accuracy,actual,0.578125,128
untrained,8,2,30,component_accuracy,shuffled,0.4921875,128
untrained,8,2,40,beta_r2,actual,-0.014919924549758434,128
untrained,8,2,40,beta_r2,shuffled,-0.04063911736011505,128
untrained,8,2,40,component_accuracy,actual,0.5,128
untrained,8,2,40,component_accuracy,shuffled,0.4921875,128
untrained,8,2,49,beta_r2,actual,-0.022493625059723854,128
untrained,8,2,49,beta_r2,shuffled,-0.055476609617471695,128
untrained,8,2,49,component_accuracy,actual,0.453125,128
untrained,8,2,49,component_accuracy,shuffled,0.5234375,128
untrained,8,3,5,beta_r2,actual,0.027305597439408302,128
untrained,8,3,5,beta_r2,shuffled,-0.047006573528051376,128
untrained,8,3,5,component_accuracy,actual,0.453125,128
untrained,8,3,5,component_accuracy,shuffled,0.4921875,128
untrained,8,3,10,beta_r2,actual,0.05929693207144737,128
untrained,8,3,10,beta_r2,shuffled,-0.03316556662321091,128
untrained,8,3,10,component_accuracy,actual,0.5703125,128
untrained,8,3,10,component_accuracy,shuffled,0.53125,128
untrained,8,3,20,beta_r2,actual,-0.013414675369858742,128
untrained,8,3,20,beta_r2,shuffled,-0.06867709755897522,128
untrained,8,3,20,component_accuracy,actual,0.4765625,128
untrained,8,3,20,component_accuracy,shuffled,0.453125,128
untrained,8,3,30,beta_r2,actual,0.04034587740898132,128
untrained,8,3,30,beta_r2,shuffled,0.018508384004235268,128
untrained,8,3,30,component_accuracy,actual,0.5859375,128
untrained,8,3,30,component_accuracy,shuffled,0.53125,128
untrained,8,3,40,beta_r2,actual,-0.00732703460380435,128
untrained,8,3,40,beta_r2,shuffled,-0.041498906910419464,128
untrained,8,3,40,component_accuracy,actual,0.5,128
untrained,8,3,40,component_accuracy,shuffled,0.5546875,128
untrained,8,3,49,beta_r2,actual,-0.01529767643660307,128
untrained,8,3,49,beta_r2,shuffled,-0.07948098331689835,128
untrained,8,3,49,component_accuracy,actual,0.46875,128
untrained,8,3,49,component_accuracy,shuffled,0.3984375,128
untrained,8,4,5,beta_r2,actual,0.059630587697029114,128
untrained,8,4,5,beta_r2,shuffled,-0.048850804567337036,128
untrained,8,4,5,component_accuracy,actual,0.5,128
untrained,8,4,5,component_accuracy,shuffled,0.453125,128
untrained,8,4,10,beta_r2,actual,0.09048305451869965,128
untrained,8,4,10,beta_r2,shuffled,-0.11242064088582993,128
untrained,8,4,10,component_accuracy,actual,0.578125,128
untrained,8,4,10,component_accuracy,shuffled,0.5078125,128
untrained,8,4,20,beta_r2,actual,0.010653452947735786,128
untrained,8,4,20,beta_r2,shuffled,-0.10872210562229156,128
untrained,8,4,20,component_accuracy,actual,0.484375,128
untrained,8,4,20,component_accuracy,shuffled,0.4765625,128
untrained,8,4,30,beta_r2,actual,0.06853786110877991,128
untrained,8,4,30,beta_r2,shuffled,-0.02656424231827259,128
untrained,8,4,30,component_accuracy,actual,0.6015625,128
untrained,8,4,30,component_accuracy,shuffled,0.4609375,128
untrained,8,4,40,beta_r2,actual,0.03157844766974449,128
untrained,8,4,40,beta_r2,shuffled,-0.0626392811536789,128
untrained,8,4,40,component_accuracy,actual,0.5234375,128
untrained,8,4,40,component_accuracy,shuffled,0.5390625,128
untrained,8,4,49,beta_r2,actual,0.01995134726166725,128
untrained,8,4,49,beta_r2,shuffled,-0.012607446871697903,128
untrained,8,4,49,component_accuracy,actual,0.484375,128
untrained,8,4,49,component_accuracy,shuffled,0.453125,128
untrained,8,5,5,beta_r2,actual,0.09485846012830734,128
untrained,8,5,5,beta_r2,shuffled,-0.024007931351661682,128
untrained,8,5,5,component_accuracy,actual,0.4921875,128
untrained,8,5,5,component_accuracy,shuffled,0.5234375,128
untrained,8,5,10,beta_r2,actual,0.11877509206533432,128
untrained,8,5,10,beta_r2,shuffled,-0.07444123923778534,128
untrained,8,5,10,component_accuracy,actual,0.6015625,128
untrained,8,5,10,component_accuracy,shuffled,0.4921875,128
untrained,8,5,20,beta_r2,actual,0.04405040666460991,128
untrained,8,5,20,beta_r2,shuffled,-0.10073007643222809,128
untrained,8,5,20,component_accuracy,actual,0.484375,128
untrained,8,5,20,component_accuracy,shuffled,0.5078125,128
untrained,8,5,30,beta_r2,actual,0.10072110593318939,128
untrained,8,5,30,beta_r2,shuffled,-0.10362314432859421,128
untrained,8,5,30,component_accuracy,actual,0.6171875,128
untrained,8,5,30,component_accuracy,shuffled,0.4765625,128
untrained,8,5,40,beta_r2,actual,0.07485765218734741,128
untrained,8,5,40,beta_r2,shuffled,-0.030272699892520905,128
untrained,8,5,40,component_accuracy,actual,0.5234375,128
untrained,8,5,40,component_accuracy,shuffled,0.5,128
untrained,8,5,49,beta_r2,actual,0.05881707742810249,128
untrained,8,5,49,beta_r2,shuffled,-0.09426973760128021,128
untrained,8,5,49,component_accuracy,actual,0.515625,128
untrained,8,5,49,component_accuracy,shuffled,0.53125,128
untrained,8,6,5,beta_r2,actual,0.08922130614519119,128
untrained,8,6,5,beta_r2,shuffled,-0.12464079260826111,128
untrained,8,6,5,component_accuracy,actual,0.4921875,128
untrained,8,6,5,component_accuracy,shuffled,0.453125,128
untrained,8,6,10,beta_r2,actual,0.11776915192604065,128
untrained,8,6,10,beta_r2,shuffled,-0.045888375490903854,128
untrained,8,6,10,component_accuracy,actual,0.609375,128
untrained,8,6,10,component_accuracy,shuffled,0.3515625,128
untrained,8,6,20,beta_r2,actual,0.07281635701656342,128
untrained,8,6,20,beta_r2,shuffled,-0.08524065464735031,128
untrained,8,6,20,component_accuracy,actual,0.484375,128
untrained,8,6,20,component_accuracy,shuffled,0.4765625,128
untrained,8,6,30,beta_r2,actual,0.09370158612728119,128
untrained,8,6,30,beta_r2,shuffled,-0.07813498377799988,128
untrained,8,6,30,component_accuracy,actual,0.609375,128
untrained,8,6,30,component_accuracy,shuffled,0.546875,128
untrained,8,6,40,beta_r2,actual,0.08412887156009674,128
untrained,8,6,40,beta_r2,shuffled,-0.0654631108045578,128
untrained,8,6,40,component_accuracy,actual,0.546875,128
untrained,8,6,40,component_accuracy,shuffled,0.484375,128
untrained,8,6,49,beta_r2,actual,0.10336661338806152,128
untrained,8,6,49,beta_r2,shuffled,-0.056827887892723083,128
untrained,8,6,49,component_accuracy,actual,0.578125,128
untrained,8,6,49,component_accuracy,shuffled,0.46875,128
trained,9,0,5,beta_r2,actual,-0.03644678741693497,128
trained,9,0,5,beta_r2,shuffled,-0.04036017879843712,128
trained,9,0,5,component_accuracy,actual,0.5234375,128
trained,9,0,5,component_accuracy,shuffled,0.5234375,128
trained,9,0,10,beta_r2,actual,-0.03322622925043106,128
trained,9,0,10,beta_r2,shuffled,-0.0017767921090126038,128
trained,9,0,10,component_accuracy,actual,0.484375,128
trained,9,0,10,component_accuracy,shuffled,0.4140625,128
trained,9,0,20,beta_r2,actual,-0.06924354285001755,128
trained,9,0,20,beta_r2,shuffled,-0.06373664736747742,128
trained,9,0,20,component_accuracy,actual,0.5,128
trained,9,0,20,component_accuracy,shuffled,0.4453125,128
trained,9,0,30,beta_r2,actual,-0.08468177169561386,128
trained,9,0,30,beta_r2,shuffled,0.05320798233151436,128
trained,9,0,30,component_accuracy,actual,0.4921875,128
trained,9,0,30,component_accuracy,shuffled,0.5703125,128
trained,9,0,40,beta_r2,actual,-0.10694082081317902,128
trained,9,0,40,beta_r2,shuffled,0.005254359450191259,128
trained,9,0,40,component_accuracy,actual,0.46875,128
trained,9,0,40,component_accuracy,shuffled,0.5078125,128
trained,9,0,49,beta_r2,actual,-0.15825943648815155,128
trained,9,0,49,beta_r2,shuffled,-0.0700908973813057,128
trained,9,0,49,component_accuracy,actual,0.421875,128
trained,9,0,49,component_accuracy,shuffled,0.4609375,128
trained,9,1,5,beta_r2,actual,0.646476686000824,128
trained,9,1,5,beta_r2,shuffled,-0.3627381920814514,128
trained,9,1,5,component_accuracy,actual,0.9453125,128
trained,9,1,5,component_accuracy,shuffled,0.4765625,128
trained,9,1,10,beta_r2,actual,0.7353793978691101,128
trained,9,1,10,beta_r2,shuffled,-0.2706003189086914,128
trained,9,1,10,component_accuracy,actual,0.96875,128
trained,9,1,10,component_accuracy,shuffled,0.5078125,128
trained,9,1,20,beta_r2,actual,0.6968432068824768,128
trained,9,1,20,beta_r2,shuffled,-0.06261150538921356,128
trained,9,1,20,component_accuracy,actual,0.9765625,128
trained,9,1,20,component_accuracy,shuffled,0.5625,128
trained,9,1,30,beta_r2,actual,0.707082211971283,128
trained,9,1,30,beta_r2,shuffled,-0.13113389909267426,128
trained,9,1,30,component_accuracy,actual,0.984375,128
trained,9,1,30,component_accuracy,shuffled,0.4296875,128
trained,9,1,40,beta_r2,actual,0.7088050842285156,128
trained,9,1,40,beta_r2,shuffled,-0.22598665952682495,128
trained,9,1,40,component_accuracy,actual,0.984375,128
trained,9,1,40,component_accuracy,shuffled,0.515625,128
trained,9,1,49,beta_r2,actual,0.6521763205528259,128
trained,9,1,49,beta_r2,shuffled,-0.1690376251935959,128
trained,9,1,49,component_accuracy,actual,0.984375,128
trained,9,1,49,component_accuracy,shuffled,0.4453125,128
trained,9,2,5,beta_r2,actual,0.7067322731018066,128
trained,9,2,5,beta_r2,shuffled,-0.3788483738899231,128
trained,9,2,5,component_accuracy,actual,0.953125,128
trained,9,2,5,component_accuracy,shuffled,0.5390625,128
trained,9,2,10,beta_r2,actual,0.7779296040534973,128
trained,9,2,10,beta_r2,shuffled,-0.22090373933315277,128
trained,9,2,10,component_accuracy,actual,0.9609375,128
trained,9,2,10,component_accuracy,shuffled,0.53125,128
trained,9,2,20,beta_r2,actual,0.7350871562957764,128
trained,9,2,20,beta_r2,shuffled,-0.188046395778656,128
trained,9,2,20,component_accuracy,actual,0.9765625,128
trained,9,2,20,component_accuracy,shuffled,0.453125,128
trained,9,2,30,beta_r2,actual,0.7136455178260803,128
trained,9,2,30,beta_r2,shuffled,-0.11245594918727875,128
trained,9,2,30,component_accuracy,actual,0.9765625,128
trained,9,2,30,component_accuracy,shuffled,0.4609375,128
trained,9,2,40,beta_r2,actual,0.7425671219825745,128
trained,9,2,40,beta_r2,shuffled,-0.2416743040084839,128
trained,9,2,40,component_accuracy,actual,0.953125,128
trained,9,2,40,component_accuracy,shuffled,0.5234375,128
trained,9,2,49,beta_r2,actual,0.7391217350959778,128
trained,9,2,49,beta_r2,shuffled,-0.39192304015159607,128
trained,9,2,49,component_accuracy,actual,0.9609375,128
trained,9,2,49,component_accuracy,shuffled,0.5390625,128
trained,9,3,5,beta_r2,actual,0.8094338178634644,128
trained,9,3,5,beta_r2,shuffled,-0.35018670558929443,128
trained,9,3,5,component_accuracy,actual,0.9765625,128
trained,9,3,5,component_accuracy,shuffled,0.40625,128
trained,9,3,10,beta_r2,actual,0.8313966989517212,128
trained,9,3,10,beta_r2,shuffled,-0.400942325592041,128
trained,9,3,10,component_accuracy,actual,0.984375,128
trained,9,3,10,component_accuracy,shuffled,0.4921875,128
trained,9,3,20,beta_r2,actual,0.8362103700637817,128
trained,9,3,20,beta_r2,shuffled,-0.21323487162590027,128
trained,9,3,20,component_accuracy,actual,0.9921875,128
trained,9,3,20,component_accuracy,shuffled,0.4453125,128
trained,9,3,30,beta_r2,actual,0.8714361190795898,128
trained,9,3,30,beta_r2,shuffled,-0.20722262561321259,128
trained,9,3,30,component_accuracy,actual,0.984375,128
trained,9,3,30,component_accuracy,shuffled,0.5078125,128
trained,9,3,40,beta_r2,actual,0.8748209476470947,128
trained,9,3,40,beta_r2,shuffled,-0.27967673540115356,128
trained,9,3,40,component_accuracy,actual,1.0,128
trained,9,3,40,component_accuracy,shuffled,0.46875,128
trained,9,3,49,beta_r2,actual,0.8202676177024841,128
trained,9,3,49,beta_r2,shuffled,-0.23570853471755981,128
trained,9,3,49,component_accuracy,actual,0.9765625,128
trained,9,3,49,component_accuracy,shuffled,0.5546875,128
trained,9,4,5,beta_r2,actual,0.8699962496757507,128
trained,9,4,5,beta_r2,shuffled,-0.23492693901062012,128
trained,9,4,5,component_accuracy,actual,0.9765625,128
trained,9,4,5,component_accuracy,shuffled,0.4765625,128
trained,9,4,10,beta_r2,actual,0.9178902506828308,128
trained,9,4,10,beta_r2,shuffled,-0.22828206419944763,128
trained,9,4,10,component_accuracy,actual,0.984375,128
trained,9,4,10,component_accuracy,shuffled,0.5390625,128
trained,9,4,20,beta_r2,actual,0.9435762763023376,128
trained,9,4,20,beta_r2,shuffled,-0.27275222539901733,128
trained,9,4,20,component_accuracy,actual,0.9921875,128
trained,9,4,20,component_accuracy,shuffled,0.4609375,128
trained,9,4,30,beta_r2,actual,0.9426177740097046,128
trained,9,4,30,beta_r2,shuffled,-0.36285844445228577,128
trained,9,4,30,component_accuracy,actual,0.984375,128
trained,9,4,30,component_accuracy,shuffled,0.5234375,128
trained,9,4,40,beta_r2,actual,0.9667565226554871,128
trained,9,4,40,beta_r2,shuffled,-0.1957358568906784,128
trained,9,4,40,component_accuracy,actual,1.0,128
trained,9,4,40,component_accuracy,shuffled,0.46875,128
trained,9,4,49,beta_r2,actual,0.9521999955177307,128
trained,9,4,49,beta_r2,shuffled,-0.2582985758781433,128
trained,9,4,49,component_accuracy,actual,0.9921875,128
trained,9,4,49,component_accuracy,shuffled,0.5390625,128
trained,9,5,5,beta_r2,actual,0.8589063882827759,128
trained,9,5,5,beta_r2,shuffled,-0.40159377455711365,128
trained,9,5,5,component_accuracy,actual,0.96875,128
trained,9,5,5,component_accuracy,shuffled,0.5078125,128
trained,9,5,10,beta_r2,actual,0.9168544411659241,128
trained,9,5,10,beta_r2,shuffled,-0.22831043601036072,128
trained,9,5,10,component_accuracy,actual,0.9921875,128
trained,9,5,10,component_accuracy,shuffled,0.59375,128
trained,9,5,20,beta_r2,actual,0.9338685274124146,128
trained,9,5,20,beta_r2,shuffled,-0.11788414418697357,128
trained,9,5,20,component_accuracy,actual,0.9921875,128
trained,9,5,20,component_accuracy,shuffled,0.5078125,128
trained,9,5,30,beta_r2,actual,0.9636553525924683,128
trained,9,5,30,beta_r2,shuffled,-0.33375778794288635,128
trained,9,5,30,component_accuracy,actual,1.0,128
trained,9,5,30,component_accuracy,shuffled,0.4765625,128
trained,9,5,40,beta_r2,actual,0.9769957065582275,128
trained,9,5,40,beta_r2,shuffled,-0.18668092787265778,128
trained,9,5,40,component_accuracy,actual,1.0,128
trained,9,5,40,component_accuracy,shuffled,0.5859375,128
trained,9,5,49,beta_r2,actual,0.9672307968139648,128
trained,9,5,49,beta_r2,shuffled,-0.4167104661464691,128
trained,9,5,49,component_accuracy,actual,1.0,128
trained,9,5,49,component_accuracy,shuffled,0.53125,128
trained,9,6,5,beta_r2,actual,0.8178109526634216,128
trained,9,6,5,beta_r2,shuffled,-0.3647800087928772,128
trained,9,6,5,component_accuracy,actual,0.96875,128
trained,9,6,5,component_accuracy,shuffled,0.4296875,128
trained,9,6,10,beta_r2,actual,0.9046124219894409,128
trained,9,6,10,beta_r2,shuffled,-0.4740447402000427,128
trained,9,6,10,component_accuracy,actual,0.984375,128
trained,9,6,10,component_accuracy,shuffled,0.484375,128
trained,9,6,20,beta_r2,actual,0.9094866514205933,128
trained,9,6,20,beta_r2,shuffled,-0.11321908235549927,128
trained,9,6,20,component_accuracy,actual,0.9921875,128
trained,9,6,20,component_accuracy,shuffled,0.5859375,128
trained,9,6,30,beta_r2,actual,0.9274003505706787,128
trained,9,6,30,beta_r2,shuffled,-0.15874294936656952,128
trained,9,6,30,component_accuracy,actual,0.9921875,128
trained,9,6,30,component_accuracy,shuffled,0.5625,128
trained,9,6,40,beta_r2,actual,0.9598623514175415,128
trained,9,6,40,beta_r2,shuffled,-0.2828395664691925,128
trained,9,6,40,component_accuracy,actual,1.0,128
trained,9,6,40,component_accuracy,shuffled,0.578125,128
trained,9,6,49,beta_r2,actual,0.9321452379226685,128
trained,9,6,49,beta_r2,shuffled,-0.3410889208316803,128
trained,9,6,49,component_accuracy,actual,1.0,128
trained,9,6,49,component_accuracy,shuffled,0.515625,128
raw_input,9,-1,5,beta_r2,actual,-0.047779761254787445,128
raw_input,9,-1,5,beta_r2,shuffled,-0.05655188858509064,128
raw_input,9,-1,5,component_accuracy,actual,0.546875,128
raw_input,9,-1,5,component_accuracy,shuffled,0.5390625,128
raw_input,9,-1,10,beta_r2,actual,-0.03041602112352848,128
raw_input,9,-1,10,beta_r2,shuffled,-0.06195947900414467,128
raw_input,9,-1,10,component_accuracy,actual,0.4921875,128
raw_input,9,-1,10,component_accuracy,shuffled,0.4765625,128
raw_input,9,-1,20,beta_r2,actual,-0.038405757397413254,128
raw_input,9,-1,20,beta_r2,shuffled,-0.04007503390312195,128
raw_input,9,-1,20,component_accuracy,actual,0.515625,128
raw_input,9,-1,20,component_accuracy,shuffled,0.609375,128
raw_input,9,-1,30,beta_r2,actual,-0.07395007461309433,128
raw_input,9,-1,30,beta_r2,shuffled,-0.05733964964747429,128
raw_input,9,-1,30,component_accuracy,actual,0.46875,128
raw_input,9,-1,30,component_accuracy,shuffled,0.4609375,128
raw_input,9,-1,40,beta_r2,actual,-0.10094280540943146,128
raw_input,9,-1,40,beta_r2,shuffled,-0.08040055632591248,128
raw_input,9,-1,40,component_accuracy,actual,0.4765625,128
raw_input,9,-1,40,component_accuracy,shuffled,0.59375,128
raw_input,9,-1,49,beta_r2,actual,-0.11071550846099854,128
raw_input,9,-1,49,beta_r2,shuffled,-0.05042165517807007,128
raw_input,9,-1,49,component_accuracy,actual,0.390625,128
raw_input,9,-1,49,component_accuracy,shuffled,0.53125,128
untrained,9,0,5,beta_r2,actual,-0.03645603731274605,128
untrained,9,0,5,beta_r2,shuffled,-0.04195423424243927,128
untrained,9,0,5,component_accuracy,actual,0.5234375,128
untrained,9,0,5,component_accuracy,shuffled,0.515625,128
untrained,9,0,10,beta_r2,actual,-0.03172184154391289,128
untrained,9,0,10,beta_r2,shuffled,-0.0062405746430158615,128
untrained,9,0,10,component_accuracy,actual,0.484375,128
untrained,9,0,10,component_accuracy,shuffled,0.484375,128
untrained,9,0,20,beta_r2,actual,-0.07325814664363861,128
untrained,9,0,20,beta_r2,shuffled,-0.06455756723880768,128
untrained,9,0,20,component_accuracy,actual,0.5,128
untrained,9,0,20,component_accuracy,shuffled,0.4375,128
untrained,9,0,30,beta_r2,actual,-0.08640795201063156,128
untrained,9,0,30,beta_r2,shuffled,0.05186855420470238,128
untrained,9,0,30,component_accuracy,actual,0.4921875,128
untrained,9,0,30,component_accuracy,shuffled,0.578125,128
untrained,9,0,40,beta_r2,actual,-0.10705985128879547,128
untrained,9,0,40,beta_r2,shuffled,0.004131281282752752,128
untrained,9,0,40,component_accuracy,actual,0.46875,128
untrained,9,0,40,component_accuracy,shuffled,0.5390625,128
untrained,9,0,49,beta_r2,actual,-0.15463903546333313,128
untrained,9,0,49,beta_r2,shuffled,-0.06929150223731995,128
untrained,9,0,49,component_accuracy,actual,0.4140625,128
untrained,9,0,49,component_accuracy,shuffled,0.46875,128
untrained,9,1,5,beta_r2,actual,-0.009592008776962757,128
untrained,9,1,5,beta_r2,shuffled,-0.061729732900857925,128
untrained,9,1,5,component_accuracy,actual,0.53125,128
untrained,9,1,5,component_accuracy,shuffled,0.515625,128
untrained,9,1,10,beta_r2,actual,0.0009411103674210608,128
untrained,9,1,10,beta_r2,shuffled,-0.023236766457557678,128
untrained,9,1,10,component_accuracy,actual,0.484375,128
untrained,9,1,10,component_accuracy,shuffled,0.4609375,128
untrained,9,1,20,beta_r2,actual,-0.04252701252698898,128
untrained,9,1,20,beta_r2,shuffled,-0.0714489072561264,128
untrained,9,1,20,component_accuracy,actual,0.515625,128
untrained,9,1,20,component_accuracy,shuffled,0.484375,128
untrained,9,1,30,beta_r2,actual,-0.0561516173183918,128
untrained,9,1,30,beta_r2,shuffled,-0.0913616195321083,128
untrained,9,1,30,component_accuracy,actual,0.4921875,128
untrained,9,1,30,component_accuracy,shuffled,0.46875,128
untrained,9,1,40,beta_r2,actual,-0.07506825774908066,128
untrained,9,1,40,beta_r2,shuffled,-0.06209634989500046,128
untrained,9,1,40,component_accuracy,actual,0.5,128
untrained,9,1,40,component_accuracy,shuffled,0.4765625,128
untrained,9,1,49,beta_r2,actual,-0.12105546146631241,128
untrained,9,1,49,beta_r2,shuffled,-0.11060073226690292,128
untrained,9,1,49,component_accuracy,actual,0.4296875,128
untrained,9,1,49,component_accuracy,shuffled,0.4609375,128
untrained,9,2,5,beta_r2,actual,0.009251122362911701,128
untrained,9,2,5,beta_r2,shuffled,-0.02066347748041153,128
untrained,9,2,5,component_accuracy,actual,0.5546875,128
untrained,9,2,5,component_accuracy,shuffled,0.4765625,128
untrained,9,2,10,beta_r2,actual,0.029080931097269058,128
untrained,9,2,10,beta_r2,shuffled,-0.13462097942829132,128
untrained,9,2,10,component_accuracy,actual,0.5234375,128
untrained,9,2,10,component_accuracy,shuffled,0.4609375,128
untrained,9,2,20,beta_r2,actual,-0.013356399722397327,128
untrained,9,2,20,beta_r2,shuffled,0.003317783121019602,128
untrained,9,2,20,component_accuracy,actual,0.515625,128
untrained,9,2,20,component_accuracy,shuffled,0.546875,128
untrained,9,2,30,beta_r2,actual,-0.025671090930700302,128
untrained,9,2,30,beta_r2,shuffled,-0.036804188042879105,128
untrained,9,2,30,component_accuracy,actual,0.515625,128
untrained,9,2,30,component_accuracy,shuffled,0.3828125,128
untrained,9,2,40,beta_r2,actual,-0.04431125521659851,128
untrained,9,2,40,beta_r2,shuffled,-0.0495612733066082,128
untrained,9,2,40,component_accuracy,actual,0.4765625,128
untrained,9,2,40,component_accuracy,shuffled,0.4765625,128
untrained,9,2,49,beta_r2,actual,-0.08438051491975784,128
untrained,9,2,49,beta_r2,shuffled,-0.09812603145837784,128
untrained,9,2,49,component_accuracy,actual,0.4375,128
untrained,9,2,49,component_accuracy,shuffled,0.421875,128
untrained,9,3,5,beta_r2,actual,0.015509214252233505,128
untrained,9,3,5,beta_r2,shuffled,-0.0007518968195654452,128
untrained,9,3,5,component_accuracy,actual,0.546875,128
untrained,9,3,5,component_accuracy,shuffled,0.421875,128
untrained,9,3,10,beta_r2,actual,0.05523413419723511,128
untrained,9,3,10,beta_r2,shuffled,-0.13710547983646393,128
untrained,9,3,10,component_accuracy,actual,0.5546875,128
untrained,9,3,10,component_accuracy,shuffled,0.546875,128
untrained,9,3,20,beta_r2,actual,0.010675173252820969,128
untrained,9,3,20,beta_r2,shuffled,0.0005885330028831959,128
untrained,9,3,20,component_accuracy,actual,0.5234375,128
untrained,9,3,20,component_accuracy,shuffled,0.5234375,128
untrained,9,3,30,beta_r2,actual,-0.005351039115339518,128
untrained,9,3,30,beta_r2,shuffled,-0.03403215482831001,128
untrained,9,3,30,component_accuracy,actual,0.5234375,128
untrained,9,3,30,component_accuracy,shuffled,0.484375,128
untrained,9,3,40,beta_r2,actual,-0.0216351430863142,128
untrained,9,3,40,beta_r2,shuffled,-0.07536084949970245,128
untrained,9,3,40,component_accuracy,actual,0.484375,128
untrained,9,3,40,component_accuracy,shuffled,0.4609375,128
untrained,9,3,49,beta_r2,actual,-0.07846798747777939,128
untrained,9,3,49,beta_r2,shuffled,-0.02511760964989662,128
untrained,9,3,49,component_accuracy,actual,0.453125,128
untrained,9,3,49,component_accuracy,shuffled,0.5703125,128
untrained,9,4,5,beta_r2,actual,0.026123251765966415,128
untrained,9,4,5,beta_r2,shuffled,-0.025551894679665565,128
untrained,9,4,5,component_accuracy,actual,0.546875,128
untrained,9,4,5,component_accuracy,shuffled,0.4453125,128
untrained,9,4,10,beta_r2,actual,0.06880660355091095,128
untrained,9,4,10,beta_r2,shuffled,-0.07105370610952377,128
untrained,9,4,10,component_accuracy,actual,0.5390625,128
untrained,9,4,10,component_accuracy,shuffled,0.5546875,128
untrained,9,4,20,beta_r2,actual,0.013752196915447712,128
untrained,9,4,20,beta_r2,shuffled,0.009285964071750641,128
untrained,9,4,20,component_accuracy,actual,0.5234375,128
untrained,9,4,20,component_accuracy,shuffled,0.53125,128
untrained,9,4,30,beta_r2,actual,0.03152409940958023,128
untrained,9,4,30,beta_r2,shuffled,-0.12286823242902756,128
untrained,9,4,30,component_accuracy,actual,0.53125,128
untrained,9,4,30,component_accuracy,shuffled,0.4453125,128
untrained,9,4,40,beta_r2,actual,0.001669345423579216,128
untrained,9,4,40,beta_r2,shuffled,-0.08072122186422348,128
untrained,9,4,40,component_accuracy,actual,0.4921875,128
untrained,9,4,40,component_accuracy,shuffled,0.453125,128
untrained,9,4,49,beta_r2,actual,-0.053236134350299835,128
untrained,9,4,49,beta_r2,shuffled,-0.0138154411688447,128
untrained,9,4,49,component_accuracy,actual,0.453125,128
untrained,9,4,49,component_accuracy,shuffled,0.53125,128
untrained,9,5,5,beta_r2,actual,0.06562265008687973,128
untrained,9,5,5,beta_r2,shuffled,-0.0073469337075948715,128
untrained,9,5,5,component_accuracy,actual,0.6015625,128
untrained,9,5,5,component_accuracy,shuffled,0.5,128
untrained,9,5,10,beta_r2,actual,0.10975241661071777,128
untrained,9,5,10,beta_r2,shuffled,-0.029049798846244812,128
untrained,9,5,10,component_accuracy,actual,0.5703125,128
untrained,9,5,10,component_accuracy,shuffled,0.546875,128
untrained,9,5,20,beta_r2,actual,0.04617178812623024,128
untrained,9,5,20,beta_r2,shuffled,-0.07020510733127594,128
untrained,9,5,20,component_accuracy,actual,0.5234375,128
untrained,9,5,20,component_accuracy,shuffled,0.578125,128
untrained,9,5,30,beta_r2,actual,0.06469851732254028,128
untrained,9,5,30,beta_r2,shuffled,-0.0657036229968071,128
untrained,9,5,30,component_accuracy,actual,0.5546875,128
untrained,9,5,30,component_accuracy,shuffled,0.4296875,128
untrained,9,5,40,beta_r2,actual,0.05837073177099228,128
untrained,9,5,40,beta_r2,shuffled,-0.02427499368786812,128
untrained,9,5,40,component_accuracy,actual,0.5234375,128
untrained,9,5,40,component_accuracy,shuffled,0.6171875,128
untrained,9,5,49,beta_r2,actual,-0.01622662879526615,128
untrained,9,5,49,beta_r2,shuffled,-0.050325822085142136,128
untrained,9,5,49,component_accuracy,actual,0.4453125,128
untrained,9,5,49,component_accuracy,shuffled,0.546875,128
untrained,9,6,5,beta_r2,actual,0.0889979749917984,128
untrained,9,6,5,beta_r2,shuffled,-0.0673859491944313,128
untrained,9,6,5,component_accuracy,actual,0.6328125,128
untrained,9,6,5,component_accuracy,shuffled,0.4921875,128
untrained,9,6,10,beta_r2,actual,0.16469015181064606,128
untrained,9,6,10,beta_r2,shuffled,-0.0463477186858654,128
untrained,9,6,10,component_accuracy,actual,0.59375,128
untrained,9,6,10,component_accuracy,shuffled,0.484375,128
untrained,9,6,20,beta_r2,actual,0.06467220932245255,128
untrained,9,6,20,beta_r2,shuffled,-0.022881142795085907,128
untrained,9,6,20,component_accuracy,actual,0.4921875,128
untrained,9,6,20,component_accuracy,shuffled,0.5546875,128
untrained,9,6,30,beta_r2,actual,0.08465375006198883,128
untrained,9,6,30,beta_r2,shuffled,-0.06769570708274841,128
untrained,9,6,30,component_accuracy,actual,0.515625,128
untrained,9,6,30,component_accuracy,shuffled,0.4453125,128
untrained,9,6,40,beta_r2,actual,0.10141319036483765,128
untrained,9,6,40,beta_r2,shuffled,-0.02708720788359642,128
untrained,9,6,40,component_accuracy,actual,0.5390625,128
untrained,9,6,40,component_accuracy,shuffled,0.4296875,128
untrained,9,6,49,beta_r2,actual,0.012644740752875805,128
untrained,9,6,49,beta_r2,shuffled,-0.04158230498433113,128
untrained,9,6,49,component_accuracy,actual,0.4609375,128
untrained,9,6,49,component_accuracy,shuffled,0.484375,128
