T,layer,key_task,attention,is_self,num_prompts,pool_index
2,0,0,0.02933264710009098,False,128,0
2,0,1,0.02440129965543747,False,128,0
2,0,2,0.02397853508591652,False,128,0
2,0,3,0.022005245089530945,False,128,0
2,0,4,0.02110736072063446,False,128,0
2,0,5,0.021021373569965363,False,128,0
2,0,6,0.020357636734843254,False,128,0
2,0,7,0.019962068647146225,False,128,0
2,0,8,0.019678115844726562,False,128,0
2,0,9,0.020040882751345634,False,128,0
2,0,10,0.020391451194882393,False,128,0
2,0,11,0.0192637387663126,False,128,0
2,0,12,0.019020013511180878,False,128,0
2,0,13,0.0200152900069952,False,128,0
2,0,14,0.019355852156877518,False,128,0
2,0,15,0.019490234553813934,False,128,0
2,0,16,0.019958071410655975,False,128,0
2,0,17,0.019555091857910156,False,128,0
2,0,18,0.019282784312963486,False,128,0
2,0,19,0.019147733226418495,False,128,0
2,0,20,0.019373048096895218,False,128,0
2,0,21,0.01978723518550396,False,128,0
2,0,22,0.01994081772863865,False,128,0
2,0,23,0.01922708936035633,False,128,0
2,0,24,0.01915513351559639,False,128,0
2,0,25,0.01961681619286537,False,128,0
2,0,26,0.019402429461479187,False,128,0
2,0,27,0.019016152247786522,False,128,0
2,0,28,0.019813023507595062,False,128,0
2,0,29,0.020077908411622047,False,128,0
2,0,30,0.01972294971346855,False,128,0
2,0,31,0.01885860785841942,False,128,0
2,0,32,0.019167624413967133,False,128,0
2,0,33,0.01918279007077217,False,128,0
2,0,34,0.018427018076181412,False,128,0
2,0,35,0.019335564225912094,False,128,0
2,0,36,0.01973968744277954,False,128,0
2,0,37,0.01907261088490486,False,128,0
2,0,38,0.019333966076374054,False,128,0
2,0,39,0.019879283383488655,False,128,0
2,0,40,0.019097480922937393,False,128,0
2,0,41,0.019966136664152145,False,128,0
2,0,42,0.01945333555340767,False,128,0
2,0,43,0.019807498902082443,False,128,0
2,0,44,0.019267329946160316,False,128,0
2,0,45,0.019342195242643356,False,128,0
2,0,46,0.0188604723662138,False,128,0
2,0,47,0.018997421488165855,False,128,0
2,0,48,0.02189413085579872,False,128,0
2,0,49,0.017818810418248177,True,128,0
2,1,0,0.03771092742681503,False,128,0
2,1,1,0.01959254778921604,False,128,0
2,1,2,0.018563508987426758,False,128,0
2,1,3,0.018276413902640343,False,128,0
2,1,4,0.017644500359892845,False,128,0
2,1,5,0.017853204160928726,False,128,0
2,1,6,0.017504675313830376,False,128,0
2,1,7,0.018107496201992035,False,128,0
2,1,8,0.01792369969189167,False,128,0
2,1,9,0.01803908310830593,False,128,0
2,1,10,0.01796220988035202,False,128,0
2,1,11,0.017692266032099724,False,128,0
2,1,12,0.018805917352437973,False,128,0
2,1,13,0.01862853206694126,False,128,0
2,1,14,0.01849304512143135,False,128,0
2,1,15,0.01878741756081581,False,128,0
2,1,16,0.018907103687524796,False,128,0
2,1,17,0.01875784620642662,False,128,0
2,1,18,0.018968015909194946,False,128,0
2,1,19,0.01884669065475464,False,128,0
2,1,20,0.019216956570744514,False,128,0
2,1,21,0.019530147314071655,False,128,0
2,1,22,0.01963961124420166,False,128,0
2,1,23,0.019291885197162628,False,128,0
2,1,24,0.018909262493252754,False,128,0
2,1,25,0.019185252487659454,False,128,0
2,1,26,0.019324565306305885,False,128,0
2,1,27,0.01957334578037262,False,128,0
2,1,28,0.020261123776435852,False,128,0
2,1,29,0.019952449947595596,False,128,0
2,1,30,0.020305616781115532,False,128,0
2,1,31,0.019997213035821915,False,128,0
2,1,32,0.020614778622984886,False,128,0
2,1,33,0.020195748656988144,False,128,0
2,1,34,0.020292824134230614,False,128,0
2,1,35,0.020138107240200043,False,128,0
2,1,36,0.02086147479712963,False,128,0
2,1,37,0.02062896080315113,False,128,0
2,1,38,0.02090216986835003,False,128,0
2,1,39,0.02075565978884697,False,128,0
2,1,40,0.020426316186785698,False,128,0
2,1,41,0.021496886387467384,False,128,0
2,1,42,0.020768096670508385,False,128,0
2,1,43,0.021307017654180527,False,128,0
2,1,44,0.02163447067141533,False,128,0
2,1,45,0.021039120852947235,False,128,0
2,1,46,0.020852606743574142,False,128,0
2,1,47,0.021115723997354507,False,128,0
2,1,48,0.023394310846924782,False,128,0
2,1,49,0.02132318913936615,True,128,0
2,2,0,0.05824311450123787,False,128,0
2,2,1,0.010056538507342339,False,128,0
2,2,2,0.009938488714396954,False,128,0
2,2,3,0.00969661958515644,False,128,0
2,2,4,0.01020500622689724,False,128,0
2,2,5,0.01092064380645752,False,128,0
2,2,6,0.010976436547935009,False,128,0
2,2,7,0.011323072947561741,False,128,0
2,2,8,0.012422462925314903,False,128,0
2,2,9,0.012433119118213654,False,128,0
2,2,10,0.012989615090191364,False,128,0
2,2,11,0.01330149918794632,False,128,0
2,2,12,0.013678601942956448,False,128,0
2,2,13,0.013840623199939728,False,128,0
2,2,14,0.014660161919891834,False,128,0
2,2,15,0.014947649091482162,False,128,0
2,2,16,0.01571325585246086,False,128,0
2,2,17,0.015672290697693825,False,128,0
2,2,18,0.015861190855503082,False,128,0
2,2,19,0.01617162488400936,False,128,0
2,2,20,0.017046114429831505,False,128,0
2,2,21,0.017763985320925713,False,128,0
2,2,22,0.017994996160268784,False,128,0
2,2,23,0.018269717693328857,False,128,0
2,2,24,0.018291674554347992,False,128,0
2,2,25,0.018870985135436058,False,128,0
2,2,26,0.018846148625016212,False,128,0
2,2,27,0.020357733592391014,False,128,0
2,2,28,0.020589478313922882,False,128,0
2,2,29,0.020992452278733253,False,128,0
2,2,30,0.020749643445014954,False,128,0
2,2,31,0.02119872346520424,False,128,0
2,2,32,0.02253653295338154,False,128,0
2,2,33,0.023448994383215904,False,128,0
2,2,34,0.02328629232943058,False,128,0
2,2,35,0.02468719519674778,False,128,0
2,2,36,0.025130538269877434,False,128,0
2,2,37,0.025972621515393257,False,128,0
2,2,38,0.025705546140670776,False,128,0
2,2,39,0.027150649577379227,False,128,0
2,2,40,0.02662893384695053,False,128,0
2,2,41,0.027300439774990082,False,128,0
2,2,42,0.02789485827088356,False,128,0
2,2,43,0.027246488258242607,False,128,0
2,2,44,0.028242656961083412,False,128,0
2,2,45,0.02821693755686283,False,128,0
2,2,46,0.027305763214826584,False,128,0
2,2,47,0.027431663125753403,False,128,0
2,2,48,0.029078159481287003,False,128,0
2,2,49,0.018712062388658524,True,128,0
2,3,0,0.23427721858024597,False,128,0
2,3,1,0.013427834957838058,False,128,0
2,3,2,0.011349289678037167,False,128,0
2,3,3,0.013741502538323402,False,128,0
2,3,4,0.012307354249060154,False,128,0
2,3,5,0.013629895634949207,False,128,0
2,3,6,0.0151016004383564,False,128,0
2,3,7,0.01362366508692503,False,128,0
2,3,8,0.013042541220784187,False,128,0
2,3,9,0.013091879896819592,False,128,0
2,3,10,0.013712622225284576,False,128,0
2,3,11,0.01126721128821373,False,128,0
2,3,12,0.014423294924199581,False,128,0
2,3,13,0.013582557439804077,False,128,0
2,3,14,0.013180304318666458,False,128,0
2,3,15,0.01487836055457592,False,128,0
2,3,16,0.014578523114323616,False,128,0
2,3,17,0.013049771077930927,False,128,0
2,3,18,0.014976540580391884,False,128,0
2,3,19,0.015858840197324753,False,128,0
2,3,20,0.017982255667448044,False,128,0
2,3,21,0.0135421734303236,False,128,0
2,3,22,0.015079140663146973,False,128,0
2,3,23,0.01521704625338316,False,128,0
2,3,24,0.014556660316884518,False,128,0
2,3,25,0.014295356348156929,False,128,0
2,3,26,0.017800655215978622,False,128,0
2,3,27,0.016307231038808823,False,128,0
2,3,28,0.014859997667372227,False,128,0
2,3,29,0.01565059833228588,False,128,0
2,3,30,0.016573384404182434,False,128,0
2,3,31,0.01671815663576126,False,128,0
2,3,32,0.01700635999441147,False,128,0
2,3,33,0.014754173345863819,False,128,0
2,3,34,0.012730761431157589,False,128,0
2,3,35,0.01710992306470871,False,128,0
2,3,36,0.016227513551712036,False,128,0
2,3,37,0.017099855467677116,False,128,0
2,3,38,0.01612258143723011,False,128,0
2,3,39,0.016416417434811592,False,128,0
2,3,40,0.016940928995609283,False,128,0
2,3,41,0.017016109079122543,False,128,0
2,3,42,0.015792764723300934,False,128,0
2,3,43,0.016465164721012115,False,128,0
2,3,44,0.01826917938888073,False,128,0
2,3,45,0.016439739614725113,False,128,0
2,3,46,0.01608894020318985,False,128,0
2,3,47,0.017934873700141907,False,128,0
2,3,48,0.018869031220674515,False,128,0
2,3,49,0.03703221306204796,True,128,0
2,4,0,0.20604202151298523,False,128,0
2,4,1,0.018407166004180908,False,128,0
2,4,2,0.016363294795155525,False,128,0
2,4,3,0.01868577115237713,False,128,0
2,4,4,0.0182290468364954,False,128,0
2,4,5,0.01660117320716381,False,128,0
2,4,6,0.016918862238526344,False,128,0
2,4,7,0.01596149429678917,False,128,0
2,4,8,0.018354937434196472,False,128,0
2,4,9,0.01650046557188034,False,128,0
2,4,10,0.016714882105588913,False,128,0
2,4,11,0.015179503709077835,False,128,0
2,4,12,0.017609713599085808,False,128,0
2,4,13,0.016317445784807205,False,128,0
2,4,14,0.018098557367920876,False,128,0
2,4,15,0.0155476164072752,False,128,0
2,4,16,0.015772126615047455,False,128,0
2,4,17,0.014423251152038574,False,128,0
2,4,18,0.017489619553089142,False,128,0
2,4,19,0.016274575144052505,False,128,0
2,4,20,0.01598418317735195,False,128,0
2,4,21,0.017059169709682465,False,128,0
2,4,22,0.016005191951990128,False,128,0
2,4,23,0.015252084471285343,False,128,0
2,4,24,0.01669553481042385,False,128,0
2,4,25,0.016701584681868553,False,128,0
2,4,26,0.01553083211183548,False,128,0
2,4,27,0.016637850552797318,False,128,0
2,4,28,0.016294993460178375,False,128,0
2,4,29,0.016663052141666412,False,128,0
2,4,30,0.019052375108003616,False,128,0
2,4,31,0.014469899237155914,False,128,0
2,4,32,0.01573065109550953,False,128,0
2,4,33,0.015568706206977367,False,128,0
2,4,34,0.01328988280147314,False,128,0
2,4,35,0.01532779261469841,False,128,0
2,4,36,0.01661163568496704,False,128,0
2,4,37,0.015225687995553017,False,128,0
2,4,38,0.014732539653778076,False,128,0
2,4,39,0.013548932038247585,False,128,0
2,4,40,0.015924746170639992,False,128,0
2,4,41,0.016474159434437752,False,128,0
2,4,42,0.015478421933948994,False,128,0
2,4,43,0.015766562893986702,False,128,0
2,4,44,0.015669457614421844,False,128,0
2,4,45,0.01595354825258255,False,128,0
2,4,46,0.01263668667525053,False,128,0
2,4,47,0.0159554872661829,False,128,0
2,4,48,0.014768003486096859,False,128,0
2,4,49,0.019498828798532486,True,128,0
2,5,0,0.18695662915706635,False,128,0
2,5,1,0.011763024143874645,False,128,0
2,5,2,0.01160150021314621,False,128,0
2,5,3,0.010637342929840088,False,128,0
2,5,4,0.01162456814199686,False,128,0
2,5,5,0.011376623995602131,False,128,0
2,5,6,0.012273680418729782,False,128,0
2,5,7,0.012760517187416553,False,128,0
2,5,8,0.013942300342023373,False,128,0
2,5,9,0.01354927383363247,False,128,0
2,5,10,0.012709702365100384,False,128,0
2,5,11,0.014411276206374168,False,128,0
2,5,12,0.013561366125941277,False,128,0
2,5,13,0.014679976738989353,False,128,0
2,5,14,0.014174209907650948,False,128,0
2,5,15,0.015553981997072697,False,128,0
2,5,16,0.01580478996038437,False,128,0
2,5,17,0.014974448829889297,False,128,0
2,5,18,0.016225092113018036,False,128,0
2,5,19,0.016782570630311966,False,128,0
2,5,20,0.0183100588619709,False,128,0
2,5,21,0.017103472724556923,False,128,0
2,5,22,0.018602419644594193,False,128,0
2,5,23,0.016381127759814262,False,128,0
2,5,24,0.017110876739025116,False,128,0
2,5,25,0.017474278807640076,False,128,0
2,5,26,0.017931992188096046,False,128,0
2,5,27,0.015721678733825684,False,128,0
2,5,28,0.018007710576057434,False,128,0
2,5,29,0.019879238680005074,False,128,0
2,5,30,0.017456859350204468,False,128,0
2,5,31,0.018426254391670227,False,128,0
2,5,32,0.018757537007331848,False,128,0
2,5,33,0.01831185072660446,False,128,0
2,5,34,0.018195293843746185,False,128,0
2,5,35,0.01983736641705036,False,128,0
2,5,36,0.018904710188508034,False,128,0
2,5,37,0.02065887302160263,False,128,0
2,5,38,0.019099004566669464,False,128,0
2,5,39,0.019886646419763565,False,128,0
2,5,40,0.018949203193187714,False,128,0
2,5,41,0.01851850003004074,False,128,0
2,5,42,0.02047758176922798,False,128,0
2,5,43,0.019437240436673164,False,128,0
2,5,44,0.019196322187781334,False,128,0
2,5,45,0.021210893988609314,False,128,0
2,5,46,0.019982535392045975,False,128,0
2,5,47,0.01855529472231865,False,128,0
2,5,48,0.023080551996827126,False,128,0
2,5,49,0.009171755984425545,True,128,0
2,0,0,0.03046228736639023,False,128,1
2,0,1,0.02519913949072361,False,128,1
2,0,2,0.023435205221176147,False,128,1
2,0,3,0.021602358669042587,False,128,1
2,0,4,0.021635059267282486,False,128,1
2,0,5,0.0205824077129364,False,128,1
2,0,6,0.02006729692220688,False,128,1
2,0,7,0.020176151767373085,False,128,1
2,0,8,0.020383082330226898,False,128,1
2,0,9,0.019642017781734467,False,128,1
2,0,10,0.019802069291472435,False,128,1
2,0,11,0.019935278221964836,False,128,1
2,0,12,0.0192496869713068,False,128,1
2,0,13,0.019015781581401825,False,128,1
2,0,14,0.019479479640722275,False,128,1
2,0,15,0.01925813779234886,False,128,1
2,0,16,0.019532740116119385,False,128,1
2,0,17,0.0194262508302927,False,128,1
2,0,18,0.020469315350055695,False,128,1
2,0,19,0.01957375928759575,False,128,1
2,0,20,0.020340844988822937,False,128,1
2,0,21,0.019306622445583344,False,128,1
2,0,22,0.019647972658276558,False,128,1
2,0,23,0.0185769684612751,False,128,1
2,0,24,0.01931074634194374,False,128,1
2,0,25,0.019408181309700012,False,128,1
2,0,26,0.019850585609674454,False,128,1
2,0,27,0.019460603594779968,False,128,1
2,0,28,0.018774494528770447,False,128,1
2,0,29,0.01962006464600563,False,128,1
2,0,30,0.01936997100710869,False,128,1
2,0,31,0.018762746825814247,False,128,1
2,0,32,0.02022649720311165,False,128,1
2,0,33,0.019450727850198746,False,128,1
2,0,34,0.018929095938801765,False,128,1
2,0,35,0.019871532917022705,False,128,1
2,0,36,0.01997951790690422,False,128,1
2,0,37,0.019319454208016396,False,128,1
2,0,38,0.01883484050631523,False,128,1
2,0,39,0.01914181001484394,False,128,1
2,0,40,0.019289318472146988,False,128,1
2,0,41,0.019767289981245995,False,128,1
2,0,42,0.019654059782624245,False,128,1
2,0,43,0.019109241664409637,False,128,1
2,0,44,0.019195299595594406,False,128,1
2,0,45,0.019216107204556465,False,128,1
2,0,46,0.01850370690226555,False,128,1
2,0,47,0.019102059304714203,False,128,1
2,0,48,0.021828684955835342,False,128,1
2,0,49,0.01722344383597374,True,128,1
2,1,0,0.03756629675626755,False,128,1
2,1,1,0.019333025440573692,False,128,1
2,1,2,0.0183560848236084,False,128,1
2,1,3,0.018020888790488243,False,128,1
2,1,4,0.017458196729421616,False,128,1
2,1,5,0.017832862213253975,False,128,1
2,1,6,0.01827169768512249,False,128,1
2,1,7,0.017860006541013718,False,128,1
2,1,8,0.01807786524295807,False,128,1
2,1,9,0.017693646252155304,False,128,1
2,1,10,0.018264029175043106,False,128,1
2,1,11,0.01823146641254425,False,128,1
2,1,12,0.018168741837143898,False,128,1
2,1,13,0.01848427765071392,False,128,1
2,1,14,0.01845741458237171,False,128,1
2,1,15,0.018745971843600273,False,128,1
2,1,16,0.01894533261656761,False,128,1
2,1,17,0.018777988851070404,False,128,1
2,1,18,0.01936854049563408,False,128,1
2,1,19,0.01910543255507946,False,128,1
2,1,20,0.018827572464942932,False,128,1
2,1,21,0.01906311698257923,False,128,1
2,1,22,0.020067360252141953,False,128,1
2,1,23,0.019483083859086037,False,128,1
2,1,24,0.01934465393424034,False,128,1
2,1,25,0.020281119272112846,False,128,1
2,1,26,0.0198495015501976,False,128,1
2,1,27,0.019861729815602303,False,128,1
2,1,28,0.01991288736462593,False,128,1
2,1,29,0.019524794071912766,False,128,1
2,1,30,0.019616620615124702,False,128,1
2,1,31,0.02020566165447235,False,128,1
2,1,32,0.020670177415013313,False,128,1
2,1,33,0.020304234698414803,False,128,1
2,1,34,0.02068411186337471,False,128,1
2,1,35,0.020096903666853905,False,128,1
2,1,36,0.02083001285791397,False,128,1
2,1,37,0.020333565771579742,False,128,1
2,1,38,0.02050730586051941,False,128,1
2,1,39,0.020864320918917656,False,128,1
2,1,40,0.02105475217103958,False,128,1
2,1,41,0.020595673471689224,False,128,1
2,1,42,0.020928140729665756,False,128,1
2,1,43,0.020877623930573463,False,128,1
2,1,44,0.021626804023981094,False,128,1
2,1,45,0.020900972187519073,False,128,1
2,1,46,0.021207354962825775,False,128,1
2,1,47,0.021472489461302757,False,128,1
2,1,48,0.023124486207962036,False,128,1
2,1,49,0.02086319960653782,True,128,1
2,2,0,0.056259945034980774,False,128,1
2,2,1,0.010153930634260178,False,128,1
2,2,2,0.009916596114635468,False,128,1
2,2,3,0.009548463858664036,False,128,1
2,2,4,0.010204947553575039,False,128,1
2,2,5,0.010996260680258274,False,128,1
2,2,6,0.011040574871003628,False,128,1
2,2,7,0.011552899144589901,False,128,1
2,2,8,0.012040800414979458,False,128,1
2,2,9,0.012271638959646225,False,128,1
2,2,10,0.012346186675131321,False,128,1
2,2,11,0.01333637721836567,False,128,1
2,2,12,0.013783270493149757,False,128,1
2,2,13,0.01422225683927536,False,128,1
2,2,14,0.015119905583560467,False,128,1
2,2,15,0.015041282400488853,False,128,1
2,2,16,0.015518494881689548,False,128,1
2,2,17,0.015932584181427956,False,128,1
2,2,18,0.016332227736711502,False,128,1
2,2,19,0.017028944566845894,False,128,1
2,2,20,0.016946205869317055,False,128,1
2,2,21,0.017651129513978958,False,128,1
2,2,22,0.018424268811941147,False,128,1
2,2,23,0.01820748671889305,False,128,1
2,2,24,0.01868431642651558,False,128,1
2,2,25,0.019101576879620552,False,128,1
2,2,26,0.01962556689977646,False,128,1
2,2,27,0.020069485530257225,False,128,1
2,2,28,0.020897336304187775,False,128,1
2,2,29,0.021325714886188507,False,128,1
2,2,30,0.022028686478734016,False,128,1
2,2,31,0.021276846528053284,False,128,1
2,2,32,0.022948380559682846,False,128,1
2,2,33,0.02245468832552433,False,128,1
2,2,34,0.023359619081020355,False,128,1
2,2,35,0.023988977074623108,False,128,1
2,2,36,0.024638880044221878,False,128,1
2,2,37,0.025489499792456627,False,128,1
2,2,38,0.02612955868244171,False,128,1
2,2,39,0.025778625160455704,False,128,1
2,2,40,0.02612251043319702,False,128,1
2,2,41,0.02734024077653885,False,128,1
2,2,42,0.02719302661716938,False,128,1
2,2,43,0.028177674859762192,False,128,1
2,2,44,0.02824842929840088,False,128,1
2,2,45,0.028184134513139725,False,128,1
2,2,46,0.02785472385585308,False,128,1
2,2,47,0.02685786783695221,False,128,1
2,2,48,0.030697423964738846,False,128,1
2,2,49,0.01764952391386032,True,128,1
2,3,0,0.23457376658916473,False,128,1
2,3,1,0.011836230754852295,False,128,1
2,3,2,0.013509666547179222,False,128,1
2,3,3,0.012927123345434666,False,128,1
2,3,4,0.012779605574905872,False,128,1
2,3,5,0.012419193051755428,False,128,1
2,3,6,0.011678584851324558,False,128,1
2,3,7,0.012329925782978535,False,128,1
2,3,8,0.01229357160627842,False,128,1
2,3,9,0.015156278386712074,False,128,1
2,3,10,0.013514348305761814,False,128,1
2,3,11,0.014096715487539768,False,128,1
2,3,12,0.01550822239369154,False,128,1
2,3,13,0.013710529543459415,False,128,1
2,3,14,0.014279108494520187,False,128,1
2,3,15,0.01674697920680046,False,128,1
2,3,16,0.013700012117624283,False,128,1
2,3,17,0.015500679612159729,False,128,1
2,3,18,0.01582345739006996,False,128,1
2,3,19,0.013614213094115257,False,128,1
2,3,20,0.014014636166393757,False,128,1
2,3,21,0.015629684552550316,False,128,1
2,3,22,0.014416675083339214,False,128,1
2,3,23,0.013873672112822533,False,128,1
2,3,24,0.014255999587476254,False,128,1
2,3,25,0.015987858176231384,False,128,1
2,3,26,0.016757076606154442,False,128,1
2,3,27,0.014504017308354378,False,128,1
2,3,28,0.015647919848561287,False,128,1
2,3,29,0.016704972833395004,False,128,1
2,3,30,0.014411856420338154,False,128,1
2,3,31,0.015301966108381748,False,128,1
2,3,32,0.017138181254267693,False,128,1
2,3,33,0.01713060587644577,False,128,1
2,3,34,0.01708540879189968,False,128,1
2,3,35,0.01819099299609661,False,128,1
2,3,36,0.016854722052812576,False,128,1
2,3,37,0.01554756611585617,False,128,1
2,3,38,0.016532523557543755,False,128,1
2,3,39,0.01624218001961708,False,128,1
2,3,40,0.01755165122449398,False,128,1
2,3,41,0.01670503243803978,False,128,1
2,3,42,0.014846068806946278,False,128,1
2,3,43,0.016568582504987717,False,128,1
2,3,44,0.016960203647613525,False,128,1
2,3,45,0.017445845529437065,False,128,1
2,3,46,0.01753341406583786,False,128,1
2,3,47,0.015611901879310608,False,128,1
2,3,48,0.018211528658866882,False,128,1
2,3,49,0.036339059472084045,True,128,1
2,4,0,0.19560545682907104,False,128,1
2,4,1,0.01715708151459694,False,128,1
2,4,2,0.016677092760801315,False,128,1
2,4,3,0.016208337619900703,False,128,1
2,4,4,0.017943907529115677,False,128,1
2,4,5,0.01550556905567646,False,128,1
2,4,6,0.015430623665452003,False,128,1
2,4,7,0.01646820828318596,False,128,1
2,4,8,0.017711233347654343,False,128,1
2,4,9,0.017563486471772194,False,128,1
2,4,10,0.016666864976286888,False,128,1
2,4,11,0.016985425725579262,False,128,1
2,4,12,0.01602851413190365,False,128,1
2,4,13,0.01858513243496418,False,128,1
2,4,14,0.017557676881551743,False,128,1
2,4,15,0.017431942746043205,False,128,1
2,4,16,0.017803261056542397,False,128,1
2,4,17,0.017775654792785645,False,128,1
2,4,18,0.016754604876041412,False,128,1
2,4,19,0.017501357942819595,False,128,1
2,4,20,0.015556175261735916,False,128,1
2,4,21,0.016571229323744774,False,128,1
2,4,22,0.01752227358520031,False,128,1
2,4,23,0.015528727322816849,False,128,1
2,4,24,0.016261091455817223,False,128,1
2,4,25,0.016366776078939438,False,128,1
2,4,26,0.01629323698580265,False,128,1
2,4,27,0.015352129936218262,False,128,1
2,4,28,0.01622314192354679,False,128,1
2,4,29,0.017828334122896194,False,128,1
2,4,30,0.01731793023645878,False,128,1
2,4,31,0.01571192964911461,False,128,1
2,4,32,0.017481040209531784,False,128,1
2,4,33,0.015568936243653297,False,128,1
2,4,34,0.01723289117217064,False,128,1
2,4,35,0.016782043501734734,False,128,1
2,4,36,0.016041859984397888,False,128,1
2,4,37,0.01579543761909008,False,128,1
2,4,38,0.015041878446936607,False,128,1
2,4,39,0.016470031812787056,False,128,1
2,4,40,0.014788063243031502,False,128,1
2,4,41,0.014370370656251907,False,128,1
2,4,42,0.013978802599012852,False,128,1
2,4,43,0.016443299129605293,False,128,1
2,4,44,0.016184860840439796,False,128,1
2,4,45,0.014711529947817326,False,128,1
2,4,46,0.015164952725172043,False,128,1
2,4,47,0.01462272834032774,False,128,1
2,4,48,0.015645960345864296,False,128,1
2,4,49,0.017780911177396774,True,128,1
2,5,0,0.18465514481067657,False,128,1
2,5,1,0.010173344053328037,False,128,1
2,5,2,0.01080142892897129,False,128,1
2,5,3,0.011780261993408203,False,128,1
2,5,4,0.011631762608885765,False,128,1
2,5,5,0.011828670278191566,False,128,1
2,5,6,0.01117286179214716,False,128,1
2,5,7,0.011664378456771374,False,128,1
2,5,8,0.012562093324959278,False,128,1
2,5,9,0.013049216009676456,False,128,1
2,5,10,0.012458755634725094,False,128,1
2,5,11,0.013518140651285648,False,128,1
2,5,12,0.014243919402360916,False,128,1
2,5,13,0.014553808607161045,False,128,1
2,5,14,0.01592138037085533,False,128,1
2,5,15,0.0147322379052639,False,128,1
2,5,16,0.014420706778764725,False,128,1
2,5,17,0.015768621116876602,False,128,1
2,5,18,0.016418037936091423,False,128,1
2,5,19,0.016212711110711098,False,128,1
2,5,20,0.01699017360806465,False,128,1
2,5,21,0.017045503482222557,False,128,1
2,5,22,0.017981717362999916,False,128,1
2,5,23,0.017896143719553947,False,128,1
2,5,24,0.01730898581445217,False,128,1
2,5,25,0.01833365671336651,False,128,1
2,5,26,0.018048934638500214,False,128,1
2,5,27,0.01790507882833481,False,128,1
2,5,28,0.01764809899032116,False,128,1
2,5,29,0.018864359706640244,False,128,1
2,5,30,0.018087489530444145,False,128,1
2,5,31,0.016864212229847908,False,128,1
2,5,32,0.019652899354696274,False,128,1
2,5,33,0.018693000078201294,False,128,1
2,5,34,0.021139830350875854,False,128,1
2,5,35,0.018446799367666245,False,128,1
2,5,36,0.019791683182120323,False,128,1
2,5,37,0.01972716674208641,False,128,1
2,5,38,0.020390478894114494,False,128,1
2,5,39,0.01913338527083397,False,128,1
2,5,40,0.019963813945651054,False,128,1
2,5,41,0.019615909084677696,False,128,1
2,5,42,0.01990462839603424,False,128,1
2,5,43,0.01974751614034176,False,128,1
2,5,44,0.019747009500861168,False,128,1
2,5,45,0.021850811317563057,False,128,1
2,5,46,0.020074501633644104,False,128,1
2,5,47,0.0203232504427433,False,128,1
2,5,48,0.022818192839622498,False,128,1
2,5,49,0.00843728519976139,True,128,1
2,0,0,0.02925417385995388,False,128,2
2,0,1,0.024014482274651527,False,128,2
2,0,2,0.023566462099552155,False,128,2
2,0,3,0.021286895498633385,False,128,2
2,0,4,0.021396296098828316,False,128,2
2,0,5,0.020640462636947632,False,128,2
2,0,6,0.02053700014948845,False,128,2
2,0,7,0.020243369042873383,False,128,2
2,0,8,0.020343463867902756,False,128,2
2,0,9,0.01996569335460663,False,128,2
2,0,10,0.01924966461956501,False,128,2
2,0,11,0.0195879228413105,False,128,2
2,0,12,0.020258823409676552,False,128,2
2,0,13,0.019856145605444908,False,128,2
2,0,14,0.019041622057557106,False,128,2
2,0,15,0.01951128989458084,False,128,2
2,0,16,0.019502392038702965,False,128,2
2,0,17,0.019532985985279083,False,128,2
2,0,18,0.020228132605552673,False,128,2
2,0,19,0.018655776977539062,False,128,2
2,0,20,0.020550444722175598,False,128,2
2,0,21,0.020147381350398064,False,128,2
2,0,22,0.01963474415242672,False,128,2
2,0,23,0.020115938037633896,False,128,2
2,0,24,0.01965736597776413,False,128,2
2,0,25,0.01946311816573143,False,128,2
2,0,26,0.0198750589042902,False,128,2
2,0,27,0.01876913197338581,False,128,2
2,0,28,0.01960548385977745,False,128,2
2,0,29,0.01909175142645836,False,128,2
2,0,30,0.018470773473381996,False,128,2
2,0,31,0.019126342609524727,False,128,2
2,0,32,0.019632872194051743,False,128,2
2,0,33,0.019694119691848755,False,128,2
2,0,34,0.019210651516914368,False,128,2
2,0,35,0.01941736601293087,False,128,2
2,0,36,0.018800148740410805,False,128,2
2,0,37,0.019184378907084465,False,128,2
2,0,38,0.019905870780348778,False,128,2
2,0,39,0.018963618203997612,False,128,2
2,0,40,0.020247535780072212,False,128,2
2,0,41,0.019368493929505348,False,128,2
2,0,42,0.019766975194215775,False,128,2
2,0,43,0.01946176402270794,False,128,2
2,0,44,0.018137890845537186,False,128,2
2,0,45,0.019292138516902924,False,128,2
2,0,46,0.01839788630604744,False,128,2
2,0,47,0.019393719732761383,False,128,2
2,0,48,0.021787511184811592,False,128,2
2,0,49,0.018156476318836212,True,128,2
2,1,0,0.036561883985996246,False,128,2
2,1,1,0.019486203789711,False,128,2
2,1,2,0.01839248277246952,False,128,2
2,1,3,0.018044166266918182,False,128,2
2,1,4,0.017681695520877838,False,128,2
2,1,5,0.01787450909614563,False,128,2
2,1,6,0.017976317554712296,False,128,2
2,1,7,0.017813852056860924,False,128,2
2,1,8,0.01833510212600231,False,128,2
2,1,9,0.01822725310921669,False,128,2
2,1,10,0.018063761293888092,False,128,2
2,1,11,0.018125608563423157,False,128,2
2,1,12,0.018276162445545197,False,128,2
2,1,13,0.018115464597940445,False,128,2
2,1,14,0.018650783225893974,False,128,2
2,1,15,0.018442228436470032,False,128,2
2,1,16,0.019072502851486206,False,128,2
2,1,17,0.018670324236154556,False,128,2
2,1,18,0.019100196659564972,False,128,2
2,1,19,0.019194824621081352,False,128,2
2,1,20,0.018869519233703613,False,128,2
2,1,21,0.019294409081339836,False,128,2
2,1,22,0.01934591867029667,False,128,2
2,1,23,0.01918388158082962,False,128,2
2,1,24,0.01938602887094021,False,128,2
2,1,25,0.01993325725197792,False,128,2
2,1,26,0.019922086969017982,False,128,2
2,1,27,0.0200557392090559,False,128,2
2,1,28,0.020029576495289803,False,128,2
2,1,29,0.02005186676979065,False,128,2
2,1,30,0.019828494638204575,False,128,2
2,1,31,0.020089391618967056,False,128,2
2,1,32,0.020285796374082565,False,128,2
2,1,33,0.020951462909579277,False,128,2
2,1,34,0.02011917158961296,False,128,2
2,1,35,0.02037985995411873,False,128,2
2,1,36,0.02057529427111149,False,128,2
2,1,37,0.020450277253985405,False,128,2
2,1,38,0.021317774429917336,False,128,2
2,1,39,0.021191265434026718,False,128,2
2,1,40,0.02091372013092041,False,128,2
2,1,41,0.020862706005573273,False,128,2
2,1,42,0.02106989361345768,False,128,2
2,1,43,0.021306194365024567,False,128,2
2,1,44,0.021161528304219246,False,128,2
2,1,45,0.02103128843009472,False,128,2
2,1,46,0.020749632269144058,False,128,2
2,1,47,0.021250160411000252,False,128,2
2,1,48,0.022415010258555412,False,128,2
2,1,49,0.021873455494642258,True,128,2
2,2,0,0.0567600391805172,False,128,2
2,2,1,0.010174177587032318,False,128,2
2,2,2,0.009935925714671612,False,128,2
2,2,3,0.01023012027144432,False,128,2
2,2,4,0.010532228276133537,False,128,2
2,2,5,0.01078767143189907,False,128,2
2,2,6,0.010951953008770943,False,128,2
2,2,7,0.011554268188774586,False,128,2
2,2,8,0.012229742482304573,False,128,2
2,2,9,0.012292597442865372,False,128,2
2,2,10,0.012663903646171093,False,128,2
2,2,11,0.013224290683865547,False,128,2
2,2,12,0.013598775491118431,False,128,2
2,2,13,0.014377979561686516,False,128,2
2,2,14,0.014435844495892525,False,128,2
2,2,15,0.015727201476693153,False,128,2
2,2,16,0.01525810081511736,False,128,2
2,2,17,0.01575474813580513,False,128,2
2,2,18,0.015644773840904236,False,128,2
2,2,19,0.016161125153303146,False,128,2
2,2,20,0.01678404211997986,False,128,2
2,2,21,0.017851009964942932,False,128,2
2,2,22,0.01812918111681938,False,128,2
2,2,23,0.01876944676041603,False,128,2
2,2,24,0.018399782478809357,False,128,2
2,2,25,0.01915454864501953,False,128,2
2,2,26,0.019152047112584114,False,128,2
2,2,27,0.020341621711850166,False,128,2
2,2,28,0.020917003974318504,False,128,2
2,2,29,0.02122359909117222,False,128,2
2,2,30,0.021286040544509888,False,128,2
2,2,31,0.021723585203289986,False,128,2
2,2,32,0.023594509810209274,False,128,2
2,2,33,0.023010186851024628,False,128,2
2,2,34,0.02352634072303772,False,128,2
2,2,35,0.02384832128882408,False,128,2
2,2,36,0.024556735530495644,False,128,2
2,2,37,0.024870794266462326,False,128,2
2,2,38,0.02588016539812088,False,128,2
2,2,39,0.026289701461791992,False,128,2
2,2,40,0.026233745738863945,False,128,2
2,2,41,0.02750362642109394,False,128,2
2,2,42,0.027541140094399452,False,128,2
2,2,43,0.027140973135828972,False,128,2
2,2,44,0.02766319178044796,False,128,2
2,2,45,0.028094042092561722,False,128,2
2,2,46,0.028212061151862144,False,128,2
2,2,47,0.027597108855843544,False,128,2
2,2,48,0.03005845472216606,False,128,2
2,2,49,0.018351532518863678,True,128,2
2,3,0,0.22568002343177795,False,128,2
2,3,1,0.010729962959885597,False,128,2
2,3,2,0.012087310664355755,False,128,2
2,3,3,0.011836856603622437,False,128,2
2,3,4,0.012949771247804165,False,128,2
2,3,5,0.012807752005755901,False,128,2
2,3,6,0.014663328416645527,False,128,2
2,3,7,0.01083402894437313,False,128,2
2,3,8,0.012708905152976513,False,128,2
2,3,9,0.013110603205859661,False,128,2
2,3,10,0.012582631781697273,False,128,2
2,3,11,0.014043521136045456,False,128,2
2,3,12,0.0126923443749547,False,128,2
2,3,13,0.01565653830766678,False,128,2
2,3,14,0.013810675591230392,False,128,2
2,3,15,0.016519155353307724,False,128,2
2,3,16,0.015103480778634548,False,128,2
2,3,17,0.015975842252373695,False,128,2
2,3,18,0.011831128969788551,False,128,2
2,3,19,0.015678860247135162,False,128,2
2,3,20,0.014812511391937733,False,128,2
2,3,21,0.015152224339544773,False,128,2
2,3,22,0.013554632663726807,False,128,2
2,3,23,0.01633463054895401,False,128,2
2,3,24,0.012991237454116344,False,128,2
2,3,25,0.018289556726813316,False,128,2
2,3,26,0.015752237290143967,False,128,2
2,3,27,0.014876259490847588,False,128,2
2,3,28,0.015744473785161972,False,128,2
2,3,29,0.015037210658192635,False,128,2
2,3,30,0.015483180060982704,False,128,2
2,3,31,0.01508104894310236,False,128,2
2,3,32,0.01771037094295025,False,128,2
2,3,33,0.016107235103845596,False,128,2
2,3,34,0.01604800671339035,False,128,2
2,3,35,0.01838129200041294,False,128,2
2,3,36,0.01689845696091652,False,128,2
2,3,37,0.017522843554615974,False,128,2
2,3,38,0.016918038949370384,False,128,2
2,3,39,0.018284860998392105,False,128,2
2,3,40,0.016398945823311806,False,128,2
2,3,41,0.018162216991186142,False,128,2
2,3,42,0.01742010936141014,False,128,2
2,3,43,0.016491742804646492,False,128,2
2,3,44,0.018594468012452126,False,128,2
2,3,45,0.01512665394693613,False,128,2
2,3,46,0.01507410779595375,False,128,2
2,3,47,0.019985085353255272,False,128,2
2,3,48,0.018311362713575363,False,128,2
2,3,49,0.0421522818505764,True,128,2
2,4,0,0.2001153826713562,False,128,2
2,4,1,0.01732388138771057,False,128,2
2,4,2,0.018254749476909637,False,128,2
2,4,3,0.018607862293720245,False,128,2
2,4,4,0.016081316396594048,False,128,2
2,4,5,0.017436541616916656,False,128,2
2,4,6,0.01656598411500454,False,128,2
2,4,7,0.017137158662080765,False,128,2
2,4,8,0.01627654768526554,False,128,2
2,4,9,0.017139069736003876,False,128,2
2,4,10,0.015374306589365005,False,128,2
2,4,11,0.016870204359292984,False,128,2
2,4,12,0.015326634049415588,False,128,2
2,4,13,0.021263059228658676,False,128,2
2,4,14,0.017178624868392944,False,128,2
2,4,15,0.018750816583633423,False,128,2
2,4,16,0.015123667195439339,False,128,2
2,4,17,0.016079487279057503,False,128,2
2,4,18,0.01500408723950386,False,128,2
2,4,19,0.016230082139372826,False,128,2
2,4,20,0.015990663319826126,False,128,2
2,4,21,0.018106043338775635,False,128,2
2,4,22,0.015546225942671299,False,128,2
2,4,23,0.015963250771164894,False,128,2
2,4,24,0.0159659031778574,False,128,2
2,4,25,0.015482517890632153,False,128,2
2,4,26,0.015879396349191666,False,128,2
2,4,27,0.016054464504122734,False,128,2
2,4,28,0.01767699606716633,False,128,2
2,4,29,0.016060318797826767,False,128,2
2,4,30,0.016659170389175415,False,128,2
2,4,31,0.014805076643824577,False,128,2
2,4,32,0.01712019369006157,False,128,2
2,4,33,0.015842489898204803,False,128,2
2,4,34,0.01493951864540577,False,128,2
2,4,35,0.01648210734128952,False,128,2
2,4,36,0.015893355011940002,False,128,2
2,4,37,0.016070503741502762,False,128,2
2,4,38,0.01563701219856739,False,128,2
2,4,39,0.017721273005008698,False,128,2
2,4,40,0.015035350807011127,False,128,2
2,4,41,0.01593845896422863,False,128,2
2,4,42,0.014074024744331837,False,128,2
2,4,43,0.015395713038742542,False,128,2
2,4,44,0.01550317369401455,False,128,2
2,4,45,0.01647871360182762,False,128,2
2,4,46,0.014310339465737343,False,128,2
2,4,47,0.014621024951338768,False,128,2
2,4,48,0.013400331139564514,False,128,2
2,4,49,0.019206944853067398,True,128,2
2,5,0,0.18404880166053772,False,128,2
2,5,1,0.010777433402836323,False,128,2
2,5,2,0.011394934728741646,False,128,2
2,5,3,0.011918754316866398,False,128,2
2,5,4,0.012376024387776852,False,128,2
2,5,5,0.011774955317378044,False,128,2
2,5,6,0.011910634115338326,False,128,2
2,5,7,0.01120707392692566,False,128,2
2,5,8,0.014271228574216366,False,128,2
2,5,9,0.012532951310276985,False,128,2
2,5,10,0.012536720372736454,False,128,2
2,5,11,0.014339186251163483,False,128,2
2,5,12,0.01201919186860323,False,128,2
2,5,13,0.014611151069402695,False,128,2
2,5,14,0.014421788975596428,False,128,2
2,5,15,0.016727035865187645,False,128,2
2,5,16,0.015756096690893173,False,128,2
2,5,17,0.015232072211802006,False,128,2
2,5,18,0.01726590469479561,False,128,2
2,5,19,0.016694240272045135,False,128,2
2,5,20,0.015619685873389244,False,128,2
2,5,21,0.01615755259990692,False,128,2
2,5,22,0.016777638345956802,False,128,2
2,5,23,0.017852285876870155,False,128,2
2,5,24,0.017642371356487274,False,128,2
2,5,25,0.019855177029967308,False,128,2
2,5,26,0.018359964713454247,False,128,2
2,5,27,0.017324116080999374,False,128,2
2,5,28,0.019822852686047554,False,128,2
2,5,29,0.016747139394283295,False,128,2
2,5,30,0.01828140765428543,False,128,2
2,5,31,0.018971074372529984,False,128,2
2,5,32,0.019978396594524384,False,128,2
2,5,33,0.019608736038208008,False,128,2
2,5,34,0.017650822177529335,False,128,2
2,5,35,0.017725596204400063,False,128,2
2,5,36,0.01967175118625164,False,128,2
2,5,37,0.021081412211060524,False,128,2
2,5,38,0.019266650080680847,False,128,2
2,5,39,0.020847482606768608,False,128,2
2,5,40,0.018285823985934258,False,128,2
2,5,41,0.019288716837763786,False,128,2
2,5,42,0.020834345370531082,False,128,2
2,5,43,0.019764436408877373,False,128,2
2,5,44,0.020082922652363777,False,128,2
2,5,45,0.01971236802637577,False,128,2
2,5,46,0.019746389240026474,False,128,2
2,5,47,0.01927003264427185,False,128,2
2,5,48,0.02296939305961132,False,128,2
2,5,49,0.008987294510006905,True,128,2
2,0,0,0.02909466251730919,False,128,3
2,0,1,0.023736976087093353,False,128,3
2,0,2,0.02269798330962658,False,128,3
2,0,3,0.021776815876364708,False,128,3
2,0,4,0.020939446985721588,False,128,3
2,0,5,0.021212827414274216,False,128,3
2,0,6,0.020351901650428772,False,128,3
2,0,7,0.02039008028805256,False,128,3
2,0,8,0.020085077732801437,False,128,3
2,0,9,0.020099859684705734,False,128,3
2,0,10,0.01955023966729641,False,128,3
2,0,11,0.020213812589645386,False,128,3
2,0,12,0.019299644976854324,False,128,3
2,0,13,0.019459974020719528,False,128,3
2,0,14,0.018791716545820236,False,128,3
2,0,15,0.01961083523929119,False,128,3
2,0,16,0.020550288259983063,False,128,3
2,0,17,0.019021164625883102,False,128,3
2,0,18,0.01945808157324791,False,128,3
2,0,19,0.019154539331793785,False,128,3
2,0,20,0.01952114887535572,False,128,3
2,0,21,0.020041421055793762,False,128,3
2,0,22,0.019651368260383606,False,128,3
2,0,23,0.01996195875108242,False,128,3
2,0,24,0.019266391173005104,False,128,3
2,0,25,0.019196683540940285,False,128,3
2,0,26,0.01947285607457161,False,128,3
2,0,27,0.01949990540742874,False,128,3
2,0,28,0.019593259319663048,False,128,3
2,0,29,0.019502080976963043,False,128,3
2,0,30,0.018879450857639313,False,128,3
2,0,31,0.01932872086763382,False,128,3
2,0,32,0.019735930487513542,False,128,3
2,0,33,0.019649511203169823,False,128,3
2,0,34,0.01984938606619835,False,128,3
2,0,35,0.019220512360334396,False,128,3
2,0,36,0.019675105810165405,False,128,3
2,0,37,0.01957526057958603,False,128,3
2,0,38,0.019223058596253395,False,128,3
2,0,39,0.019343074411153793,False,128,3
2,0,40,0.019115015864372253,False,128,3
2,0,41,0.01996491476893425,False,128,3
2,0,42,0.018906360492110252,False,128,3
2,0,43,0.018821541219949722,False,128,3
2,0,44,0.019501671195030212,False,128,3
2,0,45,0.019098708406090736,False,128,3
2,0,46,0.019969508051872253,False,128,3
2,0,47,0.019947199150919914,False,128,3
2,0,48,0.02141176164150238,False,128,3
2,0,49,0.017580296844244003,True,128,3
2,1,0,0.03646650165319443,False,128,3
2,1,1,0.01951608993113041,False,128,3
2,1,2,0.018492065370082855,False,128,3
2,1,3,0.018238035961985588,False,128,3
2,1,4,0.018067071214318275,False,128,3
2,1,5,0.01808583363890648,False,128,3
2,1,6,0.017913704738020897,False,128,3
2,1,7,0.01799088343977928,False,128,3
2,1,8,0.017663750797510147,False,128,3
2,1,9,0.017876947298645973,False,128,3
2,1,10,0.018257755786180496,False,128,3
2,1,11,0.01845264621078968,False,128,3
2,1,12,0.01822817139327526,False,128,3
2,1,13,0.018096880987286568,False,128,3
2,1,14,0.018798740580677986,False,128,3
2,1,15,0.018989788368344307,False,128,3
2,1,16,0.018747206777334213,False,128,3
2,1,17,0.019165493547916412,False,128,3
2,1,18,0.019438279792666435,False,128,3
2,1,19,0.018942363560199738,False,128,3
2,1,20,0.018978066742420197,False,128,3
2,1,21,0.018862733617424965,False,128,3
2,1,22,0.019466467201709747,False,128,3
2,1,23,0.01959836296737194,False,128,3
2,1,24,0.019395245239138603,False,128,3
2,1,25,0.019707519561052322,False,128,3
2,1,26,0.01989653706550598,False,128,3
2,1,27,0.0195733942091465,False,128,3
2,1,28,0.020022988319396973,False,128,3
2,1,29,0.01953509822487831,False,128,3
2,1,30,0.0202090572565794,False,128,3
2,1,31,0.019837910309433937,False,128,3
2,1,32,0.020533349364995956,False,128,3
2,1,33,0.020708905532956123,False,128,3
2,1,34,0.019880779087543488,False,128,3
2,1,35,0.020065881311893463,False,128,3
2,1,36,0.020554324612021446,False,128,3
2,1,37,0.02070780098438263,False,128,3
2,1,38,0.02043924480676651,False,128,3
2,1,39,0.020648609846830368,False,128,3
2,1,40,0.021017126739025116,False,128,3
2,1,41,0.021191807463765144,False,128,3
2,1,42,0.021186912432312965,False,128,3
2,1,43,0.02119598351418972,False,128,3
2,1,44,0.021376844495534897,False,128,3
2,1,45,0.021121937781572342,False,128,3
2,1,46,0.021305009722709656,False,128,3
2,1,47,0.020725995302200317,False,128,3
2,1,48,0.02265140786767006,False,128,3
2,1,49,0.02217649295926094,True,128,3
2,2,0,0.0574951134622097,False,128,3
2,2,1,0.010995976626873016,False,128,3
2,2,2,0.010491078719496727,False,128,3
2,2,3,0.010246478021144867,False,128,3
2,2,4,0.010763437487185001,False,128,3
2,2,5,0.011042741127312183,False,128,3
2,2,6,0.011283737607300282,False,128,3
2,2,7,0.011787964031100273,False,128,3
2,2,8,0.012151304632425308,False,128,3
2,2,9,0.0126151442527771,False,128,3
2,2,10,0.013078879565000534,False,128,3
2,2,11,0.013515602797269821,False,128,3
2,2,12,0.013844311237335205,False,128,3
2,2,13,0.014241128228604794,False,128,3
2,2,14,0.014289654791355133,False,128,3
2,2,15,0.014944346621632576,False,128,3
2,2,16,0.015498939901590347,False,128,3
2,2,17,0.015708405524492264,False,128,3
2,2,18,0.015943078324198723,False,128,3
2,2,19,0.016757894307374954,False,128,3
2,2,20,0.016926521435379982,False,128,3
2,2,21,0.01785154640674591,False,128,3
2,2,22,0.017808381468057632,False,128,3
2,2,23,0.01868278719484806,False,128,3
2,2,24,0.018842747434973717,False,128,3
2,2,25,0.019150426611304283,False,128,3
2,2,26,0.019365129992365837,False,128,3
2,2,27,0.019913136959075928,False,128,3
2,2,28,0.020578760653734207,False,128,3
2,2,29,0.021179577335715294,False,128,3
2,2,30,0.021328765898942947,False,128,3
2,2,31,0.021922137588262558,False,128,3
2,2,32,0.022218190133571625,False,128,3
2,2,33,0.023063670843839645,False,128,3
2,2,34,0.023206835612654686,False,128,3
2,2,35,0.02403358556330204,False,128,3
2,2,36,0.024504689499735832,False,128,3
2,2,37,0.025814475491642952,False,128,3
2,2,38,0.02498941868543625,False,128,3
2,2,39,0.025538302958011627,False,128,3
2,2,40,0.026100868359208107,False,128,3
2,2,41,0.027005735784769058,False,128,3
2,2,42,0.027427615597844124,False,128,3
2,2,43,0.027921335771679878,False,128,3
2,2,44,0.027196960523724556,False,128,3
2,2,45,0.027089126408100128,False,128,3
2,2,46,0.028180496767163277,False,128,3
2,2,47,0.027095194905996323,False,128,3
2,2,48,0.029598576948046684,False,128,3
2,2,49,0.01876978576183319,True,128,3
2,3,0,0.21646597981452942,False,128,3
2,3,1,0.011750183999538422,False,128,3
2,3,2,0.010797660797834396,False,128,3
2,3,3,0.010931616649031639,False,128,3
2,3,4,0.009859053418040276,False,128,3
2,3,5,0.012010867707431316,False,128,3
2,3,6,0.011554906144738197,False,128,3
2,3,7,0.011642125435173512,False,128,3
2,3,8,0.011002912186086178,False,128,3
2,3,9,0.012713656760752201,False,128,3
2,3,10,0.011562187224626541,False,128,3
2,3,11,0.012203829362988472,False,128,3
2,3,12,0.012804137542843819,False,128,3
2,3,13,0.013029864989221096,False,128,3
2,3,14,0.011805681511759758,False,128,3
2,3,15,0.015278004109859467,False,128,3
2,3,16,0.015223240479826927,False,128,3
2,3,17,0.01398450881242752,False,128,3
2,3,18,0.012555710971355438,False,128,3
2,3,19,0.014618819579482079,False,128,3
2,3,20,0.015075289644300938,False,128,3
2,3,21,0.013944145292043686,False,128,3
2,3,22,0.014321899972856045,False,128,3
2,3,23,0.01647214964032173,False,128,3
2,3,24,0.015477380715310574,False,128,3
2,3,25,0.017448266968131065,False,128,3
2,3,26,0.014712989330291748,False,128,3
2,3,27,0.016054287552833557,False,128,3
2,3,28,0.014494978822767735,False,128,3
2,3,29,0.01593095250427723,False,128,3
2,3,30,0.017491091042757034,False,128,3
2,3,31,0.016163798049092293,False,128,3
2,3,32,0.016141904518008232,False,128,3
2,3,33,0.017554085701704025,False,128,3
2,3,34,0.016656596213579178,False,128,3
2,3,35,0.015754813328385353,False,128,3
2,3,36,0.017873583361506462,False,128,3
2,3,37,0.018022986128926277,False,128,3
2,3,38,0.01774597354233265,False,128,3
2,3,39,0.01887010969221592,False,128,3
2,3,40,0.017687704414129257,False,128,3
2,3,41,0.018534380942583084,False,128,3
2,3,42,0.021291458979249,False,128,3
2,3,43,0.02102646604180336,False,128,3
2,3,44,0.01998419687151909,False,128,3
2,3,45,0.017877375707030296,False,128,3
2,3,46,0.01874617114663124,False,128,3
2,3,47,0.020133115351200104,False,128,3
2,3,48,0.024062998592853546,False,128,3
2,3,49,0.04265391454100609,True,128,3
2,4,0,0.19162733852863312,False,128,3
2,4,1,0.016408750787377357,False,128,3
2,4,2,0.015610870905220509,False,128,3
2,4,3,0.01608392782509327,False,128,3
2,4,4,0.015576215460896492,False,128,3
2,4,5,0.015228315256536007,False,128,3
2,4,6,0.017279362305998802,False,128,3
2,4,7,0.017134059220552444,False,128,3
2,4,8,0.01768648810684681,False,128,3
2,4,9,0.017417259514331818,False,128,3
2,4,10,0.017061350867152214,False,128,3
2,4,11,0.015947161242365837,False,128,3
2,4,12,0.01652434840798378,False,128,3
2,4,13,0.01658540405333042,False,128,3
2,4,14,0.017852483317255974,False,128,3
2,4,15,0.01716839335858822,False,128,3
2,4,16,0.01783875934779644,False,128,3
2,4,17,0.015641136094927788,False,128,3
2,4,18,0.016842149198055267,False,128,3
2,4,19,0.016708746552467346,False,128,3
2,4,20,0.015362288802862167,False,128,3
2,4,21,0.021278703585267067,False,128,3
2,4,22,0.017467554658651352,False,128,3
2,4,23,0.01909591257572174,False,128,3
2,4,24,0.016137637197971344,False,128,3
2,4,25,0.018043681979179382,False,128,3
2,4,26,0.01590694487094879,False,128,3
2,4,27,0.01508032251149416,False,128,3
2,4,28,0.017003169283270836,False,128,3
2,4,29,0.016308652237057686,False,128,3
2,4,30,0.015689095482230186,False,128,3
2,4,31,0.01553789246827364,False,128,3
2,4,32,0.014505031518638134,False,128,3
2,4,33,0.0166512131690979,False,128,3
2,4,34,0.016860617324709892,False,128,3
2,4,35,0.015927031636238098,False,128,3
2,4,36,0.015804115682840347,False,128,3
2,4,37,0.014638364315032959,False,128,3
2,4,38,0.01487137284129858,False,128,3
2,4,39,0.015871169045567513,False,128,3
2,4,40,0.016005825251340866,False,128,3
2,4,41,0.016456659883260727,False,128,3
2,4,42,0.016558978706598282,False,128,3
2,4,43,0.016778623685240746,False,128,3
2,4,44,0.014422670938074589,False,128,3
2,4,45,0.016601594164967537,False,128,3
2,4,46,0.015147860161960125,False,128,3
2,4,47,0.014546182006597519,False,128,3
2,4,48,0.015177550725638866,False,128,3
2,4,49,0.02204076759517193,True,128,3
2,5,0,0.18069162964820862,False,128,3
2,5,1,0.012182134203612804,False,128,3
2,5,2,0.01145104505121708,False,128,3
2,5,3,0.010726346634328365,False,128,3
2,5,4,0.01060158759355545,False,128,3
2,5,5,0.011961662210524082,False,128,3
2,5,6,0.01119346171617508,False,128,3
2,5,7,0.013371448032557964,False,128,3
2,5,8,0.012754568830132484,False,128,3
2,5,9,0.012503650039434433,False,128,3
2,5,10,0.014551900327205658,False,128,3
2,5,11,0.014165103435516357,False,128,3
2,5,12,0.014671293087303638,False,128,3
2,5,13,0.0159381702542305,False,128,3
2,5,14,0.013657917268574238,False,128,3
2,5,15,0.015593079850077629,False,128,3
2,5,16,0.015522107481956482,False,128,3
2,5,17,0.017575286328792572,False,128,3
2,5,18,0.013994717039167881,False,128,3
2,5,19,0.015735432505607605,False,128,3
2,5,20,0.016739781945943832,False,128,3
2,5,21,0.01783481426537037,False,128,3
2,5,22,0.016333796083927155,False,128,3
2,5,23,0.01711037941277027,False,128,3
2,5,24,0.017797619104385376,False,128,3
2,5,25,0.01846454292535782,False,128,3
2,5,26,0.017008328810334206,False,128,3
2,5,27,0.01793084107339382,False,128,3
2,5,28,0.017135044559836388,False,128,3
2,5,29,0.017697187140583992,False,128,3
2,5,30,0.01900985836982727,False,128,3
2,5,31,0.01865764893591404,False,128,3
2,5,32,0.019137846305966377,False,128,3
2,5,33,0.018733762204647064,False,128,3
2,5,34,0.019325844943523407,False,128,3
2,5,35,0.02001694217324257,False,128,3
2,5,36,0.017767908051609993,False,128,3
2,5,37,0.020558930933475494,False,128,3
2,5,38,0.02118251658976078,False,128,3
2,5,39,0.020358141511678696,False,128,3
2,5,40,0.020158909261226654,False,128,3
2,5,41,0.019314967095851898,False,128,3
2,5,42,0.019148999825119972,False,128,3
2,5,43,0.02191060781478882,False,128,3
2,5,44,0.02059246227145195,False,128,3
2,5,45,0.019624855369329453,False,128,3
2,5,46,0.021595783531665802,False,128,3
2,5,47,0.0184980146586895,False,128,3
2,5,48,0.023512089625000954,False,128,3
2,5,49,0.007999032735824585,True,128,3
2,0,0,0.028995361179113388,False,128,4
2,0,1,0.023978382349014282,False,128,4
2,0,2,0.02273496985435486,False,128,4
2,0,3,0.021422334015369415,False,128,4
2,0,4,0.021371684968471527,False,128,4
2,0,5,0.02109541743993759,False,128,4
2,0,6,0.020148295909166336,False,128,4
2,0,7,0.02005847357213497,False,128,4
2,0,8,0.019724534824490547,False,128,4
2,0,9,0.020076127722859383,False,128,4
2,0,10,0.0198991596698761,False,128,4
2,0,11,0.019852573052048683,False,128,4
2,0,12,0.019876651465892792,False,128,4
2,0,13,0.01942744478583336,False,128,4
2,0,14,0.018838372081518173,False,128,4
2,0,15,0.019679389894008636,False,128,4
2,0,16,0.019623063504695892,False,128,4
2,0,17,0.020361274480819702,False,128,4
2,0,18,0.01971449702978134,False,128,4
2,0,19,0.01954430341720581,False,128,4
2,0,20,0.018996698781847954,False,128,4
2,0,21,0.01899033412337303,False,128,4
2,0,22,0.01938917115330696,False,128,4
2,0,23,0.019535312429070473,False,128,4
2,0,24,0.01867307722568512,False,128,4
2,0,25,0.01911335624754429,False,128,4
2,0,26,0.020382890477776527,False,128,4
2,0,27,0.0190596766769886,False,128,4
2,0,28,0.019225874915719032,False,128,4
2,0,29,0.01934688165783882,False,128,4
2,0,30,0.019532976672053337,False,128,4
2,0,31,0.020262140780687332,False,128,4
2,0,32,0.019086169078946114,False,128,4
2,0,33,0.01954028569161892,False,128,4
2,0,34,0.01957489550113678,False,128,4
2,0,35,0.02029084973037243,False,128,4
2,0,36,0.020053640007972717,False,128,4
2,0,37,0.019628647714853287,False,128,4
2,0,38,0.02006164751946926,False,128,4
2,0,39,0.019165001809597015,False,128,4
2,0,40,0.01904039829969406,False,128,4
2,0,41,0.02000775747001171,False,128,4
2,0,42,0.01972036249935627,False,128,4
2,0,43,0.019177893176674843,False,128,4
2,0,44,0.01909945160150528,False,128,4
2,0,45,0.019690172746777534,False,128,4
2,0,46,0.01971084624528885,False,128,4
2,0,47,0.018790557980537415,False,128,4
2,0,48,0.02147015929222107,False,128,4
2,0,49,0.016960561275482178,True,128,4
2,1,0,0.03459892421960831,False,128,4
2,1,1,0.019835785031318665,False,128,4
2,1,2,0.018166691064834595,False,128,4
2,1,3,0.018168630078434944,False,128,4
2,1,4,0.018161455169320107,False,128,4
2,1,5,0.017874887213110924,False,128,4
2,1,6,0.0178542323410511,False,128,4
2,1,7,0.018139053136110306,False,128,4
2,1,8,0.017925743013620377,False,128,4
2,1,9,0.018008319661021233,False,128,4
2,1,10,0.0181729756295681,False,128,4
2,1,11,0.018368104472756386,False,128,4
2,1,12,0.018506823107600212,False,128,4
2,1,13,0.018127311021089554,False,128,4
2,1,14,0.018599949777126312,False,128,4
2,1,15,0.018996896222233772,False,128,4
2,1,16,0.018699893727898598,False,128,4
2,1,17,0.018417123705148697,False,128,4
2,1,18,0.0189580749720335,False,128,4
2,1,19,0.019131429493427277,False,128,4
2,1,20,0.018827438354492188,False,128,4
2,1,21,0.01905776746571064,False,128,4
2,1,22,0.020201487466692924,False,128,4
2,1,23,0.01979629322886467,False,128,4
2,1,24,0.019461823627352715,False,128,4
2,1,25,0.019588131457567215,False,128,4
2,1,26,0.019717536866664886,False,128,4
2,1,27,0.019894536584615707,False,128,4
2,1,28,0.02048785239458084,False,128,4
2,1,29,0.019764818251132965,False,128,4
2,1,30,0.01950661838054657,False,128,4
2,1,31,0.020752403885126114,False,128,4
2,1,32,0.020211445167660713,False,128,4
2,1,33,0.02047915756702423,False,128,4
2,1,34,0.0205150805413723,False,128,4
2,1,35,0.0201550405472517,False,128,4
2,1,36,0.020660366863012314,False,128,4
2,1,37,0.02111539989709854,False,128,4
2,1,38,0.020721524953842163,False,128,4
2,1,39,0.020505055785179138,False,128,4
2,1,40,0.020422236993908882,False,128,4
2,1,41,0.021360471844673157,False,128,4
2,1,42,0.02057114616036415,False,128,4
2,1,43,0.020717957988381386,False,128,4
2,1,44,0.021713238209486008,False,128,4
2,1,45,0.02131432294845581,False,128,4
2,1,46,0.02080649510025978,False,128,4
2,1,47,0.021081093698740005,False,128,4
2,1,48,0.023564180359244347,False,128,4
2,1,49,0.022316770628094673,True,128,4
2,2,0,0.05423400551080704,False,128,4
2,2,1,0.011862962506711483,False,128,4
2,2,2,0.011119055561721325,False,128,4
2,2,3,0.011202582158148289,False,128,4
2,2,4,0.011448213830590248,False,128,4
2,2,5,0.011592858470976353,False,128,4
2,2,6,0.011821619234979153,False,128,4
2,2,7,0.012119702063500881,False,128,4
2,2,8,0.012506840750575066,False,128,4
2,2,9,0.012791672721505165,False,128,4
2,2,10,0.013435388915240765,False,128,4
2,2,11,0.013744551688432693,False,128,4
2,2,12,0.014269597828388214,False,128,4
2,2,13,0.014742575585842133,False,128,4
2,2,14,0.015020185150206089,False,128,4
2,2,15,0.015270263887941837,False,128,4
2,2,16,0.015867190435528755,False,128,4
2,2,17,0.016462333500385284,False,128,4
2,2,18,0.016137756407260895,False,128,4
2,2,19,0.016839154064655304,False,128,4
2,2,20,0.017206059768795967,False,128,4
2,2,21,0.01772462949156761,False,128,4
2,2,22,0.0179266557097435,False,128,4
2,2,23,0.018588757142424583,False,128,4
2,2,24,0.01864210143685341,False,128,4
2,2,25,0.018666937947273254,False,128,4
2,2,26,0.019633542746305466,False,128,4
2,2,27,0.020058751106262207,False,128,4
2,2,28,0.020581785589456558,False,128,4
2,2,29,0.021164076402783394,False,128,4
2,2,30,0.021183999255299568,False,128,4
2,2,31,0.021351931616663933,False,128,4
2,2,32,0.022462375462055206,False,128,4
2,2,33,0.023420754820108414,False,128,4
2,2,34,0.023369349539279938,False,128,4
2,2,35,0.023695945739746094,False,128,4
2,2,36,0.0243427362293005,False,128,4
2,2,37,0.024988479912281036,False,128,4
2,2,38,0.02521401084959507,False,128,4
2,2,39,0.025163838639855385,False,128,4
2,2,40,0.025141268968582153,False,128,4
2,2,41,0.02685633674263954,False,128,4
2,2,42,0.026924489066004753,False,128,4
2,2,43,0.026393748819828033,False,128,4
2,2,44,0.027480466291308403,False,128,4
2,2,45,0.027614759281277657,False,128,4
2,2,46,0.027527278289198875,False,128,4
2,2,47,0.027184806764125824,False,128,4
2,2,48,0.029280822724103928,False,128,4
2,2,49,0.017720796167850494,True,128,4
2,3,0,0.18882745504379272,False,128,4
2,3,1,0.010893050581216812,False,128,4
2,3,2,0.01076381653547287,False,128,4
2,3,3,0.011337026953697205,False,128,4
2,3,4,0.010092739015817642,False,128,4
2,3,5,0.00974399782717228,False,128,4
2,3,6,0.009647962637245655,False,128,4
2,3,7,0.010642211884260178,False,128,4
2,3,8,0.010267061181366444,False,128,4
2,3,9,0.01267925649881363,False,128,4
2,3,10,0.011277813464403152,False,128,4
2,3,11,0.011793287470936775,False,128,4
2,3,12,0.01076585240662098,False,128,4
2,3,13,0.011541361920535564,False,128,4
2,3,14,0.01246295403689146,False,128,4
2,3,15,0.012081917375326157,False,128,4
2,3,16,0.011759776622056961,False,128,4
2,3,17,0.012948183342814445,False,128,4
2,3,18,0.013659730553627014,False,128,4
2,3,19,0.01350321900099516,False,128,4
2,3,20,0.013229690492153168,False,128,4
2,3,21,0.013832499273121357,False,128,4
2,3,22,0.013817272149026394,False,128,4
2,3,23,0.014966800808906555,False,128,4
2,3,24,0.015048232860863209,False,128,4
2,3,25,0.015329448506236076,False,128,4
2,3,26,0.015096178278326988,False,128,4
2,3,27,0.016933418810367584,False,128,4
2,3,28,0.01732831820845604,False,128,4
2,3,29,0.017097894102334976,False,128,4
2,3,30,0.017718542367219925,False,128,4
2,3,31,0.01714394986629486,False,128,4
2,3,32,0.01691078022122383,False,128,4
2,3,33,0.01805908791720867,False,128,4
2,3,34,0.01901756227016449,False,128,4
2,3,35,0.01818091794848442,False,128,4
2,3,36,0.019951649010181427,False,128,4
2,3,37,0.02036494016647339,False,128,4
2,3,38,0.021345296874642372,False,128,4
2,3,39,0.020866408944129944,False,128,4
2,3,40,0.02183002606034279,False,128,4
2,3,41,0.021186765283346176,False,128,4
2,3,42,0.022962015122175217,False,128,4
2,3,43,0.023094289004802704,False,128,4
2,3,44,0.023654211312532425,False,128,4
2,3,45,0.022677859291434288,False,128,4
2,3,46,0.02474297396838665,False,128,4
2,3,47,0.02405894547700882,False,128,4
2,3,48,0.02740810066461563,False,128,4
2,3,49,0.039457254111766815,True,128,4
2,4,0,0.18807770311832428,False,128,4
2,4,1,0.017603754997253418,False,128,4
2,4,2,0.016620885580778122,False,128,4
2,4,3,0.01586451753973961,False,128,4
2,4,4,0.01654938794672489,False,128,4
2,4,5,0.01679909974336624,False,128,4
2,4,6,0.01703133061528206,False,128,4
2,4,7,0.01581852324306965,False,128,4
2,4,8,0.01542878057807684,False,128,4
2,4,9,0.01654551550745964,False,128,4
2,4,10,0.017197933048009872,False,128,4
2,4,11,0.01670297607779503,False,128,4
2,4,12,0.015748169273138046,False,128,4
2,4,13,0.017643321305513382,False,128,4
2,4,14,0.015759019181132317,False,128,4
2,4,15,0.017288317903876305,False,128,4
2,4,16,0.015349546447396278,False,128,4
2,4,17,0.01720842346549034,False,128,4
2,4,18,0.017018768936395645,False,128,4
2,4,19,0.017436888068914413,False,128,4
2,4,20,0.01663990132510662,False,128,4
2,4,21,0.017612718045711517,False,128,4
2,4,22,0.017263222485780716,False,128,4
2,4,23,0.016387009993195534,False,128,4
2,4,24,0.016108518466353416,False,128,4
2,4,25,0.01568048819899559,False,128,4
2,4,26,0.017412180081009865,False,128,4
2,4,27,0.0185861736536026,False,128,4
2,4,28,0.016188492998480797,False,128,4
2,4,29,0.01645359955728054,False,128,4
2,4,30,0.01570076309144497,False,128,4
2,4,31,0.01599263772368431,False,128,4
2,4,32,0.015629751607775688,False,128,4
2,4,33,0.01791384443640709,False,128,4
2,4,34,0.01610517129302025,False,128,4
2,4,35,0.015605025924742222,False,128,4
2,4,36,0.01638205349445343,False,128,4
2,4,37,0.01604466699063778,False,128,4
2,4,38,0.016465090215206146,False,128,4
2,4,39,0.014725320041179657,False,128,4
2,4,40,0.017134174704551697,False,128,4
2,4,41,0.017528992146253586,False,128,4
2,4,42,0.014862308278679848,False,128,4
2,4,43,0.016209376975893974,False,128,4
2,4,44,0.017240511253476143,False,128,4
2,4,45,0.01637914776802063,False,128,4
2,4,46,0.014407769776880741,False,128,4
2,4,47,0.015552609227597713,False,128,4
2,4,48,0.01444062776863575,False,128,4
2,4,49,0.023654969409108162,True,128,4
2,5,0,0.1684991717338562,False,128,4
2,5,1,0.012045796029269695,False,128,4
2,5,2,0.012158192694187164,False,128,4
2,5,3,0.012902401387691498,False,128,4
2,5,4,0.01116185262799263,False,128,4
2,5,5,0.012213649228215218,False,128,4
2,5,6,0.012041500769555569,False,128,4
2,5,7,0.013616500422358513,False,128,4
2,5,8,0.012747594155371189,False,128,4
2,5,9,0.014137519523501396,False,128,4
2,5,10,0.013178742490708828,False,128,4
2,5,11,0.014602206647396088,False,128,4
2,5,12,0.014790035784244537,False,128,4
2,5,13,0.014273030683398247,False,128,4
2,5,14,0.014402898959815502,False,128,4
2,5,15,0.014510592445731163,False,128,4
2,5,16,0.014809117652475834,False,128,4
2,5,17,0.016238002106547356,False,128,4
2,5,18,0.017022598534822464,False,128,4
2,5,19,0.017588799819350243,False,128,4
2,5,20,0.014938261359930038,False,128,4
2,5,21,0.016479115933179855,False,128,4
2,5,22,0.018130244687199593,False,128,4
2,5,23,0.01818764954805374,False,128,4
2,5,24,0.018447842448949814,False,128,4
2,5,25,0.01843971572816372,False,128,4
2,5,26,0.018645605072379112,False,128,4
2,5,27,0.017830180004239082,False,128,4
2,5,28,0.019631264731287956,False,128,4
2,5,29,0.01881248876452446,False,128,4
2,5,30,0.017731020227074623,False,128,4
2,5,31,0.018491491675376892,False,128,4
2,5,32,0.019747961312532425,False,128,4
2,5,33,0.019133351743221283,False,128,4
2,5,34,0.017201989889144897,False,128,4
2,5,35,0.01909654773771763,False,128,4
2,5,36,0.018212815746665,False,128,4
2,5,37,0.020467175170779228,False,128,4
2,5,38,0.020551089197397232,False,128,4
2,5,39,0.02106565050780773,False,128,4
2,5,40,0.02030133455991745,False,128,4
2,5,41,0.021137524396181107,False,128,4
2,5,42,0.01969851180911064,False,128,4
2,5,43,0.01980246789753437,False,128,4
2,5,44,0.02055305987596512,False,128,4
2,5,45,0.021419357508420944,False,128,4
2,5,46,0.02073618210852146,False,128,4
2,5,47,0.02080761268734932,False,128,4
2,5,48,0.021957090124487877,False,128,4
2,5,49,0.009405204094946384,True,128,4
2,0,0,0.02846827544271946,False,128,5
2,0,1,0.023972781375050545,False,128,5
2,0,2,0.023642024025321007,False,128,5
2,0,3,0.02195526473224163,False,128,5
2,0,4,0.021778972819447517,False,128,5
2,0,5,0.020937053486704826,False,128,5
2,0,6,0.02036402001976967,False,128,5
2,0,7,0.020360859110951424,False,128,5
2,0,8,0.02004106529057026,False,128,5
2,0,9,0.020165976136922836,False,128,5
2,0,10,0.020257016643881798,False,128,5
2,0,11,0.01940310001373291,False,128,5
2,0,12,0.019041091203689575,False,128,5
2,0,13,0.019939817488193512,False,128,5
2,0,14,0.01953897625207901,False,128,5
2,0,15,0.01900503970682621,False,128,5
2,0,16,0.019047502428293228,False,128,5
2,0,17,0.0200702715665102,False,128,5
2,0,18,0.019215693697333336,False,128,5
2,0,19,0.019911127164959908,False,128,5
2,0,20,0.019118964672088623,False,128,5
2,0,21,0.019219232723116875,False,128,5
2,0,22,0.019588913768529892,False,128,5
2,0,23,0.020600292831659317,False,128,5
2,0,24,0.018684903159737587,False,128,5
2,0,25,0.020206501707434654,False,128,5
2,0,26,0.018890775740146637,False,128,5
2,0,27,0.020016351714730263,False,128,5
2,0,28,0.019199760630726814,False,128,5
2,0,29,0.01978096179664135,False,128,5
2,0,30,0.01951577328145504,False,128,5
2,0,31,0.019561130553483963,False,128,5
2,0,32,0.019379032775759697,False,128,5
2,0,33,0.019660068675875664,False,128,5
2,0,34,0.01944963075220585,False,128,5
2,0,35,0.020040761679410934,False,128,5
2,0,36,0.01921422779560089,False,128,5
2,0,37,0.019030841067433357,False,128,5
2,0,38,0.018134333193302155,False,128,5
2,0,39,0.01951592043042183,False,128,5
2,0,40,0.019057784229516983,False,128,5
2,0,41,0.020049048587679863,False,128,5
2,0,42,0.019776159897446632,False,128,5
2,0,43,0.019724305719137192,False,128,5
2,0,44,0.01911344565451145,False,128,5
2,0,45,0.019422590732574463,False,128,5
2,0,46,0.019013268873095512,False,128,5
2,0,47,0.01835787668824196,False,128,5
2,0,48,0.0211445614695549,False,128,5
2,0,49,0.01841665990650654,True,128,5
2,1,0,0.035995129495859146,False,128,5
2,1,1,0.01977452263236046,False,128,5
2,1,2,0.01907314360141754,False,128,5
2,1,3,0.018303722143173218,False,128,5
2,1,4,0.018121153116226196,False,128,5
2,1,5,0.01777314580976963,False,128,5
2,1,6,0.01795102097094059,False,128,5
2,1,7,0.017847128212451935,False,128,5
2,1,8,0.01774292252957821,False,128,5
2,1,9,0.017819495871663094,False,128,5
2,1,10,0.01800023764371872,False,128,5
2,1,11,0.01829812489449978,False,128,5
2,1,12,0.018154852092266083,False,128,5
2,1,13,0.01894565299153328,False,128,5
2,1,14,0.018920980393886566,False,128,5
2,1,15,0.018552133813500404,False,128,5
2,1,16,0.01866435445845127,False,128,5
2,1,17,0.018417660146951675,False,128,5
2,1,18,0.019102536141872406,False,128,5
2,1,19,0.019243743270635605,False,128,5
2,1,20,0.01878512278199196,False,128,5
2,1,21,0.01975637674331665,False,128,5
2,1,22,0.0191043671220541,False,128,5
2,1,23,0.019878599792718887,False,128,5
2,1,24,0.019194144755601883,False,128,5
2,1,25,0.01912131905555725,False,128,5
2,1,26,0.01983877457678318,False,128,5
2,1,27,0.020076153799891472,False,128,5
2,1,28,0.02015044167637825,False,128,5
2,1,29,0.019974015653133392,False,128,5
2,1,30,0.019911998882889748,False,128,5
2,1,31,0.019687946885824203,False,128,5
2,1,32,0.020384468138217926,False,128,5
2,1,33,0.02070572040975094,False,128,5
2,1,34,0.019936589524149895,False,128,5
2,1,35,0.020507723093032837,False,128,5
2,1,36,0.020535770803689957,False,128,5
2,1,37,0.0208396315574646,False,128,5
2,1,38,0.020296012982726097,False,128,5
2,1,39,0.020607521757483482,False,128,5
2,1,40,0.020601626485586166,False,128,5
2,1,41,0.021132847294211388,False,128,5
2,1,42,0.020935792475938797,False,128,5
2,1,43,0.02151930332183838,False,128,5
2,1,44,0.021032724529504776,False,128,5
2,1,45,0.02173171564936638,False,128,5
2,1,46,0.02152949385344982,False,128,5
2,1,47,0.021136563271284103,False,128,5
2,1,48,0.022815417498350143,False,128,5
2,1,49,0.02157014235854149,True,128,5
2,2,0,0.054628875106573105,False,128,5
2,2,1,0.01121603511273861,False,128,5
2,2,2,0.010817978531122208,False,128,5
2,2,3,0.010668853297829628,False,128,5
2,2,4,0.01108967512845993,False,128,5
2,2,5,0.011469976976513863,False,128,5
2,2,6,0.011484207585453987,False,128,5
2,2,7,0.012032239697873592,False,128,5
2,2,8,0.012322924099862576,False,128,5
2,2,9,0.012896311469376087,False,128,5
2,2,10,0.013391674496233463,False,128,5
2,2,11,0.013774215243756771,False,128,5
2,2,12,0.014016492292284966,False,128,5
2,2,13,0.014294384978711605,False,128,5
2,2,14,0.015033161267638206,False,128,5
2,2,15,0.015043393708765507,False,128,5
2,2,16,0.015437313355505466,False,128,5
2,2,17,0.015900148078799248,False,128,5
2,2,18,0.016343194991350174,False,128,5
2,2,19,0.016545813530683517,False,128,5
2,2,20,0.016848459839820862,False,128,5
2,2,21,0.017446547746658325,False,128,5
2,2,22,0.01840759813785553,False,128,5
2,2,23,0.018363740295171738,False,128,5
2,2,24,0.01843830570578575,False,128,5
2,2,25,0.01941479742527008,False,128,5
2,2,26,0.019421521574258804,False,128,5
2,2,27,0.020195286720991135,False,128,5
2,2,28,0.020571108907461166,False,128,5
2,2,29,0.021088482812047005,False,128,5
2,2,30,0.021423760801553726,False,128,5
2,2,31,0.021567361429333687,False,128,5
2,2,32,0.022789230570197105,False,128,5
2,2,33,0.023235836997628212,False,128,5
2,2,34,0.02296801656484604,False,128,5
2,2,35,0.024036208167672157,False,128,5
2,2,36,0.024553311988711357,False,128,5
2,2,37,0.025430522859096527,False,128,5
2,2,38,0.024926520884037018,False,128,5
2,2,39,0.025802038609981537,False,128,5
2,2,40,0.026475083082914352,False,128,5
2,2,41,0.026933927088975906,False,128,5
2,2,42,0.027151502668857574,False,128,5
2,2,43,0.027124077081680298,False,128,5
2,2,44,0.027573512867093086,False,128,5
2,2,45,0.027549168094992638,False,128,5
2,2,46,0.02778610959649086,False,128,5
2,2,47,0.027024026960134506,False,128,5
2,2,48,0.02956831455230713,False,128,5
2,2,49,0.017478737980127335,True,128,5
2,3,0,0.1970263123512268,False,128,5
2,3,1,0.010799081064760685,False,128,5
2,3,2,0.011882487684488297,False,128,5
2,3,3,0.012456956319510937,False,128,5
2,3,4,0.010782582685351372,False,128,5
2,3,5,0.010967529378831387,False,128,5
2,3,6,0.011804066598415375,False,128,5
2,3,7,0.011246699839830399,False,128,5
2,3,8,0.01058124378323555,False,128,5
2,3,9,0.011412320658564568,False,128,5
2,3,10,0.011830789968371391,False,128,5
2,3,11,0.015616078861057758,False,128,5
2,3,12,0.012227920815348625,False,128,5
2,3,13,0.013172328472137451,False,128,5
2,3,14,0.012102507054805756,False,128,5
2,3,15,0.013859285973012447,False,128,5
2,3,16,0.012455413118004799,False,128,5
2,3,17,0.015033036470413208,False,128,5
2,3,18,0.01417600829154253,False,128,5
2,3,19,0.015195866115391254,False,128,5
2,3,20,0.014607442542910576,False,128,5
2,3,21,0.014368994161486626,False,128,5
2,3,22,0.015214409679174423,False,128,5
2,3,23,0.015100071206688881,False,128,5
2,3,24,0.01467055082321167,False,128,5
2,3,25,0.014377236366271973,False,128,5
2,3,26,0.0155422268435359,False,128,5
2,3,27,0.0164375901222229,False,128,5
2,3,28,0.0162747111171484,False,128,5
2,3,29,0.016170477494597435,False,128,5
2,3,30,0.01685069501399994,False,128,5
2,3,31,0.016553970053792,False,128,5
2,3,32,0.016692550852894783,False,128,5
2,3,33,0.018718494102358818,False,128,5
2,3,34,0.01840187795460224,False,128,5
2,3,35,0.01807025820016861,False,128,5
2,3,36,0.018997004255652428,False,128,5
2,3,37,0.019489936530590057,False,128,5
2,3,38,0.016923800110816956,False,128,5
2,3,39,0.018729057163000107,False,128,5
2,3,40,0.02038630098104477,False,128,5
2,3,41,0.02076532132923603,False,128,5
2,3,42,0.02077319845557213,False,128,5
2,3,43,0.021908070892095566,False,128,5
2,3,44,0.020695922896265984,False,128,5
2,3,45,0.020843684673309326,False,128,5
2,3,46,0.020591378211975098,False,128,5
2,3,47,0.020986201241612434,False,128,5
2,3,48,0.023290526121854782,False,128,5
2,3,49,0.042939551174640656,True,128,5
2,4,0,0.19586607813835144,False,128,5
2,4,1,0.017453305423259735,False,128,5
2,4,2,0.01637224480509758,False,128,5
2,4,3,0.01784619875252247,False,128,5
2,4,4,0.0157997515052557,False,128,5
2,4,5,0.0180644728243351,False,128,5
2,4,6,0.016323992982506752,False,128,5
2,4,7,0.015278298407793045,False,128,5
2,4,8,0.017262861132621765,False,128,5
2,4,9,0.01611088588833809,False,128,5
2,4,10,0.0179881751537323,False,128,5
2,4,11,0.01724007911980152,False,128,5
2,4,12,0.016409343108534813,False,128,5
2,4,13,0.017048561945557594,False,128,5
2,4,14,0.015842782333493233,False,128,5
2,4,15,0.016105681657791138,False,128,5
2,4,16,0.0157808605581522,False,128,5
2,4,17,0.01625017076730728,False,128,5
2,4,18,0.0165131613612175,False,128,5
2,4,19,0.015871446579694748,False,128,5
2,4,20,0.01613747701048851,False,128,5
2,4,21,0.016992850229144096,False,128,5
2,4,22,0.01714683696627617,False,128,5
2,4,23,0.01738896034657955,False,128,5
2,4,24,0.01709727570414543,False,128,5
2,4,25,0.015111314132809639,False,128,5
2,4,26,0.017497172579169273,False,128,5
2,4,27,0.01553444005548954,False,128,5
2,4,28,0.016258979216217995,False,128,5
2,4,29,0.016366973519325256,False,128,5
2,4,30,0.016098827123641968,False,128,5
2,4,31,0.015458844602108002,False,128,5
2,4,32,0.015493388287723064,False,128,5
2,4,33,0.01719912700355053,False,128,5
2,4,34,0.01922764629125595,False,128,5
2,4,35,0.01736665889620781,False,128,5
2,4,36,0.01644190028309822,False,128,5
2,4,37,0.0146879181265831,False,128,5
2,4,38,0.016348088160157204,False,128,5
2,4,39,0.015327898785471916,False,128,5
2,4,40,0.015213167294859886,False,128,5
2,4,41,0.01624842919409275,False,128,5
2,4,42,0.015941046178340912,False,128,5
2,4,43,0.014485890045762062,False,128,5
2,4,44,0.014239241369068623,False,128,5
2,4,45,0.015341374091804028,False,128,5
2,4,46,0.015051528811454773,False,128,5
2,4,47,0.014396650716662407,False,128,5
2,4,48,0.015771131962537766,False,128,5
2,4,49,0.0227005984634161,True,128,5
2,5,0,0.16737502813339233,False,128,5
2,5,1,0.011941486038267612,False,128,5
2,5,2,0.01176086813211441,False,128,5
2,5,3,0.010614530183374882,False,128,5
2,5,4,0.012251614592969418,False,128,5
2,5,5,0.012262826785445213,False,128,5
2,5,6,0.012940311804413795,False,128,5
2,5,7,0.014208422973752022,False,128,5
2,5,8,0.013645184226334095,False,128,5
2,5,9,0.013183403760194778,False,128,5
2,5,10,0.01371914241462946,False,128,5
2,5,11,0.014635338447988033,False,128,5
2,5,12,0.013073225505650043,False,128,5
2,5,13,0.015199609100818634,False,128,5
2,5,14,0.01482259389013052,False,128,5
2,5,15,0.01521287765353918,False,128,5
2,5,16,0.01579560898244381,False,128,5
2,5,17,0.01608305796980858,False,128,5
2,5,18,0.017198245972394943,False,128,5
2,5,19,0.01658809371292591,False,128,5
2,5,20,0.016857309266924858,False,128,5
2,5,21,0.017382340505719185,False,128,5
2,5,22,0.017843101173639297,False,128,5
2,5,23,0.018478253856301308,False,128,5
2,5,24,0.0181020088493824,False,128,5
2,5,25,0.016931043937802315,False,128,5
2,5,26,0.018263230100274086,False,128,5
2,5,27,0.019624674692749977,False,128,5
2,5,28,0.019118785858154297,False,128,5
2,5,29,0.01847757026553154,False,128,5
2,5,30,0.01846219412982464,False,128,5
2,5,31,0.018421104177832603,False,128,5
2,5,32,0.017465457320213318,False,128,5
2,5,33,0.02064194716513157,False,128,5
2,5,34,0.01986652798950672,False,128,5
2,5,35,0.019947249442338943,False,128,5
2,5,36,0.01857207715511322,False,128,5
2,5,37,0.02009846642613411,False,128,5
2,5,38,0.021138353273272514,False,128,5
2,5,39,0.020733505487442017,False,128,5
2,5,40,0.020319754257798195,False,128,5
2,5,41,0.021279186010360718,False,128,5
2,5,42,0.01960766315460205,False,128,5
2,5,43,0.02010176330804825,False,128,5
2,5,44,0.01910656876862049,False,128,5
2,5,45,0.020818021148443222,False,128,5
2,5,46,0.019967306405305862,False,128,5
2,5,47,0.019786454737186432,False,128,5
2,5,48,0.02092152275145054,False,128,5
2,5,49,0.00915505737066269,True,128,5
2,0,0,0.029123932123184204,False,128,6
2,0,1,0.023981019854545593,False,128,6
2,0,2,0.022739695385098457,False,128,6
2,0,3,0.02203677035868168,False,128,6
2,0,4,0.02085825800895691,False,128,6
2,0,5,0.02075335942208767,False,128,6
2,0,6,0.019971251487731934,False,128,6
2,0,7,0.020009372383356094,False,128,6
2,0,8,0.01982678472995758,False,128,6
2,0,9,0.019774282351136208,False,128,6
2,0,10,0.020575156435370445,False,128,6
2,0,11,0.01970703899860382,False,128,6
2,0,12,0.019407346844673157,False,128,6
2,0,13,0.019619937986135483,False,128,6
2,0,14,0.019599618390202522,False,128,6
2,0,15,0.01957618072628975,False,128,6
2,0,16,0.019801165908575058,False,128,6
2,0,17,0.01916687563061714,False,128,6
2,0,18,0.019370432943105698,False,128,6
2,0,19,0.01971566677093506,False,128,6
2,0,20,0.018827080726623535,False,128,6
2,0,21,0.019247137010097504,False,128,6
2,0,22,0.020396795123815536,False,128,6
2,0,23,0.019666364416480064,False,128,6
2,0,24,0.018882589414715767,False,128,6
2,0,25,0.018706902861595154,False,128,6
2,0,26,0.01945805549621582,False,128,6
2,0,27,0.01945618726313114,False,128,6
2,0,28,0.020006828010082245,False,128,6
2,0,29,0.01942497119307518,False,128,6
2,0,30,0.019592560827732086,False,128,6
2,0,31,0.019031072035431862,False,128,6
2,0,32,0.0202536191791296,False,128,6
2,0,33,0.018968433141708374,False,128,6
2,0,34,0.01982615888118744,False,128,6
2,0,35,0.019234251230955124,False,128,6
2,0,36,0.02012237161397934,False,128,6
2,0,37,0.018759017810225487,False,128,6
2,0,38,0.019256651401519775,False,128,6
2,0,39,0.01944718509912491,False,128,6
2,0,40,0.019613437354564667,False,128,6
2,0,41,0.019609076902270317,False,128,6
2,0,42,0.019063089042901993,False,128,6
2,0,43,0.018542448058724403,False,128,6
2,0,44,0.0193350650370121,False,128,6
2,0,45,0.019763482734560966,False,128,6
2,0,46,0.01928665116429329,False,128,6
2,0,47,0.019864672794938087,False,128,6
2,0,48,0.021600551903247833,False,128,6
2,0,49,0.01914314553141594,True,128,6
2,1,0,0.03791102394461632,False,128,6
2,1,1,0.019961604848504066,False,128,6
2,1,2,0.018921101465821266,False,128,6
2,1,3,0.018107037991285324,False,128,6
2,1,4,0.017780931666493416,False,128,6
2,1,5,0.018292546272277832,False,128,6
2,1,6,0.017633913084864616,False,128,6
2,1,7,0.017725231125950813,False,128,6
2,1,8,0.017716726288199425,False,128,6
2,1,9,0.01793534681200981,False,128,6
2,1,10,0.01808120496571064,False,128,6
2,1,11,0.017902515828609467,False,128,6
2,1,12,0.01815170794725418,False,128,6
2,1,13,0.01844092458486557,False,128,6
2,1,14,0.018592137843370438,False,128,6
2,1,15,0.01857246272265911,False,128,6
2,1,16,0.018913401290774345,False,128,6
2,1,17,0.019034208729863167,False,128,6
2,1,18,0.019006934016942978,False,128,6
2,1,19,0.018963541835546494,False,128,6
2,1,20,0.018819646909832954,False,128,6
2,1,21,0.01939142495393753,False,128,6
2,1,22,0.01951092854142189,False,128,6
2,1,23,0.01975381374359131,False,128,6
2,1,24,0.01914403773844242,False,128,6
2,1,25,0.019417675212025642,False,128,6
2,1,26,0.0195607990026474,False,128,6
2,1,27,0.0196243729442358,False,128,6
2,1,28,0.020183388143777847,False,128,6
2,1,29,0.0196794793009758,False,128,6
2,1,30,0.020035911351442337,False,128,6
2,1,31,0.020574236288666725,False,128,6
2,1,32,0.020916450768709183,False,128,6
2,1,33,0.02067483402788639,False,128,6
2,1,34,0.020051315426826477,False,128,6
2,1,35,0.020243490114808083,False,128,6
2,1,36,0.01950814761221409,False,128,6
2,1,37,0.020824454724788666,False,128,6
2,1,38,0.02050565928220749,False,128,6
2,1,39,0.0207151360809803,False,128,6
2,1,40,0.02121712639927864,False,128,6
2,1,41,0.020817652344703674,False,128,6
2,1,42,0.02121119201183319,False,128,6
2,1,43,0.0203081201761961,False,128,6
2,1,44,0.0212541576474905,False,128,6
2,1,45,0.02067733369767666,False,128,6
2,1,46,0.020906515419483185,False,128,6
2,1,47,0.021588152274489403,False,128,6
2,1,48,0.02295270375907421,False,128,6
2,1,49,0.022287337109446526,True,128,6
2,2,0,0.057166874408721924,False,128,6
2,2,1,0.010136033408343792,False,128,6
2,2,2,0.009761687368154526,False,128,6
2,2,3,0.010265728458762169,False,128,6
2,2,4,0.010272826999425888,False,128,6
2,2,5,0.010545942932367325,False,128,6
2,2,6,0.010652761906385422,False,128,6
2,2,7,0.011476698331534863,False,128,6
2,2,8,0.011696629226207733,False,128,6
2,2,9,0.012315234169363976,False,128,6
2,2,10,0.01309682335704565,False,128,6
2,2,11,0.01343724224716425,False,128,6
2,2,12,0.013469157740473747,False,128,6
2,2,13,0.014040271751582623,False,128,6
2,2,14,0.01439435500651598,False,128,6
2,2,15,0.014601575210690498,False,128,6
2,2,16,0.015346318483352661,False,128,6
2,2,17,0.015505809336900711,False,128,6
2,2,18,0.015708621591329575,False,128,6
2,2,19,0.016601573675870895,False,128,6
2,2,20,0.016966059803962708,False,128,6
2,2,21,0.017282169312238693,False,128,6
2,2,22,0.01827499270439148,False,128,6
2,2,23,0.018752435222268105,False,128,6
2,2,24,0.019095204770565033,False,128,6
2,2,25,0.01920398697257042,False,128,6
2,2,26,0.019337737932801247,False,128,6
2,2,27,0.020041227340698242,False,128,6
2,2,28,0.020605092868208885,False,128,6
2,2,29,0.021263327449560165,False,128,6
2,2,30,0.021463602781295776,False,128,6
2,2,31,0.021395603194832802,False,128,6
2,2,32,0.02310789003968239,False,128,6
2,2,33,0.02339129149913788,False,128,6
2,2,34,0.023323938250541687,False,128,6
2,2,35,0.0239887535572052,False,128,6
2,2,36,0.025385171175003052,False,128,6
2,2,37,0.02510245516896248,False,128,6
2,2,38,0.025237880647182465,False,128,6
2,2,39,0.026601776480674744,False,128,6
2,2,40,0.026309657841920853,False,128,6
2,2,41,0.02787673845887184,False,128,6
2,2,42,0.028139999136328697,False,128,6
2,2,43,0.02762773260474205,False,128,6
2,2,44,0.02750035747885704,False,128,6
2,2,45,0.0281972773373127,False,128,6
2,2,46,0.027687568217515945,False,128,6
2,2,47,0.027690526098012924,False,128,6
2,2,48,0.029989443719387054,False,128,6
2,2,49,0.018667925149202347,True,128,6
2,3,0,0.21927410364151,False,128,6
2,3,1,0.011651264503598213,False,128,6
2,3,2,0.01384015567600727,False,128,6
2,3,3,0.012176924385130405,False,128,6
2,3,4,0.012470764108002186,False,128,6
2,3,5,0.01507122814655304,False,128,6
2,3,6,0.012800147756934166,False,128,6
2,3,7,0.01624060980975628,False,128,6
2,3,8,0.011849467642605305,False,128,6
2,3,9,0.014162830077111721,False,128,6
2,3,10,0.013906718231737614,False,128,6
2,3,11,0.01582552120089531,False,128,6
2,3,12,0.018438033759593964,False,128,6
2,3,13,0.013347423635423183,False,128,6
2,3,14,0.014451607130467892,False,128,6
2,3,15,0.012658021412789822,False,128,6
2,3,16,0.01426231861114502,False,128,6
2,3,17,0.014052651822566986,False,128,6
2,3,18,0.014265925623476505,False,128,6
2,3,19,0.014103933237493038,False,128,6
2,3,20,0.015045510604977608,False,128,6
2,3,21,0.015076824463903904,False,128,6
2,3,22,0.013692863285541534,False,128,6
2,3,23,0.01659294031560421,False,128,6
2,3,24,0.01687985099852085,False,128,6
2,3,25,0.01706639491021633,False,128,6
2,3,26,0.014006334356963634,False,128,6
2,3,27,0.01429914589971304,False,128,6
2,3,28,0.01649269089102745,False,128,6
2,3,29,0.015440410003066063,False,128,6
2,3,30,0.016306698322296143,False,128,6
2,3,31,0.016373824328184128,False,128,6
2,3,32,0.017754629254341125,False,128,6
2,3,33,0.01588955894112587,False,128,6
2,3,34,0.016821684315800667,False,128,6
2,3,35,0.019243769347667694,False,128,6
2,3,36,0.015447785146534443,False,128,6
2,3,37,0.016168169677257538,False,128,6
2,3,38,0.017147623002529144,False,128,6
2,3,39,0.015937242656946182,False,128,6
2,3,40,0.017828725278377533,False,128,6
2,3,41,0.016570154577493668,False,128,6
2,3,42,0.017190303653478622,False,128,6
2,3,43,0.016139715909957886,False,128,6
2,3,44,0.01550144050270319,False,128,6
2,3,45,0.01608620025217533,False,128,6
2,3,46,0.01716885156929493,False,128,6
2,3,47,0.01773066073656082,False,128,6
2,3,48,0.018548041582107544,False,128,6
2,3,49,0.04070231691002846,True,128,6
2,4,0,0.20172356069087982,False,128,6
2,4,1,0.018745694309473038,False,128,6
2,4,2,0.016337111592292786,False,128,6
2,4,3,0.017842214554548264,False,128,6
2,4,4,0.016887161880731583,False,128,6
2,4,5,0.018775049597024918,False,128,6
2,4,6,0.016740821301937103,False,128,6
2,4,7,0.017156781628727913,False,128,6
2,4,8,0.015564050525426865,False,128,6
2,4,9,0.015295520424842834,False,128,6
2,4,10,0.017988890409469604,False,128,6
2,4,11,0.01972341164946556,False,128,6
2,4,12,0.015917755663394928,False,128,6
2,4,13,0.01494106836616993,False,128,6
2,4,14,0.015855034813284874,False,128,6
2,4,15,0.015786265954375267,False,128,6
2,4,16,0.01691688969731331,False,128,6
2,4,17,0.014653149992227554,False,128,6
2,4,18,0.01646305061876774,False,128,6
2,4,19,0.017228437587618828,False,128,6
2,4,20,0.016319744288921356,False,128,6
2,4,21,0.018493490293622017,False,128,6
2,4,22,0.01643959805369377,False,128,6
2,4,23,0.017200378701090813,False,128,6
2,4,24,0.01906716823577881,False,128,6
2,4,25,0.016817234456539154,False,128,6
2,4,26,0.014077606610953808,False,128,6
2,4,27,0.01452734973281622,False,128,6
2,4,28,0.0156394112855196,False,128,6
2,4,29,0.015768373385071754,False,128,6
2,4,30,0.016081644222140312,False,128,6
2,4,31,0.015842512249946594,False,128,6
2,4,32,0.018274586647748947,False,128,6
2,4,33,0.017162170261144638,False,128,6
2,4,34,0.01689416728913784,False,128,6
2,4,35,0.01706833206117153,False,128,6
2,4,36,0.015274513512849808,False,128,6
2,4,37,0.016097672283649445,False,128,6
2,4,38,0.015182252041995525,False,128,6
2,4,39,0.015115243382751942,False,128,6
2,4,40,0.016646092757582664,False,128,6
2,4,41,0.01415951643139124,False,128,6
2,4,42,0.014980972744524479,False,128,6
2,4,43,0.015568210743367672,False,128,6
2,4,44,0.013979817740619183,False,128,6
2,4,45,0.014793170616030693,False,128,6
2,4,46,0.013314330950379372,False,128,6
2,4,47,0.014406854286789894,False,128,6
2,4,48,0.015144966542720795,False,128,6
2,4,49,0.019120700657367706,True,128,6
2,5,0,0.18370071053504944,False,128,6
2,5,1,0.012298963963985443,False,128,6
2,5,2,0.010637430474162102,False,128,6
2,5,3,0.011245186440646648,False,128,6
2,5,4,0.011904530227184296,False,128,6
2,5,5,0.012050055898725986,False,128,6
2,5,6,0.011443374678492546,False,128,6
2,5,7,0.013410723768174648,False,128,6
2,5,8,0.01330400537699461,False,128,6
2,5,9,0.01238567940890789,False,128,6
2,5,10,0.01418102066963911,False,128,6
2,5,11,0.014334021136164665,False,128,6
2,5,12,0.015107850544154644,False,128,6
2,5,13,0.015353835187852383,False,128,6
2,5,14,0.014743298292160034,False,128,6
2,5,15,0.014485652558505535,False,128,6
2,5,16,0.016502993181347847,False,128,6
2,5,17,0.014849201776087284,False,128,6
2,5,18,0.01615108549594879,False,128,6
2,5,19,0.01592264138162136,False,128,6
2,5,20,0.016817795112729073,False,128,6
2,5,21,0.016313331201672554,False,128,6
2,5,22,0.017707737162709236,False,128,6
2,5,23,0.018920693546533585,False,128,6
2,5,24,0.016606654971837997,False,128,6
2,5,25,0.01721755973994732,False,128,6
2,5,26,0.017690718173980713,False,128,6
2,5,27,0.017851175740361214,False,128,6
2,5,28,0.018148379400372505,False,128,6
2,5,29,0.017862683162093163,False,128,6
2,5,30,0.019110798835754395,False,128,6
2,5,31,0.01771548017859459,False,128,6
2,5,32,0.019083166494965553,False,128,6
2,5,33,0.018642958253622055,False,128,6
2,5,34,0.01776246540248394,False,128,6
2,5,35,0.018750237300992012,False,128,6
2,5,36,0.01997002772986889,False,128,6
2,5,37,0.021666333079338074,False,128,6
2,5,38,0.019496925175189972,False,128,6
2,5,39,0.020004352554678917,False,128,6
2,5,40,0.02037244848906994,False,128,6
2,5,41,0.018918005749583244,False,128,6
2,5,42,0.018762502819299698,False,128,6
2,5,43,0.01995375007390976,False,128,6
2,5,44,0.019761547446250916,False,128,6
2,5,45,0.01916283741593361,False,128,6
2,5,46,0.020135706290602684,False,128,6
2,5,47,0.019113948568701744,False,128,6
2,5,48,0.023183854296803474,False,128,6
2,5,49,0.009283683262765408,True,128,6
2,0,0,0.029947809875011444,False,128,7
2,0,1,0.02370217815041542,False,128,7
2,0,2,0.023180926218628883,False,128,7
2,0,3,0.02146427147090435,False,128,7
2,0,4,0.02172103524208069,False,128,7
2,0,5,0.02113506756722927,False,128,7
2,0,6,0.020894674584269524,False,128,7
2,0,7,0.019797910004854202,False,128,7
2,0,8,0.020352311432361603,False,128,7
2,0,9,0.019939133897423744,False,128,7
2,0,10,0.01985970139503479,False,128,7
2,0,11,0.02021721750497818,False,128,7
2,0,12,0.01915169693529606,False,128,7
2,0,13,0.01925954967737198,False,128,7
2,0,14,0.019060123711824417,False,128,7
2,0,15,0.018906084820628166,False,128,7
2,0,16,0.019685527309775352,False,128,7
2,0,17,0.020116934552788734,False,128,7
2,0,18,0.01978190429508686,False,128,7
2,0,19,0.019908105954527855,False,128,7
2,0,20,0.019623061642050743,False,128,7
2,0,21,0.018832966685295105,False,128,7
2,0,22,0.02008780464529991,False,128,7
2,0,23,0.020309321582317352,False,128,7
2,0,24,0.019651930779218674,False,128,7
2,0,25,0.020159196108579636,False,128,7
2,0,26,0.019579904153943062,False,128,7
2,0,27,0.019064968451857567,False,128,7
2,0,28,0.019290687516331673,False,128,7
2,0,29,0.019735990092158318,False,128,7
2,0,30,0.019641809165477753,False,128,7
2,0,31,0.019802775233983994,False,128,7
2,0,32,0.019693924114108086,False,128,7
2,0,33,0.01952006295323372,False,128,7
2,0,34,0.019588854163885117,False,128,7
2,0,35,0.019294558092951775,False,128,7
2,0,36,0.019684044644236565,False,128,7
2,0,37,0.018801642581820488,False,128,7
2,0,38,0.019414430484175682,False,128,7
2,0,39,0.020306900143623352,False,128,7
2,0,40,0.019176118075847626,False,128,7
2,0,41,0.019211411476135254,False,128,7
2,0,42,0.020068375393748283,False,128,7
2,0,43,0.01903882622718811,False,128,7
2,0,44,0.018363788723945618,False,128,7
2,0,45,0.01882966235280037,False,128,7
2,0,46,0.01861359179019928,False,128,7
2,0,47,0.0188756100833416,False,128,7
2,0,48,0.021325966343283653,False,128,7
2,0,49,0.016329634934663773,True,128,7
2,1,0,0.03627074509859085,False,128,7
2,1,1,0.019515996798872948,False,128,7
2,1,2,0.01836578920483589,False,128,7
2,1,3,0.018137793987989426,False,128,7
2,1,4,0.017876526340842247,False,128,7
2,1,5,0.017891548573970795,False,128,7
2,1,6,0.018108654767274857,False,128,7
2,1,7,0.01780904456973076,False,128,7
2,1,8,0.017580552026629448,False,128,7
2,1,9,0.018220609053969383,False,128,7
2,1,10,0.018403515219688416,False,128,7
2,1,11,0.018058110028505325,False,128,7
2,1,12,0.018235277384519577,False,128,7
2,1,13,0.0181356780230999,False,128,7
2,1,14,0.018215902149677277,False,128,7
2,1,15,0.018867138773202896,False,128,7
2,1,16,0.018917076289653778,False,128,7
2,1,17,0.01899069733917713,False,128,7
2,1,18,0.018703334033489227,False,128,7
2,1,19,0.019203495234251022,False,128,7
2,1,20,0.019439762458205223,False,128,7
2,1,21,0.01958092302083969,False,128,7
2,1,22,0.02002127282321453,False,128,7
2,1,23,0.019725603982806206,False,128,7
2,1,24,0.01955975778400898,False,128,7
2,1,25,0.019337104633450508,False,128,7
2,1,26,0.019972143694758415,False,128,7
2,1,27,0.019848164170980453,False,128,7
2,1,28,0.019928252324461937,False,128,7
2,1,29,0.01994968019425869,False,128,7
2,1,30,0.01984626241028309,False,128,7
2,1,31,0.02003597840666771,False,128,7
2,1,32,0.020301511511206627,False,128,7
2,1,33,0.02052057906985283,False,128,7
2,1,34,0.020627789199352264,False,128,7
2,1,35,0.02013753540813923,False,128,7
2,1,36,0.020133983343839645,False,128,7
2,1,37,0.020741954445838928,False,128,7
2,1,38,0.02072468213737011,False,128,7
2,1,39,0.02116985246539116,False,128,7
2,1,40,0.020503658801317215,False,128,7
2,1,41,0.021667318418622017,False,128,7
2,1,42,0.021419288590550423,False,128,7
2,1,43,0.02111722156405449,False,128,7
2,1,44,0.020955657586455345,False,128,7
2,1,45,0.020883480086922646,False,128,7
2,1,46,0.021288597956299782,False,128,7
2,1,47,0.020922860130667686,False,128,7
2,1,48,0.02322130836546421,False,128,7
2,1,49,0.020910318940877914,True,128,7
2,2,0,0.054781388491392136,False,128,7
2,2,1,0.01103812176734209,False,128,7
2,2,2,0.01065925881266594,False,128,7
2,2,3,0.010794843547046185,False,128,7
2,2,4,0.010904982686042786,False,128,7
2,2,5,0.011185839772224426,False,128,7
2,2,6,0.011459941044449806,False,128,7
2,2,7,0.01211095042526722,False,128,7
2,2,8,0.012452918104827404,False,128,7
2,2,9,0.012777265161275864,False,128,7
2,2,10,0.012878547422587872,False,128,7
2,2,11,0.013534819707274437,False,128,7
2,2,12,0.014168636873364449,False,128,7
2,2,13,0.014459528028964996,False,128,7
2,2,14,0.014992397278547287,False,128,7
2,2,15,0.015223613940179348,False,128,7
2,2,16,0.015458393841981888,False,128,7
2,2,17,0.01600044034421444,False,128,7
2,2,18,0.016253037378191948,False,128,7
2,2,19,0.01673692651093006,False,128,7
2,2,20,0.01676977425813675,False,128,7
2,2,21,0.01748751476407051,False,128,7
2,2,22,0.01833464205265045,False,128,7
2,2,23,0.01840168423950672,False,128,7
2,2,24,0.018345745280385017,False,128,7
2,2,25,0.019575785845518112,False,128,7
2,2,26,0.019421840086579323,False,128,7
2,2,27,0.020292796194553375,False,128,7
2,2,28,0.020265888422727585,False,128,7
2,2,29,0.021310798823833466,False,128,7
2,2,30,0.021544650197029114,False,128,7
2,2,31,0.021547997370362282,False,128,7
2,2,32,0.02222476713359356,False,128,7
2,2,33,0.022760706022381783,False,128,7
2,2,34,0.022993318736553192,False,128,7
2,2,35,0.023971818387508392,False,128,7
2,2,36,0.024009807035326958,False,128,7
2,2,37,0.02551768161356449,False,128,7
2,2,38,0.02501002699136734,False,128,7
2,2,39,0.02624170109629631,False,128,7
2,2,40,0.02613808959722519,False,128,7
2,2,41,0.026949699968099594,False,128,7
2,2,42,0.02745458111166954,False,128,7
2,2,43,0.02664087899029255,False,128,7
2,2,44,0.02743818610906601,False,128,7
2,2,45,0.028475133702158928,False,128,7
2,2,46,0.028458282351493835,False,128,7
2,2,47,0.027426792308688164,False,128,7
2,2,48,0.029402438551187515,False,128,7
2,2,49,0.017715128138661385,True,128,7
2,3,0,0.2116830050945282,False,128,7
2,3,1,0.010616276413202286,False,128,7
2,3,2,0.011194175109267235,False,128,7
2,3,3,0.011043563485145569,False,128,7
2,3,4,0.009872018359601498,False,128,7
2,3,5,0.011457066051661968,False,128,7
2,3,6,0.01204247958958149,False,128,7
2,3,7,0.011740344576537609,False,128,7
2,3,8,0.01137087494134903,False,128,7
2,3,9,0.011782712303102016,False,128,7
2,3,10,0.012318701483309269,False,128,7
2,3,11,0.01204096432775259,False,128,7
2,3,12,0.012133650481700897,False,128,7
2,3,13,0.014205722138285637,False,128,7
2,3,14,0.013026653788983822,False,128,7
2,3,15,0.014172431081533432,False,128,7
2,3,16,0.01350153237581253,False,128,7
2,3,17,0.013090658001601696,False,128,7
2,3,18,0.012341601774096489,False,128,7
2,3,19,0.013836128637194633,False,128,7
2,3,20,0.013960424810647964,False,128,7
2,3,21,0.01443502213805914,False,128,7
2,3,22,0.015095958486199379,False,128,7
2,3,23,0.014839939773082733,False,128,7
2,3,24,0.016977917402982712,False,128,7
2,3,25,0.016943881288170815,False,128,7
2,3,26,0.014344172552227974,False,128,7
2,3,27,0.015446122735738754,False,128,7
2,3,28,0.015496989712119102,False,128,7
2,3,29,0.01795058697462082,False,128,7
2,3,30,0.01869279518723488,False,128,7
2,3,31,0.016639776527881622,False,128,7
2,3,32,0.019122526049613953,False,128,7
2,3,33,0.016007496044039726,False,128,7
2,3,34,0.018552960827946663,False,128,7
2,3,35,0.017094997689127922,False,128,7
2,3,36,0.020129069685935974,False,128,7
2,3,37,0.017913788557052612,False,128,7
2,3,38,0.01739485189318657,False,128,7
2,3,39,0.01923215389251709,False,128,7
2,3,40,0.019790345802903175,False,128,7
2,3,41,0.018145650625228882,False,128,7
2,3,42,0.02020604908466339,False,128,7
2,3,43,0.021246066316962242,False,128,7
2,3,44,0.019632672891020775,False,128,7
2,3,45,0.021590348333120346,False,128,7
2,3,46,0.019701015204191208,False,128,7
2,3,47,0.019423767924308777,False,128,7
2,3,48,0.021602090448141098,False,128,7
2,3,49,0.03892001137137413,True,128,7
2,4,0,0.19895412027835846,False,128,7
2,4,1,0.0163150392472744,False,128,7
2,4,2,0.015758367255330086,False,128,7
2,4,3,0.017599379643797874,False,128,7
2,4,4,0.015398161485791206,False,128,7
2,4,5,0.016908489167690277,False,128,7
2,4,6,0.015632065013051033,False,128,7
2,4,7,0.015743933618068695,False,128,7
2,4,8,0.015677466988563538,False,128,7
2,4,9,0.015974460169672966,False,128,7
2,4,10,0.01586485281586647,False,128,7
2,4,11,0.01729261316359043,False,128,7
2,4,12,0.015560655854642391,False,128,7
2,4,13,0.01711229234933853,False,128,7
2,4,14,0.014419442974030972,False,128,7
2,4,15,0.016345568001270294,False,128,7
2,4,16,0.017115285620093346,False,128,7
2,4,17,0.015581434592604637,False,128,7
2,4,18,0.015804016962647438,False,128,7
2,4,19,0.018054001033306122,False,128,7
2,4,20,0.015380601398646832,False,128,7
2,4,21,0.015810824930667877,False,128,7
2,4,22,0.015801088884472847,False,128,7
2,4,23,0.015195983462035656,False,128,7
2,4,24,0.01780109852552414,False,128,7
2,4,25,0.018991079181432724,False,128,7
2,4,26,0.018950052559375763,False,128,7
2,4,27,0.01581217348575592,False,128,7
2,4,28,0.015809383243322372,False,128,7
2,4,29,0.017525840550661087,False,128,7
2,4,30,0.01725052110850811,False,128,7
2,4,31,0.017520621418952942,False,128,7
2,4,32,0.018291259184479713,False,128,7
2,4,33,0.015186034142971039,False,128,7
2,4,34,0.015211212448775768,False,128,7
2,4,35,0.01710055209696293,False,128,7
2,4,36,0.015996040776371956,False,128,7
2,4,37,0.01701822318136692,False,128,7
2,4,38,0.017105594277381897,False,128,7
2,4,39,0.01658168062567711,False,128,7
2,4,40,0.014752684161067009,False,128,7
2,4,41,0.015932869166135788,False,128,7
2,4,42,0.016826216131448746,False,128,7
2,4,43,0.014080706052482128,False,128,7
2,4,44,0.014659937471151352,False,128,7
2,4,45,0.016420070081949234,False,128,7
2,4,46,0.015371860936284065,False,128,7
2,4,47,0.01532821822911501,False,128,7
2,4,48,0.015382415615022182,False,128,7
2,4,49,0.019793512299656868,True,128,7
2,5,0,0.17533640563488007,False,128,7
2,5,1,0.011051274836063385,False,128,7
2,5,2,0.011175080202519894,False,128,7
2,5,3,0.011340483091771603,False,128,7
2,5,4,0.011812020093202591,False,128,7
2,5,5,0.011356052942574024,False,128,7
2,5,6,0.012097470462322235,False,128,7
2,5,7,0.013039804063737392,False,128,7
2,5,8,0.01316351443529129,False,128,7
2,5,9,0.013369214721024036,False,128,7
2,5,10,0.0135330306366086,False,128,7
2,5,11,0.013504824601113796,False,128,7
2,5,12,0.01495449524372816,False,128,7
2,5,13,0.014937586151063442,False,128,7
2,5,14,0.015780942514538765,False,128,7
2,5,15,0.014842518605291843,False,128,7
2,5,16,0.015027783811092377,False,128,7
2,5,17,0.016053643077611923,False,128,7
2,5,18,0.014947308227419853,False,128,7
2,5,19,0.015399761497974396,False,128,7
2,5,20,0.015717169269919395,False,128,7
2,5,21,0.016793832182884216,False,128,7
2,5,22,0.018558962270617485,False,128,7
2,5,23,0.017897671088576317,False,128,7
2,5,24,0.01690317504107952,False,128,7
2,5,25,0.01775239408016205,False,128,7
2,5,26,0.016786666586995125,False,128,7
2,5,27,0.019871167838573456,False,128,7
2,5,28,0.01801237277686596,False,128,7
2,5,29,0.02002641186118126,False,128,7
2,5,30,0.018446804955601692,False,128,7
2,5,31,0.018445640802383423,False,128,7
2,5,32,0.017816785722970963,False,128,7
2,5,33,0.01870434731245041,False,128,7
2,5,34,0.019242098554968834,False,128,7
2,5,35,0.018476644530892372,False,128,7
2,5,36,0.019434118643403053,False,128,7
2,5,37,0.020821264013648033,False,128,7
2,5,38,0.019564170390367508,False,128,7
2,5,39,0.02147562801837921,False,128,7
2,5,40,0.02175348624587059,False,128,7
2,5,41,0.019636258482933044,False,128,7
2,5,42,0.019756847992539406,False,128,7
2,5,43,0.021743809804320335,False,128,7
2,5,44,0.02009141631424427,False,128,7
2,5,45,0.02030809596180916,False,128,7
2,5,46,0.02030450664460659,False,128,7
2,5,47,0.020884022116661072,False,128,7
2,5,48,0.021980879828333855,False,128,7
2,5,49,0.01007013488560915,True,128,7
2,0,0,0.02926778979599476,False,128,8
2,0,1,0.02323438785970211,False,128,8
2,0,2,0.02323010563850403,False,128,8
2,0,3,0.021885983645915985,False,128,8
2,0,4,0.02097533456981182,False,128,8
2,0,5,0.020089587196707726,False,128,8
2,0,6,0.02030983939766884,False,128,8
2,0,7,0.019777936860919,False,128,8
2,0,8,0.02000444009900093,False,128,8
2,0,9,0.02011234126985073,False,128,8
2,0,10,0.019884925335645676,False,128,8
2,0,11,0.01972314901649952,False,128,8
2,0,12,0.020755618810653687,False,128,8
2,0,13,0.019810402765870094,False,128,8
2,0,14,0.019087089225649834,False,128,8
2,0,15,0.019694549962878227,False,128,8
2,0,16,0.019470617175102234,False,128,8
2,0,17,0.019377466291189194,False,128,8
2,0,18,0.019806742668151855,False,128,8
2,0,19,0.019498420879244804,False,128,8
2,0,20,0.01904997229576111,False,128,8
2,0,21,0.019971145316958427,False,128,8
2,0,22,0.018961329013109207,False,128,8
2,0,23,0.01952999085187912,False,128,8
2,0,24,0.01852821558713913,False,128,8
2,0,25,0.019098792225122452,False,128,8
2,0,26,0.01950109377503395,False,128,8
2,0,27,0.019163209944963455,False,128,8
2,0,28,0.019211698323488235,False,128,8
2,0,29,0.020966650918126106,False,128,8
2,0,30,0.019582096487283707,False,128,8
2,0,31,0.01952490396797657,False,128,8
2,0,32,0.01947399601340294,False,128,8
2,0,33,0.01979510858654976,False,128,8
2,0,34,0.019097082316875458,False,128,8
2,0,35,0.019377203658223152,False,128,8
2,0,36,0.018840806558728218,False,128,8
2,0,37,0.019436273723840714,False,128,8
2,0,38,0.01950077898800373,False,128,8
2,0,39,0.019147789105772972,False,128,8
2,0,40,0.019937871024012566,False,128,8
2,0,41,0.019958756864070892,False,128,8
2,0,42,0.019350286573171616,False,128,8
2,0,43,0.02001958340406418,False,128,8
2,0,44,0.019771484658122063,False,128,8
2,0,45,0.019658152014017105,False,128,8
2,0,46,0.019501157104969025,False,128,8
2,0,47,0.018887311220169067,False,128,8
2,0,48,0.02162882685661316,False,128,8
2,0,49,0.017531711608171463,True,128,8
2,1,0,0.035791609436273575,False,128,8
2,1,1,0.018883809447288513,False,128,8
2,1,2,0.018795708194375038,False,128,8
2,1,3,0.017848089337348938,False,128,8
2,1,4,0.018046487122774124,False,128,8
2,1,5,0.01784772239625454,False,128,8
2,1,6,0.01832515373826027,False,128,8
2,1,7,0.017843496054410934,False,128,8
2,1,8,0.01747193932533264,False,128,8
2,1,9,0.017919713631272316,False,128,8
2,1,10,0.018520984798669815,False,128,8
2,1,11,0.018477413803339005,False,128,8
2,1,12,0.018606333062052727,False,128,8
2,1,13,0.018445564433932304,False,128,8
2,1,14,0.018032634630799294,False,128,8
2,1,15,0.018589777871966362,False,128,8
2,1,16,0.018521644175052643,False,128,8
2,1,17,0.018393326550722122,False,128,8
2,1,18,0.018603650853037834,False,128,8
2,1,19,0.019126344472169876,False,128,8
2,1,20,0.01911926083266735,False,128,8
2,1,21,0.019579848274588585,False,128,8
2,1,22,0.019568750634789467,False,128,8
2,1,23,0.020079705864191055,False,128,8
2,1,24,0.0191535372287035,False,128,8
2,1,25,0.019741730764508247,False,128,8
2,1,26,0.019696759060025215,False,128,8
2,1,27,0.01967267505824566,False,128,8
2,1,28,0.019805949181318283,False,128,8
2,1,29,0.02013019286096096,False,128,8
2,1,30,0.02013590931892395,False,128,8
2,1,31,0.019595427438616753,False,128,8
2,1,32,0.020599082112312317,False,128,8
2,1,33,0.02103152498602867,False,128,8
2,1,34,0.02018558233976364,False,128,8
2,1,35,0.020647233352065086,False,128,8
2,1,36,0.020310379564762115,False,128,8
2,1,37,0.021101046353578568,False,128,8
2,1,38,0.020275641232728958,False,128,8
2,1,39,0.02102779783308506,False,128,8
2,1,40,0.02080192230641842,False,128,8
2,1,41,0.02128785476088524,False,128,8
2,1,42,0.021122174337506294,False,128,8
2,1,43,0.021428968757390976,False,128,8
2,1,44,0.021746061742305756,False,128,8
2,1,45,0.021118566393852234,False,128,8
2,1,46,0.020739344879984856,False,128,8
2,1,47,0.020942384377121925,False,128,8
2,1,48,0.023164262995123863,False,128,8
2,1,49,0.02209901623427868,True,128,8
2,2,0,0.054281581193208694,False,128,8
2,2,1,0.011258477345108986,False,128,8
2,2,2,0.011076184920966625,False,128,8
2,2,3,0.010877612978219986,False,128,8
2,2,4,0.011098634451627731,False,128,8
2,2,5,0.01134907640516758,False,128,8
2,2,6,0.011511777527630329,False,128,8
2,2,7,0.011955752037465572,False,128,8
2,2,8,0.012390117160975933,False,128,8
2,2,9,0.012721162289381027,False,128,8
2,2,10,0.013056688942015171,False,128,8
2,2,11,0.013772294856607914,False,128,8
2,2,12,0.014174952171742916,False,128,8
2,2,13,0.014583677053451538,False,128,8
2,2,14,0.014927681535482407,False,128,8
2,2,15,0.014890123158693314,False,128,8
2,2,16,0.015794942155480385,False,128,8
2,2,17,0.015684297308325768,False,128,8
2,2,18,0.016139736399054527,False,128,8
2,2,19,0.016623089089989662,False,128,8
2,2,20,0.01699110120534897,False,128,8
2,2,21,0.017211202532052994,False,128,8
2,2,22,0.01727958582341671,False,128,8
2,2,23,0.019069019705057144,False,128,8
2,2,24,0.01880616694688797,False,128,8
2,2,25,0.019512707367539406,False,128,8
2,2,26,0.01981690153479576,False,128,8
2,2,27,0.020444529131054878,False,128,8
2,2,28,0.020059676840901375,False,128,8
2,2,29,0.021198609843850136,False,128,8
2,2,30,0.021127231419086456,False,128,8
2,2,31,0.021443406119942665,False,128,8
2,2,32,0.022474274039268494,False,128,8
2,2,33,0.02291136607527733,False,128,8
2,2,34,0.02313452772796154,False,128,8
2,2,35,0.023469002917408943,False,128,8
2,2,36,0.024464495480060577,False,128,8
2,2,37,0.025261282920837402,False,128,8
2,2,38,0.02555067650973797,False,128,8
2,2,39,0.02606557495892048,False,128,8
2,2,40,0.025691373273730278,False,128,8
2,2,41,0.027120888233184814,False,128,8
2,2,42,0.027133455500006676,False,128,8
2,2,43,0.0278529841452837,False,128,8
2,2,44,0.027549883350729942,False,128,8
2,2,45,0.02789747528731823,False,128,8
2,2,46,0.028373245149850845,False,128,8
2,2,47,0.026335135102272034,False,128,8
2,2,48,0.029614029452204704,False,128,8
2,2,49,0.017972327768802643,True,128,8
2,3,0,0.18933823704719543,False,128,8
2,3,1,0.010324280709028244,False,128,8
2,3,2,0.010255871340632439,False,128,8
2,3,3,0.010279297828674316,False,128,8
2,3,4,0.010896659456193447,False,128,8
2,3,5,0.00903958547860384,False,128,8
2,3,6,0.010544251650571823,False,128,8
2,3,7,0.011059538461267948,False,128,8
2,3,8,0.010082877241075039,False,128,8
2,3,9,0.010664493776857853,False,128,8
2,3,10,0.011195842176675797,False,128,8
2,3,11,0.011163500137627125,False,128,8
2,3,12,0.010892339050769806,False,128,8
2,3,13,0.012698735110461712,False,128,8
2,3,14,0.012067349627614021,False,128,8
2,3,15,0.014276819303631783,False,128,8
2,3,16,0.013431758619844913,False,128,8
2,3,17,0.011724831536412239,False,128,8
2,3,18,0.014739742502570152,False,128,8
2,3,19,0.013031121343374252,False,128,8
2,3,20,0.013070991262793541,False,128,8
2,3,21,0.013307821936905384,False,128,8
2,3,22,0.013049586676061153,False,128,8
2,3,23,0.014498597010970116,False,128,8
2,3,24,0.015016572549939156,False,128,8
2,3,25,0.01522158831357956,False,128,8
2,3,26,0.015407254919409752,False,128,8
2,3,27,0.01559586264193058,False,128,8
2,3,28,0.015841372311115265,False,128,8
2,3,29,0.017382286489009857,False,128,8
2,3,30,0.017511902377009392,False,128,8
2,3,31,0.016634779050946236,False,128,8
2,3,32,0.01703150011599064,False,128,8
2,3,33,0.017590537667274475,False,128,8
2,3,34,0.020456714555621147,False,128,8
2,3,35,0.019585466012358665,False,128,8
2,3,36,0.018919508904218674,False,128,8
2,3,37,0.020308522507548332,False,128,8
2,3,38,0.02045508846640587,False,128,8
2,3,39,0.022057488560676575,False,128,8
2,3,40,0.02057645283639431,False,128,8
2,3,41,0.024840079247951508,False,128,8
2,3,42,0.02216528356075287,False,128,8
2,3,43,0.023512165993452072,False,128,8
2,3,44,0.02368558943271637,False,128,8
2,3,45,0.0242976825684309,False,128,8
2,3,46,0.02200991101562977,False,128,8
2,3,47,0.02444908395409584,False,128,8
2,3,48,0.027734138071537018,False,128,8
2,3,49,0.040079038590192795,True,128,8
2,4,0,0.19107024371623993,False,128,8
2,4,1,0.017812225967645645,False,128,8
2,4,2,0.017169423401355743,False,128,8
2,4,3,0.017180919647216797,False,128,8
2,4,4,0.018381992354989052,False,128,8
2,4,5,0.01606457680463791,False,128,8
2,4,6,0.01513842586427927,False,128,8
2,4,7,0.016726335510611534,False,128,8
2,4,8,0.01605156809091568,False,128,8
2,4,9,0.015598108991980553,False,128,8
2,4,10,0.015787500888109207,False,128,8
2,4,11,0.015678701922297478,False,128,8
2,4,12,0.017052751034498215,False,128,8
2,4,13,0.017509905621409416,False,128,8
2,4,14,0.01811014488339424,False,128,8
2,4,15,0.018418990075588226,False,128,8
2,4,16,0.01577555388212204,False,128,8
2,4,17,0.015260716900229454,False,128,8
2,4,18,0.017430096864700317,False,128,8
2,4,19,0.014547986909747124,False,128,8
2,4,20,0.016020720824599266,False,128,8
2,4,21,0.01732378825545311,False,128,8
2,4,22,0.017545660957694054,False,128,8
2,4,23,0.01769210584461689,False,128,8
2,4,24,0.01651575043797493,False,128,8
2,4,25,0.017084315419197083,False,128,8
2,4,26,0.014339671470224857,False,128,8
2,4,27,0.016866695135831833,False,128,8
2,4,28,0.013755647465586662,False,128,8
2,4,29,0.01747051440179348,False,128,8
2,4,30,0.015247637405991554,False,128,8
2,4,31,0.014561344869434834,False,128,8
2,4,32,0.01665801927447319,False,128,8
2,4,33,0.01494522299617529,False,128,8
2,4,34,0.0164073184132576,False,128,8
2,4,35,0.016773374751210213,False,128,8
2,4,36,0.014684058725833893,False,128,8
2,4,37,0.017106950283050537,False,128,8
2,4,38,0.017368171364068985,False,128,8
2,4,39,0.017027009278535843,False,128,8
2,4,40,0.015678439289331436,False,128,8
2,4,41,0.015583970583975315,False,128,8
2,4,42,0.01527746208012104,False,128,8
2,4,43,0.018789172172546387,False,128,8
2,4,44,0.01660199835896492,False,128,8
2,4,45,0.016008680686354637,False,128,8
2,4,46,0.01668238453567028,False,128,8
2,4,47,0.015489310026168823,False,128,8
2,4,48,0.017067918553948402,False,128,8
2,4,49,0.02066054195165634,True,128,8
2,5,0,0.16920742392539978,False,128,8
2,5,1,0.01258031278848648,False,128,8
2,5,2,0.012402014806866646,False,128,8
2,5,3,0.011207371018826962,False,128,8
2,5,4,0.011632805690169334,False,128,8
2,5,5,0.01174044981598854,False,128,8
2,5,6,0.012303746305406094,False,128,8
2,5,7,0.012286115437746048,False,128,8
2,5,8,0.012848757207393646,False,128,8
2,5,9,0.012618806213140488,False,128,8
2,5,10,0.013517865911126137,False,128,8
2,5,11,0.014079621993005276,False,128,8
2,5,12,0.014337360858917236,False,128,8
2,5,13,0.01612953282892704,False,128,8
2,5,14,0.015232514590024948,False,128,8
2,5,15,0.014448963105678558,False,128,8
2,5,16,0.01576809398829937,False,128,8
2,5,17,0.016118241474032402,False,128,8
2,5,18,0.016292981803417206,False,128,8
2,5,19,0.017924664542078972,False,128,8
2,5,20,0.01596662774682045,False,128,8
2,5,21,0.017105741426348686,False,128,8
2,5,22,0.01610419526696205,False,128,8
2,5,23,0.01795513927936554,False,128,8
2,5,24,0.017139507457613945,False,128,8
2,5,25,0.017406094819307327,False,128,8
2,5,26,0.01718640886247158,False,128,8
2,5,27,0.01897847093641758,False,128,8
2,5,28,0.018530406057834625,False,128,8
2,5,29,0.018447140231728554,False,128,8
2,5,30,0.017428282648324966,False,128,8
2,5,31,0.017653467133641243,False,128,8
2,5,32,0.02110222354531288,False,128,8
2,5,33,0.020116860046982765,False,128,8
2,5,34,0.019552282989025116,False,128,8
2,5,35,0.02144498936831951,False,128,8
2,5,36,0.018558615818619728,False,128,8
2,5,37,0.021395448595285416,False,128,8
2,5,38,0.020591117441654205,False,128,8
2,5,39,0.019604025408625603,False,128,8
2,5,40,0.020260697230696678,False,128,8
2,5,41,0.022290347144007683,False,128,8
2,5,42,0.019957173615694046,False,128,8
2,5,43,0.019824080169200897,False,128,8
2,5,44,0.020271942019462585,False,128,8
2,5,45,0.02173473685979843,False,128,8
2,5,46,0.01985356956720352,False,128,8
2,5,47,0.019931307062506676,False,128,8
2,5,48,0.02187146246433258,False,128,8
2,5,49,0.009059980511665344,True,128,8
2,0,0,0.028746873140335083,False,128,9
2,0,1,0.023820413276553154,False,128,9
2,0,2,0.02361130341887474,False,128,9
2,0,3,0.021960748359560966,False,128,9
2,0,4,0.020962979644536972,False,128,9
2,0,5,0.020586835220456123,False,128,9
2,0,6,0.020478758960962296,False,128,9
2,0,7,0.020018916577100754,False,128,9
2,0,8,0.019512910395860672,False,128,9
2,0,9,0.019977811723947525,False,128,9
2,0,10,0.020119046792387962,False,128,9
2,0,11,0.019823972135782242,False,128,9
2,0,12,0.019587397575378418,False,128,9
2,0,13,0.019276659935712814,False,128,9
2,0,14,0.01947687566280365,False,128,9
2,0,15,0.019974367693066597,False,128,9
2,0,16,0.018852751702070236,False,128,9
2,0,17,0.020319992676377296,False,128,9
2,0,18,0.019030079245567322,False,128,9
2,0,19,0.01920371875166893,False,128,9
2,0,20,0.019868627190589905,False,128,9
2,0,21,0.019314326345920563,False,128,9
2,0,22,0.019709531217813492,False,128,9
2,0,23,0.02039092592895031,False,128,9
2,0,24,0.01967071183025837,False,128,9
2,0,25,0.01933595910668373,False,128,9
2,0,26,0.020534353330731392,False,128,9
2,0,27,0.018992070108652115,False,128,9
2,0,28,0.019201520830392838,False,128,9
2,0,29,0.019719943404197693,False,128,9
2,0,30,0.019660070538520813,False,128,9
2,0,31,0.019166769459843636,False,128,9
2,0,32,0.01896968111395836,False,128,9
2,0,33,0.019433066248893738,False,128,9
2,0,34,0.01880933716893196,False,128,9
2,0,35,0.019568094983696938,False,128,9
2,0,36,0.019704580307006836,False,128,9
2,0,37,0.01951592043042183,False,128,9
2,0,38,0.019545653834939003,False,128,9
2,0,39,0.01963030733168125,False,128,9
2,0,40,0.01928156428039074,False,128,9
2,0,41,0.01943283900618553,False,128,9
2,0,42,0.019787317141890526,False,128,9
2,0,43,0.019419489428400993,False,128,9
2,0,44,0.019438982009887695,False,128,9
2,0,45,0.019142309203743935,False,128,9
2,0,46,0.019752217456698418,False,128,9
2,0,47,0.01909467950463295,False,128,9
2,0,48,0.021304039284586906,False,128,9
2,0,49,0.017262695357203484,True,128,9
2,1,0,0.03547554835677147,False,128,9
2,1,1,0.019493531435728073,False,128,9
2,1,2,0.01866418495774269,False,128,9
2,1,3,0.018342889845371246,False,128,9
2,1,4,0.01779818907380104,False,128,9
2,1,5,0.01810525916516781,False,128,9
2,1,6,0.017745880410075188,False,128,9
2,1,7,0.017649222165346146,False,128,9
2,1,8,0.017607569694519043,False,128,9
2,1,9,0.01784217730164528,False,128,9
2,1,10,0.01750342920422554,False,128,9
2,1,11,0.018433457240462303,False,128,9
2,1,12,0.018394408747553825,False,128,9
2,1,13,0.018032610416412354,False,128,9
2,1,14,0.018296442925930023,False,128,9
2,1,15,0.018318161368370056,False,128,9
2,1,16,0.018697481602430344,False,128,9
2,1,17,0.018460219725966454,False,128,9
2,1,18,0.01890053227543831,False,128,9
2,1,19,0.018956400454044342,False,128,9
2,1,20,0.019107475876808167,False,128,9
2,1,21,0.01962086372077465,False,128,9
2,1,22,0.01925552636384964,False,128,9
2,1,23,0.02004493772983551,False,128,9
2,1,24,0.01943231374025345,False,128,9
2,1,25,0.01974201761186123,False,128,9
2,1,26,0.01997978985309601,False,128,9
2,1,27,0.019956646487116814,False,128,9
2,1,28,0.01981879211962223,False,128,9
2,1,29,0.020093444734811783,False,128,9
2,1,30,0.02037707157433033,False,128,9
2,1,31,0.019588639959692955,False,128,9
2,1,32,0.02084464021027088,False,128,9
2,1,33,0.02089030109345913,False,128,9
2,1,34,0.02037101984024048,False,128,9
2,1,35,0.020564598962664604,False,128,9
2,1,36,0.02090642601251602,False,128,9
2,1,37,0.02097928710281849,False,128,9
2,1,38,0.02116025984287262,False,128,9
2,1,39,0.0210308525711298,False,128,9
2,1,40,0.021171612665057182,False,128,9
2,1,41,0.020765678957104683,False,128,9
2,1,42,0.021564017981290817,False,128,9
2,1,43,0.02061958611011505,False,128,9
2,1,44,0.02109033428132534,False,128,9
2,1,45,0.02134089358150959,False,128,9
2,1,46,0.02149772271513939,False,128,9
2,1,47,0.021140161901712418,False,128,9
2,1,48,0.02253171242773533,False,128,9
2,1,49,0.02179577760398388,True,128,9
2,2,0,0.05444706976413727,False,128,9
2,2,1,0.011350534856319427,False,128,9
2,2,2,0.01096264086663723,False,128,9
2,2,3,0.01046218816190958,False,128,9
2,2,4,0.011078440584242344,False,128,9
2,2,5,0.011435401625931263,False,128,9
2,2,6,0.011651081964373589,False,128,9
2,2,7,0.012033302336931229,False,128,9
2,2,8,0.01223044004291296,False,128,9
2,2,9,0.012918900698423386,False,128,9
2,2,10,0.013087216764688492,False,128,9
2,2,11,0.013766558840870857,False,128,9
2,2,12,0.013606255874037743,False,128,9
2,2,13,0.01431132759898901,False,128,9
2,2,14,0.014974916353821754,False,128,9
2,2,15,0.015018627978861332,False,128,9
2,2,16,0.01541835255920887,False,128,9
2,2,17,0.01587912254035473,False,128,9
2,2,18,0.016537992283701897,False,128,9
2,2,19,0.016419129446148872,False,128,9
2,2,20,0.01709536276757717,False,128,9
2,2,21,0.01770811900496483,False,128,9
2,2,22,0.018291939049959183,False,128,9
2,2,23,0.018782250583171844,False,128,9
2,2,24,0.018878677859902382,False,128,9
2,2,25,0.019475268200039864,False,128,9
2,2,26,0.0191835667937994,False,128,9
2,2,27,0.02033079043030739,False,128,9
2,2,28,0.020605631172657013,False,128,9
2,2,29,0.02125122770667076,False,128,9
2,2,30,0.02145131677389145,False,128,9
2,2,31,0.021631203591823578,False,128,9
2,2,32,0.022249866276979446,False,128,9
2,2,33,0.0226539745926857,False,128,9
2,2,34,0.0229584239423275,False,128,9
2,2,35,0.02326124720275402,False,128,9
2,2,36,0.02442159317433834,False,128,9
2,2,37,0.02550496906042099,False,128,9
2,2,38,0.025521252304315567,False,128,9
2,2,39,0.026004748418927193,False,128,9
2,2,40,0.025908123701810837,False,128,9
2,2,41,0.02745402418076992,False,128,9
2,2,42,0.026893965899944305,False,128,9
2,2,43,0.02707386389374733,False,128,9
2,2,44,0.027894198894500732,False,128,9
2,2,45,0.027724560350179672,False,128,9
2,2,46,0.027713583782315254,False,128,9
2,2,47,0.02719271555542946,False,128,9
2,2,48,0.029539112001657486,False,128,9
2,2,49,0.0177549310028553,True,128,9
2,3,0,0.1989942044019699,False,128,9
2,3,1,0.010619278065860271,False,128,9
2,3,2,0.01098555512726307,False,128,9
2,3,3,0.010946208611130714,False,128,9
2,3,4,0.010312292724847794,False,128,9
2,3,5,0.011142346076667309,False,128,9
2,3,6,0.010525649413466454,False,128,9
2,3,7,0.011325403116643429,False,128,9
2,3,8,0.009851457551121712,False,128,9
2,3,9,0.01101033203303814,False,128,9
2,3,10,0.01117837242782116,False,128,9
2,3,11,0.013311048969626427,False,128,9
2,3,12,0.013741016387939453,False,128,9
2,3,13,0.01167755201458931,False,128,9
2,3,14,0.012921096757054329,False,128,9
2,3,15,0.012828840874135494,False,128,9
2,3,16,0.014071128331124783,False,128,9
2,3,17,0.014767425134778023,False,128,9
2,3,18,0.012523191049695015,False,128,9
2,3,19,0.0145195247605443,False,128,9
2,3,20,0.01387706771492958,False,128,9
2,3,21,0.014111081138253212,False,128,9
2,3,22,0.014897664077579975,False,128,9
2,3,23,0.016266893595457077,False,128,9
2,3,24,0.014141146093606949,False,128,9
2,3,25,0.01541537418961525,False,128,9
2,3,26,0.016975313425064087,False,128,9
2,3,27,0.015938395634293556,False,128,9
2,3,28,0.016263065859675407,False,128,9
2,3,29,0.017170773819088936,False,128,9
2,3,30,0.016680341213941574,False,128,9
2,3,31,0.01856321468949318,False,128,9
2,3,32,0.017108779400587082,False,128,9
2,3,33,0.019998911768198013,False,128,9
2,3,34,0.018194427713751793,False,128,9
2,3,35,0.017955748364329338,False,128,9
2,3,36,0.019211450591683388,False,128,9
2,3,37,0.017974548041820526,False,128,9
2,3,38,0.019583020359277725,False,128,9
2,3,39,0.018826626241207123,False,128,9
2,3,40,0.01966588757932186,False,128,9
2,3,41,0.020055389031767845,False,128,9
2,3,42,0.02020825259387493,False,128,9
2,3,43,0.020787648856639862,False,128,9
2,3,44,0.021698858588933945,False,128,9
2,3,45,0.021982351318001747,False,128,9
2,3,46,0.020915823057293892,False,128,9
2,3,47,0.022943157702684402,False,128,9
2,3,48,0.023878101259469986,False,128,9
2,3,49,0.04145878180861473,True,128,9
2,4,0,0.18620839715003967,False,128,9
2,4,1,0.016273871064186096,False,128,9
2,4,2,0.015540523454546928,False,128,9
2,4,3,0.014608493074774742,False,128,9
2,4,4,0.017057346180081367,False,128,9
2,4,5,0.016128702089190483,False,128,9
2,4,6,0.01644274778664112,False,128,9
2,4,7,0.015895938500761986,False,128,9
2,4,8,0.017778582870960236,False,128,9
2,4,9,0.018706580623984337,False,128,9
2,4,10,0.016652865335345268,False,128,9
2,4,11,0.019308054819703102,False,128,9
2,4,12,0.017745697870850563,False,128,9
2,4,13,0.01573801226913929,False,128,9
2,4,14,0.01787714846432209,False,128,9
2,4,15,0.01667199656367302,False,128,9
2,4,16,0.015672054141759872,False,128,9
2,4,17,0.017790667712688446,False,128,9
2,4,18,0.016663022339344025,False,128,9
2,4,19,0.017660073935985565,False,128,9
2,4,20,0.01724134385585785,False,128,9
2,4,21,0.016237936913967133,False,128,9
2,4,22,0.017115572467446327,False,128,9
2,4,23,0.01928253471851349,False,128,9
2,4,24,0.017739182338118553,False,128,9
2,4,25,0.01692875474691391,False,128,9
2,4,26,0.016863178461790085,False,128,9
2,4,27,0.015392548404633999,False,128,9
2,4,28,0.014577399007976055,False,128,9
2,4,29,0.01668783277273178,False,128,9
2,4,30,0.016416149213910103,False,128,9
2,4,31,0.016353854909539223,False,128,9
2,4,32,0.014994639903306961,False,128,9
2,4,33,0.016300596296787262,False,128,9
2,4,34,0.015232570469379425,False,128,9
2,4,35,0.015391595661640167,False,128,9
2,4,36,0.016270216554403305,False,128,9
2,4,37,0.016668420284986496,False,128,9
2,4,38,0.015760060399770737,False,128,9
2,4,39,0.016952035948634148,False,128,9
2,4,40,0.015539582818746567,False,128,9
2,4,41,0.016088314354419708,False,128,9
2,4,42,0.014853168278932571,False,128,9
2,4,43,0.016199305653572083,False,128,9
2,4,44,0.016822190955281258,False,128,9
2,4,45,0.01641632430255413,False,128,9
2,4,46,0.015493274666368961,False,128,9
2,4,47,0.01693660020828247,False,128,9
2,4,48,0.014030754566192627,False,128,9
2,4,49,0.022793276235461235,True,128,9
2,5,0,0.17162826657295227,False,128,9
2,5,1,0.01216998603194952,False,128,9
2,5,2,0.011162415146827698,False,128,9
2,5,3,0.01057606004178524,False,128,9
2,5,4,0.01158666517585516,False,128,9
2,5,5,0.011705402284860611,False,128,9
2,5,6,0.01196859497576952,False,128,9
2,5,7,0.01214462611824274,False,128,9
2,5,8,0.013580129481852055,False,128,9
2,5,9,0.013126407749950886,False,128,9
2,5,10,0.013623828068375587,False,128,9
2,5,11,0.014350419864058495,False,128,9
2,5,12,0.01537113357335329,False,128,9
2,5,13,0.015310964547097683,False,128,9
2,5,14,0.014542307704687119,False,128,9
2,5,15,0.015517029911279678,False,128,9
2,5,16,0.015854062512516975,False,128,9
2,5,17,0.01680692844092846,False,128,9
2,5,18,0.015874182805418968,False,128,9
2,5,19,0.016730256378650665,False,128,9
2,5,20,0.017098309472203255,False,128,9
2,5,21,0.01841983199119568,False,128,9
2,5,22,0.01860196888446808,False,128,9
2,5,23,0.018124649301171303,False,128,9
2,5,24,0.0181362833827734,False,128,9
2,5,25,0.01840396411716938,False,128,9
2,5,26,0.01734103262424469,False,128,9
2,5,27,0.017850365489721298,False,128,9
2,5,28,0.018882062286138535,False,128,9
2,5,29,0.01774735003709793,False,128,9
2,5,30,0.017765136435627937,False,128,9
2,5,31,0.01933736354112625,False,128,9
2,5,32,0.019587446004152298,False,128,9
2,5,33,0.018576132133603096,False,128,9
2,5,34,0.018964657559990883,False,128,9
2,5,35,0.020021110773086548,False,128,9
2,5,36,0.019920790567994118,False,128,9
2,5,37,0.019993046298623085,False,128,9
2,5,38,0.02121938392519951,False,128,9
2,5,39,0.019310221076011658,False,128,9
2,5,40,0.019842853769659996,False,128,9
2,5,41,0.020062565803527832,False,128,9
2,5,42,0.020046040415763855,False,128,9
2,5,43,0.020775379613041878,False,128,9
2,5,44,0.019928455352783203,False,128,9
2,5,45,0.019987037405371666,False,128,9
2,5,46,0.01930289715528488,False,128,9
2,5,47,0.020895807072520256,False,128,9
2,5,48,0.021598979830741882,False,128,9
2,5,49,0.008629197254776955,True,128,9
3,0,0,0.00812152586877346,False,128,0
3,0,1,0.00669694971293211,False,128,0
3,0,2,0.0073229228146374226,False,128,0
3,0,3,0.007757507264614105,False,128,0
3,0,4,0.008385378867387772,False,128,0
3,0,5,0.009306389838457108,False,128,0
3,0,6,0.009528972208499908,False,128,0
3,0,7,0.01027635857462883,False,128,0
3,0,8,0.011360902339220047,False,128,0
3,0,9,0.011874568648636341,False,128,0
3,0,10,0.011752220802009106,False,128,0
3,0,11,0.01280534639954567,False,128,0
3,0,12,0.013991408050060272,False,128,0
3,0,13,0.014691516757011414,False,128,0
3,0,14,0.014881087467074394,False,128,0
3,0,15,0.014942847192287445,False,128,0
3,0,16,0.014936467632651329,False,128,0
3,0,17,0.015526811592280865,False,128,0
3,0,18,0.016413627192378044,False,128,0
3,0,19,0.01657000556588173,False,128,0
3,0,20,0.017558204010128975,False,128,0
3,0,21,0.01773771271109581,False,128,0
3,0,22,0.018567726016044617,False,128,0
3,0,23,0.020320899784564972,False,128,0
3,0,24,0.020251283422112465,False,128,0
3,0,25,0.019070930778980255,False,128,0
3,0,26,0.019587773829698563,False,128,0
3,0,27,0.01986120268702507,False,128,0
3,0,28,0.02026497758924961,False,128,0
3,0,29,0.02070642076432705,False,128,0
3,0,30,0.021437829360365868,False,128,0
3,0,31,0.022764692083001137,False,128,0
3,0,32,0.020760443061590195,False,128,0
3,0,33,0.023522991687059402,False,128,0
3,0,34,0.022775448858737946,False,128,0
3,0,35,0.022260917350649834,False,128,0
3,0,36,0.022767236456274986,False,128,0
3,0,37,0.02357395552098751,False,128,0
3,0,38,0.024059096351265907,False,128,0
3,0,39,0.023441120982170105,False,128,0
3,0,40,0.02357363887131214,False,128,0
3,0,41,0.023441292345523834,False,128,0
3,0,42,0.022080831229686737,False,128,0
3,0,43,0.022868968546390533,False,128,0
3,0,44,0.021039443090558052,False,128,0
3,0,45,0.020674634724855423,False,128,0
3,0,46,0.02010405622422695,False,128,0
3,0,47,0.02222752571105957,False,128,0
3,0,48,0.019483808428049088,False,128,0
3,0,49,0.146072119474411,True,128,0
3,1,0,0.143297016620636,False,128,0
3,1,1,0.016214126721024513,False,128,0
3,1,2,0.014014622196555138,False,128,0
3,1,3,0.014627731405198574,False,128,0
3,1,4,0.013282526284456253,False,128,0
3,1,5,0.013146907091140747,False,128,0
3,1,6,0.01332979928702116,False,128,0
3,1,7,0.013238112442195415,False,128,0
3,1,8,0.013914044946432114,False,128,0
3,1,9,0.01279149018228054,False,128,0
3,1,10,0.012994433753192425,False,128,0
3,1,11,0.01361261960119009,False,128,0
3,1,12,0.013547184877097607,False,128,0
3,1,13,0.013766390271484852,False,128,0
3,1,14,0.014476501382887363,False,128,0
3,1,15,0.014383366331458092,False,128,0
3,1,16,0.015008971095085144,False,128,0
3,1,17,0.013980060815811157,False,128,0
3,1,18,0.014110995456576347,False,128,0
3,1,19,0.015252437442541122,False,128,0
3,1,20,0.015467669814825058,False,128,0
3,1,21,0.015068120323121548,False,128,0
3,1,22,0.01419808529317379,False,128,0
3,1,23,0.014948305673897266,False,128,0
3,1,24,0.015251368284225464,False,128,0
3,1,25,0.014954076148569584,False,128,0
3,1,26,0.01704512909054756,False,128,0
3,1,27,0.01663804054260254,False,128,0
3,1,28,0.01557166874408722,False,128,0
3,1,29,0.015534446574747562,False,128,0
3,1,30,0.016151878982782364,False,128,0
3,1,31,0.018596556037664413,False,128,0
3,1,32,0.01811213232576847,False,128,0
3,1,33,0.01639234647154808,False,128,0
3,1,34,0.016477007418870926,False,128,0
3,1,35,0.01648307964205742,False,128,0
3,1,36,0.016759201884269714,False,128,0
3,1,37,0.018256863579154015,False,128,0
3,1,38,0.01630358025431633,False,128,0
3,1,39,0.0178545992821455,False,128,0
3,1,40,0.01808912679553032,False,128,0
3,1,41,0.017776159569621086,False,128,0
3,1,42,0.01710454933345318,False,128,0
3,1,43,0.019735146313905716,False,128,0
3,1,44,0.01828933134675026,False,128,0
3,1,45,0.019846487790346146,False,128,0
3,1,46,0.019445020705461502,False,128,0
3,1,47,0.020135043188929558,False,128,0
3,1,48,0.019129808992147446,False,128,0
3,1,49,0.09539581090211868,True,128,0
3,2,0,0.006722285412251949,False,128,0
3,2,1,0.0030585704371333122,False,128,0
3,2,2,0.0029581498820334673,False,128,0
3,2,3,0.003159642918035388,False,128,0
3,2,4,0.003967833239585161,False,128,0
3,2,5,0.0035277691204100847,False,128,0
3,2,6,0.0038714103866368532,False,128,0
3,2,7,0.0039338720962405205,False,128,0
3,2,8,0.0045134830288589,False,128,0
3,2,9,0.005698421970009804,False,128,0
3,2,10,0.005107274278998375,False,128,0
3,2,11,0.005488555878400803,False,128,0
3,2,12,0.005901022348552942,False,128,0
3,2,13,0.005326756276190281,False,128,0
3,2,14,0.006120818667113781,False,128,0
3,2,15,0.007665383629500866,False,128,0
3,2,16,0.006510530598461628,False,128,0
3,2,17,0.007727799005806446,False,128,0
3,2,18,0.008360411040484905,False,128,0
3,2,19,0.00842201430350542,False,128,0
3,2,20,0.008922308683395386,False,128,0
3,2,21,0.009616789408028126,False,128,0
3,2,22,0.00987221859395504,False,128,0
3,2,23,0.009845992550253868,False,128,0
3,2,24,0.010812373831868172,False,128,0
3,2,25,0.012408738024532795,False,128,0
3,2,26,0.01298697292804718,False,128,0
3,2,27,0.014493158087134361,False,128,0
3,2,28,0.01578819938004017,False,128,0
3,2,29,0.014945628121495247,False,128,0
3,2,30,0.017249595373868942,False,128,0
3,2,31,0.01644819602370262,False,128,0
3,2,32,0.018256956711411476,False,128,0
3,2,33,0.021650267764925957,False,128,0
3,2,34,0.018217584118247032,False,128,0
3,2,35,0.021663034334778786,False,128,0
3,2,36,0.021009573712944984,False,128,0
3,2,37,0.022199980914592743,False,128,0
3,2,38,0.025734107941389084,False,128,0
3,2,39,0.02241259068250656,False,128,0
3,2,40,0.028155431151390076,False,128,0
3,2,41,0.027533844113349915,False,128,0
3,2,42,0.02670365571975708,False,128,0
3,2,43,0.029462914913892746,False,128,0
3,2,44,0.030509892851114273,False,128,0
3,2,45,0.029662953689694405,False,128,0
3,2,46,0.03373522683978081,False,128,0
3,2,47,0.0338665246963501,False,128,0
3,2,48,0.030637448653578758,False,128,0
3,2,49,0.29715582728385925,True,128,0
3,3,0,0.020110804587602615,False,128,0
3,3,1,0.012422768399119377,False,128,0
3,3,2,0.012006742879748344,False,128,0
3,3,3,0.014698977582156658,False,128,0
3,3,4,0.013335942290723324,False,128,0
3,3,5,0.014777502045035362,False,128,0
3,3,6,0.014043416827917099,False,128,0
3,3,7,0.015984317287802696,False,128,0
3,3,8,0.015329199843108654,False,128,0
3,3,9,0.014085350558161736,False,128,0
3,3,10,0.016454655677080154,False,128,0
3,3,11,0.016078580170869827,False,128,0
3,3,12,0.0196625255048275,False,128,0
3,3,13,0.01582498848438263,False,128,0
3,3,14,0.016764147207140923,False,128,0
3,3,15,0.017855284735560417,False,128,0
3,3,16,0.01804252341389656,False,128,0
3,3,17,0.01729109138250351,False,128,0
3,3,18,0.01990615390241146,False,128,0
3,3,19,0.019742300733923912,False,128,0
3,3,20,0.021062694489955902,False,128,0
3,3,21,0.01911206543445587,False,128,0
3,3,22,0.019518762826919556,False,128,0
3,3,23,0.018677348271012306,False,128,0
3,3,24,0.01867576502263546,False,128,0
3,3,25,0.020381692796945572,False,128,0
3,3,26,0.02077062614262104,False,128,0
3,3,27,0.02147647738456726,False,128,0
3,3,28,0.02280154824256897,False,128,0
3,3,29,0.02214633673429489,False,128,0
3,3,30,0.021134868264198303,False,128,0
3,3,31,0.022381100803613663,False,128,0
3,3,32,0.02258761040866375,False,128,0
3,3,33,0.021164067089557648,False,128,0
3,3,34,0.02249119244515896,False,128,0
3,3,35,0.022198859602212906,False,128,0
3,3,36,0.023228764533996582,False,128,0
3,3,37,0.02215595170855522,False,128,0
3,3,38,0.02034384198486805,False,128,0
3,3,39,0.023578524589538574,False,128,0
3,3,40,0.022895392030477524,False,128,0
3,3,41,0.0233461931347847,False,128,0
3,3,42,0.022667326033115387,False,128,0
3,3,43,0.022343875840306282,False,128,0
3,3,44,0.026583168655633926,False,128,0
3,3,45,0.021961700171232224,False,128,0
3,3,46,0.025260262191295624,False,128,0
3,3,47,0.02320258319377899,False,128,0
3,3,48,0.0233734343200922,False,128,0
3,3,49,0.03806069493293762,True,128,0
3,4,0,0.012236392125487328,False,128,0
3,4,1,0.010841312818229198,False,128,0
3,4,2,0.013047507032752037,False,128,0
3,4,3,0.013631777837872505,False,128,0
3,4,4,0.01298365369439125,False,128,0
3,4,5,0.014024987816810608,False,128,0
3,4,6,0.015176262706518173,False,128,0
3,4,7,0.015131262131035328,False,128,0
3,4,8,0.015965748578310013,False,128,0
3,4,9,0.01679852232336998,False,128,0
3,4,10,0.017123505473136902,False,128,0
3,4,11,0.018343567848205566,False,128,0
3,4,12,0.01927356980741024,False,128,0
3,4,13,0.018355857580900192,False,128,0
3,4,14,0.018150798976421356,False,128,0
3,4,15,0.019200969487428665,False,128,0
3,4,16,0.01915169693529606,False,128,0
3,4,17,0.019575951620936394,False,128,0
3,4,18,0.02080386132001877,False,128,0
3,4,19,0.020820390433073044,False,128,0
3,4,20,0.02147657610476017,False,128,0
3,4,21,0.02012724056839943,False,128,0
3,4,22,0.02146325260400772,False,128,0
3,4,23,0.0198685172945261,False,128,0
3,4,24,0.020575901493430138,False,128,0
3,4,25,0.020436488091945648,False,128,0
3,4,26,0.02237446792423725,False,128,0
3,4,27,0.02253301441669464,False,128,0
3,4,28,0.02243264764547348,False,128,0
3,4,29,0.022064438089728355,False,128,0
3,4,30,0.021906014531850815,False,128,0
3,4,31,0.02245650440454483,False,128,0
3,4,32,0.02318093366920948,False,128,0
3,4,33,0.022112134844064713,False,128,0
3,4,34,0.023191478103399277,False,128,0
3,4,35,0.021771982312202454,False,128,0
3,4,36,0.023754235357046127,False,128,0
3,4,37,0.02234514430165291,False,128,0
3,4,38,0.023136049509048462,False,128,0
3,4,39,0.022757723927497864,False,128,0
3,4,40,0.024526510387659073,False,128,0
3,4,41,0.023633301258087158,False,128,0
3,4,42,0.02314995601773262,False,128,0
3,4,43,0.022626109421253204,False,128,0
3,4,44,0.024093011394143105,False,128,0
3,4,45,0.022450316697359085,False,128,0
3,4,46,0.024516889825463295,False,128,0
3,4,47,0.02281467616558075,False,128,0
3,4,48,0.02331494726240635,False,128,0
3,4,49,0.018271932378411293,True,128,0
3,5,0,0.005514194257557392,False,128,0
3,5,1,0.007463637739419937,False,128,0
3,5,2,0.009480918757617474,False,128,0
3,5,3,0.011591595597565174,False,128,0
3,5,4,0.009570120833814144,False,128,0
3,5,5,0.01227337121963501,False,128,0
3,5,6,0.012075124308466911,False,128,0
3,5,7,0.0136443842202425,False,128,0
3,5,8,0.014154291711747646,False,128,0
3,5,9,0.013818729668855667,False,128,0
3,5,10,0.01478199940174818,False,128,0
3,5,11,0.015088284388184547,False,128,0
3,5,12,0.017506951466202736,False,128,0
3,5,13,0.017652884125709534,False,128,0
3,5,14,0.015853382647037506,False,128,0
3,5,15,0.018322572112083435,False,128,0
3,5,16,0.018097147345542908,False,128,0
3,5,17,0.018104827031493187,False,128,0
3,5,18,0.01904323510825634,False,128,0
3,5,19,0.020072683691978455,False,128,0
3,5,20,0.021504100412130356,False,128,0
3,5,21,0.019645104184746742,False,128,0
3,5,22,0.02134469896554947,False,128,0
3,5,23,0.019671384245157242,False,128,0
3,5,24,0.020502543076872826,False,128,0
3,5,25,0.020511358976364136,False,128,0
3,5,26,0.024160580709576607,False,128,0
3,5,27,0.02458180859684944,False,128,0
3,5,28,0.022404028102755547,False,128,0
3,5,29,0.021999355405569077,False,128,0
3,5,30,0.021744506433606148,False,128,0
3,5,31,0.02386915683746338,False,128,0
3,5,32,0.024796880781650543,False,128,0
3,5,33,0.022684644907712936,False,128,0
3,5,34,0.024101773276925087,False,128,0
3,5,35,0.024640850722789764,False,128,0
3,5,36,0.022955631837248802,False,128,0
3,5,37,0.024281660094857216,False,128,0
3,5,38,0.026079609990119934,False,128,0
3,5,39,0.025441408157348633,False,128,0
3,5,40,0.029828792437911034,False,128,0
3,5,41,0.028213027864694595,False,128,0
3,5,42,0.02491089701652527,False,128,0
3,5,43,0.024395903572440147,False,128,0
3,5,44,0.025861352682113647,False,128,0
3,5,45,0.024979237467050552,False,128,0
3,5,46,0.025140605866909027,False,128,0
3,5,47,0.02493121847510338,False,128,0
3,5,48,0.02639772556722164,False,128,0
3,5,49,0.02430982142686844,True,128,0
3,0,0,0.007909406907856464,False,128,1
3,0,1,0.006798063404858112,False,128,1
3,0,2,0.007249836809933186,False,128,1
3,0,3,0.007854794152081013,False,128,1
3,0,4,0.008328634314239025,False,128,1
3,0,5,0.009106259793043137,False,128,1
3,0,6,0.010076183825731277,False,128,1
3,0,7,0.010359831154346466,False,128,1
3,0,8,0.011387673206627369,False,128,1
3,0,9,0.011516201309859753,False,128,1
3,0,10,0.011683677323162556,False,128,1
3,0,11,0.012407513335347176,False,128,1
3,0,12,0.013416027650237083,False,128,1
3,0,13,0.014293713495135307,False,128,1
3,0,14,0.014544125646352768,False,128,1
3,0,15,0.015014654956758022,False,128,1
3,0,16,0.01529018022119999,False,128,1
3,0,17,0.016239820048213005,False,128,1
3,0,18,0.017444323748350143,False,128,1
3,0,19,0.017022229731082916,False,128,1
3,0,20,0.017301402986049652,False,128,1
3,0,21,0.0177940484136343,False,128,1
3,0,22,0.018367644399404526,False,128,1
3,0,23,0.019180625677108765,False,128,1
3,0,24,0.01994008757174015,False,128,1
3,0,25,0.019312849268317223,False,128,1
3,0,26,0.018648017197847366,False,128,1
3,0,27,0.020508013665676117,False,128,1
3,0,28,0.02079547569155693,False,128,1
3,0,29,0.02127973735332489,False,128,1
3,0,30,0.02185700833797455,False,128,1
3,0,31,0.020527657121419907,False,128,1
3,0,32,0.022651121020317078,False,128,1
3,0,33,0.02307579666376114,False,128,1
3,0,34,0.022449463605880737,False,128,1
3,0,35,0.023248597979545593,False,128,1
3,0,36,0.023284800350666046,False,128,1
3,0,37,0.02494705654680729,False,128,1
3,0,38,0.02367989346385002,False,128,1
3,0,39,0.026325024664402008,False,128,1
3,0,40,0.025250235572457314,False,128,1
3,0,41,0.0248369500041008,False,128,1
3,0,42,0.023968182504177094,False,128,1
3,0,43,0.02359154261648655,False,128,1
3,0,44,0.022227833047509193,False,128,1
3,0,45,0.019560934975743294,False,128,1
3,0,46,0.021102173253893852,False,128,1
3,0,47,0.021660057827830315,False,128,1
3,0,48,0.01982077956199646,False,128,1
3,0,49,0.13486382365226746,True,128,1
3,1,0,0.1343354880809784,False,128,1
3,1,1,0.015273659490048885,False,128,1
3,1,2,0.014847850427031517,False,128,1
3,1,3,0.014322028495371342,False,128,1
3,1,4,0.013072042725980282,False,128,1
3,1,5,0.012700039893388748,False,128,1
3,1,6,0.011782551184296608,False,128,1
3,1,7,0.01280982419848442,False,128,1
3,1,8,0.013371702283620834,False,128,1
3,1,9,0.012658349238336086,False,128,1
3,1,10,0.013289043679833412,False,128,1
3,1,11,0.013425878249108791,False,128,1
3,1,12,0.014269033446907997,False,128,1
3,1,13,0.013610943220555782,False,128,1
3,1,14,0.014435743913054466,False,128,1
3,1,15,0.01454265508800745,False,128,1
3,1,16,0.013861525803804398,False,128,1
3,1,17,0.014669207856059074,False,128,1
3,1,18,0.015534775331616402,False,128,1
3,1,19,0.014287211000919342,False,128,1
3,1,20,0.014551464468240738,False,128,1
3,1,21,0.01403643935918808,False,128,1
3,1,22,0.015517224557697773,False,128,1
3,1,23,0.01621759682893753,False,128,1
3,1,24,0.015954365953803062,False,128,1
3,1,25,0.015227662399411201,False,128,1
3,1,26,0.01610332354903221,False,128,1
3,1,27,0.01644779182970524,False,128,1
3,1,28,0.01631198637187481,False,128,1
3,1,29,0.01617618277668953,False,128,1
3,1,30,0.016628680750727654,False,128,1
3,1,31,0.01640411466360092,False,128,1
3,1,32,0.01849287375807762,False,128,1
3,1,33,0.01680292747914791,False,128,1
3,1,34,0.01780392974615097,False,128,1
3,1,35,0.01791452057659626,False,128,1
3,1,36,0.016710763797163963,False,128,1
3,1,37,0.018296891823410988,False,128,1
3,1,38,0.01729573681950569,False,128,1
3,1,39,0.018332617357373238,False,128,1
3,1,40,0.019079603254795074,False,128,1
3,1,41,0.019404059275984764,False,128,1
3,1,42,0.018513279035687447,False,128,1
3,1,43,0.019261451438069344,False,128,1
3,1,44,0.01890394650399685,False,128,1
3,1,45,0.020374618470668793,False,128,1
3,1,46,0.019119665026664734,False,128,1
3,1,47,0.019682716578245163,False,128,1
3,1,48,0.019308624789118767,False,128,1
3,1,49,0.098025381565094,True,128,1
3,2,0,0.006626524962484837,False,128,1
3,2,1,0.0028731266502290964,False,128,1
3,2,2,0.0032418903429061174,False,128,1
3,2,3,0.003309287829324603,False,128,1
3,2,4,0.003347916528582573,False,128,1
3,2,5,0.0034978240728378296,False,128,1
3,2,6,0.003785274922847748,False,128,1
3,2,7,0.004256905987858772,False,128,1
3,2,8,0.00404078233987093,False,128,1
3,2,9,0.004400661680847406,False,128,1
3,2,10,0.004931482952088118,False,128,1
3,2,11,0.005427113268524408,False,128,1
3,2,12,0.005062290467321873,False,128,1
3,2,13,0.0054141259752213955,False,128,1
3,2,14,0.0061676157638430595,False,128,1
3,2,15,0.006875719875097275,False,128,1
3,2,16,0.006976346485316753,False,128,1
3,2,17,0.008116928860545158,False,128,1
3,2,18,0.008045288734138012,False,128,1
3,2,19,0.007747206371277571,False,128,1
3,2,20,0.008633600547909737,False,128,1
3,2,21,0.00984169077128172,False,128,1
3,2,22,0.009671319276094437,False,128,1
3,2,23,0.010212788358330727,False,128,1
3,2,24,0.010041281580924988,False,128,1
3,2,25,0.011059773154556751,False,128,1
3,2,26,0.012438274919986725,False,128,1
3,2,27,0.012809128500521183,False,128,1
3,2,28,0.013840797357261181,False,128,1
3,2,29,0.013998443260788918,False,128,1
3,2,30,0.016393840312957764,False,128,1
3,2,31,0.018908219411969185,False,128,1
3,2,32,0.01773657463490963,False,128,1
3,2,33,0.020065708085894585,False,128,1
3,2,34,0.019763488322496414,False,128,1
3,2,35,0.02126350812613964,False,128,1
3,2,36,0.02296518161892891,False,128,1
3,2,37,0.021894624456763268,False,128,1
3,2,38,0.02604631893336773,False,128,1
3,2,39,0.024560030549764633,False,128,1
3,2,40,0.030966632068157196,False,128,1
3,2,41,0.02760830707848072,False,128,1
3,2,42,0.02699974551796913,False,128,1
3,2,43,0.03012736514210701,False,128,1
3,2,44,0.03269577771425247,False,128,1
3,2,45,0.031757231801748276,False,128,1
3,2,46,0.03972145915031433,False,128,1
3,2,47,0.03628614917397499,False,128,1
3,2,48,0.031031839549541473,False,128,1
3,2,49,0.28651657700538635,True,128,1
3,3,0,0.020115630701184273,False,128,1
3,3,1,0.01187897939234972,False,128,1
3,3,2,0.012782398611307144,False,128,1
3,3,3,0.012189097702503204,False,128,1
3,3,4,0.013784056529402733,False,128,1
3,3,5,0.012620084919035435,False,128,1
3,3,6,0.01344284601509571,False,128,1
3,3,7,0.015451217070221901,False,128,1
3,3,8,0.014134140685200691,False,128,1
3,3,9,0.01866685412824154,False,128,1
3,3,10,0.014164908789098263,False,128,1
3,3,11,0.01623542793095112,False,128,1
3,3,12,0.01700780540704727,False,128,1
3,3,13,0.019215695559978485,False,128,1
3,3,14,0.017246706411242485,False,128,1
3,3,15,0.019440583884716034,False,128,1
3,3,16,0.017680149525403976,False,128,1
3,3,17,0.02037261426448822,False,128,1
3,3,18,0.017634935677051544,False,128,1
3,3,19,0.018528562039136887,False,128,1
3,3,20,0.020252371206879616,False,128,1
3,3,21,0.018990950658917427,False,128,1
3,3,22,0.0216287262737751,False,128,1
3,3,23,0.0198490172624588,False,128,1
3,3,24,0.019374925643205643,False,128,1
3,3,25,0.019818902015686035,False,128,1
3,3,26,0.019217798486351967,False,128,1
3,3,27,0.02236228808760643,False,128,1
3,3,28,0.02136959880590439,False,128,1
3,3,29,0.023498909547924995,False,128,1
3,3,30,0.01976552978157997,False,128,1
3,3,31,0.021247323602437973,False,128,1
3,3,32,0.022074908018112183,False,128,1
3,3,33,0.025863394141197205,False,128,1
3,3,34,0.023639898747205734,False,128,1
3,3,35,0.024354467168450356,False,128,1
3,3,36,0.02076862007379532,False,128,1
3,3,37,0.022581450641155243,False,128,1
3,3,38,0.023929545655846596,False,128,1
3,3,39,0.023009097203612328,False,128,1
3,3,40,0.022343724966049194,False,128,1
3,3,41,0.022070223465561867,False,128,1
3,3,42,0.02033623866736889,False,128,1
3,3,43,0.021910343319177628,False,128,1
3,3,44,0.02210012637078762,False,128,1
3,3,45,0.023486390709877014,False,128,1
3,3,46,0.022977860644459724,False,128,1
3,3,47,0.024816520512104034,False,128,1
3,3,48,0.022964732721447945,False,128,1
3,3,49,0.04080342501401901,True,128,1
3,4,0,0.012976615689694881,False,128,1
3,4,1,0.010907365940511227,False,128,1
3,4,2,0.012757856398820877,False,128,1
3,4,3,0.01340721920132637,False,128,1
3,4,4,0.013407418504357338,False,128,1
3,4,5,0.014051229692995548,False,128,1
3,4,6,0.0143935177475214,False,128,1
3,4,7,0.015529731288552284,False,128,1
3,4,8,0.015378495678305626,False,128,1
3,4,9,0.017624203115701675,False,128,1
3,4,10,0.016470959410071373,False,128,1
3,4,11,0.017502987757325172,False,128,1
3,4,12,0.02013067528605461,False,128,1
3,4,13,0.01869865693151951,False,128,1
3,4,14,0.02068646438419819,False,128,1
3,4,15,0.020106051117181778,False,128,1
3,4,16,0.019975371658802032,False,128,1
3,4,17,0.020613573491573334,False,128,1
3,4,18,0.020782658830285072,False,128,1
3,4,19,0.020133772864937782,False,128,1
3,4,20,0.019016779959201813,False,128,1
3,4,21,0.019741540774703026,False,128,1
3,4,22,0.020861037075519562,False,128,1
3,4,23,0.02209688350558281,False,128,1
3,4,24,0.0213436558842659,False,128,1
3,4,25,0.021198401227593422,False,128,1
3,4,26,0.020613864064216614,False,128,1
3,4,27,0.02240612357854843,False,128,1
3,4,28,0.021693676710128784,False,128,1
3,4,29,0.022327659651637077,False,128,1
3,4,30,0.023375432938337326,False,128,1
3,4,31,0.021795423701405525,False,128,1
3,4,32,0.023985784500837326,False,128,1
3,4,33,0.023606812581419945,False,128,1
3,4,34,0.024690883234143257,False,128,1
3,4,35,0.023928649723529816,False,128,1
3,4,36,0.02277122437953949,False,128,1
3,4,37,0.02286137454211712,False,128,1
3,4,38,0.02260623499751091,False,128,1
3,4,39,0.022439997643232346,False,128,1
3,4,40,0.024544009938836098,False,128,1
3,4,41,0.022651895880699158,False,128,1
3,4,42,0.021937014535069466,False,128,1
3,4,43,0.02146202139556408,False,128,1
3,4,44,0.022195972502231598,False,128,1
3,4,45,0.02230457030236721,False,128,1
3,4,46,0.022894110530614853,False,128,1
3,4,47,0.023904789239168167,False,128,1
3,4,48,0.02164378948509693,False,128,1
3,4,49,0.017565565183758736,True,128,1
3,5,0,0.006095974240452051,False,128,1
3,5,1,0.0072725676000118256,False,128,1
3,5,2,0.009224122390151024,False,128,1
3,5,3,0.009584793820977211,False,128,1
3,5,4,0.009331915527582169,False,128,1
3,5,5,0.011236817575991154,False,128,1
3,5,6,0.012393076904118061,False,128,1
3,5,7,0.012560999020934105,False,128,1
3,5,8,0.011893758550286293,False,128,1
3,5,9,0.014753840863704681,False,128,1
3,5,10,0.014395530335605145,False,128,1
3,5,11,0.015462853945791721,False,128,1
3,5,12,0.017678825184702873,False,128,1
3,5,13,0.016355939209461212,False,128,1
3,5,14,0.01855558529496193,False,128,1
3,5,15,0.019281720742583275,False,128,1
3,5,16,0.019122637808322906,False,128,1
3,5,17,0.020250733941793442,False,128,1
3,5,18,0.02139260247349739,False,128,1
3,5,19,0.01956591010093689,False,128,1
3,5,20,0.017834564670920372,False,128,1
3,5,21,0.019005129113793373,False,128,1
3,5,22,0.02130545862019062,False,128,1
3,5,23,0.020668521523475647,False,128,1
3,5,24,0.02220132015645504,False,128,1
3,5,25,0.02150910347700119,False,128,1
3,5,26,0.02289898507297039,False,128,1
3,5,27,0.021933261305093765,False,128,1
3,5,28,0.023281002417206764,False,128,1
3,5,29,0.02547287568449974,False,128,1
3,5,30,0.02408464252948761,False,128,1
3,5,31,0.024131979793310165,False,128,1
3,5,32,0.027480194345116615,False,128,1
3,5,33,0.02507231943309307,False,128,1
3,5,34,0.027321860194206238,False,128,1
3,5,35,0.02542715147137642,False,128,1
3,5,36,0.024292465299367905,False,128,1
3,5,37,0.02373722940683365,False,128,1
3,5,38,0.023022141307592392,False,128,1
3,5,39,0.02482178807258606,False,128,1
3,5,40,0.026607269421219826,False,128,1
3,5,41,0.02591952122747898,False,128,1
3,5,42,0.02597002312541008,False,128,1
3,5,43,0.023863593116402626,False,128,1
3,5,44,0.02436993271112442,False,128,1
3,5,45,0.02429269813001156,False,128,1
3,5,46,0.025607680901885033,False,128,1
3,5,47,0.024838343262672424,False,128,1
3,5,48,0.024269361048936844,False,128,1
3,5,49,0.022349385544657707,True,128,1
3,0,0,0.008306330069899559,False,128,2
3,0,1,0.007042158395051956,False,128,2
3,0,2,0.007301828358322382,False,128,2
3,0,3,0.008184939622879028,False,128,2
3,0,4,0.0085611492395401,False,128,2
3,0,5,0.009625831618905067,False,128,2
3,0,6,0.01014658622443676,False,128,2
3,0,7,0.010160889476537704,False,128,2
3,0,8,0.011188019067049026,False,128,2
3,0,9,0.011568296700716019,False,128,2
3,0,10,0.012009326368570328,False,128,2
3,0,11,0.012915179133415222,False,128,2
3,0,12,0.013854295946657658,False,128,2
3,0,13,0.013773608021438122,False,128,2
3,0,14,0.014740319922566414,False,128,2
3,0,15,0.015437894500792027,False,128,2
3,0,16,0.01562194898724556,False,128,2
3,0,17,0.016856739297509193,False,128,2
3,0,18,0.017615264281630516,False,128,2
3,0,19,0.018268540501594543,False,128,2
3,0,20,0.017489660531282425,False,128,2
3,0,21,0.017411891371011734,False,128,2
3,0,22,0.018520314246416092,False,128,2
3,0,23,0.01854765973985195,False,128,2
3,0,24,0.0198698528110981,False,128,2
3,0,25,0.01919449120759964,False,128,2
3,0,26,0.02020019106566906,False,128,2
3,0,27,0.021339712664484978,False,128,2
3,0,28,0.021559258922934532,False,128,2
3,0,29,0.021323993802070618,False,128,2
3,0,30,0.022506633773446083,False,128,2
3,0,31,0.020722439512610435,False,128,2
3,0,32,0.022652287036180496,False,128,2
3,0,33,0.023784110322594643,False,128,2
3,0,34,0.021368948742747307,False,128,2
3,0,35,0.0230206660926342,False,128,2
3,0,36,0.023665547370910645,False,128,2
3,0,37,0.02453194186091423,False,128,2
3,0,38,0.024091243743896484,False,128,2
3,0,39,0.025009937584400177,False,128,2
3,0,40,0.02416463941335678,False,128,2
3,0,41,0.02353065460920334,False,128,2
3,0,42,0.022001024335622787,False,128,2
3,0,43,0.022869562730193138,False,128,2
3,0,44,0.020688887685537338,False,128,2
3,0,45,0.020625775679945946,False,128,2
3,0,46,0.020729251205921173,False,128,2
3,0,47,0.021797876805067062,False,128,2
3,0,48,0.01902618631720543,False,128,2
3,0,49,0.1345762014389038,True,128,2
3,1,0,0.1498844027519226,False,128,2
3,1,1,0.015396212227642536,False,128,2
3,1,2,0.014386950060725212,False,128,2
3,1,3,0.01427052728831768,False,128,2
3,1,4,0.013635972514748573,False,128,2
3,1,5,0.013482196256518364,False,128,2
3,1,6,0.013344954699277878,False,128,2
3,1,7,0.01321327406913042,False,128,2
3,1,8,0.01412030030041933,False,128,2
3,1,9,0.0128461429849267,False,128,2
3,1,10,0.013403290882706642,False,128,2
3,1,11,0.013646518811583519,False,128,2
3,1,12,0.013565127737820148,False,128,2
3,1,13,0.014944472350180149,False,128,2
3,1,14,0.014246336184442043,False,128,2
3,1,15,0.014196760021150112,False,128,2
3,1,16,0.014696837402880192,False,128,2
3,1,17,0.014221683144569397,False,128,2
3,1,18,0.013965960592031479,False,128,2
3,1,19,0.01504249032586813,False,128,2
3,1,20,0.015142913907766342,False,128,2
3,1,21,0.015013214200735092,False,128,2
3,1,22,0.014814728870987892,False,128,2
3,1,23,0.014994079247117043,False,128,2
3,1,24,0.015626756474375725,False,128,2
3,1,25,0.015554292127490044,False,128,2
3,1,26,0.01529464591294527,False,128,2
3,1,27,0.016261890530586243,False,128,2
3,1,28,0.015732476487755775,False,128,2
3,1,29,0.017085224390029907,False,128,2
3,1,30,0.016842886805534363,False,128,2
3,1,31,0.01680181920528412,False,128,2
3,1,32,0.0174102745950222,False,128,2
3,1,33,0.01711476407945156,False,128,2
3,1,34,0.01700514927506447,False,128,2
3,1,35,0.017283106222748756,False,128,2
3,1,36,0.01668822206556797,False,128,2
3,1,37,0.017254367470741272,False,128,2
3,1,38,0.017901120707392693,False,128,2
3,1,39,0.018837742507457733,False,128,2
3,1,40,0.019404597580432892,False,128,2
3,1,41,0.01758415997028351,False,128,2
3,1,42,0.019022822380065918,False,128,2
3,1,43,0.02033928409218788,False,128,2
3,1,44,0.01934223249554634,False,128,2
3,1,45,0.017771480605006218,False,128,2
3,1,46,0.019419118762016296,False,128,2
3,1,47,0.02017785608768463,False,128,2
3,1,48,0.017305251210927963,False,128,2
3,1,49,0.08446311950683594,True,128,2
3,2,0,0.007643633056432009,False,128,2
3,2,1,0.0035290843807160854,False,128,2
3,2,2,0.003321372903883457,False,128,2
3,2,3,0.003672155551612377,False,128,2
3,2,4,0.003397163935005665,False,128,2
3,2,5,0.004126069601625204,False,128,2
3,2,6,0.0037241007667034864,False,128,2
3,2,7,0.0038520258385688066,False,128,2
3,2,8,0.004407620057463646,False,128,2
3,2,9,0.003950231242924929,False,128,2
3,2,10,0.004791181068867445,False,128,2
3,2,11,0.005297880619764328,False,128,2
3,2,12,0.005326730199158192,False,128,2
3,2,13,0.00611485168337822,False,128,2
3,2,14,0.005847282707691193,False,128,2
3,2,15,0.006703922059386969,False,128,2
3,2,16,0.0067129237577319145,False,128,2
3,2,17,0.007478614337742329,False,128,2
3,2,18,0.008373759686946869,False,128,2
3,2,19,0.00806210096925497,False,128,2
3,2,20,0.008444748818874359,False,128,2
3,2,21,0.008931273594498634,False,128,2
3,2,22,0.010813755914568901,False,128,2
3,2,23,0.010505945421755314,False,128,2
3,2,24,0.01125322189182043,False,128,2
3,2,25,0.012787272222340107,False,128,2
3,2,26,0.013406229205429554,False,128,2
3,2,27,0.012819599360227585,False,128,2
3,2,28,0.015312924981117249,False,128,2
3,2,29,0.014853348955512047,False,128,2
3,2,30,0.016226524487137794,False,128,2
3,2,31,0.01685759797692299,False,128,2
3,2,32,0.016409076750278473,False,128,2
3,2,33,0.018518641591072083,False,128,2
3,2,34,0.01983681134879589,False,128,2
3,2,35,0.0197448693215847,False,128,2
3,2,36,0.022472534328699112,False,128,2
3,2,37,0.023816073313355446,False,128,2
3,2,38,0.026307059451937675,False,128,2
3,2,39,0.021935373544692993,False,128,2
3,2,40,0.0268526803702116,False,128,2
3,2,41,0.029382115229964256,False,128,2
3,2,42,0.02400393597781658,False,128,2
3,2,43,0.02724527195096016,False,128,2
3,2,44,0.027278508991003036,False,128,2
3,2,45,0.03586732596158981,False,128,2
3,2,46,0.03789249062538147,False,128,2
3,2,47,0.033877190202474594,False,128,2
3,2,48,0.031579189002513885,False,128,2
3,2,49,0.2984357476234436,True,128,2
3,3,0,0.019862590357661247,False,128,2
3,3,1,0.012375728227198124,False,128,2
3,3,2,0.01353491097688675,False,128,2
3,3,3,0.013507482595741749,False,128,2
3,3,4,0.013508039526641369,False,128,2
3,3,5,0.013285497203469276,False,128,2
3,3,6,0.014985566027462482,False,128,2
3,3,7,0.012750087305903435,False,128,2
3,3,8,0.015401090495288372,False,128,2
3,3,9,0.014675188809633255,False,128,2
3,3,10,0.01971069723367691,False,128,2
3,3,11,0.01772843673825264,False,128,2
3,3,12,0.01608908921480179,False,128,2
3,3,13,0.018121052533388138,False,128,2
3,3,14,0.017484372481703758,False,128,2
3,3,15,0.01883530430495739,False,128,2
3,3,16,0.018025018274784088,False,128,2
3,3,17,0.018060440197587013,False,128,2
3,3,18,0.01845773495733738,False,128,2
3,3,19,0.018190626055002213,False,128,2
3,3,20,0.02022457681596279,False,128,2
3,3,21,0.02070174179971218,False,128,2
3,3,22,0.018765727058053017,False,128,2
3,3,23,0.01841149292886257,False,128,2
3,3,24,0.020475152879953384,False,128,2
3,3,25,0.022672725841403008,False,128,2
3,3,26,0.018745949491858482,False,128,2
3,3,27,0.02076255902647972,False,128,2
3,3,28,0.020922597497701645,False,128,2
3,3,29,0.02108905091881752,False,128,2
3,3,30,0.020998066291213036,False,128,2
3,3,31,0.020872436463832855,False,128,2
3,3,32,0.02223476767539978,False,128,2
3,3,33,0.020645860582590103,False,128,2
3,3,34,0.02028423175215721,False,128,2
3,3,35,0.023440903052687645,False,128,2
3,3,36,0.025498658418655396,False,128,2
3,3,37,0.023430220782756805,False,128,2
3,3,38,0.02103445492684841,False,128,2
3,3,39,0.023108892142772675,False,128,2
3,3,40,0.02240229770541191,False,128,2
3,3,41,0.020999636501073837,False,128,2
3,3,42,0.021617235615849495,False,128,2
3,3,43,0.026228629052639008,False,128,2
3,3,44,0.02491641789674759,False,128,2
3,3,45,0.02201433852314949,False,128,2
3,3,46,0.02303227037191391,False,128,2
3,3,47,0.02436552569270134,False,128,2
3,3,48,0.02590969204902649,False,128,2
3,3,49,0.03960493206977844,True,128,2
3,4,0,0.011967956088483334,False,128,2
3,4,1,0.010441828519105911,False,128,2
3,4,2,0.012386157177388668,False,128,2
3,4,3,0.013247599825263023,False,128,2
3,4,4,0.013592853210866451,False,128,2
3,4,5,0.014635303989052773,False,128,2
3,4,6,0.015930121764540672,False,128,2
3,4,7,0.014505352824926376,False,128,2
3,4,8,0.016267020255327225,False,128,2
3,4,9,0.015354439616203308,False,128,2
3,4,10,0.018465349450707436,False,128,2
3,4,11,0.017451899126172066,False,128,2
3,4,12,0.017776697874069214,False,128,2
3,4,13,0.01794743910431862,False,128,2
3,4,14,0.01816447265446186,False,128,2
3,4,15,0.02034394070506096,False,128,2
3,4,16,0.02020319364964962,False,128,2
3,4,17,0.01912803016602993,False,128,2
3,4,18,0.019226910546422005,False,128,2
3,4,19,0.019717225804924965,False,128,2
3,4,20,0.019945543259382248,False,128,2
3,4,21,0.020165899768471718,False,128,2
3,4,22,0.0201141107827425,False,128,2
3,4,23,0.020360009744763374,False,128,2
3,4,24,0.020469708368182182,False,128,2
3,4,25,0.02243187092244625,False,128,2
3,4,26,0.020666904747486115,False,128,2
3,4,27,0.022086022421717644,False,128,2
3,4,28,0.021868228912353516,False,128,2
3,4,29,0.022747702896595,False,128,2
3,4,30,0.02246711403131485,False,128,2
3,4,31,0.0225975438952446,False,128,2
3,4,32,0.022869734093546867,False,128,2
3,4,33,0.021724630147218704,False,128,2
3,4,34,0.023264223709702492,False,128,2
3,4,35,0.022740917280316353,False,128,2
3,4,36,0.02270166575908661,False,128,2
3,4,37,0.023075293749570847,False,128,2
3,4,38,0.023913243785500526,False,128,2
3,4,39,0.0251290425658226,False,128,2
3,4,40,0.022808674722909927,False,128,2
3,4,41,0.021786125376820564,False,128,2
3,4,42,0.024177325889468193,False,128,2
3,4,43,0.024518081918358803,False,128,2
3,4,44,0.024423198774456978,False,128,2
3,4,45,0.022249313071370125,False,128,2
3,4,46,0.024832341820001602,False,128,2
3,4,47,0.024760419502854347,False,128,2
3,4,48,0.023106377571821213,False,128,2
3,4,49,0.01924494095146656,True,128,2
3,5,0,0.005659402813762426,False,128,2
3,5,1,0.007074795663356781,False,128,2
3,5,2,0.008759085088968277,False,128,2
3,5,3,0.01072730589658022,False,128,2
3,5,4,0.010830799117684364,False,128,2
3,5,5,0.011680858209729195,False,128,2
3,5,6,0.015559105202555656,False,128,2
3,5,7,0.011956444010138512,False,128,2
3,5,8,0.01573207788169384,False,128,2
3,5,9,0.013165334239602089,False,128,2
3,5,10,0.01775215193629265,False,128,2
3,5,11,0.016269979998469353,False,128,2
3,5,12,0.016432709991931915,False,128,2
3,5,13,0.01760847121477127,False,128,2
3,5,14,0.01752866432070732,False,128,2
3,5,15,0.020139196887612343,False,128,2
3,5,16,0.020232945680618286,False,128,2
3,5,17,0.01781640760600567,False,128,2
3,5,18,0.018320994451642036,False,128,2
3,5,19,0.019847244024276733,False,128,2
3,5,20,0.0215411726385355,False,128,2
3,5,21,0.017565526068210602,False,128,2
3,5,22,0.01962428167462349,False,128,2
3,5,23,0.01995927467942238,False,128,2
3,5,24,0.021427718922495842,False,128,2
3,5,25,0.0229923315346241,False,128,2
3,5,26,0.020358344539999962,False,128,2
3,5,27,0.023348674178123474,False,128,2
3,5,28,0.02280213125050068,False,128,2
3,5,29,0.023081162944436073,False,128,2
3,5,30,0.02356225624680519,False,128,2
3,5,31,0.024169020354747772,False,128,2
3,5,32,0.022519255056977272,False,128,2
3,5,33,0.023138705641031265,False,128,2
3,5,34,0.024931099265813828,False,128,2
3,5,35,0.025888334959745407,False,128,2
3,5,36,0.02404799684882164,False,128,2
3,5,37,0.025858763605356216,False,128,2
3,5,38,0.026402488350868225,False,128,2
3,5,39,0.025869660079479218,False,128,2
3,5,40,0.02414427138864994,False,128,2
3,5,41,0.022808171808719635,False,128,2
3,5,42,0.024361252784729004,False,128,2
3,5,43,0.027225662022829056,False,128,2
3,5,44,0.026662785559892654,False,128,2
3,5,45,0.024164937436580658,False,128,2
3,5,46,0.02487417683005333,False,128,2
3,5,47,0.02722642943263054,False,128,2
3,5,48,0.023676637560129166,False,128,2
3,5,49,0.022673508152365685,True,128,2
3,0,0,0.00846010260283947,False,128,3
3,0,1,0.006904580630362034,False,128,3
3,0,2,0.007639954332262278,False,128,3
3,0,3,0.008476623333990574,False,128,3
3,0,4,0.0086009306833148,False,128,3
3,0,5,0.009105004370212555,False,128,3
3,0,6,0.010222396813333035,False,128,3
3,0,7,0.010881750844419003,False,128,3
3,0,8,0.011411472223699093,False,128,3
3,0,9,0.012114659883081913,False,128,3
3,0,10,0.011919891461730003,False,128,3
3,0,11,0.013239925727248192,False,128,3
3,0,12,0.013212649151682854,False,128,3
3,0,13,0.014444779604673386,False,128,3
3,0,14,0.013992955908179283,False,128,3
3,0,15,0.015056591480970383,False,128,3
3,0,16,0.016248852014541626,False,128,3
3,0,17,0.016139540821313858,False,128,3
3,0,18,0.017419548705220222,False,128,3
3,0,19,0.016665607690811157,False,128,3
3,0,20,0.017599277198314667,False,128,3
3,0,21,0.017168520018458366,False,128,3
3,0,22,0.019602548331022263,False,128,3
3,0,23,0.020409002900123596,False,128,3
3,0,24,0.019436664879322052,False,128,3
3,0,25,0.019048240035772324,False,128,3
3,0,26,0.020890619605779648,False,128,3
3,0,27,0.020188894122838974,False,128,3
3,0,28,0.020563114434480667,False,128,3
3,0,29,0.022165318951010704,False,128,3
3,0,30,0.02048393338918686,False,128,3
3,0,31,0.021033428609371185,False,128,3
3,0,32,0.02159152179956436,False,128,3
3,0,33,0.023398682475090027,False,128,3
3,0,34,0.022026890888810158,False,128,3
3,0,35,0.022172702476382256,False,128,3
3,0,36,0.02335844561457634,False,128,3
3,0,37,0.022688813507556915,False,128,3
3,0,38,0.022987889125943184,False,128,3
3,0,39,0.023476840928196907,False,128,3
3,0,40,0.023231834173202515,False,128,3
3,0,41,0.02363738603889942,False,128,3
3,0,42,0.023741237819194794,False,128,3
3,0,43,0.022754214704036713,False,128,3
3,0,44,0.021089423447847366,False,128,3
3,0,45,0.0202554389834404,False,128,3
3,0,46,0.021092934533953667,False,128,3
3,0,47,0.021672848612070084,False,128,3
3,0,48,0.019366713240742683,False,128,3
3,0,49,0.140708789229393,True,128,3
3,1,0,0.14612050354480743,False,128,3
3,1,1,0.01593470759689808,False,128,3
3,1,2,0.013915054500102997,False,128,3
3,1,3,0.013113612309098244,False,128,3
3,1,4,0.013792028650641441,False,128,3
3,1,5,0.014067428186535835,False,128,3
3,1,6,0.01371538732200861,False,128,3
3,1,7,0.01309249922633171,False,128,3
3,1,8,0.014003601856529713,False,128,3
3,1,9,0.013497334904968739,False,128,3
3,1,10,0.013876372948288918,False,128,3
3,1,11,0.014211602509021759,False,128,3
3,1,12,0.014103416353464127,False,128,3
3,1,13,0.01375351008027792,False,128,3
3,1,14,0.013517395593225956,False,128,3
3,1,15,0.01434522308409214,False,128,3
3,1,16,0.014321781694889069,False,128,3
3,1,17,0.013985943980515003,False,128,3
3,1,18,0.014093464240431786,False,128,3
3,1,19,0.013997073285281658,False,128,3
3,1,20,0.014552385546267033,False,128,3
3,1,21,0.015662655234336853,False,128,3
3,1,22,0.01460610143840313,False,128,3
3,1,23,0.014758249744772911,False,128,3
3,1,24,0.016620328649878502,False,128,3
3,1,25,0.014693102799355984,False,128,3
3,1,26,0.01619243063032627,False,128,3
3,1,27,0.01629471965134144,False,128,3
3,1,28,0.0159891527146101,False,128,3
3,1,29,0.016985468566417694,False,128,3
3,1,30,0.016648758202791214,False,128,3
3,1,31,0.016611851751804352,False,128,3
3,1,32,0.01774415746331215,False,128,3
3,1,33,0.016128506511449814,False,128,3
3,1,34,0.016581613570451736,False,128,3
3,1,35,0.016890808939933777,False,128,3
3,1,36,0.017725734040141106,False,128,3
3,1,37,0.017834926024079323,False,128,3
3,1,38,0.01659606210887432,False,128,3
3,1,39,0.0185233261436224,False,128,3
3,1,40,0.017839690670371056,False,128,3
3,1,41,0.01783408597111702,False,128,3
3,1,42,0.017498603090643883,False,128,3
3,1,43,0.018860450014472008,False,128,3
3,1,44,0.018961306661367416,False,128,3
3,1,45,0.019415877759456635,False,128,3
3,1,46,0.020153647288680077,False,128,3
3,1,47,0.020038507878780365,False,128,3
3,1,48,0.019064322113990784,False,128,3
3,1,49,0.0912352204322815,True,128,3
3,2,0,0.007367984391748905,False,128,3
3,2,1,0.0034830744843930006,False,128,3
3,2,2,0.0034766020253300667,False,128,3
3,2,3,0.004052175208926201,False,128,3
3,2,4,0.004209705162793398,False,128,3
3,2,5,0.004058557096868753,False,128,3
3,2,6,0.004355148877948523,False,128,3
3,2,7,0.004697982221841812,False,128,3
3,2,8,0.004540488589555025,False,128,3
3,2,9,0.004814364016056061,False,128,3
3,2,10,0.005105158779770136,False,128,3
3,2,11,0.006018920335918665,False,128,3
3,2,12,0.005757773295044899,False,128,3
3,2,13,0.0063101863488554955,False,128,3
3,2,14,0.006985073443502188,False,128,3
3,2,15,0.006888711359351873,False,128,3
3,2,16,0.007387422490864992,False,128,3
3,2,17,0.008345728740096092,False,128,3
3,2,18,0.008109505288302898,False,128,3
3,2,19,0.00813936349004507,False,128,3
3,2,20,0.009198800660669804,False,128,3
3,2,21,0.009190430864691734,False,128,3
3,2,22,0.010340466164052486,False,128,3
3,2,23,0.01115787960588932,False,128,3
3,2,24,0.010249532759189606,False,128,3
3,2,25,0.01224497240036726,False,128,3
3,2,26,0.012852407060563564,False,128,3
3,2,27,0.013512935489416122,False,128,3
3,2,28,0.014050697907805443,False,128,3
3,2,29,0.014501595869660378,False,128,3
3,2,30,0.01519588753581047,False,128,3
3,2,31,0.018617888912558556,False,128,3
3,2,32,0.01832791045308113,False,128,3
3,2,33,0.01985337771475315,False,128,3
3,2,34,0.019433392211794853,False,128,3
3,2,35,0.018242472782731056,False,128,3
3,2,36,0.020151931792497635,False,128,3
3,2,37,0.02318846993148327,False,128,3
3,2,38,0.024892911314964294,False,128,3
3,2,39,0.022136405110359192,False,128,3
3,2,40,0.02778250351548195,False,128,3
3,2,41,0.028039313852787018,False,128,3
3,2,42,0.026862045750021935,False,128,3
3,2,43,0.02804773673415184,False,128,3
3,2,44,0.03211862966418266,False,128,3
3,2,45,0.03394769877195358,False,128,3
3,2,46,0.03671000152826309,False,128,3
3,2,47,0.033471569418907166,False,128,3
3,2,48,0.03213972970843315,False,128,3
3,2,49,0.2894364893436432,True,128,3
3,3,0,0.013522950932383537,False,128,3
3,3,1,0.009453535079956055,False,128,3
3,3,2,0.009030092507600784,False,128,3
3,3,3,0.009889602661132812,False,128,3
3,3,4,0.010206243954598904,False,128,3
3,3,5,0.011398887261748314,False,128,3
3,3,6,0.012905273586511612,False,128,3
3,3,7,0.01336065772920847,False,128,3
3,3,8,0.012171436101198196,False,128,3
3,3,9,0.013505449518561363,False,128,3
3,3,10,0.013027550652623177,False,128,3
3,3,11,0.014541755430400372,False,128,3
3,3,12,0.015572916716337204,False,128,3
3,3,13,0.016827138140797615,False,128,3
3,3,14,0.014444563537836075,False,128,3
3,3,15,0.01767590083181858,False,128,3
3,3,16,0.018783049657940865,False,128,3
3,3,17,0.019401703029870987,False,128,3
3,3,18,0.01925508864223957,False,128,3
3,3,19,0.020092828199267387,False,128,3
3,3,20,0.020165396854281425,False,128,3
3,3,21,0.018531695008277893,False,128,3
3,3,22,0.019838416948914528,False,128,3
3,3,23,0.01940179243683815,False,128,3
3,3,24,0.01992548070847988,False,128,3
3,3,25,0.020778678357601166,False,128,3
3,3,26,0.019196994602680206,False,128,3
3,3,27,0.021646326407790184,False,128,3
3,3,28,0.019255224615335464,False,128,3
3,3,29,0.021816538646817207,False,128,3
3,3,30,0.022957300767302513,False,128,3
3,3,31,0.022628050297498703,False,128,3
3,3,32,0.02401500940322876,False,128,3
3,3,33,0.022054024040699005,False,128,3
3,3,34,0.021556660532951355,False,128,3
3,3,35,0.024188829585909843,False,128,3
3,3,36,0.024773674085736275,False,128,3
3,3,37,0.02470669150352478,False,128,3
3,3,38,0.024435142055153847,False,128,3
3,3,39,0.02570347860455513,False,128,3
3,3,40,0.02437911368906498,False,128,3
3,3,41,0.025353865697979927,False,128,3
3,3,42,0.026476701721549034,False,128,3
3,3,43,0.026734011247754097,False,128,3
3,3,44,0.026563383638858795,False,128,3
3,3,45,0.027395056560635567,False,128,3
3,3,46,0.026597008109092712,False,128,3
3,3,47,0.02847219444811344,False,128,3
3,3,48,0.027501434087753296,False,128,3
3,3,49,0.03788519650697708,True,128,3
3,4,0,0.012442855164408684,False,128,3
3,4,1,0.01103642676025629,False,128,3
3,4,2,0.011413849890232086,False,128,3
3,4,3,0.012805557809770107,False,128,3
3,4,4,0.013483140617609024,False,128,3
3,4,5,0.014998048543930054,False,128,3
3,4,6,0.016255754977464676,False,128,3
3,4,7,0.016469020396471024,False,128,3
3,4,8,0.01662166602909565,False,128,3
3,4,9,0.016846705228090286,False,128,3
3,4,10,0.016662413254380226,False,128,3
3,4,11,0.017957549542188644,False,128,3
3,4,12,0.01909441314637661,False,128,3
3,4,13,0.018688233569264412,False,128,3
3,4,14,0.01752924732863903,False,128,3
3,4,15,0.020616168156266212,False,128,3
3,4,16,0.019485633820295334,False,128,3
3,4,17,0.020594891160726547,False,128,3
3,4,18,0.020162994042038918,False,128,3
3,4,19,0.020154044032096863,False,128,3
3,4,20,0.021092383190989494,False,128,3
3,4,21,0.01991317793726921,False,128,3
3,4,22,0.020297173410654068,False,128,3
3,4,23,0.02132444828748703,False,128,3
3,4,24,0.021491672843694687,False,128,3
3,4,25,0.021846318617463112,False,128,3
3,4,26,0.02078108862042427,False,128,3
3,4,27,0.02171149291098118,False,128,3
3,4,28,0.020586971193552017,False,128,3
3,4,29,0.021014297381043434,False,128,3
3,4,30,0.022323815152049065,False,128,3
3,4,31,0.023238100111484528,False,128,3
3,4,32,0.02253168448805809,False,128,3
3,4,33,0.021164219826459885,False,128,3
3,4,34,0.022171037271618843,False,128,3
3,4,35,0.023118339478969574,False,128,3
3,4,36,0.022708512842655182,False,128,3
3,4,37,0.02473360300064087,False,128,3
3,4,38,0.022053446620702744,False,128,3
3,4,39,0.025761090219020844,False,128,3
3,4,40,0.02271880768239498,False,128,3
3,4,41,0.02320229448378086,False,128,3
3,4,42,0.02394307218492031,False,128,3
3,4,43,0.02320602536201477,False,128,3
3,4,44,0.023724842816591263,False,128,3
3,4,45,0.02289729006588459,False,128,3
3,4,46,0.022595809772610664,False,128,3
3,4,47,0.023720428347587585,False,128,3
3,4,48,0.022554218769073486,False,128,3
3,4,49,0.018255731090903282,True,128,3
3,5,0,0.005815228447318077,False,128,3
3,5,1,0.007787071634083986,False,128,3
3,5,2,0.00941095408052206,False,128,3
3,5,3,0.009026259183883667,False,128,3
3,5,4,0.011495750397443771,False,128,3
3,5,5,0.012692635878920555,False,128,3
3,5,6,0.013287972658872604,False,128,3
3,5,7,0.014916417188942432,False,128,3
3,5,8,0.01586150750517845,False,128,3
3,5,9,0.01517752930521965,False,128,3
3,5,10,0.01435155887156725,False,128,3
3,5,11,0.01745801791548729,False,128,3
3,5,12,0.01762269251048565,False,128,3
3,5,13,0.0168728306889534,False,128,3
3,5,14,0.016604289412498474,False,128,3
3,5,15,0.020598066970705986,False,128,3
3,5,16,0.019612260162830353,False,128,3
3,5,17,0.019956743344664574,False,128,3
3,5,18,0.02045290172100067,False,128,3
3,5,19,0.02038426883518696,False,128,3
3,5,20,0.021554434671998024,False,128,3
3,5,21,0.021617481485009193,False,128,3
3,5,22,0.01872965134680271,False,128,3
3,5,23,0.022541815415024757,False,128,3
3,5,24,0.021406827494502068,False,128,3
3,5,25,0.023374779149889946,False,128,3
3,5,26,0.021055743098258972,False,128,3
3,5,27,0.023370295763015747,False,128,3
3,5,28,0.019505195319652557,False,128,3
3,5,29,0.022087423130869865,False,128,3
3,5,30,0.022357666864991188,False,128,3
3,5,31,0.022699059918522835,False,128,3
3,5,32,0.022826040163636208,False,128,3
3,5,33,0.022328779101371765,False,128,3
3,5,34,0.0222008116543293,False,128,3
3,5,35,0.022586019709706306,False,128,3
3,5,36,0.023396998643875122,False,128,3
3,5,37,0.02616683766245842,False,128,3
3,5,38,0.02384762465953827,False,128,3
3,5,39,0.026402220129966736,False,128,3
3,5,40,0.023593785241246223,False,128,3
3,5,41,0.02433956041932106,False,128,3
3,5,42,0.026296112686395645,False,128,3
3,5,43,0.026283733546733856,False,128,3
3,5,44,0.027833744883537292,False,128,3
3,5,45,0.02358473278582096,False,128,3
3,5,46,0.025586238130927086,False,128,3
3,5,47,0.024864593520760536,False,128,3
3,5,48,0.0257188118994236,False,128,3
3,5,49,0.02245803363621235,True,128,3
3,0,0,0.008019424974918365,False,128,4
3,0,1,0.007237137295305729,False,128,4
3,0,2,0.007660870905965567,False,128,4
3,0,3,0.0081113176420331,False,128,4
3,0,4,0.008622162975370884,False,128,4
3,0,5,0.009494141675531864,False,128,4
3,0,6,0.010078796185553074,False,128,4
3,0,7,0.010330727323889732,False,128,4
3,0,8,0.011414874345064163,False,128,4
3,0,9,0.011702793650329113,False,128,4
3,0,10,0.01274157129228115,False,128,4
3,0,11,0.012835124507546425,False,128,4
3,0,12,0.013961748220026493,False,128,4
3,0,13,0.014590119943022728,False,128,4
3,0,14,0.014369710348546505,False,128,4
3,0,15,0.014622227288782597,False,128,4
3,0,16,0.01667504757642746,False,128,4
3,0,17,0.015554264187812805,False,128,4
3,0,18,0.017147459089756012,False,128,4
3,0,19,0.01744883693754673,False,128,4
3,0,20,0.01728646270930767,False,128,4
3,0,21,0.017974315211176872,False,128,4
3,0,22,0.01949518360197544,False,128,4
3,0,23,0.019252395257353783,False,128,4
3,0,24,0.019860155880451202,False,128,4
3,0,25,0.019610727205872536,False,128,4
3,0,26,0.02162635326385498,False,128,4
3,0,27,0.019691506400704384,False,128,4
3,0,28,0.019991358742117882,False,128,4
3,0,29,0.020933596417307854,False,128,4
3,0,30,0.02306503802537918,False,128,4
3,0,31,0.02216298133134842,False,128,4
3,0,32,0.022203199565410614,False,128,4
3,0,33,0.022595401853322983,False,128,4
3,0,34,0.02201433852314949,False,128,4
3,0,35,0.024168260395526886,False,128,4
3,0,36,0.02359183505177498,False,128,4
3,0,37,0.025362538173794746,False,128,4
3,0,38,0.0257963165640831,False,128,4
3,0,39,0.025407452136278152,False,128,4
3,0,40,0.0236709862947464,False,128,4
3,0,41,0.023496413603425026,False,128,4
3,0,42,0.024631615728139877,False,128,4
3,0,43,0.0223661120980978,False,128,4
3,0,44,0.020804941654205322,False,128,4
3,0,45,0.020233094692230225,False,128,4
3,0,46,0.02197764255106449,False,128,4
3,0,47,0.021857373416423798,False,128,4
3,0,48,0.019460709765553474,False,128,4
3,0,49,0.12679335474967957,True,128,4
3,1,0,0.1477138102054596,False,128,4
3,1,1,0.01565137505531311,False,128,4
3,1,2,0.014377588406205177,False,128,4
3,1,3,0.014173015020787716,False,128,4
3,1,4,0.014774804003536701,False,128,4
3,1,5,0.014180503785610199,False,128,4
3,1,6,0.012637754902243614,False,128,4
3,1,7,0.013262752443552017,False,128,4
3,1,8,0.014486179687082767,False,128,4
3,1,9,0.013897756114602089,False,128,4
3,1,10,0.014252535998821259,False,128,4
3,1,11,0.013425529934465885,False,128,4
3,1,12,0.013768836855888367,False,128,4
3,1,13,0.01335116010159254,False,128,4
3,1,14,0.014359349384903908,False,128,4
3,1,15,0.01355495024472475,False,128,4
3,1,16,0.014986301772296429,False,128,4
3,1,17,0.013649294152855873,False,128,4
3,1,18,0.015159769915044308,False,128,4
3,1,19,0.014974085614085197,False,128,4
3,1,20,0.014552425593137741,False,128,4
3,1,21,0.014603552408516407,False,128,4
3,1,22,0.01476943027228117,False,128,4
3,1,23,0.015197201631963253,False,128,4
3,1,24,0.015470386482775211,False,128,4
3,1,25,0.01539052464067936,False,128,4
3,1,26,0.01678924635052681,False,128,4
3,1,27,0.01612132415175438,False,128,4
3,1,28,0.016171282157301903,False,128,4
3,1,29,0.01592102088034153,False,128,4
3,1,30,0.015981167554855347,False,128,4
3,1,31,0.01658337190747261,False,128,4
3,1,32,0.01636020839214325,False,128,4
3,1,33,0.0166686549782753,False,128,4
3,1,34,0.016649002209305763,False,128,4
3,1,35,0.017104657366871834,False,128,4
3,1,36,0.016653306782245636,False,128,4
3,1,37,0.018447233363986015,False,128,4
3,1,38,0.0172826386988163,False,128,4
3,1,39,0.0175704974681139,False,128,4
3,1,40,0.018072549253702164,False,128,4
3,1,41,0.018238015472888947,False,128,4
3,1,42,0.01820804364979267,False,128,4
3,1,43,0.018060212954878807,False,128,4
3,1,44,0.01675567589700222,False,128,4
3,1,45,0.019098758697509766,False,128,4
3,1,46,0.019132018089294434,False,128,4
3,1,47,0.02012540213763714,False,128,4
3,1,48,0.01966831460595131,False,128,4
3,1,49,0.09171651303768158,True,128,4
3,2,0,0.0069028595462441444,False,128,4
3,2,1,0.003511137329041958,False,128,4
3,2,2,0.0040406230837106705,False,128,4
3,2,3,0.0037834704853594303,False,128,4
3,2,4,0.003836174961179495,False,128,4
3,2,5,0.004525681957602501,False,128,4
3,2,6,0.004354535602033138,False,128,4
3,2,7,0.004604165907949209,False,128,4
3,2,8,0.004738340619951487,False,128,4
3,2,9,0.004979569464921951,False,128,4
3,2,10,0.0049876440316438675,False,128,4
3,2,11,0.005703162867575884,False,128,4
3,2,12,0.005981608293950558,False,128,4
3,2,13,0.006707672029733658,False,128,4
3,2,14,0.006076587364077568,False,128,4
3,2,15,0.006885013077408075,False,128,4
3,2,16,0.007498088292777538,False,128,4
3,2,17,0.008189810439944267,False,128,4
3,2,18,0.007956474088132381,False,128,4
3,2,19,0.008624461479485035,False,128,4
3,2,20,0.00935948546975851,False,128,4
3,2,21,0.009567379020154476,False,128,4
3,2,22,0.010092954151332378,False,128,4
3,2,23,0.010613064281642437,False,128,4
3,2,24,0.01142179500311613,False,128,4
3,2,25,0.012443245388567448,False,128,4
3,2,26,0.013474607840180397,False,128,4
3,2,27,0.01307122316211462,False,128,4
3,2,28,0.014467783272266388,False,128,4
3,2,29,0.014163101091980934,False,128,4
3,2,30,0.015314019285142422,False,128,4
3,2,31,0.016419855877757072,False,128,4
3,2,32,0.016575634479522705,False,128,4
3,2,33,0.017519017681479454,False,128,4
3,2,34,0.01891557313501835,False,128,4
3,2,35,0.020031986758112907,False,128,4
3,2,36,0.021150358021259308,False,128,4
3,2,37,0.023339180275797844,False,128,4
3,2,38,0.025567391887307167,False,128,4
3,2,39,0.023560291156172752,False,128,4
3,2,40,0.026627909392118454,False,128,4
3,2,41,0.027248021215200424,False,128,4
3,2,42,0.02670159935951233,False,128,4
3,2,43,0.02941102534532547,False,128,4
3,2,44,0.02913850173354149,False,128,4
3,2,45,0.03181234374642372,False,128,4
3,2,46,0.03426342457532883,False,128,4
3,2,47,0.03316304087638855,False,128,4
3,2,48,0.03481266647577286,False,128,4
3,2,49,0.295866459608078,True,128,4
3,3,0,0.010557346045970917,False,128,4
3,3,1,0.007694115396589041,False,128,4
3,3,2,0.007357411086559296,False,128,4
3,3,3,0.008053234778344631,False,128,4
3,3,4,0.009440407156944275,False,128,4
3,3,5,0.009100212715566158,False,128,4
3,3,6,0.01012360118329525,False,128,4
3,3,7,0.010268693789839745,False,128,4
3,3,8,0.012193551287055016,False,128,4
3,3,9,0.012009686790406704,False,128,4
3,3,10,0.013617319986224174,False,128,4
3,3,11,0.013584639877080917,False,128,4
3,3,12,0.01427218783646822,False,128,4
3,3,13,0.014876753091812134,False,128,4
3,3,14,0.015882428735494614,False,128,4
3,3,15,0.016180716454982758,False,128,4
3,3,16,0.015909845009446144,False,128,4
3,3,17,0.016553614288568497,False,128,4
3,3,18,0.01667999103665352,False,128,4
3,3,19,0.0184001661837101,False,128,4
3,3,20,0.017901252955198288,False,128,4
3,3,21,0.018690863624215126,False,128,4
3,3,22,0.019168643280863762,False,128,4
3,3,23,0.018853604793548584,False,128,4
3,3,24,0.02133563533425331,False,128,4
3,3,25,0.02061755768954754,False,128,4
3,3,26,0.02178768813610077,False,128,4
3,3,27,0.022493921220302582,False,128,4
3,3,28,0.022852005437016487,False,128,4
3,3,29,0.02306230366230011,False,128,4
3,3,30,0.02305401675403118,False,128,4
3,3,31,0.023065902292728424,False,128,4
3,3,32,0.024800540879368782,False,128,4
3,3,33,0.02433878742158413,False,128,4
3,3,34,0.024498987942934036,False,128,4
3,3,35,0.025958368554711342,False,128,4
3,3,36,0.0264960415661335,False,128,4
3,3,37,0.027354395017027855,False,128,4
3,3,38,0.026024937629699707,False,128,4
3,3,39,0.026922840625047684,False,128,4
3,3,40,0.02751210331916809,False,128,4
3,3,41,0.02718450129032135,False,128,4
3,3,42,0.027601972222328186,False,128,4
3,3,43,0.02692348323762417,False,128,4
3,3,44,0.0281339380890131,False,128,4
3,3,45,0.030228417366743088,False,128,4
3,3,46,0.028633756563067436,False,128,4
3,3,47,0.0285590011626482,False,128,4
3,3,48,0.029299579560756683,False,128,4
3,3,49,0.03388902172446251,True,128,4
3,4,0,0.009429864585399628,False,128,4
3,4,1,0.009347740560770035,False,128,4
3,4,2,0.010202262550592422,False,128,4
3,4,3,0.011329006403684616,False,128,4
3,4,4,0.012715627439320087,False,128,4
3,4,5,0.012656336650252342,False,128,4
3,4,6,0.013983425684273243,False,128,4
3,4,7,0.014002482406795025,False,128,4
3,4,8,0.01571098528802395,False,128,4
3,4,9,0.0159609317779541,False,128,4
3,4,10,0.01652260683476925,False,128,4
3,4,11,0.017420412972569466,False,128,4
3,4,12,0.01740606315433979,False,128,4
3,4,13,0.017207331955432892,False,128,4
3,4,14,0.0186886228621006,False,128,4
3,4,15,0.019207581877708435,False,128,4
3,4,16,0.019131869077682495,False,128,4
3,4,17,0.019572746008634567,False,128,4
3,4,18,0.019416052848100662,False,128,4
3,4,19,0.01968187652528286,False,128,4
3,4,20,0.019507672637701035,False,128,4
3,4,21,0.01894422620534897,False,128,4
3,4,22,0.02041441574692726,False,128,4
3,4,23,0.020832516252994537,False,128,4
3,4,24,0.02085210755467415,False,128,4
3,4,25,0.021506760269403458,False,128,4
3,4,26,0.022073868662118912,False,128,4
3,4,27,0.02172216959297657,False,128,4
3,4,28,0.023222215473651886,False,128,4
3,4,29,0.022402286529541016,False,128,4
3,4,30,0.023006947711110115,False,128,4
3,4,31,0.02186659723520279,False,128,4
3,4,32,0.023218074813485146,False,128,4
3,4,33,0.02451125532388687,False,128,4
3,4,34,0.02406228706240654,False,128,4
3,4,35,0.023892665281891823,False,128,4
3,4,36,0.02466682903468609,False,128,4
3,4,37,0.02374749630689621,False,128,4
3,4,38,0.023239370435476303,False,128,4
3,4,39,0.024052318185567856,False,128,4
3,4,40,0.024330059066414833,False,128,4
3,4,41,0.02615147829055786,False,128,4
3,4,42,0.024867113679647446,False,128,4
3,4,43,0.024505315348505974,False,128,4
3,4,44,0.02464837208390236,False,128,4
3,4,45,0.02446291223168373,False,128,4
3,4,46,0.02562027983367443,False,128,4
3,4,47,0.02595452219247818,False,128,4
3,4,48,0.02489728480577469,False,128,4
3,4,49,0.01722676493227482,True,128,4
3,5,0,0.005197347141802311,False,128,4
3,5,1,0.00808754563331604,False,128,4
3,5,2,0.009867614135146141,False,128,4
3,5,3,0.010814039036631584,False,128,4
3,5,4,0.012245227582752705,False,128,4
3,5,5,0.011457569897174835,False,128,4
3,5,6,0.01328347995877266,False,128,4
3,5,7,0.014222659170627594,False,128,4
3,5,8,0.015633543953299522,False,128,4
3,5,9,0.016737140715122223,False,128,4
3,5,10,0.01731579750776291,False,128,4
3,5,11,0.017493342980742455,False,128,4
3,5,12,0.01709403097629547,False,128,4
3,5,13,0.016059504821896553,False,128,4
3,5,14,0.020589180290699005,False,128,4
3,5,15,0.021065490320324898,False,128,4
3,5,16,0.019092459231615067,False,128,4
3,5,17,0.017796969041228294,False,128,4
3,5,18,0.0201023630797863,False,128,4
3,5,19,0.020424382761120796,False,128,4
3,5,20,0.019488226622343063,False,128,4
3,5,21,0.02084898017346859,False,128,4
3,5,22,0.019148046150803566,False,128,4
3,5,23,0.023134645074605942,False,128,4
3,5,24,0.021436771377921104,False,128,4
3,5,25,0.021808527410030365,False,128,4
3,5,26,0.02205086499452591,False,128,4
3,5,27,0.02303856611251831,False,128,4
3,5,28,0.02465810254216194,False,128,4
3,5,29,0.022166932001709938,False,128,4
3,5,30,0.023338032886385918,False,128,4
3,5,31,0.020840205252170563,False,128,4
3,5,32,0.020443880930542946,False,128,4
3,5,33,0.024357236921787262,False,128,4
3,5,34,0.02664468251168728,False,128,4
3,5,35,0.024840692058205605,False,128,4
3,5,36,0.025200262665748596,False,128,4
3,5,37,0.024149086326360703,False,128,4
3,5,38,0.02292494848370552,False,128,4
3,5,39,0.023630784824490547,False,128,4
3,5,40,0.023049674928188324,False,128,4
3,5,41,0.026617595925927162,False,128,4
3,5,42,0.02518882229924202,False,128,4
3,5,43,0.024504918605089188,False,128,4
3,5,44,0.023527739569544792,False,128,4
3,5,45,0.02448638156056404,False,128,4
3,5,46,0.025084635242819786,False,128,4
3,5,47,0.025924131274223328,False,128,4
3,5,48,0.024276340380311012,False,128,4
3,5,49,0.018610592931509018,True,128,4
3,0,0,0.008556501008570194,False,128,5
3,0,1,0.007093121763318777,False,128,5
3,0,2,0.007915465161204338,False,128,5
3,0,3,0.008238662965595722,False,128,5
3,0,4,0.00862080603837967,False,128,5
3,0,5,0.00901965145021677,False,128,5
3,0,6,0.009728765115141869,False,128,5
3,0,7,0.01039030123502016,False,128,5
3,0,8,0.011600309982895851,False,128,5
3,0,9,0.010932394303381443,False,128,5
3,0,10,0.012090498581528664,False,128,5
3,0,11,0.01270358357578516,False,128,5
3,0,12,0.013260392472147942,False,128,5
3,0,13,0.014215908944606781,False,128,5
3,0,14,0.01560817752033472,False,128,5
3,0,15,0.016254911199212074,False,128,5
3,0,16,0.01574680022895336,False,128,5
3,0,17,0.016308655962347984,False,128,5
3,0,18,0.016357960179448128,False,128,5
3,0,19,0.017436271533370018,False,128,5
3,0,20,0.017318250611424446,False,128,5
3,0,21,0.01828180067241192,False,128,5
3,0,22,0.019424254074692726,False,128,5
3,0,23,0.01966349594295025,False,128,5
3,0,24,0.01924060471355915,False,128,5
3,0,25,0.01931603252887726,False,128,5
3,0,26,0.02110772766172886,False,128,5
3,0,27,0.021180860698223114,False,128,5
3,0,28,0.02216932363808155,False,128,5
3,0,29,0.023415325209498405,False,128,5
3,0,30,0.021311739459633827,False,128,5
3,0,31,0.02210838906466961,False,128,5
3,0,32,0.02351524494588375,False,128,5
3,0,33,0.02359335497021675,False,128,5
3,0,34,0.022822104394435883,False,128,5
3,0,35,0.02298886701464653,False,128,5
3,0,36,0.024582892656326294,False,128,5
3,0,37,0.025768019258975983,False,128,5
3,0,38,0.022461676970124245,False,128,5
3,0,39,0.024409061297774315,False,128,5
3,0,40,0.02456042915582657,False,128,5
3,0,41,0.023246049880981445,False,128,5
3,0,42,0.023386135697364807,False,128,5
3,0,43,0.023634834215044975,False,128,5
3,0,44,0.02078917622566223,False,128,5
3,0,45,0.021449115127325058,False,128,5
3,0,46,0.020974542945623398,False,128,5
3,0,47,0.022160714492201805,False,128,5
3,0,48,0.018889956176280975,False,128,5
3,0,49,0.12415087968111038,True,128,5
3,1,0,0.14956511557102203,False,128,5
3,1,1,0.01577267237007618,False,128,5
3,1,2,0.013939081691205502,False,128,5
3,1,3,0.013544156216084957,False,128,5
3,1,4,0.013162988238036633,False,128,5
3,1,5,0.012700535356998444,False,128,5
3,1,6,0.012156752869486809,False,128,5
3,1,7,0.013876850716769695,False,128,5
3,1,8,0.013811081647872925,False,128,5
3,1,9,0.014208375476300716,False,128,5
3,1,10,0.012605462223291397,False,128,5
3,1,11,0.013910516165196896,False,128,5
3,1,12,0.013201212510466576,False,128,5
3,1,13,0.013880937360227108,False,128,5
3,1,14,0.013341692276299,False,128,5
3,1,15,0.013744364492595196,False,128,5
3,1,16,0.014648949727416039,False,128,5
3,1,17,0.014426580630242825,False,128,5
3,1,18,0.01400196272879839,False,128,5
3,1,19,0.014472376555204391,False,128,5
3,1,20,0.015630748122930527,False,128,5
3,1,21,0.01422213390469551,False,128,5
3,1,22,0.014264687895774841,False,128,5
3,1,23,0.014879606664180756,False,128,5
3,1,24,0.015659432858228683,False,128,5
3,1,25,0.01651870086789131,False,128,5
3,1,26,0.01582803577184677,False,128,5
3,1,27,0.015771236270666122,False,128,5
3,1,28,0.016651321202516556,False,128,5
3,1,29,0.014877714216709137,False,128,5
3,1,30,0.017135385423898697,False,128,5
3,1,31,0.01643865369260311,False,128,5
3,1,32,0.01694277487695217,False,128,5
3,1,33,0.018094930797815323,False,128,5
3,1,34,0.017360713332891464,False,128,5
3,1,35,0.018075572326779366,False,128,5
3,1,36,0.017321692779660225,False,128,5
3,1,37,0.01863938197493553,False,128,5
3,1,38,0.016911787912249565,False,128,5
3,1,39,0.01908833533525467,False,128,5
3,1,40,0.018125085160136223,False,128,5
3,1,41,0.01732061803340912,False,128,5
3,1,42,0.018918335437774658,False,128,5
3,1,43,0.019907161593437195,False,128,5
3,1,44,0.01847553811967373,False,128,5
3,1,45,0.020573236048221588,False,128,5
3,1,46,0.01823798567056656,False,128,5
3,1,47,0.019310206174850464,False,128,5
3,1,48,0.019264524802565575,False,128,5
3,1,49,0.08858281373977661,True,128,5
3,2,0,0.0075005413964390755,False,128,5
3,2,1,0.003517437493428588,False,128,5
3,2,2,0.003907676786184311,False,128,5
3,2,3,0.0038320026360452175,False,128,5
3,2,4,0.0039000713732093573,False,128,5
3,2,5,0.004092198330909014,False,128,5
3,2,6,0.0041410126723349094,False,128,5
3,2,7,0.00447949068620801,False,128,5
3,2,8,0.004570758435875177,False,128,5
3,2,9,0.005260875914245844,False,128,5
3,2,10,0.0051978095434606075,False,128,5
3,2,11,0.005452364217489958,False,128,5
3,2,12,0.00595625676214695,False,128,5
3,2,13,0.006031068041920662,False,128,5
3,2,14,0.006316739600151777,False,128,5
3,2,15,0.007133650127798319,False,128,5
3,2,16,0.006976757198572159,False,128,5
3,2,17,0.008513890206813812,False,128,5
3,2,18,0.00817988533526659,False,128,5
3,2,19,0.007715316489338875,False,128,5
3,2,20,0.008929736912250519,False,128,5
3,2,21,0.009810138493776321,False,128,5
3,2,22,0.010220463387668133,False,128,5
3,2,23,0.010943175293505192,False,128,5
3,2,24,0.01124994084239006,False,128,5
3,2,25,0.01123139075934887,False,128,5
3,2,26,0.012745089828968048,False,128,5
3,2,27,0.013606643304228783,False,128,5
3,2,28,0.01484136376529932,False,128,5
3,2,29,0.015446045435965061,False,128,5
3,2,30,0.015646185725927353,False,128,5
3,2,31,0.01869637332856655,False,128,5
3,2,32,0.01663985289633274,False,128,5
3,2,33,0.017911305651068687,False,128,5
3,2,34,0.0188739150762558,False,128,5
3,2,35,0.01937028393149376,False,128,5
3,2,36,0.021128015592694283,False,128,5
3,2,37,0.023007508367300034,False,128,5
3,2,38,0.024042455479502678,False,128,5
3,2,39,0.023912819102406502,False,128,5
3,2,40,0.02774748206138611,False,128,5
3,2,41,0.026599634438753128,False,128,5
3,2,42,0.027040325105190277,False,128,5
3,2,43,0.02825368195772171,False,128,5
3,2,44,0.02955278940498829,False,128,5
3,2,45,0.03144517540931702,False,128,5
3,2,46,0.0337931253015995,False,128,5
3,2,47,0.03229920566082001,False,128,5
3,2,48,0.033192168921232224,False,128,5
3,2,49,0.2991478741168976,True,128,5
3,3,0,0.01402902789413929,False,128,5
3,3,1,0.00895959697663784,False,128,5
3,3,2,0.007747722323983908,False,128,5
3,3,3,0.009382374584674835,False,128,5
3,3,4,0.009818919003009796,False,128,5
3,3,5,0.010934865102171898,False,128,5
3,3,6,0.011047875508666039,False,128,5
3,3,7,0.012401401065289974,False,128,5
3,3,8,0.011765580624341965,False,128,5
3,3,9,0.01435625459998846,False,128,5
3,3,10,0.013778237625956535,False,128,5
3,3,11,0.014374165795743465,False,128,5
3,3,12,0.014168293215334415,False,128,5
3,3,13,0.015913264825940132,False,128,5
3,3,14,0.016382377594709396,False,128,5
3,3,15,0.016240937635302544,False,128,5
3,3,16,0.017564503476023674,False,128,5
3,3,17,0.01880672201514244,False,128,5
3,3,18,0.019168538972735405,False,128,5
3,3,19,0.01967599056661129,False,128,5
3,3,20,0.01869148574769497,False,128,5
3,3,21,0.018844498321413994,False,128,5
3,3,22,0.020066455006599426,False,128,5
3,3,23,0.01952134445309639,False,128,5
3,3,24,0.020146861672401428,False,128,5
3,3,25,0.02114255353808403,False,128,5
3,3,26,0.021727776154875755,False,128,5
3,3,27,0.0213084165006876,False,128,5
3,3,28,0.02276339940726757,False,128,5
3,3,29,0.022117212414741516,False,128,5
3,3,30,0.021794451400637627,False,128,5
3,3,31,0.022954724729061127,False,128,5
3,3,32,0.024011066183447838,False,128,5
3,3,33,0.0254565067589283,False,128,5
3,3,34,0.022588128224015236,False,128,5
3,3,35,0.024365870282053947,False,128,5
3,3,36,0.02516297623515129,False,128,5
3,3,37,0.024958712980151176,False,128,5
3,3,38,0.024425426498055458,False,128,5
3,3,39,0.024722199887037277,False,128,5
3,3,40,0.02672353945672512,False,128,5
3,3,41,0.02513679675757885,False,128,5
3,3,42,0.02457333356142044,False,128,5
3,3,43,0.028705131262540817,False,128,5
3,3,44,0.02642054110765457,False,128,5
3,3,45,0.027918824926018715,False,128,5
3,3,46,0.028878869488835335,False,128,5
3,3,47,0.027229908853769302,False,128,5
3,3,48,0.026254482567310333,False,128,5
3,3,49,0.03487185761332512,True,128,5
3,4,0,0.01175802480429411,False,128,5
3,4,1,0.009879257529973984,False,128,5
3,4,2,0.010952480137348175,False,128,5
3,4,3,0.012258495204150677,False,128,5
3,4,4,0.012340645305812359,False,128,5
3,4,5,0.013414105400443077,False,128,5
3,4,6,0.015293559059500694,False,128,5
3,4,7,0.015993520617485046,False,128,5
3,4,8,0.014581885188817978,False,128,5
3,4,9,0.016334958374500275,False,128,5
3,4,10,0.016809117048978806,False,128,5
3,4,11,0.01630779728293419,False,128,5
3,4,12,0.01799262873828411,False,128,5
3,4,13,0.018210791051387787,False,128,5
3,4,14,0.01842542365193367,False,128,5
3,4,15,0.01933858171105385,False,128,5
3,4,16,0.019734438508749008,False,128,5
3,4,17,0.0200195275247097,False,128,5
3,4,18,0.018813258036971092,False,128,5
3,4,19,0.020818520337343216,False,128,5
3,4,20,0.02180568501353264,False,128,5
3,4,21,0.02016373723745346,False,128,5
3,4,22,0.021308742463588715,False,128,5
3,4,23,0.019862983375787735,False,128,5
3,4,24,0.02247457765042782,False,128,5
3,4,25,0.021253064274787903,False,128,5
3,4,26,0.02261684648692608,False,128,5
3,4,27,0.020235277712345123,False,128,5
3,4,28,0.022743050009012222,False,128,5
3,4,29,0.02249087020754814,False,128,5
3,4,30,0.021958813071250916,False,128,5
3,4,31,0.02261499874293804,False,128,5
3,4,32,0.022869931533932686,False,128,5
3,4,33,0.02258956804871559,False,128,5
3,4,34,0.023282162845134735,False,128,5
3,4,35,0.02307814173400402,False,128,5
3,4,36,0.023503955453634262,False,128,5
3,4,37,0.023466352373361588,False,128,5
3,4,38,0.02464207634329796,False,128,5
3,4,39,0.022435996681451797,False,128,5
3,4,40,0.02301265113055706,False,128,5
3,4,41,0.02416801080107689,False,128,5
3,4,42,0.023190710693597794,False,128,5
3,4,43,0.02349029667675495,False,128,5
3,4,44,0.024890705943107605,False,128,5
3,4,45,0.024966208264231682,False,128,5
3,4,46,0.024039732292294502,False,128,5
3,4,47,0.025993654504418373,False,128,5
3,4,48,0.023662567138671875,False,128,5
3,4,49,0.017911620438098907,True,128,5
3,5,0,0.005766700953245163,False,128,5
3,5,1,0.008276945911347866,False,128,5
3,5,2,0.009150252677500248,False,128,5
3,5,3,0.010844727978110313,False,128,5
3,5,4,0.010517711751163006,False,128,5
3,5,5,0.01130231749266386,False,128,5
3,5,6,0.01466033048927784,False,128,5
3,5,7,0.015160322189331055,False,128,5
3,5,8,0.01470860093832016,False,128,5
3,5,9,0.016050180420279503,False,128,5
3,5,10,0.015637129545211792,False,128,5
3,5,11,0.015012848190963268,False,128,5
3,5,12,0.016163261607289314,False,128,5
3,5,13,0.018970033153891563,False,128,5
3,5,14,0.018346810713410378,False,128,5
3,5,15,0.018680574372410774,False,128,5
3,5,16,0.02015683799982071,False,128,5
3,5,17,0.020305044949054718,False,128,5
3,5,18,0.018855111673474312,False,128,5
3,5,19,0.02103826217353344,False,128,5
3,5,20,0.0232202410697937,False,128,5
3,5,21,0.01980409398674965,False,128,5
3,5,22,0.022446170449256897,False,128,5
3,5,23,0.021476510912179947,False,128,5
3,5,24,0.024418428540229797,False,128,5
3,5,25,0.019397756084799767,False,128,5
3,5,26,0.02279442362487316,False,128,5
3,5,27,0.020693279802799225,False,128,5
3,5,28,0.023616595193743706,False,128,5
3,5,29,0.02129509672522545,False,128,5
3,5,30,0.02224029414355755,False,128,5
3,5,31,0.02411367930471897,False,128,5
3,5,32,0.02320697344839573,False,128,5
3,5,33,0.022597068920731544,False,128,5
3,5,34,0.02232394926249981,False,128,5
3,5,35,0.024584287777543068,False,128,5
3,5,36,0.024600407108664513,False,128,5
3,5,37,0.025050397962331772,False,128,5
3,5,38,0.023910410702228546,False,128,5
3,5,39,0.024991057813167572,False,128,5
3,5,40,0.023495402187108994,False,128,5
3,5,41,0.023757854476571083,False,128,5
3,5,42,0.0248852651566267,False,128,5
3,5,43,0.026588166132569313,False,128,5
3,5,44,0.024703439325094223,False,128,5
3,5,45,0.02765709161758423,False,128,5
3,5,46,0.022919515147805214,False,128,5
3,5,47,0.02577332779765129,False,128,5
3,5,48,0.024262860417366028,False,128,5
3,5,49,0.019571956247091293,True,128,5
3,0,0,0.008408710360527039,False,128,6
3,0,1,0.00729632843285799,False,128,6
3,0,2,0.007585484534502029,False,128,6
3,0,3,0.008333640173077583,False,128,6
3,0,4,0.008870051242411137,False,128,6
3,0,5,0.009477006271481514,False,128,6
3,0,6,0.00983591191470623,False,128,6
3,0,7,0.011205725371837616,False,128,6
3,0,8,0.012079324573278427,False,128,6
3,0,9,0.012032676488161087,False,128,6
3,0,10,0.012208771891891956,False,128,6
3,0,11,0.013063720427453518,False,128,6
3,0,12,0.01362678688019514,False,128,6
3,0,13,0.014726133085787296,False,128,6
3,0,14,0.014132851734757423,False,128,6
3,0,15,0.014380755834281445,False,128,6
3,0,16,0.016045179218053818,False,128,6
3,0,17,0.015314105898141861,False,128,6
3,0,18,0.016344480216503143,False,128,6
3,0,19,0.017573000863194466,False,128,6
3,0,20,0.01714976690709591,False,128,6
3,0,21,0.01858248934149742,False,128,6
3,0,22,0.01863761618733406,False,128,6
3,0,23,0.019622698426246643,False,128,6
3,0,24,0.019315674901008606,False,128,6
3,0,25,0.01981349103152752,False,128,6
3,0,26,0.019644301384687424,False,128,6
3,0,27,0.020582612603902817,False,128,6
3,0,28,0.020580895245075226,False,128,6
3,0,29,0.020754454657435417,False,128,6
3,0,30,0.022313576191663742,False,128,6
3,0,31,0.02137705311179161,False,128,6
3,0,32,0.02149534411728382,False,128,6
3,0,33,0.023230886086821556,False,128,6
3,0,34,0.023041602224111557,False,128,6
3,0,35,0.023365696892142296,False,128,6
3,0,36,0.023039069026708603,False,128,6
3,0,37,0.024006271734833717,False,128,6
3,0,38,0.02286972478032112,False,128,6
3,0,39,0.02386758103966713,False,128,6
3,0,40,0.024196557700634003,False,128,6
3,0,41,0.024146104231476784,False,128,6
3,0,42,0.022958658635616302,False,128,6
3,0,43,0.02254566363990307,False,128,6
3,0,44,0.021007351577281952,False,128,6
3,0,45,0.020105144008994102,False,128,6
3,0,46,0.020364701747894287,False,128,6
3,0,47,0.022641723975539207,False,128,6
3,0,48,0.019045516848564148,False,128,6
3,0,49,0.1371571272611618,True,128,6
3,1,0,0.14075307548046112,False,128,6
3,1,1,0.016487693414092064,False,128,6
3,1,2,0.01434926688671112,False,128,6
3,1,3,0.013482881709933281,False,128,6
3,1,4,0.01337281335145235,False,128,6
3,1,5,0.013980187475681305,False,128,6
3,1,6,0.013030624948441982,False,128,6
3,1,7,0.013315909542143345,False,128,6
3,1,8,0.013409142382442951,False,128,6
3,1,9,0.01263840589672327,False,128,6
3,1,10,0.013285988941788673,False,128,6
3,1,11,0.013456371612846851,False,128,6
3,1,12,0.013913665898144245,False,128,6
3,1,13,0.014580328948795795,False,128,6
3,1,14,0.013158194720745087,False,128,6
3,1,15,0.01382141187787056,False,128,6
3,1,16,0.014420405961573124,False,128,6
3,1,17,0.013167367316782475,False,128,6
3,1,18,0.014429358765482903,False,128,6
3,1,19,0.013973528519272804,False,128,6
3,1,20,0.01574028842151165,False,128,6
3,1,21,0.01520375907421112,False,128,6
3,1,22,0.015186470001935959,False,128,6
3,1,23,0.015320882201194763,False,128,6
3,1,24,0.014952968806028366,False,128,6
3,1,25,0.01621820032596588,False,128,6
3,1,26,0.015649069100618362,False,128,6
3,1,27,0.016738923266530037,False,128,6
3,1,28,0.015876654535531998,False,128,6
3,1,29,0.01603599078953266,False,128,6
3,1,30,0.016805987805128098,False,128,6
3,1,31,0.016904762014746666,False,128,6
3,1,32,0.018284806981682777,False,128,6
3,1,33,0.017090918496251106,False,128,6
3,1,34,0.01762763224542141,False,128,6
3,1,35,0.018289653584361076,False,128,6
3,1,36,0.017592551186680794,False,128,6
3,1,37,0.018388772383332253,False,128,6
3,1,38,0.018170228227972984,False,128,6
3,1,39,0.017855610698461533,False,128,6
3,1,40,0.018368784338235855,False,128,6
3,1,41,0.018250174820423126,False,128,6
3,1,42,0.018440725281834602,False,128,6
3,1,43,0.01999320648610592,False,128,6
3,1,44,0.01860649697482586,False,128,6
3,1,45,0.019716540351510048,False,128,6
3,1,46,0.019049517810344696,False,128,6
3,1,47,0.018985018134117126,False,128,6
3,1,48,0.019522633403539658,False,128,6
3,1,49,0.09210614860057831,True,128,6
3,2,0,0.006817319896072149,False,128,6
3,2,1,0.0026456029154360294,False,128,6
3,2,2,0.003022413235157728,False,128,6
3,2,3,0.0030397239606827497,False,128,6
3,2,4,0.003940609749406576,False,128,6
3,2,5,0.0036764126271009445,False,128,6
3,2,6,0.004362556617707014,False,128,6
3,2,7,0.0038948606234043837,False,128,6
3,2,8,0.0044613066129386425,False,128,6
3,2,9,0.004499864298850298,False,128,6
3,2,10,0.004887052811682224,False,128,6
3,2,11,0.004866708070039749,False,128,6
3,2,12,0.005831471644341946,False,128,6
3,2,13,0.005705086514353752,False,128,6
3,2,14,0.00619359640404582,False,128,6
3,2,15,0.006794477812945843,False,128,6
3,2,16,0.007060481701046228,False,128,6
3,2,17,0.007268478162586689,False,128,6
3,2,18,0.008097664453089237,False,128,6
3,2,19,0.008494192734360695,False,128,6
3,2,20,0.00868071150034666,False,128,6
3,2,21,0.00873260386288166,False,128,6
3,2,22,0.009590739384293556,False,128,6
3,2,23,0.01094819325953722,False,128,6
3,2,24,0.012242913246154785,False,128,6
3,2,25,0.011262679472565651,False,128,6
3,2,26,0.013077259063720703,False,128,6
3,2,27,0.014572767540812492,False,128,6
3,2,28,0.01598510518670082,False,128,6
3,2,29,0.01477806270122528,False,128,6
3,2,30,0.017377696931362152,False,128,6
3,2,31,0.018039792776107788,False,128,6
3,2,32,0.018331725150346756,False,128,6
3,2,33,0.018954547122120857,False,128,6
3,2,34,0.01993875950574875,False,128,6
3,2,35,0.017876479774713516,False,128,6
3,2,36,0.021850645542144775,False,128,6
3,2,37,0.024858202785253525,False,128,6
3,2,38,0.025042593479156494,False,128,6
3,2,39,0.025254569947719574,False,128,6
3,2,40,0.029679734259843826,False,128,6
3,2,41,0.02897864766418934,False,128,6
3,2,42,0.026571597903966904,False,128,6
3,2,43,0.030323270708322525,False,128,6
3,2,44,0.0330045185983181,False,128,6
3,2,45,0.034914009273052216,False,128,6
3,2,46,0.03837675228714943,False,128,6
3,2,47,0.032033950090408325,False,128,6
3,2,48,0.03290882706642151,False,128,6
3,2,49,0.28025275468826294,True,128,6
3,3,0,0.02124568074941635,False,128,6
3,3,1,0.013205358758568764,False,128,6
3,3,2,0.012935152277350426,False,128,6
3,3,3,0.01167086511850357,False,128,6
3,3,4,0.014849161729216576,False,128,6
3,3,5,0.015334200114011765,False,128,6
3,3,6,0.016521986573934555,False,128,6
3,3,7,0.014571011997759342,False,128,6
3,3,8,0.014245147816836834,False,128,6
3,3,9,0.0155576691031456,False,128,6
3,3,10,0.017774587497115135,False,128,6
3,3,11,0.01651809550821781,False,128,6
3,3,12,0.019026704132556915,False,128,6
3,3,13,0.01734793372452259,False,128,6
3,3,14,0.018166540190577507,False,128,6
3,3,15,0.02043583244085312,False,128,6
3,3,16,0.0181543231010437,False,128,6
3,3,17,0.018551964312791824,False,128,6
3,3,18,0.020476052537560463,False,128,6
3,3,19,0.016764918342232704,False,128,6
3,3,20,0.01815624348819256,False,128,6
3,3,21,0.019330186769366264,False,128,6
3,3,22,0.02005893923342228,False,128,6
3,3,23,0.02116335555911064,False,128,6
3,3,24,0.022261347621679306,False,128,6
3,3,25,0.019730418920516968,False,128,6
3,3,26,0.019500616937875748,False,128,6
3,3,27,0.022175751626491547,False,128,6
3,3,28,0.022268429398536682,False,128,6
3,3,29,0.018918879330158234,False,128,6
3,3,30,0.021703355014324188,False,128,6
3,3,31,0.020617878064513206,False,128,6
3,3,32,0.020735150203108788,False,128,6
3,3,33,0.023102296516299248,False,128,6
3,3,34,0.02231193147599697,False,128,6
3,3,35,0.023612815886735916,False,128,6
3,3,36,0.02323634922504425,False,128,6
3,3,37,0.022070880979299545,False,128,6
3,3,38,0.0229257233440876,False,128,6
3,3,39,0.02272031269967556,False,128,6
3,3,40,0.024497047066688538,False,128,6
3,3,41,0.021041100844740868,False,128,6
3,3,42,0.023154133930802345,False,128,6
3,3,43,0.02131998911499977,False,128,6
3,3,44,0.020492276176810265,False,128,6
3,3,45,0.023293424397706985,False,128,6
3,3,46,0.021657243371009827,False,128,6
3,3,47,0.02174743264913559,False,128,6
3,3,48,0.023925945162773132,False,128,6
3,3,49,0.03891735523939133,True,128,6
3,4,0,0.012389186769723892,False,128,6
3,4,1,0.01174632553011179,False,128,6
3,4,2,0.012705967761576176,False,128,6
3,4,3,0.012087274342775345,False,128,6
3,4,4,0.014160742983222008,False,128,6
3,4,5,0.014653850346803665,False,128,6
3,4,6,0.015412740409374237,False,128,6
3,4,7,0.015357475727796555,False,128,6
3,4,8,0.01605997420847416,False,128,6
3,4,9,0.01661250926554203,False,128,6
3,4,10,0.018419988453388214,False,128,6
3,4,11,0.018174422904849052,False,128,6
3,4,12,0.019870169460773468,False,128,6
3,4,13,0.018835747614502907,False,128,6
3,4,14,0.018712474033236504,False,128,6
3,4,15,0.01887235790491104,False,128,6
3,4,16,0.0205818060785532,False,128,6
3,4,17,0.019391432404518127,False,128,6
3,4,18,0.019440846517682076,False,128,6
3,4,19,0.018896613270044327,False,128,6
3,4,20,0.0203593447804451,False,128,6
3,4,21,0.020205426961183548,False,128,6
3,4,22,0.020369473844766617,False,128,6
3,4,23,0.021086733788251877,False,128,6
3,4,24,0.02145303040742874,False,128,6
3,4,25,0.021830793470144272,False,128,6
3,4,26,0.022122884169220924,False,128,6
3,4,27,0.02252724952995777,False,128,6
3,4,28,0.02245132252573967,False,128,6
3,4,29,0.020824136212468147,False,128,6
3,4,30,0.02260228805243969,False,128,6
3,4,31,0.022061610594391823,False,128,6
3,4,32,0.021111037582159042,False,128,6
3,4,33,0.02277527004480362,False,128,6
3,4,34,0.022408481687307358,False,128,6
3,4,35,0.0234428308904171,False,128,6
3,4,36,0.023381944745779037,False,128,6
3,4,37,0.023814499378204346,False,128,6
3,4,38,0.025103027001023293,False,128,6
3,4,39,0.02224390208721161,False,128,6
3,4,40,0.02271665632724762,False,128,6
3,4,41,0.02260401099920273,False,128,6
3,4,42,0.023772215470671654,False,128,6
3,4,43,0.022616203874349594,False,128,6
3,4,44,0.022461842745542526,False,128,6
3,4,45,0.02270887978374958,False,128,6
3,4,46,0.02319764532148838,False,128,6
3,4,47,0.023359190672636032,False,128,6
3,4,48,0.022981146350502968,False,128,6
3,4,49,0.019025012850761414,True,128,6
3,5,0,0.005147568881511688,False,128,6
3,5,1,0.007723708637058735,False,128,6
3,5,2,0.008531022816896439,False,128,6
3,5,3,0.008885730057954788,False,128,6
3,5,4,0.01148950681090355,False,128,6
3,5,5,0.011244213208556175,False,128,6
3,5,6,0.013988163322210312,False,128,6
3,5,7,0.013703133910894394,False,128,6
3,5,8,0.01444181241095066,False,128,6
3,5,9,0.01521368883550167,False,128,6
3,5,10,0.016962695866823196,False,128,6
3,5,11,0.017077021300792694,False,128,6
3,5,12,0.018565496429800987,False,128,6
3,5,13,0.016982557252049446,False,128,6
3,5,14,0.01679142937064171,False,128,6
3,5,15,0.01671793684363365,False,128,6
3,5,16,0.020419763401150703,False,128,6
3,5,17,0.019459275528788567,False,128,6
3,5,18,0.018786542117595673,False,128,6
3,5,19,0.01728040911257267,False,128,6
3,5,20,0.02041849121451378,False,128,6
3,5,21,0.017497006803750992,False,128,6
3,5,22,0.02048061415553093,False,128,6
3,5,23,0.02196042612195015,False,128,6
3,5,24,0.022196000441908836,False,128,6
3,5,25,0.024032380431890488,False,128,6
3,5,26,0.022740695625543594,False,128,6
3,5,27,0.022049622610211372,False,128,6
3,5,28,0.022751115262508392,False,128,6
3,5,29,0.01957816816866398,False,128,6
3,5,30,0.022639498114585876,False,128,6
3,5,31,0.022953230887651443,False,128,6
3,5,32,0.02492760866880417,False,128,6
3,5,33,0.023687349632382393,False,128,6
3,5,34,0.023594291880726814,False,128,6
3,5,35,0.02731611207127571,False,128,6
3,5,36,0.024486780166625977,False,128,6
3,5,37,0.026628868654370308,False,128,6
3,5,38,0.026306167244911194,False,128,6
3,5,39,0.023469718173146248,False,128,6
3,5,40,0.025366000831127167,False,128,6
3,5,41,0.02438903972506523,False,128,6
3,5,42,0.027728209272027016,False,128,6
3,5,43,0.02454444020986557,False,128,6
3,5,44,0.025324489921331406,False,128,6
3,5,45,0.0229923315346241,False,128,6
3,5,46,0.02671712078154087,False,128,6
3,5,47,0.02496054396033287,False,128,6
3,5,48,0.025090396404266357,False,128,6
3,5,49,0.023761600255966187,True,128,6
3,0,0,0.008245335891842842,False,128,7
3,0,1,0.007076004520058632,False,128,7
3,0,2,0.007314630784094334,False,128,7
3,0,3,0.00804042350500822,False,128,7
3,0,4,0.008984806947410107,False,128,7
3,0,5,0.009154519997537136,False,128,7
3,0,6,0.00988489855080843,False,128,7
3,0,7,0.010416671633720398,False,128,7
3,0,8,0.0112803028896451,False,128,7
3,0,9,0.011105181649327278,False,128,7
3,0,10,0.01190013438463211,False,128,7
3,0,11,0.013592674396932125,False,128,7
3,0,12,0.013739325106143951,False,128,7
3,0,13,0.013312021270394325,False,128,7
3,0,14,0.014448688365519047,False,128,7
3,0,15,0.014825702644884586,False,128,7
3,0,16,0.015038160607218742,False,128,7
3,0,17,0.016890108585357666,False,128,7
3,0,18,0.017103590071201324,False,128,7
3,0,19,0.017375951632857323,False,128,7
3,0,20,0.01804937981069088,False,128,7
3,0,21,0.017017265781760216,False,128,7
3,0,22,0.01879022642970085,False,128,7
3,0,23,0.01954447478055954,False,128,7
3,0,24,0.018485208973288536,False,128,7
3,0,25,0.019911155104637146,False,128,7
3,0,26,0.020787447690963745,False,128,7
3,0,27,0.02109599858522415,False,128,7
3,0,28,0.020363133400678635,False,128,7
3,0,29,0.021994907408952713,False,128,7
3,0,30,0.02202727273106575,False,128,7
3,0,31,0.02194621041417122,False,128,7
3,0,32,0.021392054855823517,False,128,7
3,0,33,0.02277253568172455,False,128,7
3,0,34,0.02405722066760063,False,128,7
3,0,35,0.023133475333452225,False,128,7
3,0,36,0.023989494889974594,False,128,7
3,0,37,0.02306070551276207,False,128,7
3,0,38,0.02292497083544731,False,128,7
3,0,39,0.024232445284724236,False,128,7
3,0,40,0.02410879172384739,False,128,7
3,0,41,0.024616699665784836,False,128,7
3,0,42,0.023196270689368248,False,128,7
3,0,43,0.02150925062596798,False,128,7
3,0,44,0.02119254879653454,False,128,7
3,0,45,0.021026240661740303,False,128,7
3,0,46,0.021868741139769554,False,128,7
3,0,47,0.023163797333836555,False,128,7
3,0,48,0.021819354966282845,False,128,7
3,0,49,0.13219358026981354,True,128,7
3,1,0,0.14531631767749786,False,128,7
3,1,1,0.016163960099220276,False,128,7
3,1,2,0.013667132705450058,False,128,7
3,1,3,0.014842621050775051,False,128,7
3,1,4,0.01391233503818512,False,128,7
3,1,5,0.013213947415351868,False,128,7
3,1,6,0.013990341685712337,False,128,7
3,1,7,0.012928673066198826,False,128,7
3,1,8,0.012870725244283676,False,128,7
3,1,9,0.013773099519312382,False,128,7
3,1,10,0.013714995235204697,False,128,7
3,1,11,0.01362628024071455,False,128,7
3,1,12,0.013244520872831345,False,128,7
3,1,13,0.013634086586534977,False,128,7
3,1,14,0.014281640760600567,False,128,7
3,1,15,0.014499814249575138,False,128,7
3,1,16,0.013504065573215485,False,128,7
3,1,17,0.014758274890482426,False,128,7
3,1,18,0.013616516254842281,False,128,7
3,1,19,0.013908740133047104,False,128,7
3,1,20,0.015228033065795898,False,128,7
3,1,21,0.014889197424054146,False,128,7
3,1,22,0.015513044781982899,False,128,7
3,1,23,0.014404368586838245,False,128,7
3,1,24,0.015693599358201027,False,128,7
3,1,25,0.015254193916916847,False,128,7
3,1,26,0.016580568626523018,False,128,7
3,1,27,0.015755729749798775,False,128,7
3,1,28,0.0158997792750597,False,128,7
3,1,29,0.015897123143076897,False,128,7
3,1,30,0.01663162000477314,False,128,7
3,1,31,0.017265109345316887,False,128,7
3,1,32,0.016895391047000885,False,128,7
3,1,33,0.017594831064343452,False,128,7
3,1,34,0.017091957852244377,False,128,7
3,1,35,0.017042456194758415,False,128,7
3,1,36,0.018650874495506287,False,128,7
3,1,37,0.018446769565343857,False,128,7
3,1,38,0.016842782497406006,False,128,7
3,1,39,0.018239155411720276,False,128,7
3,1,40,0.017372360453009605,False,128,7
3,1,41,0.01727169379591942,False,128,7
3,1,42,0.0185393076390028,False,128,7
3,1,43,0.017870279029011726,False,128,7
3,1,44,0.019980592653155327,False,128,7
3,1,45,0.020524032413959503,False,128,7
3,1,46,0.0183467548340559,False,128,7
3,1,47,0.01989804208278656,False,128,7
3,1,48,0.019227050244808197,False,128,7
3,1,49,0.09168519824743271,True,128,7
3,2,0,0.007404421456158161,False,128,7
3,2,1,0.0032252161763608456,False,128,7
3,2,2,0.003849056316539645,False,128,7
3,2,3,0.0037094883155077696,False,128,7
3,2,4,0.0041124895215034485,False,128,7
3,2,5,0.003977958112955093,False,128,7
3,2,6,0.004396200645714998,False,128,7
3,2,7,0.004449415486305952,False,128,7
3,2,8,0.00462516350671649,False,128,7
3,2,9,0.005237153265625238,False,128,7
3,2,10,0.005505455657839775,False,128,7
3,2,11,0.005813112016767263,False,128,7
3,2,12,0.005821311846375465,False,128,7
3,2,13,0.006413761992007494,False,128,7
3,2,14,0.006424005143344402,False,128,7
3,2,15,0.007595740724354982,False,128,7
3,2,16,0.007337713148444891,False,128,7
3,2,17,0.007876699790358543,False,128,7
3,2,18,0.008634312078356743,False,128,7
3,2,19,0.009563231840729713,False,128,7
3,2,20,0.008767525665462017,False,128,7
3,2,21,0.009414350613951683,False,128,7
3,2,22,0.01017835084348917,False,128,7
3,2,23,0.011980310082435608,False,128,7
3,2,24,0.01117131020873785,False,128,7
3,2,25,0.012992535717785358,False,128,7
3,2,26,0.01301388256251812,False,128,7
3,2,27,0.013975012116134167,False,128,7
3,2,28,0.014157124795019627,False,128,7
3,2,29,0.01539550255984068,False,128,7
3,2,30,0.014515972696244717,False,128,7
3,2,31,0.016579898074269295,False,128,7
3,2,32,0.017568571493029594,False,128,7
3,2,33,0.017770010977983475,False,128,7
3,2,34,0.02016516402363777,False,128,7
3,2,35,0.020415296778082848,False,128,7
3,2,36,0.019401341676712036,False,128,7
3,2,37,0.022599998861551285,False,128,7
3,2,38,0.023269303143024445,False,128,7
3,2,39,0.022194629535079002,False,128,7
3,2,40,0.028362862765789032,False,128,7
3,2,41,0.028841819614171982,False,128,7
3,2,42,0.025781769305467606,False,128,7
3,2,43,0.02946058288216591,False,128,7
3,2,44,0.028009578585624695,False,128,7
3,2,45,0.029835272580385208,False,128,7
3,2,46,0.036415308713912964,False,128,7
3,2,47,0.03220106661319733,False,128,7
3,2,48,0.03401269391179085,False,128,7
3,2,49,0.29558107256889343,True,128,7
3,3,0,0.013904040679335594,False,128,7
3,3,1,0.007851282134652138,False,128,7
3,3,2,0.008846515789628029,False,128,7
3,3,3,0.009423191659152508,False,128,7
3,3,4,0.010415974073112011,False,128,7
3,3,5,0.010920310392975807,False,128,7
3,3,6,0.01092621311545372,False,128,7
3,3,7,0.013683098368346691,False,128,7
3,3,8,0.012354503385722637,False,128,7
3,3,9,0.014247589744627476,False,128,7
3,3,10,0.01370844803750515,False,128,7
3,3,11,0.013736618682742119,False,128,7
3,3,12,0.013730927370488644,False,128,7
3,3,13,0.015553178265690804,False,128,7
3,3,14,0.015653161332011223,False,128,7
3,3,15,0.01565404422581196,False,128,7
3,3,16,0.016719035804271698,False,128,7
3,3,17,0.018117249011993408,False,128,7
3,3,18,0.018348440527915955,False,128,7
3,3,19,0.018839605152606964,False,128,7
3,3,20,0.020359236747026443,False,128,7
3,3,21,0.020709998905658722,False,128,7
3,3,22,0.02035778947174549,False,128,7
3,3,23,0.01990739069879055,False,128,7
3,3,24,0.021947478875517845,False,128,7
3,3,25,0.021319366991519928,False,128,7
3,3,26,0.020837265998125076,False,128,7
3,3,27,0.021809399127960205,False,128,7
3,3,28,0.02123885042965412,False,128,7
3,3,29,0.022725462913513184,False,128,7
3,3,30,0.025583159178495407,False,128,7
3,3,31,0.021503835916519165,False,128,7
3,3,32,0.023006649687886238,False,128,7
3,3,33,0.021744290366768837,False,128,7
3,3,34,0.02460002340376377,False,128,7
3,3,35,0.02305344119668007,False,128,7
3,3,36,0.024193361401557922,False,128,7
3,3,37,0.02495172619819641,False,128,7
3,3,38,0.025970811024308205,False,128,7
3,3,39,0.02784675918519497,False,128,7
3,3,40,0.023789847269654274,False,128,7
3,3,41,0.024092523381114006,False,128,7
3,3,42,0.02513744682073593,False,128,7
3,3,43,0.025409359484910965,False,128,7
3,3,44,0.02653666026890278,False,128,7
3,3,45,0.0290310550481081,False,128,7
3,3,46,0.02772589586675167,False,128,7
3,3,47,0.027087122201919556,False,128,7
3,3,48,0.026373565196990967,False,128,7
3,3,49,0.03851679712533951,True,128,7
3,4,0,0.012099159881472588,False,128,7
3,4,1,0.009512972086668015,False,128,7
3,4,2,0.010395731776952744,False,128,7
3,4,3,0.01340300589799881,False,128,7
3,4,4,0.012696187011897564,False,128,7
3,4,5,0.013580283150076866,False,128,7
3,4,6,0.013484101742506027,False,128,7
3,4,7,0.014732800424098969,False,128,7
3,4,8,0.01505258958786726,False,128,7
3,4,9,0.017336495220661163,False,128,7
3,4,10,0.016692379489541054,False,128,7
3,4,11,0.01676202565431595,False,128,7
3,4,12,0.016940632835030556,False,128,7
3,4,13,0.018362054601311684,False,128,7
3,4,14,0.017735999077558517,False,128,7
3,4,15,0.019056648015975952,False,128,7
3,4,16,0.018321432173252106,False,128,7
3,4,17,0.01864919438958168,False,128,7
3,4,18,0.018909718841314316,False,128,7
3,4,19,0.01990807056427002,False,128,7
3,4,20,0.0210866779088974,False,128,7
3,4,21,0.020320149138569832,False,128,7
3,4,22,0.02074306085705757,False,128,7
3,4,23,0.01981467753648758,False,128,7
3,4,24,0.0237443707883358,False,128,7
3,4,25,0.022253481671214104,False,128,7
3,4,26,0.02107669971883297,False,128,7
3,4,27,0.022854305803775787,False,128,7
3,4,28,0.021333808079361916,False,128,7
3,4,29,0.022386638447642326,False,128,7
3,4,30,0.02128174528479576,False,128,7
3,4,31,0.02225651405751705,False,128,7
3,4,32,0.02361377887427807,False,128,7
3,4,33,0.023058820515871048,False,128,7
3,4,34,0.02426217496395111,False,128,7
3,4,35,0.02367645874619484,False,128,7
3,4,36,0.022740788757801056,False,128,7
3,4,37,0.02386622689664364,False,128,7
3,4,38,0.0246940515935421,False,128,7
3,4,39,0.024927189573645592,False,128,7
3,4,40,0.023525243625044823,False,128,7
3,4,41,0.023843280971050262,False,128,7
3,4,42,0.024657700210809708,False,128,7
3,4,43,0.024695422500371933,False,128,7
3,4,44,0.024612974375486374,False,128,7
3,4,45,0.0238104909658432,False,128,7
3,4,46,0.024763889610767365,False,128,7
3,4,47,0.02505515143275261,False,128,7
3,4,48,0.02349644899368286,False,128,7
3,4,49,0.017916304990649223,True,128,7
3,5,0,0.00557404849678278,False,128,7
3,5,1,0.0068547348491847515,False,128,7
3,5,2,0.007719351444393396,False,128,7
3,5,3,0.010877263732254505,False,128,7
3,5,4,0.011036055162549019,False,128,7
3,5,5,0.011077042669057846,False,128,7
3,5,6,0.012266112491488457,False,128,7
3,5,7,0.012532519176602364,False,128,7
3,5,8,0.01330158207565546,False,128,7
3,5,9,0.01566265895962715,False,128,7
3,5,10,0.0160119216889143,False,128,7
3,5,11,0.0146967563778162,False,128,7
3,5,12,0.014451691880822182,False,128,7
3,5,13,0.017431311309337616,False,128,7
3,5,14,0.01822405494749546,False,128,7
3,5,15,0.01982387714087963,False,128,7
3,5,16,0.01898004487156868,False,128,7
3,5,17,0.018398381769657135,False,128,7
3,5,18,0.01927676424384117,False,128,7
3,5,19,0.02047625184059143,False,128,7
3,5,20,0.021887002512812614,False,128,7
3,5,21,0.020393718034029007,False,128,7
3,5,22,0.02227906696498394,False,128,7
3,5,23,0.020746853202581406,False,128,7
3,5,24,0.02509157918393612,False,128,7
3,5,25,0.022217480465769768,False,128,7
3,5,26,0.021541768684983253,False,128,7
3,5,27,0.022718412801623344,False,128,7
3,5,28,0.023224931210279465,False,128,7
3,5,29,0.02390245348215103,False,128,7
3,5,30,0.022878115996718407,False,128,7
3,5,31,0.022984027862548828,False,128,7
3,5,32,0.02283756248652935,False,128,7
3,5,33,0.024205178022384644,False,128,7
3,5,34,0.025035236030817032,False,128,7
3,5,35,0.025264490395784378,False,128,7
3,5,36,0.024935832247138023,False,128,7
3,5,37,0.0234784297645092,False,128,7
3,5,38,0.02648918330669403,False,128,7
3,5,39,0.025637919083237648,False,128,7
3,5,40,0.023870468139648438,False,128,7
3,5,41,0.023560555651783943,False,128,7
3,5,42,0.02526773326098919,False,128,7
3,5,43,0.024571320042014122,False,128,7
3,5,44,0.026017434895038605,False,128,7
3,5,45,0.026749124750494957,False,128,7
3,5,46,0.02649581804871559,False,128,7
3,5,47,0.02574768289923668,False,128,7
3,5,48,0.023345880210399628,False,128,7
3,5,49,0.021952323615550995,True,128,7
3,0,0,0.008085486479103565,False,128,8
3,0,1,0.0067347376607358456,False,128,8
3,0,2,0.007773679215461016,False,128,8
3,0,3,0.007925759069621563,False,128,8
3,0,4,0.008513947948813438,False,128,8
3,0,5,0.009427604265511036,False,128,8
3,0,6,0.009785283356904984,False,128,8
3,0,7,0.010519691742956638,False,128,8
3,0,8,0.011576316319406033,False,128,8
3,0,9,0.011375073343515396,False,128,8
3,0,10,0.012248268350958824,False,128,8
3,0,11,0.012519096955657005,False,128,8
3,0,12,0.014161772094666958,False,128,8
3,0,13,0.01461427565664053,False,128,8
3,0,14,0.014536293223500252,False,128,8
3,0,15,0.01540486142039299,False,128,8
3,0,16,0.015388580039143562,False,128,8
3,0,17,0.015227681025862694,False,128,8
3,0,18,0.01602878049015999,False,128,8
3,0,19,0.017313336953520775,False,128,8
3,0,20,0.0179093386977911,False,128,8
3,0,21,0.018831195309758186,False,128,8
3,0,22,0.01924978196620941,False,128,8
3,0,23,0.019083017483353615,False,128,8
3,0,24,0.01991194859147072,False,128,8
3,0,25,0.01954297348856926,False,128,8
3,0,26,0.020829854533076286,False,128,8
3,0,27,0.020913876593112946,False,128,8
3,0,28,0.020068427547812462,False,128,8
3,0,29,0.021678995341062546,False,128,8
3,0,30,0.023423098027706146,False,128,8
3,0,31,0.021943140774965286,False,128,8
3,0,32,0.021858282387256622,False,128,8
3,0,33,0.022919269278645515,False,128,8
3,0,34,0.02303760126233101,False,128,8
3,0,35,0.02328762225806713,False,128,8
3,0,36,0.02313408814370632,False,128,8
3,0,37,0.025472695007920265,False,128,8
3,0,38,0.0239401925355196,False,128,8
3,0,39,0.024036377668380737,False,128,8
3,0,40,0.026044923812150955,False,128,8
3,0,41,0.023104460909962654,False,128,8
3,0,42,0.02449773997068405,False,128,8
3,0,43,0.02350008115172386,False,128,8
3,0,44,0.021380191668868065,False,128,8
3,0,45,0.020976873114705086,False,128,8
3,0,46,0.021102409809827805,False,128,8
3,0,47,0.023404182866215706,False,128,8
3,0,48,0.020176729187369347,False,128,8
3,0,49,0.1255801022052765,True,128,8
3,1,0,0.1466502994298935,False,128,8
3,1,1,0.015751708298921585,False,128,8
3,1,2,0.014611506834626198,False,128,8
3,1,3,0.01459265872836113,False,128,8
3,1,4,0.014369173906743526,False,128,8
3,1,5,0.013387095183134079,False,128,8
3,1,6,0.013534176163375378,False,128,8
3,1,7,0.014004761353135109,False,128,8
3,1,8,0.013679306954145432,False,128,8
3,1,9,0.013044026680290699,False,128,8
3,1,10,0.013287380337715149,False,128,8
3,1,11,0.014394992962479591,False,128,8
3,1,12,0.01363358460366726,False,128,8
3,1,13,0.014316453598439693,False,128,8
3,1,14,0.013492392376065254,False,128,8
3,1,15,0.013856020756065845,False,128,8
3,1,16,0.013738022185862064,False,128,8
3,1,17,0.014101473614573479,False,128,8
3,1,18,0.014544385485351086,False,128,8
3,1,19,0.013517873361706734,False,128,8
3,1,20,0.014834717847406864,False,128,8
3,1,21,0.015398764051496983,False,128,8
3,1,22,0.014945914037525654,False,128,8
3,1,23,0.0158842783421278,False,128,8
3,1,24,0.0161490049213171,False,128,8
3,1,25,0.015937944874167442,False,128,8
3,1,26,0.016137946397066116,False,128,8
3,1,27,0.016063110902905464,False,128,8
3,1,28,0.017212368547916412,False,128,8
3,1,29,0.01715146191418171,False,128,8
3,1,30,0.017424190416932106,False,128,8
3,1,31,0.01793147623538971,False,128,8
3,1,32,0.01770756021142006,False,128,8
3,1,33,0.017128348350524902,False,128,8
3,1,34,0.016312530264258385,False,128,8
3,1,35,0.01703525520861149,False,128,8
3,1,36,0.01810147799551487,False,128,8
3,1,37,0.01809317246079445,False,128,8
3,1,38,0.016785111278295517,False,128,8
3,1,39,0.01846759393811226,False,128,8
3,1,40,0.017982104793190956,False,128,8
3,1,41,0.017195502296090126,False,128,8
3,1,42,0.01716150902211666,False,128,8
3,1,43,0.019133122637867928,False,128,8
3,1,44,0.01787644624710083,False,128,8
3,1,45,0.01935192570090294,False,128,8
3,1,46,0.019031407311558723,False,128,8
3,1,47,0.02068016305565834,False,128,8
3,1,48,0.018777702003717422,False,128,8
3,1,49,0.0856005996465683,True,128,8
3,2,0,0.007855897769331932,False,128,8
3,2,1,0.003659047419205308,False,128,8
3,2,2,0.003554317867383361,False,128,8
3,2,3,0.0035093387123197317,False,128,8
3,2,4,0.004163855686783791,False,128,8
3,2,5,0.0040747299790382385,False,128,8
3,2,6,0.0044511849991977215,False,128,8
3,2,7,0.004623813554644585,False,128,8
3,2,8,0.005280551966279745,False,128,8
3,2,9,0.005942414049059153,False,128,8
3,2,10,0.006088468246161938,False,128,8
3,2,11,0.005556057207286358,False,128,8
3,2,12,0.00585915194824338,False,128,8
3,2,13,0.006302126217633486,False,128,8
3,2,14,0.0065278830006718636,False,128,8
3,2,15,0.0069389487616717815,False,128,8
3,2,16,0.007195720449090004,False,128,8
3,2,17,0.007952501997351646,False,128,8
3,2,18,0.008761194534599781,False,128,8
3,2,19,0.00874975323677063,False,128,8
3,2,20,0.008693469688296318,False,128,8
3,2,21,0.010175550356507301,False,128,8
3,2,22,0.01088828593492508,False,128,8
3,2,23,0.010645764879882336,False,128,8
3,2,24,0.010640221647918224,False,128,8
3,2,25,0.011972221545875072,False,128,8
3,2,26,0.01368114072829485,False,128,8
3,2,27,0.01406856719404459,False,128,8
3,2,28,0.014492560178041458,False,128,8
3,2,29,0.014611518941819668,False,128,8
3,2,30,0.015060504898428917,False,128,8
3,2,31,0.015931278467178345,False,128,8
3,2,32,0.01719076931476593,False,128,8
3,2,33,0.01855458691716194,False,128,8
3,2,34,0.019811179488897324,False,128,8
3,2,35,0.020282192155718803,False,128,8
3,2,36,0.01914721541106701,False,128,8
3,2,37,0.022681154310703278,False,128,8
3,2,38,0.021018031984567642,False,128,8
3,2,39,0.024022668600082397,False,128,8
3,2,40,0.028683168813586235,False,128,8
3,2,41,0.02692386507987976,False,128,8
3,2,42,0.028803681954741478,False,128,8
3,2,43,0.028656406328082085,False,128,8
3,2,44,0.030263159424066544,False,128,8
3,2,45,0.03151179477572441,False,128,8
3,2,46,0.03705525025725365,False,128,8
3,2,47,0.031684402376413345,False,128,8
3,2,48,0.03284252807497978,False,128,8
3,2,49,0.29295989871025085,True,128,8
3,3,0,0.011319723911583424,False,128,8
3,3,1,0.00897479522973299,False,128,8
3,3,2,0.008603928610682487,False,128,8
3,3,3,0.008204366080462933,False,128,8
3,3,4,0.009836302138864994,False,128,8
3,3,5,0.008961105719208717,False,128,8
3,3,6,0.01126509252935648,False,128,8
3,3,7,0.011120759882032871,False,128,8
3,3,8,0.013085884973406792,False,128,8
3,3,9,0.013150124810636044,False,128,8
3,3,10,0.013874961994588375,False,128,8
3,3,11,0.013541189022362232,False,128,8
3,3,12,0.014120268635451794,False,128,8
3,3,13,0.015439791604876518,False,128,8
3,3,14,0.015567118301987648,False,128,8
3,3,15,0.017758524045348167,False,128,8
3,3,16,0.01698094792664051,False,128,8
3,3,17,0.017114901915192604,False,128,8
3,3,18,0.016616888344287872,False,128,8
3,3,19,0.018155960366129875,False,128,8
3,3,20,0.018640726804733276,False,128,8
3,3,21,0.01930597797036171,False,128,8
3,3,22,0.020813507959246635,False,128,8
3,3,23,0.020450599491596222,False,128,8
3,3,24,0.021240143105387688,False,128,8
3,3,25,0.019350098446011543,False,128,8
3,3,26,0.021749263629317284,False,128,8
3,3,27,0.02224516123533249,False,128,8
3,3,28,0.023248860612511635,False,128,8
3,3,29,0.021254733204841614,False,128,8
3,3,30,0.02442861534655094,False,128,8
3,3,31,0.024431513622403145,False,128,8
3,3,32,0.023709695786237717,False,128,8
3,3,33,0.024074794724583626,False,128,8
3,3,34,0.024096257984638214,False,128,8
3,3,35,0.02309667505323887,False,128,8
3,3,36,0.02449670247733593,False,128,8
3,3,37,0.024186981841921806,False,128,8
3,3,38,0.02687094733119011,False,128,8
3,3,39,0.025390036404132843,False,128,8
3,3,40,0.027069909498095512,False,128,8
3,3,41,0.027955081313848495,False,128,8
3,3,42,0.02706928923726082,False,128,8
3,3,43,0.02704738825559616,False,128,8
3,3,44,0.02688966691493988,False,128,8
3,3,45,0.027083218097686768,False,128,8
3,3,46,0.02650977298617363,False,128,8
3,3,47,0.031076975166797638,False,128,8
3,3,48,0.027126066386699677,False,128,8
3,3,49,0.0353986956179142,True,128,8
3,4,0,0.01134494598954916,False,128,8
3,4,1,0.009992823004722595,False,128,8
3,4,2,0.011479340493679047,False,128,8
3,4,3,0.011606324464082718,False,128,8
3,4,4,0.012996355071663857,False,128,8
3,4,5,0.012447529472410679,False,128,8
3,4,6,0.014423706568777561,False,128,8
3,4,7,0.01463830191642046,False,128,8
3,4,8,0.015162654221057892,False,128,8
3,4,9,0.01588800735771656,False,128,8
3,4,10,0.017557326704263687,False,128,8
3,4,11,0.01770404912531376,False,128,8
3,4,12,0.01684790477156639,False,128,8
3,4,13,0.018169479444622993,False,128,8
3,4,14,0.017903905361890793,False,128,8
3,4,15,0.018915750086307526,False,128,8
3,4,16,0.01848992332816124,False,128,8
3,4,17,0.017734138295054436,False,128,8
3,4,18,0.018862925469875336,False,128,8
3,4,19,0.01959269307553768,False,128,8
3,4,20,0.019427182152867317,False,128,8
3,4,21,0.021263014525175095,False,128,8
3,4,22,0.020049087703227997,False,128,8
3,4,23,0.02222716622054577,False,128,8
3,4,24,0.022621821612119675,False,128,8
3,4,25,0.021607009693980217,False,128,8
3,4,26,0.021972158923745155,False,128,8
3,4,27,0.021537326276302338,False,128,8
3,4,28,0.02235259860754013,False,128,8
3,4,29,0.02271651290357113,False,128,8
3,4,30,0.023224983364343643,False,128,8
3,4,31,0.023205898702144623,False,128,8
3,4,32,0.024397704750299454,False,128,8
3,4,33,0.023058701306581497,False,128,8
3,4,34,0.02315603755414486,False,128,8
3,4,35,0.02221684344112873,False,128,8
3,4,36,0.023425986990332603,False,128,8
3,4,37,0.02252139337360859,False,128,8
3,4,38,0.023545220494270325,False,128,8
3,4,39,0.023538418114185333,False,128,8
3,4,40,0.026246512308716774,False,128,8
3,4,41,0.024981968104839325,False,128,8
3,4,42,0.02533862739801407,False,128,8
3,4,43,0.0235495213419199,False,128,8
3,4,44,0.024304427206516266,False,128,8
3,4,45,0.02337166666984558,False,128,8
3,4,46,0.023515237495303154,False,128,8
3,4,47,0.026052378118038177,False,128,8
3,4,48,0.02421456202864647,False,128,8
3,4,49,0.018601931631565094,True,128,8
3,5,0,0.006429016590118408,False,128,8
3,5,1,0.00802344735711813,False,128,8
3,5,2,0.010099041275680065,False,128,8
3,5,3,0.010209396481513977,False,128,8
3,5,4,0.012161100283265114,False,128,8
3,5,5,0.010900432243943214,False,128,8
3,5,6,0.013892235234379768,False,128,8
3,5,7,0.013633368536829948,False,128,8
3,5,8,0.01378072239458561,False,128,8
3,5,9,0.016307828947901726,False,128,8
3,5,10,0.016280045732855797,False,128,8
3,5,11,0.016245204955339432,False,128,8
3,5,12,0.01743910275399685,False,128,8
3,5,13,0.020359406247735023,False,128,8
3,5,14,0.016551457345485687,False,128,8
3,5,15,0.01858183927834034,False,128,8
3,5,16,0.019183939322829247,False,128,8
3,5,17,0.018525658175349236,False,128,8
3,5,18,0.019832663238048553,False,128,8
3,5,19,0.020305419340729713,False,128,8
3,5,20,0.021028514951467514,False,128,8
3,5,21,0.022704429924488068,False,128,8
3,5,22,0.02039014920592308,False,128,8
3,5,23,0.021338749676942825,False,128,8
3,5,24,0.022429782897233963,False,128,8
3,5,25,0.02088659256696701,False,128,8
3,5,26,0.02204473316669464,False,128,8
3,5,27,0.0219016931951046,False,128,8
3,5,28,0.022165274247527122,False,128,8
3,5,29,0.022506259381771088,False,128,8
3,5,30,0.024820588529109955,False,128,8
3,5,31,0.02474060282111168,False,128,8
3,5,32,0.02429148368537426,False,128,8
3,5,33,0.024010399356484413,False,128,8
3,5,34,0.02406429685652256,False,128,8
3,5,35,0.02308894321322441,False,128,8
3,5,36,0.023678380995988846,False,128,8
3,5,37,0.021761568263173103,False,128,8
3,5,38,0.024096980690956116,False,128,8
3,5,39,0.02397923916578293,False,128,8
3,5,40,0.02504609152674675,False,128,8
3,5,41,0.0258743055164814,False,128,8
3,5,42,0.02461555227637291,False,128,8
3,5,43,0.025053493678569794,False,128,8
3,5,44,0.02492840215563774,False,128,8
3,5,45,0.025836873799562454,False,128,8
3,5,46,0.024208780378103256,False,128,8
3,5,47,0.025222083553671837,False,128,8
3,5,48,0.02359241619706154,False,128,8
3,5,49,0.020952001214027405,True,128,8
3,0,0,0.008521880954504013,False,128,9
3,0,1,0.006689480971544981,False,128,9
3,0,2,0.00749982800334692,False,128,9
3,0,3,0.008194251917302608,False,128,9
3,0,4,0.008075214922428131,False,128,9
3,0,5,0.00943993590772152,False,128,9
3,0,6,0.010183856822550297,False,128,9
3,0,7,0.010240856558084488,False,128,9
3,0,8,0.011164043098688126,False,128,9
3,0,9,0.012533897534012794,False,128,9
3,0,10,0.012082599103450775,False,128,9
3,0,11,0.013002360239624977,False,128,9
3,0,12,0.012742683291435242,False,128,9
3,0,13,0.013861018233001232,False,128,9
3,0,14,0.014653779566287994,False,128,9
3,0,15,0.01487715169787407,False,128,9
3,0,16,0.016386670991778374,False,128,9
3,0,17,0.016595618799328804,False,128,9
3,0,18,0.016919374465942383,False,128,9
3,0,19,0.016931386664509773,False,128,9
3,0,20,0.017762327566742897,False,128,9
3,0,21,0.018229028210043907,False,128,9
3,0,22,0.01938767358660698,False,128,9
3,0,23,0.019683919847011566,False,128,9
3,0,24,0.019920634105801582,False,128,9
3,0,25,0.01947169378399849,False,128,9
3,0,26,0.021591588854789734,False,128,9
3,0,27,0.020960774272680283,False,128,9
3,0,28,0.021472129970788956,False,128,9
3,0,29,0.022021610289812088,False,128,9
3,0,30,0.02248840034008026,False,128,9
3,0,31,0.02232511341571808,False,128,9
3,0,32,0.02328774333000183,False,128,9
3,0,33,0.02268526703119278,False,128,9
3,0,34,0.023372946307063103,False,128,9
3,0,35,0.02282935008406639,False,128,9
3,0,36,0.021913114935159683,False,128,9
3,0,37,0.023801889270544052,False,128,9
3,0,38,0.0240767914801836,False,128,9
3,0,39,0.024415649473667145,False,128,9
3,0,40,0.023048553615808487,False,128,9
3,0,41,0.022604092955589294,False,128,9
3,0,42,0.024081893265247345,False,128,9
3,0,43,0.022398391738533974,False,128,9
3,0,44,0.021437274292111397,False,128,9
3,0,45,0.020175844430923462,False,128,9
3,0,46,0.020613279193639755,False,128,9
3,0,47,0.02224012464284897,False,128,9
3,0,48,0.019614312797784805,False,128,9
3,0,49,0.13149268925189972,True,128,9
3,1,0,0.13579577207565308,False,128,9
3,1,1,0.014915202744305134,False,128,9
3,1,2,0.016506509855389595,False,128,9
3,1,3,0.013339105993509293,False,128,9
3,1,4,0.013635543175041676,False,128,9
3,1,5,0.01385898794978857,False,128,9
3,1,6,0.012789785861968994,False,128,9
3,1,7,0.013760315254330635,False,128,9
3,1,8,0.01375606469810009,False,128,9
3,1,9,0.01311312522739172,False,128,9
3,1,10,0.01379325520247221,False,128,9
3,1,11,0.013893261551856995,False,128,9
3,1,12,0.014253812842071056,False,128,9
3,1,13,0.01474217139184475,False,128,9
3,1,14,0.01322066131979227,False,128,9
3,1,15,0.014135959558188915,False,128,9
3,1,16,0.014011903665959835,False,128,9
3,1,17,0.014180202037096024,False,128,9
3,1,18,0.014789450913667679,False,128,9
3,1,19,0.015034428797662258,False,128,9
3,1,20,0.014672499150037766,False,128,9
3,1,21,0.015027374029159546,False,128,9
3,1,22,0.015681192278862,False,128,9
3,1,23,0.014983284287154675,False,128,9
3,1,24,0.016787122935056686,False,128,9
3,1,25,0.015837065875530243,False,128,9
3,1,26,0.016715336591005325,False,128,9
3,1,27,0.015984805300831795,False,128,9
3,1,28,0.016854802146553993,False,128,9
3,1,29,0.016325710341334343,False,128,9
3,1,30,0.017425429075956345,False,128,9
3,1,31,0.016250265762209892,False,128,9
3,1,32,0.016979601234197617,False,128,9
3,1,33,0.01736503839492798,False,128,9
3,1,34,0.016911620274186134,False,128,9
3,1,35,0.0181824192404747,False,128,9
3,1,36,0.0170611385256052,False,128,9
3,1,37,0.01788557507097721,False,128,9
3,1,38,0.0178512055426836,False,128,9
3,1,39,0.019182931631803513,False,128,9
3,1,40,0.018038520589470863,False,128,9
3,1,41,0.01777251809835434,False,128,9
3,1,42,0.018394237384200096,False,128,9
3,1,43,0.01960444077849388,False,128,9
3,1,44,0.018898021429777145,False,128,9
3,1,45,0.021325189620256424,False,128,9
3,1,46,0.019641712307929993,False,128,9
3,1,47,0.01959984377026558,False,128,9
3,1,48,0.019315358251333237,False,128,9
3,1,49,0.08992023020982742,True,128,9
3,2,0,0.0073983012698590755,False,128,9
3,2,1,0.0035290061496198177,False,128,9
3,2,2,0.0033447027672082186,False,128,9
3,2,3,0.004125495906919241,False,128,9
3,2,4,0.0037981874775141478,False,128,9
3,2,5,0.004024663474410772,False,128,9
3,2,6,0.00423215888440609,False,128,9
3,2,7,0.004623143933713436,False,128,9
3,2,8,0.005152568686753511,False,128,9
3,2,9,0.00550525076687336,False,128,9
3,2,10,0.005587602965533733,False,128,9
3,2,11,0.005917949602007866,False,128,9
3,2,12,0.0060432711616158485,False,128,9
3,2,13,0.006162649020552635,False,128,9
3,2,14,0.006495817564427853,False,128,9
3,2,15,0.006836125627160072,False,128,9
3,2,16,0.0075890617445111275,False,128,9
3,2,17,0.007820503786206245,False,128,9
3,2,18,0.008567092940211296,False,128,9
3,2,19,0.008050436154007912,False,128,9
3,2,20,0.008687885478138924,False,128,9
3,2,21,0.010033814236521721,False,128,9
3,2,22,0.00980714987963438,False,128,9
3,2,23,0.01148727722465992,False,128,9
3,2,24,0.01165502704679966,False,128,9
3,2,25,0.012127186171710491,False,128,9
3,2,26,0.012388711795210838,False,128,9
3,2,27,0.015613675117492676,False,128,9
3,2,28,0.013996073044836521,False,128,9
3,2,29,0.014452044852077961,False,128,9
3,2,30,0.015786446630954742,False,128,9
3,2,31,0.017930617555975914,False,128,9
3,2,32,0.01760989800095558,False,128,9
3,2,33,0.01870870217680931,False,128,9
3,2,34,0.01803715154528618,False,128,9
3,2,35,0.019176987931132317,False,128,9
3,2,36,0.02107161097228527,False,128,9
3,2,37,0.021985778585076332,False,128,9
3,2,38,0.024342486634850502,False,128,9
3,2,39,0.024031993001699448,False,128,9
3,2,40,0.02848106622695923,False,128,9
3,2,41,0.025992712005972862,False,128,9
3,2,42,0.029429307207465172,False,128,9
3,2,43,0.02964531071484089,False,128,9
3,2,44,0.02952384576201439,False,128,9
3,2,45,0.032444827258586884,False,128,9
3,2,46,0.03664227947592735,False,128,9
3,2,47,0.033551719039678574,False,128,9
3,2,48,0.032422855496406555,False,128,9
3,2,49,0.28813156485557556,True,128,9
3,3,0,0.013593800365924835,False,128,9
3,3,1,0.007749558892101049,False,128,9
3,3,2,0.008528448641300201,False,128,9
3,3,3,0.009347997605800629,False,128,9
3,3,4,0.010281877592206001,False,128,9
3,3,5,0.010515585541725159,False,128,9
3,3,6,0.010629520751535892,False,128,9
3,3,7,0.011547593399882317,False,128,9
3,3,8,0.013493001461029053,False,128,9
3,3,9,0.013464080169796944,False,128,9
3,3,10,0.01358045544475317,False,128,9
3,3,11,0.014614888466894627,False,128,9
3,3,12,0.014768186025321484,False,128,9
3,3,13,0.01491338200867176,False,128,9
3,3,14,0.01676999218761921,False,128,9
3,3,15,0.016533147543668747,False,128,9
3,3,16,0.016268650069832802,False,128,9
3,3,17,0.017230132594704628,False,128,9
3,3,18,0.016340218484401703,False,128,9
3,3,19,0.019043095409870148,False,128,9
3,3,20,0.017503932118415833,False,128,9
3,3,21,0.018015941604971886,False,128,9
3,3,22,0.01909620687365532,False,128,9
3,3,23,0.02051016315817833,False,128,9
3,3,24,0.01978973113000393,False,128,9
3,3,25,0.021187108010053635,False,128,9
3,3,26,0.02295173518359661,False,128,9
3,3,27,0.021826323121786118,False,128,9
3,3,28,0.02311081998050213,False,128,9
3,3,29,0.0221274271607399,False,128,9
3,3,30,0.022514546290040016,False,128,9
3,3,31,0.023212850093841553,False,128,9
3,3,32,0.024164047092199326,False,128,9
3,3,33,0.024697691202163696,False,128,9
3,3,34,0.02362149767577648,False,128,9
3,3,35,0.024964816868305206,False,128,9
3,3,36,0.025518927723169327,False,128,9
3,3,37,0.026245953515172005,False,128,9
3,3,38,0.025753840804100037,False,128,9
3,3,39,0.026158154010772705,False,128,9
3,3,40,0.026511775329709053,False,128,9
3,3,41,0.026350485160946846,False,128,9
3,3,42,0.02655518613755703,False,128,9
3,3,43,0.026146788150072098,False,128,9
3,3,44,0.026732105761766434,False,128,9
3,3,45,0.026441780850291252,False,128,9
3,3,46,0.027313126251101494,False,128,9
3,3,47,0.028463181108236313,False,128,9
3,3,48,0.027314476668834686,False,128,9
3,3,49,0.03598576784133911,True,128,9
3,4,0,0.01296504307538271,False,128,9
3,4,1,0.010959697887301445,False,128,9
3,4,2,0.01338829193264246,False,128,9
3,4,3,0.013112490065395832,False,128,9
3,4,4,0.013798151165246964,False,128,9
3,4,5,0.015214442275464535,False,128,9
3,4,6,0.015044249594211578,False,128,9
3,4,7,0.01623999886214733,False,128,9
3,4,8,0.01607406511902809,False,128,9
3,4,9,0.016695834696292877,False,128,9
3,4,10,0.017626075074076653,False,128,9
3,4,11,0.018181072548031807,False,128,9
3,4,12,0.01831422932446003,False,128,9
3,4,13,0.018504053354263306,False,128,9
3,4,14,0.018054470419883728,False,128,9
3,4,15,0.019433418288826942,False,128,9
3,4,16,0.01970093324780464,False,128,9
3,4,17,0.020068811252713203,False,128,9
3,4,18,0.019621098414063454,False,128,9
3,4,19,0.020053407177329063,False,128,9
3,4,20,0.02056737057864666,False,128,9
3,4,21,0.0200253464281559,False,128,9
3,4,22,0.02114030532538891,False,128,9
3,4,23,0.021248815581202507,False,128,9
3,4,24,0.021176688373088837,False,128,9
3,4,25,0.021624265238642693,False,128,9
3,4,26,0.02214192785322666,False,128,9
3,4,27,0.021764690056443214,False,128,9
3,4,28,0.021954312920570374,False,128,9
3,4,29,0.02198723331093788,False,128,9
3,4,30,0.021742597222328186,False,128,9
3,4,31,0.022356394678354263,False,128,9
3,4,32,0.022087138146162033,False,128,9
3,4,33,0.02357621304690838,False,128,9
3,4,34,0.02255500666797161,False,128,9
3,4,35,0.0220935121178627,False,128,9
3,4,36,0.022669147700071335,False,128,9
3,4,37,0.02197798155248165,False,128,9
3,4,38,0.02515006810426712,False,128,9
3,4,39,0.023105112835764885,False,128,9
3,4,40,0.02357899583876133,False,128,9
3,4,41,0.022716611623764038,False,128,9
3,4,42,0.024692941457033157,False,128,9
3,4,43,0.02213132753968239,False,128,9
3,4,44,0.022918323054909706,False,128,9
3,4,45,0.02269073575735092,False,128,9
3,4,46,0.023044390603899956,False,128,9
3,4,47,0.023010460659861565,False,128,9
3,4,48,0.023331739008426666,False,128,9
3,4,49,0.01789051666855812,True,128,9
3,5,0,0.006741123273968697,False,128,9
3,5,1,0.008034968748688698,False,128,9
3,5,2,0.00951282400637865,False,128,9
3,5,3,0.010964291170239449,False,128,9
3,5,4,0.011230984702706337,False,128,9
3,5,5,0.013862240128219128,False,128,9
3,5,6,0.013623423874378204,False,128,9
3,5,7,0.015325607731938362,False,128,9
3,5,8,0.014346802607178688,False,128,9
3,5,9,0.01370975747704506,False,128,9
3,5,10,0.016412479802966118,False,128,9
3,5,11,0.016740379855036736,False,128,9
3,5,12,0.018885236233472824,False,128,9
3,5,13,0.019018735736608505,False,128,9
3,5,14,0.016569729894399643,False,128,9
3,5,15,0.020133793354034424,False,128,9
3,5,16,0.01887102611362934,False,128,9
3,5,17,0.0207960307598114,False,128,9
3,5,18,0.018338365480303764,False,128,9
3,5,19,0.0192578062415123,False,128,9
3,5,20,0.021489690989255905,False,128,9
3,5,21,0.01879318803548813,False,128,9
3,5,22,0.022773511707782745,False,128,9
3,5,23,0.02162661775946617,False,128,9
3,5,24,0.021207375451922417,False,128,9
3,5,25,0.020906291902065277,False,128,9
3,5,26,0.025037672370672226,False,128,9
3,5,27,0.02263607084751129,False,128,9
3,5,28,0.021844876930117607,False,128,9
3,5,29,0.022996461018919945,False,128,9
3,5,30,0.022124169394373894,False,128,9
3,5,31,0.02379455789923668,False,128,9
3,5,32,0.023102760314941406,False,128,9
3,5,33,0.02589474618434906,False,128,9
3,5,34,0.024425145238637924,False,128,9
3,5,35,0.02454293705523014,False,128,9
3,5,36,0.025736801326274872,False,128,9
3,5,37,0.021441590040922165,False,128,9
3,5,38,0.025108251720666885,False,128,9
3,5,39,0.022637760266661644,False,128,9
3,5,40,0.026321547105908394,False,128,9
3,5,41,0.021650388836860657,False,128,9
3,5,42,0.023514052852988243,False,128,9
3,5,43,0.024432556703686714,False,128,9
3,5,44,0.024989450350403786,False,128,9
3,5,45,0.024387624114751816,False,128,9
3,5,46,0.024069052189588547,False,128,9
3,5,47,0.025847390294075012,False,128,9
3,5,48,0.023579509928822517,False,128,9
3,5,49,0.020712347701191902,True,128,9
4,0,0,0.02126159705221653,False,128,0
4,0,1,0.016050763428211212,False,128,0
4,0,2,0.014445887878537178,False,128,0
4,0,3,0.013838620856404305,False,128,0
4,0,4,0.014589305967092514,False,128,0
4,0,5,0.015568103641271591,False,128,0
4,0,6,0.013885005377233028,False,128,0
4,0,7,0.013176979497075081,False,128,0
4,0,8,0.018500855192542076,False,128,0
4,0,9,0.015464970842003822,False,128,0
4,0,10,0.01158419344574213,False,128,0
4,0,11,0.013025933876633644,False,128,0
4,0,12,0.013491065241396427,False,128,0
4,0,13,0.019185036420822144,False,128,0
4,0,14,0.018656816333532333,False,128,0
4,0,15,0.016997218132019043,False,128,0
4,0,16,0.015843214467167854,False,128,0
4,0,17,0.016603220254182816,False,128,0
4,0,18,0.015856469050049782,False,128,0
4,0,19,0.015923652797937393,False,128,0
4,0,20,0.019547488540410995,False,128,0
4,0,21,0.016543257981538773,False,128,0
4,0,22,0.014402319677174091,False,128,0
4,0,23,0.01574873924255371,False,128,0
4,0,24,0.018776511773467064,False,128,0
4,0,25,0.016978580504655838,False,128,0
4,0,26,0.019158020615577698,False,128,0
4,0,27,0.018827052786946297,False,128,0
4,0,28,0.014895402826368809,False,128,0
4,0,29,0.017375823110342026,False,128,0
4,0,30,0.01588289998471737,False,128,0
4,0,31,0.01385073084384203,False,128,0
4,0,32,0.01579372026026249,False,128,0
4,0,33,0.011970574036240578,False,128,0
4,0,34,0.014826190657913685,False,128,0
4,0,35,0.013039776124060154,False,128,0
4,0,36,0.0175942312926054,False,128,0
4,0,37,0.014068035408854485,False,128,0
4,0,38,0.018293721601366997,False,128,0
4,0,39,0.016265319660305977,False,128,0
4,0,40,0.014090899378061295,False,128,0
4,0,41,0.013554277829825878,False,128,0
4,0,42,0.017030946910381317,False,128,0
4,0,43,0.013767833821475506,False,128,0
4,0,44,0.020637277513742447,False,128,0
4,0,45,0.01804567687213421,False,128,0
4,0,46,0.022663144394755363,False,128,0
4,0,47,0.017495866864919662,False,128,0
4,0,48,0.018689647316932678,False,128,0
4,0,49,0.20623713731765747,True,128,0
4,1,0,0.038856036961078644,False,128,0
4,1,1,0.019005080685019493,False,128,0
4,1,2,0.015324955806136131,False,128,0
4,1,3,0.015603763982653618,False,128,0
4,1,4,0.015092969872057438,False,128,0
4,1,5,0.014209510758519173,False,128,0
4,1,6,0.014179505407810211,False,128,0
4,1,7,0.01359623670578003,False,128,0
4,1,8,0.014312081038951874,False,128,0
4,1,9,0.014448350295424461,False,128,0
4,1,10,0.013807376846671104,False,128,0
4,1,11,0.012436184100806713,False,128,0
4,1,12,0.01268590148538351,False,128,0
4,1,13,0.013761685229837894,False,128,0
4,1,14,0.014830037951469421,False,128,0
4,1,15,0.013895725831389427,False,128,0
4,1,16,0.013246729969978333,False,128,0
4,1,17,0.013748109340667725,False,128,0
4,1,18,0.014624475501477718,False,128,0
4,1,19,0.01336964312940836,False,128,0
4,1,20,0.014463097788393497,False,128,0
4,1,21,0.012988967821002007,False,128,0
4,1,22,0.013670425862073898,False,128,0
4,1,23,0.01576492190361023,False,128,0
4,1,24,0.015009445138275623,False,128,0
4,1,25,0.014614958316087723,False,128,0
4,1,26,0.014650816097855568,False,128,0
4,1,27,0.01602369174361229,False,128,0
4,1,28,0.01526748389005661,False,128,0
4,1,29,0.016618940979242325,False,128,0
4,1,30,0.016179563477635384,False,128,0
4,1,31,0.016109412536025047,False,128,0
4,1,32,0.01575746200978756,False,128,0
4,1,33,0.016135236248373985,False,128,0
4,1,34,0.01608126424252987,False,128,0
4,1,35,0.015505839139223099,False,128,0
4,1,36,0.017682768404483795,False,128,0
4,1,37,0.01627171039581299,False,128,0
4,1,38,0.01815413311123848,False,128,0
4,1,39,0.020246177911758423,False,128,0
4,1,40,0.017334748059511185,False,128,0
4,1,41,0.017897548153996468,False,128,0
4,1,42,0.01952436752617359,False,128,0
4,1,43,0.017908401787281036,False,128,0
4,1,44,0.021039927378296852,False,128,0
4,1,45,0.02214280143380165,False,128,0
4,1,46,0.02045794203877449,False,128,0
4,1,47,0.019921012222766876,False,128,0
4,1,48,0.019426647573709488,False,128,0
4,1,49,0.1961159110069275,True,128,0
4,2,0,0.041106149554252625,False,128,0
4,2,1,0.015937894582748413,False,128,0
4,2,2,0.010868567042052746,False,128,0
4,2,3,0.010651608929038048,False,128,0
4,2,4,0.01020863838493824,False,128,0
4,2,5,0.009591573849320412,False,128,0
4,2,6,0.010051709599792957,False,128,0
4,2,7,0.008821921423077583,False,128,0
4,2,8,0.012277754954993725,False,128,0
4,2,9,0.009344067424535751,False,128,0
4,2,10,0.010020896792411804,False,128,0
4,2,11,0.008528599515557289,False,128,0
4,2,12,0.009056557901203632,False,128,0
4,2,13,0.012453824281692505,False,128,0
4,2,14,0.011224380694329739,False,128,0
4,2,15,0.009856422431766987,False,128,0
4,2,16,0.011553758755326271,False,128,0
4,2,17,0.01174572017043829,False,128,0
4,2,18,0.009730279445648193,False,128,0
4,2,19,0.012036810629069805,False,128,0
4,2,20,0.011939839459955692,False,128,0
4,2,21,0.010012687183916569,False,128,0
4,2,22,0.009645223617553711,False,128,0
4,2,23,0.012591768987476826,False,128,0
4,2,24,0.01175062544643879,False,128,0
4,2,25,0.010827885940670967,False,128,0
4,2,26,0.014397925697267056,False,128,0
4,2,27,0.015408718958497047,False,128,0
4,2,28,0.011769897304475307,False,128,0
4,2,29,0.017219875007867813,False,128,0
4,2,30,0.012867294251918793,False,128,0
4,2,31,0.014032825827598572,False,128,0
4,2,32,0.015406256541609764,False,128,0
4,2,33,0.011154713109135628,False,128,0
4,2,34,0.013533520512282848,False,128,0
4,2,35,0.014857029542326927,False,128,0
4,2,36,0.01479113008826971,False,128,0
4,2,37,0.014065693132579327,False,128,0
4,2,38,0.021168000996112823,False,128,0
4,2,39,0.01801254041492939,False,128,0
4,2,40,0.01761328987777233,False,128,0
4,2,41,0.018979907035827637,False,128,0
4,2,42,0.017029503360390663,False,128,0
4,2,43,0.01566844806075096,False,128,0
4,2,44,0.02308892086148262,False,128,0
4,2,45,0.019646503031253815,False,128,0
4,2,46,0.025155149400234222,False,128,0
4,2,47,0.020866883918642998,False,128,0
4,2,48,0.02034342847764492,False,128,0
4,2,49,0.3010873794555664,True,128,0
4,3,0,0.029893241822719574,False,128,0
4,3,1,0.0204100850969553,False,128,0
4,3,2,0.02092125080525875,False,128,0
4,3,3,0.019172653555870056,False,128,0
4,3,4,0.01886894926428795,False,128,0
4,3,5,0.016641713678836823,False,128,0
4,3,6,0.022739768028259277,False,128,0
4,3,7,0.0166749469935894,False,128,0
4,3,8,0.020592447370290756,False,128,0
4,3,9,0.017503326758742332,False,128,0
4,3,10,0.022680271416902542,False,128,0
4,3,11,0.016088929027318954,False,128,0
4,3,12,0.01660100743174553,False,128,0
4,3,13,0.022850513458251953,False,128,0
4,3,14,0.016650989651679993,False,128,0
4,3,15,0.01628335937857628,False,128,0
4,3,16,0.02389916218817234,False,128,0
4,3,17,0.017069021239876747,False,128,0
4,3,18,0.015616757795214653,False,128,0
4,3,19,0.025604024529457092,False,128,0
4,3,20,0.01863725669682026,False,128,0
4,3,21,0.016598854213953018,False,128,0
4,3,22,0.0172133669257164,False,128,0
4,3,23,0.02483811415731907,False,128,0
4,3,24,0.016827482730150223,False,128,0
4,3,25,0.016910279169678688,False,128,0
4,3,26,0.01968219503760338,False,128,0
4,3,27,0.02154766395688057,False,128,0
4,3,28,0.014577878639101982,False,128,0
4,3,29,0.023365924134850502,False,128,0
4,3,30,0.014861657284200191,False,128,0
4,3,31,0.02425072342157364,False,128,0
4,3,32,0.02027181163430214,False,128,0
4,3,33,0.01777266338467598,False,128,0
4,3,34,0.01789107173681259,False,128,0
4,3,35,0.027327891439199448,False,128,0
4,3,36,0.015721211209893227,False,128,0
4,3,37,0.018913934007287025,False,128,0
4,3,38,0.020314045250415802,False,128,0
4,3,39,0.018429279327392578,False,128,0
4,3,40,0.02770167775452137,False,128,0
4,3,41,0.02174004353582859,False,128,0
4,3,42,0.01825115829706192,False,128,0
4,3,43,0.015305358916521072,False,128,0
4,3,44,0.026991788297891617,False,128,0
4,3,45,0.018508460372686386,False,128,0
4,3,46,0.018330400809645653,False,128,0
4,3,47,0.015873581171035767,False,128,0
4,3,48,0.020152660086750984,False,128,0
4,3,49,0.03442914038896561,True,128,0
4,4,0,0.014302925206720829,False,128,0
4,4,1,0.011657318100333214,False,128,0
4,4,2,0.013453836552798748,False,128,0
4,4,3,0.012258091941475868,False,128,0
4,4,4,0.016915421932935715,False,128,0
4,4,5,0.013958361931145191,False,128,0
4,4,6,0.0190458744764328,False,128,0
4,4,7,0.014674711972475052,False,128,0
4,4,8,0.018105603754520416,False,128,0
4,4,9,0.016241809353232384,False,128,0
4,4,10,0.021373681724071503,False,128,0
4,4,11,0.016482321545481682,False,128,0
4,4,12,0.017672792077064514,False,128,0
4,4,13,0.021709676831960678,False,128,0
4,4,14,0.018515514209866524,False,128,0
4,4,15,0.018508918583393097,False,128,0
4,4,16,0.02379223331809044,False,128,0
4,4,17,0.020217636600136757,False,128,0
4,4,18,0.01792415976524353,False,128,0
4,4,19,0.02459867112338543,False,128,0
4,4,20,0.020424148067831993,False,128,0
4,4,21,0.019346656277775764,False,128,0
4,4,22,0.019675610587000847,False,128,0
4,4,23,0.025828653946518898,False,128,0
4,4,24,0.019958017393946648,False,128,0
4,4,25,0.017818061634898186,False,128,0
4,4,26,0.022044725716114044,False,128,0
4,4,27,0.022833244875073433,False,128,0
4,4,28,0.01972871832549572,False,128,0
4,4,29,0.02536824718117714,False,128,0
4,4,30,0.019333241507411003,False,128,0
4,4,31,0.026766516268253326,False,128,0
4,4,32,0.02303972654044628,False,128,0
4,4,33,0.019027767702937126,False,128,0
4,4,34,0.021765979006886482,False,128,0
4,4,35,0.02608591318130493,False,128,0
4,4,36,0.018615297973155975,False,128,0
4,4,37,0.02053462155163288,False,128,0
4,4,38,0.02324671298265457,False,128,0
4,4,39,0.019578026607632637,False,128,0
4,4,40,0.026395337656140327,False,128,0
4,4,41,0.023314259946346283,False,128,0
4,4,42,0.021969007328152657,False,128,0
4,4,43,0.020327921956777573,False,128,0
4,4,44,0.027070749551057816,False,128,0
4,4,45,0.02125070057809353,False,128,0
4,4,46,0.021904658526182175,False,128,0
4,4,47,0.01977938786149025,False,128,0
4,4,48,0.021978486329317093,False,128,0
4,4,49,0.01358004193753004,True,128,0
4,5,0,0.008144652470946312,False,128,0
4,5,1,0.006926809903234243,False,128,0
4,5,2,0.008354328572750092,False,128,0
4,5,3,0.007235847879201174,False,128,0
4,5,4,0.010402503423392773,False,128,0
4,5,5,0.009139535017311573,False,128,0
4,5,6,0.01327232550829649,False,128,0
4,5,7,0.010655166581273079,False,128,0
4,5,8,0.012923494912683964,False,128,0
4,5,9,0.010700170882046223,False,128,0
4,5,10,0.015422750264406204,False,128,0
4,5,11,0.011155957356095314,False,128,0
4,5,12,0.011673952452838421,False,128,0
4,5,13,0.015761034563183784,False,128,0
4,5,14,0.013057377189397812,False,128,0
4,5,15,0.012518062256276608,False,128,0
4,5,16,0.01826842874288559,False,128,0
4,5,17,0.015976324677467346,False,128,0
4,5,18,0.013519035652279854,False,128,0
4,5,19,0.018869848921895027,False,128,0
4,5,20,0.01534188911318779,False,128,0
4,5,21,0.014156229794025421,False,128,0
4,5,22,0.015597387216985226,False,128,0
4,5,23,0.02100283093750477,False,128,0
4,5,24,0.01794673688709736,False,128,0
4,5,25,0.017358141019940376,False,128,0
4,5,26,0.019190886989235878,False,128,0
4,5,27,0.01923239603638649,False,128,0
4,5,28,0.01566670648753643,False,128,0
4,5,29,0.020350409671664238,False,128,0
4,5,30,0.021073171868920326,False,128,0
4,5,31,0.0236191488802433,False,128,0
4,5,32,0.02373756282031536,False,128,0
4,5,33,0.02288498543202877,False,128,0
4,5,34,0.02059866674244404,False,128,0
4,5,35,0.02481035515666008,False,128,0
4,5,36,0.02567797526717186,False,128,0
4,5,37,0.02340492606163025,False,128,0
4,5,38,0.02497398667037487,False,128,0
4,5,39,0.039305880665779114,False,128,0
4,5,40,0.029106248170137405,False,128,0
4,5,41,0.029424620792269707,False,128,0
4,5,42,0.0358315035700798,False,128,0
4,5,43,0.04694315046072006,False,128,0
4,5,44,0.028553662821650505,False,128,0
4,5,45,0.030355587601661682,False,128,0
4,5,46,0.030955810099840164,False,128,0
4,5,47,0.04927847534418106,False,128,0
4,5,48,0.03637543320655823,False,128,0
4,5,49,0.013267623260617256,True,128,0
4,0,0,0.02178581990301609,False,128,1
4,0,1,0.01394591573625803,False,128,1
4,0,2,0.012343215756118298,False,128,1
4,0,3,0.013073994778096676,False,128,1
4,0,4,0.013534201309084892,False,128,1
4,0,5,0.01427608635276556,False,128,1
4,0,6,0.015130966901779175,False,128,1
4,0,7,0.01533776056021452,False,128,1
4,0,8,0.017540112137794495,False,128,1
4,0,9,0.015666993334889412,False,128,1
4,0,10,0.01408486720174551,False,128,1
4,0,11,0.01543707586824894,False,128,1
4,0,12,0.012595957145094872,False,128,1
4,0,13,0.018414553254842758,False,128,1
4,0,14,0.017394643276929855,False,128,1
4,0,15,0.017342347651720047,False,128,1
4,0,16,0.015072457492351532,False,128,1
4,0,17,0.017062222585082054,False,128,1
4,0,18,0.013063310645520687,False,128,1
4,0,19,0.017410026863217354,False,128,1
4,0,20,0.017482783645391464,False,128,1
4,0,21,0.015372199937701225,False,128,1
4,0,22,0.01419278234243393,False,128,1
4,0,23,0.01411295123398304,False,128,1
4,0,24,0.017409594729542732,False,128,1
4,0,25,0.015031469985842705,False,128,1
4,0,26,0.018657151609659195,False,128,1
4,0,27,0.018259035423398018,False,128,1
4,0,28,0.013753601349890232,False,128,1
4,0,29,0.019249169155955315,False,128,1
4,0,30,0.015452330932021141,False,128,1
4,0,31,0.017403528094291687,False,128,1
4,0,32,0.016432376578450203,False,128,1
4,0,33,0.012102950364351273,False,128,1
4,0,34,0.013909845612943172,False,128,1
4,0,35,0.014834266155958176,False,128,1
4,0,36,0.02045108750462532,False,128,1
4,0,37,0.0141152273863554,False,128,1
4,0,38,0.017908893525600433,False,128,1
4,0,39,0.01850300282239914,False,128,1
4,0,40,0.011068776249885559,False,128,1
4,0,41,0.01288101077079773,False,128,1
4,0,42,0.01998666673898697,False,128,1
4,0,43,0.01540323905646801,False,128,1
4,0,44,0.018738780170679092,False,128,1
4,0,45,0.019417546689510345,False,128,1
4,0,46,0.025921598076820374,False,128,1
4,0,47,0.018924083560705185,False,128,1
4,0,48,0.01815064251422882,False,128,1
4,0,49,0.20436087250709534,True,128,1
4,1,0,0.039995498955249786,False,128,1
4,1,1,0.019918769598007202,False,128,1
4,1,2,0.015423177741467953,False,128,1
4,1,3,0.01635470800101757,False,128,1
4,1,4,0.013248885981738567,False,128,1
4,1,5,0.014860384166240692,False,128,1
4,1,6,0.013266269117593765,False,128,1
4,1,7,0.014234483242034912,False,128,1
4,1,8,0.015030864626169205,False,128,1
4,1,9,0.01337963156402111,False,128,1
4,1,10,0.014611841179430485,False,128,1
4,1,11,0.012499871663749218,False,128,1
4,1,12,0.012279186397790909,False,128,1
4,1,13,0.013998230919241905,False,128,1
4,1,14,0.014017040841281414,False,128,1
4,1,15,0.014624538831412792,False,128,1
4,1,16,0.013517653569579124,False,128,1
4,1,17,0.015425438061356544,False,128,1
4,1,18,0.013326084241271019,False,128,1
4,1,19,0.013858333230018616,False,128,1
4,1,20,0.014104299247264862,False,128,1
4,1,21,0.014434732496738434,False,128,1
4,1,22,0.013736148364841938,False,128,1
4,1,23,0.016432128846645355,False,128,1
4,1,24,0.013897823169827461,False,128,1
4,1,25,0.015753623098134995,False,128,1
4,1,26,0.016343655064702034,False,128,1
4,1,27,0.016224753111600876,False,128,1
4,1,28,0.014746291562914848,False,128,1
4,1,29,0.01739385537803173,False,128,1
4,1,30,0.01654798910021782,False,128,1
4,1,31,0.016252931207418442,False,128,1
4,1,32,0.015704840421676636,False,128,1
4,1,33,0.015927374362945557,False,128,1
4,1,34,0.015598729252815247,False,128,1
4,1,35,0.01618523895740509,False,128,1
4,1,36,0.018025949597358704,False,128,1
4,1,37,0.01591014489531517,False,128,1
4,1,38,0.019054606556892395,False,128,1
4,1,39,0.021179113537073135,False,128,1
4,1,40,0.017221538349986076,False,128,1
4,1,41,0.019407760351896286,False,128,1
4,1,42,0.01919415220618248,False,128,1
4,1,43,0.018437182530760765,False,128,1
4,1,44,0.021761981770396233,False,128,1
4,1,45,0.020505646243691444,False,128,1
4,1,46,0.02308536320924759,False,128,1
4,1,47,0.01908302493393421,False,128,1
4,1,48,0.02101839892566204,False,128,1
4,1,49,0.18295985460281372,True,128,1
4,2,0,0.042559631168842316,False,128,1
4,2,1,0.016635825857520103,False,128,1
4,2,2,0.01146063394844532,False,128,1
4,2,3,0.011395087465643883,False,128,1
4,2,4,0.010477316565811634,False,128,1
4,2,5,0.010209730826318264,False,128,1
4,2,6,0.01026217732578516,False,128,1
4,2,7,0.009716974571347237,False,128,1
4,2,8,0.012493502348661423,False,128,1
4,2,9,0.01023310236632824,False,128,1
4,2,10,0.010624980553984642,False,128,1
4,2,11,0.00889645703136921,False,128,1
4,2,12,0.00956979300826788,False,128,1
4,2,13,0.012583275325596333,False,128,1
4,2,14,0.011470170691609383,False,128,1
4,2,15,0.010475634597241879,False,128,1
4,2,16,0.01139109581708908,False,128,1
4,2,17,0.012578535825014114,False,128,1
4,2,18,0.009939304552972317,False,128,1
4,2,19,0.012530790641903877,False,128,1
4,2,20,0.011940299533307552,False,128,1
4,2,21,0.010796980932354927,False,128,1
4,2,22,0.010112954303622246,False,128,1
4,2,23,0.012769327498972416,False,128,1
4,2,24,0.012204732745885849,False,128,1
4,2,25,0.010793676599860191,False,128,1
4,2,26,0.014808817766606808,False,128,1
4,2,27,0.015057969838380814,False,128,1
4,2,28,0.01153795700520277,False,128,1
4,2,29,0.017797470092773438,False,128,1
4,2,30,0.012450328096747398,False,128,1
4,2,31,0.015175912529230118,False,128,1
4,2,32,0.016062431037425995,False,128,1
4,2,33,0.010557098314166069,False,128,1
4,2,34,0.01403797511011362,False,128,1
4,2,35,0.015366701409220695,False,128,1
4,2,36,0.015216922387480736,False,128,1
4,2,37,0.013871981762349606,False,128,1
4,2,38,0.021759234368801117,False,128,1
4,2,39,0.018606867641210556,False,128,1
4,2,40,0.017522193491458893,False,128,1
4,2,41,0.01900498941540718,False,128,1
4,2,42,0.0177016481757164,False,128,1
4,2,43,0.015890223905444145,False,128,1
4,2,44,0.023992886766791344,False,128,1
4,2,45,0.019881173968315125,False,128,1
4,2,46,0.02627376653254032,False,128,1
4,2,47,0.021358203142881393,False,128,1
4,2,48,0.021430520340800285,False,128,1
4,2,49,0.28051474690437317,True,128,1
4,3,0,0.03025655820965767,False,128,1
4,3,1,0.022339940071105957,False,128,1
4,3,2,0.020360702648758888,False,128,1
4,3,3,0.01793282851576805,False,128,1
4,3,4,0.020993094891309738,False,128,1
4,3,5,0.01727122627198696,False,128,1
4,3,6,0.021664710715413094,False,128,1
4,3,7,0.015856415033340454,False,128,1
4,3,8,0.01781531795859337,False,128,1
4,3,9,0.01528408844023943,False,128,1
4,3,10,0.02343985065817833,False,128,1
4,3,11,0.015064241364598274,False,128,1
4,3,12,0.017164502292871475,False,128,1
4,3,13,0.019810745492577553,False,128,1
4,3,14,0.01647220179438591,False,128,1
4,3,15,0.019648192450404167,False,128,1
4,3,16,0.025276046246290207,False,128,1
4,3,17,0.02025984227657318,False,128,1
4,3,18,0.01784554123878479,False,128,1
4,3,19,0.02319195680320263,False,128,1
4,3,20,0.016414333134889603,False,128,1
4,3,21,0.015002263709902763,False,128,1
4,3,22,0.01645134948194027,False,128,1
4,3,23,0.025327643379569054,False,128,1
4,3,24,0.017131350934505463,False,128,1
4,3,25,0.017496896907687187,False,128,1
4,3,26,0.01975153386592865,False,128,1
4,3,27,0.019690170884132385,False,128,1
4,3,28,0.01623314432799816,False,128,1
4,3,29,0.024813029915094376,False,128,1
4,3,30,0.016700679436326027,False,128,1
4,3,31,0.025192972272634506,False,128,1
4,3,32,0.01999298296868801,False,128,1
4,3,33,0.016110150143504143,False,128,1
4,3,34,0.018555963411927223,False,128,1
4,3,35,0.027612460777163506,False,128,1
4,3,36,0.015493669547140598,False,128,1
4,3,37,0.018570926040410995,False,128,1
4,3,38,0.0185024943202734,False,128,1
4,3,39,0.016854163259267807,False,128,1
4,3,40,0.027258113026618958,False,128,1
4,3,41,0.020785178989171982,False,128,1
4,3,42,0.0181902963668108,False,128,1
4,3,43,0.017391134053468704,False,128,1
4,3,44,0.02556970715522766,False,128,1
4,3,45,0.014991909265518188,False,128,1
4,3,46,0.02233499474823475,False,128,1
4,3,47,0.019008366391062737,False,128,1
4,3,48,0.019442005082964897,False,128,1
4,3,49,0.03518211096525192,True,128,1
4,4,0,0.012376810424029827,False,128,1
4,4,1,0.010734191164374352,False,128,1
4,4,2,0.01250698696821928,False,128,1
4,4,3,0.012066712602972984,False,128,1
4,4,4,0.014563055709004402,False,128,1
4,4,5,0.013419480063021183,False,128,1
4,4,6,0.016422506421804428,False,128,1
4,4,7,0.014206137508153915,False,128,1
4,4,8,0.01686495915055275,False,128,1
4,4,9,0.015485064126551151,False,128,1
4,4,10,0.020130598917603493,False,128,1
4,4,11,0.01670725829899311,False,128,1
4,4,12,0.017344068735837936,False,128,1
4,4,13,0.02113495208323002,False,128,1
4,4,14,0.019369620829820633,False,128,1
4,4,15,0.01961836963891983,False,128,1
4,4,16,0.022135110571980476,False,128,1
4,4,17,0.02102539874613285,False,128,1
4,4,18,0.0191164743155241,False,128,1
4,4,19,0.023815596476197243,False,128,1
4,4,20,0.02042282745242119,False,128,1
4,4,21,0.018665464594960213,False,128,1
4,4,22,0.019150154665112495,False,128,1
4,4,23,0.024156196042895317,False,128,1
4,4,24,0.021540600806474686,False,128,1
4,4,25,0.020380262285470963,False,128,1
4,4,26,0.02304190769791603,False,128,1
4,4,27,0.02199602872133255,False,128,1
4,4,28,0.021196778863668442,False,128,1
4,4,29,0.025083651766180992,False,128,1
4,4,30,0.020555170252919197,False,128,1
4,4,31,0.025777654722332954,False,128,1
4,4,32,0.02304243855178356,False,128,1
4,4,33,0.02118411660194397,False,128,1
4,4,34,0.02348453924059868,False,128,1
4,4,35,0.025239359587430954,False,128,1
4,4,36,0.021274205297231674,False,128,1
4,4,37,0.021945301443338394,False,128,1
4,4,38,0.022692568600177765,False,128,1
4,4,39,0.021192297339439392,False,128,1
4,4,40,0.025585897266864777,False,128,1
4,4,41,0.02358352206647396,False,128,1
4,4,42,0.02033279463648796,False,128,1
4,4,43,0.02057277224957943,False,128,1
4,4,44,0.025721756741404533,False,128,1
4,4,45,0.020784053951501846,False,128,1
4,4,46,0.02390376664698124,False,128,1
4,4,47,0.021074678748846054,False,128,1
4,4,48,0.021869590505957603,False,128,1
4,4,49,0.015506288036704063,True,128,1
4,5,0,0.007859854027628899,False,128,1
4,5,1,0.007470833137631416,False,128,1
4,5,2,0.008076783269643784,False,128,1
4,5,3,0.0070890700444579124,False,128,1
4,5,4,0.009822314605116844,False,128,1
4,5,5,0.008644945919513702,False,128,1
4,5,6,0.011781405657529831,False,128,1
4,5,7,0.00949861854314804,False,128,1
4,5,8,0.010495795868337154,False,128,1
4,5,9,0.010183600708842278,False,128,1
4,5,10,0.014694103971123695,False,128,1
4,5,11,0.011392733082175255,False,128,1
4,5,12,0.011805376037955284,False,128,1
4,5,13,0.01489623449742794,False,128,1
4,5,14,0.013462062925100327,False,128,1
4,5,15,0.013637448661029339,False,128,1
4,5,16,0.017273934558033943,False,128,1
4,5,17,0.01512864325195551,False,128,1
4,5,18,0.014455521479249,False,128,1
4,5,19,0.01829003170132637,False,128,1
4,5,20,0.015140711329877377,False,128,1
4,5,21,0.013721015304327011,False,128,1
4,5,22,0.01622333563864231,False,128,1
4,5,23,0.01866587996482849,False,128,1
4,5,24,0.017258647829294205,False,128,1
4,5,25,0.01855144090950489,False,128,1
4,5,26,0.01791432499885559,False,128,1
4,5,27,0.01998981460928917,False,128,1
4,5,28,0.017124339938163757,False,128,1
4,5,29,0.020936546847224236,False,128,1
4,5,30,0.02044874057173729,False,128,1
4,5,31,0.022209685295820236,False,128,1
4,5,32,0.024707376956939697,False,128,1
4,5,33,0.02326171286404133,False,128,1
4,5,34,0.022047225385904312,False,128,1
4,5,35,0.023895692080259323,False,128,1
4,5,36,0.02625456266105175,False,128,1
4,5,37,0.022007551044225693,False,128,1
4,5,38,0.02398751862347126,False,128,1
4,5,39,0.03943217545747757,False,128,1
4,5,40,0.024994192644953728,False,128,1
4,5,41,0.030114255845546722,False,128,1
4,5,42,0.041413187980651855,False,128,1
4,5,43,0.05475643649697304,False,128,1
4,5,44,0.025907348841428757,False,128,1
4,5,45,0.029997443780303,False,128,1
4,5,46,0.03154437988996506,False,128,1
4,5,47,0.0482618622481823,False,128,1
4,5,48,0.038367800414562225,False,128,1
4,5,49,0.01490548811852932,True,128,1
4,0,0,0.02191159315407276,False,128,2
4,0,1,0.013986824080348015,False,128,2
4,0,2,0.01345816534012556,False,128,2
4,0,3,0.01343326736241579,False,128,2
4,0,4,0.014255443587899208,False,128,2
4,0,5,0.014895585365593433,False,128,2
4,0,6,0.015595509670674801,False,128,2
4,0,7,0.01199977658689022,False,128,2
4,0,8,0.01829308457672596,False,128,2
4,0,9,0.01496533676981926,False,128,2
4,0,10,0.014643171802163124,False,128,2
4,0,11,0.016142738983035088,False,128,2
4,0,12,0.014053301885724068,False,128,2
4,0,13,0.01820874586701393,False,128,2
4,0,14,0.016457809135317802,False,128,2
4,0,15,0.016423402354121208,False,128,2
4,0,16,0.014241504482924938,False,128,2
4,0,17,0.015246281400322914,False,128,2
4,0,18,0.013269498012959957,False,128,2
4,0,19,0.017089638859033585,False,128,2
4,0,20,0.01838446781039238,False,128,2
4,0,21,0.01562382373958826,False,128,2
4,0,22,0.014042912982404232,False,128,2
4,0,23,0.014637223444879055,False,128,2
4,0,24,0.017071248963475227,False,128,2
4,0,25,0.014565481804311275,False,128,2
4,0,26,0.018150653690099716,False,128,2
4,0,27,0.01838330179452896,False,128,2
4,0,28,0.013165914453566074,False,128,2
4,0,29,0.01960790902376175,False,128,2
4,0,30,0.0151466503739357,False,128,2
4,0,31,0.014586541801691055,False,128,2
4,0,32,0.015555484220385551,False,128,2
4,0,33,0.01187031902372837,False,128,2
4,0,34,0.012574705295264721,False,128,2
4,0,35,0.012948359362781048,False,128,2
4,0,36,0.017252279445528984,False,128,2
4,0,37,0.014353211969137192,False,128,2
4,0,38,0.018975384533405304,False,128,2
4,0,39,0.01574263721704483,False,128,2
4,0,40,0.012746399268507957,False,128,2
4,0,41,0.015097610652446747,False,128,2
4,0,42,0.017205186188220978,False,128,2
4,0,43,0.014537272974848747,False,128,2
4,0,44,0.01717372052371502,False,128,2
4,0,45,0.015752889215946198,False,128,2
4,0,46,0.023560039699077606,False,128,2
4,0,47,0.01742781512439251,False,128,2
4,0,48,0.017327073961496353,False,128,2
4,0,49,0.22796280682086945,True,128,2
4,1,0,0.0390402227640152,False,128,2
4,1,1,0.018675051629543304,False,128,2
4,1,2,0.01519657950848341,False,128,2
4,1,3,0.01479580532759428,False,128,2
4,1,4,0.0145881874486804,False,128,2
4,1,5,0.013757487758994102,False,128,2
4,1,6,0.014905242249369621,False,128,2
4,1,7,0.01278630644083023,False,128,2
4,1,8,0.014949265867471695,False,128,2
4,1,9,0.011073295958340168,False,128,2
4,1,10,0.015383102931082249,False,128,2
4,1,11,0.01130992453545332,False,128,2
4,1,12,0.01183877419680357,False,128,2
4,1,13,0.014342105016112328,False,128,2
4,1,14,0.013015151023864746,False,128,2
4,1,15,0.012894732877612114,False,128,2
4,1,16,0.015601175837218761,False,128,2
4,1,17,0.013913319446146488,False,128,2
4,1,18,0.01331599336117506,False,128,2
4,1,19,0.015077045187354088,False,128,2
4,1,20,0.013308482244610786,False,128,2
4,1,21,0.013502406887710094,False,128,2
4,1,22,0.013110027648508549,False,128,2
4,1,23,0.015191927552223206,False,128,2
4,1,24,0.014197630807757378,False,128,2
4,1,25,0.014167455956339836,False,128,2
4,1,26,0.01471016462892294,False,128,2
4,1,27,0.014952274970710278,False,128,2
4,1,28,0.014120508916676044,False,128,2
4,1,29,0.017074940726161003,False,128,2
4,1,30,0.015628470107913017,False,128,2
4,1,31,0.017470788210630417,False,128,2
4,1,32,0.016260959208011627,False,128,2
4,1,33,0.015364585444331169,False,128,2
4,1,34,0.016094814985990524,False,128,2
4,1,35,0.017938507720828056,False,128,2
4,1,36,0.01891864836215973,False,128,2
4,1,37,0.016636386513710022,False,128,2
4,1,38,0.018166273832321167,False,128,2
4,1,39,0.017956536263227463,False,128,2
4,1,40,0.019090685993433,False,128,2
4,1,41,0.017816992476582527,False,128,2
4,1,42,0.02097984217107296,False,128,2
4,1,43,0.01762821152806282,False,128,2
4,1,44,0.019827893003821373,False,128,2
4,1,45,0.019122421741485596,False,128,2
4,1,46,0.019765008240938187,False,128,2
4,1,47,0.018993571400642395,False,128,2
4,1,48,0.02106148935854435,False,128,2
4,1,49,0.20448333024978638,True,128,2
4,2,0,0.03818492963910103,False,128,2
4,2,1,0.015048261731863022,False,128,2
4,2,2,0.010559169575572014,False,128,2
4,2,3,0.009927909821271896,False,128,2
4,2,4,0.009683771058917046,False,128,2
4,2,5,0.009188166819512844,False,128,2
4,2,6,0.01001280639320612,False,128,2
4,2,7,0.008255526423454285,False,128,2
4,2,8,0.01168868038803339,False,128,2
4,2,9,0.00881840381771326,False,128,2
4,2,10,0.010124201886355877,False,128,2
4,2,11,0.008066961541771889,False,128,2
4,2,12,0.008818564005196095,False,128,2
4,2,13,0.012287143617868423,False,128,2
4,2,14,0.010612749494612217,False,128,2
4,2,15,0.009813936427235603,False,128,2
4,2,16,0.01123297493904829,False,128,2
4,2,17,0.011449726298451424,False,128,2
4,2,18,0.00858650729060173,False,128,2
4,2,19,0.012599920853972435,False,128,2
4,2,20,0.011395176872611046,False,128,2
4,2,21,0.010152305476367474,False,128,2
4,2,22,0.008952291682362556,False,128,2
4,2,23,0.011674120090901852,False,128,2
4,2,24,0.011432678438723087,False,128,2
4,2,25,0.009896719828248024,False,128,2
4,2,26,0.014114027842879295,False,128,2
4,2,27,0.014839490875601768,False,128,2
4,2,28,0.010652869939804077,False,128,2
4,2,29,0.01745513081550598,False,128,2
4,2,30,0.011830795556306839,False,128,2
4,2,31,0.013717911206185818,False,128,2
4,2,32,0.015268716961145401,False,128,2
4,2,33,0.01047107670456171,False,128,2
4,2,34,0.013103747740387917,False,128,2
4,2,35,0.015148835256695747,False,128,2
4,2,36,0.014464444480836391,False,128,2
4,2,37,0.013666994869709015,False,128,2
4,2,38,0.020286517217755318,False,128,2
4,2,39,0.01598299667239189,False,128,2
4,2,40,0.01813320815563202,False,128,2
4,2,41,0.018817557021975517,False,128,2
4,2,42,0.01828431710600853,False,128,2
4,2,43,0.014947587624192238,False,128,2
4,2,44,0.02226114459335804,False,128,2
4,2,45,0.01832498237490654,False,128,2
4,2,46,0.024426888674497604,False,128,2
4,2,47,0.019916746765375137,False,128,2
4,2,48,0.019815173000097275,False,128,2
4,2,49,0.32560524344444275,True,128,2
4,3,0,0.029202178120613098,False,128,2
4,3,1,0.018239233642816544,False,128,2
4,3,2,0.019704200327396393,False,128,2
4,3,3,0.017380366101861,False,128,2
4,3,4,0.023532386869192123,False,128,2
4,3,5,0.015633881092071533,False,128,2
4,3,6,0.026012953370809555,False,128,2
4,3,7,0.015141535550355911,False,128,2
4,3,8,0.022697260603308678,False,128,2
4,3,9,0.014718357473611832,False,128,2
4,3,10,0.028502296656370163,False,128,2
4,3,11,0.014918822795152664,False,128,2
4,3,12,0.013574279844760895,False,128,2
4,3,13,0.02266579493880272,False,128,2
4,3,14,0.018192101269960403,False,128,2
4,3,15,0.016578663140535355,False,128,2
4,3,16,0.02674911543726921,False,128,2
4,3,17,0.017490357160568237,False,128,2
4,3,18,0.016036543995141983,False,128,2
4,3,19,0.02643444761633873,False,128,2
4,3,20,0.017740001901984215,False,128,2
4,3,21,0.01454109139740467,False,128,2
4,3,22,0.015254613012075424,False,128,2
4,3,23,0.025857750326395035,False,128,2
4,3,24,0.01497228629887104,False,128,2
4,3,25,0.01716291718184948,False,128,2
4,3,26,0.01737000048160553,False,128,2
4,3,27,0.018918829038739204,False,128,2
4,3,28,0.016097288578748703,False,128,2
4,3,29,0.02610679157078266,False,128,2
4,3,30,0.015967855229973793,False,128,2
4,3,31,0.02708280086517334,False,128,2
4,3,32,0.016420718282461166,False,128,2
4,3,33,0.015441547147929668,False,128,2
4,3,34,0.01858770288527012,False,128,2
4,3,35,0.02890346758067608,False,128,2
4,3,36,0.016522495076060295,False,128,2
4,3,37,0.018843697383999825,False,128,2
4,3,38,0.021528730168938637,False,128,2
4,3,39,0.017682265490293503,False,128,2
4,3,40,0.026427196338772774,False,128,2
4,3,41,0.019824743270874023,False,128,2
4,3,42,0.016382770612835884,False,128,2
4,3,43,0.01639246940612793,False,128,2
4,3,44,0.02683337964117527,False,128,2
4,3,45,0.016729475930333138,False,128,2
4,3,46,0.020488476380705833,False,128,2
4,3,47,0.02008991315960884,False,128,2
4,3,48,0.015947449952363968,False,128,2
4,3,49,0.036476489156484604,True,128,2
4,4,0,0.015318311750888824,False,128,2
4,4,1,0.01136078592389822,False,128,2
4,4,2,0.01355865877121687,False,128,2
4,4,3,0.012255591340363026,False,128,2
4,4,4,0.01688264310359955,False,128,2
4,4,5,0.013883729465305805,False,128,2
4,4,6,0.018843363970518112,False,128,2
4,4,7,0.015297768637537956,False,128,2
4,4,8,0.019233323633670807,False,128,2
4,4,9,0.01615668274462223,False,128,2
4,4,10,0.023416608572006226,False,128,2
4,4,11,0.01644022762775421,False,128,2
4,4,12,0.01651296205818653,False,128,2
4,4,13,0.02271980419754982,False,128,2
4,4,14,0.018274342641234398,False,128,2
4,4,15,0.0177539624273777,False,128,2
4,4,16,0.023938197642564774,False,128,2
4,4,17,0.020851651206612587,False,128,2
4,4,18,0.017333969473838806,False,128,2
4,4,19,0.025263536721467972,False,128,2
4,4,20,0.01942068338394165,False,128,2
4,4,21,0.01891392283141613,False,128,2
4,4,22,0.0179817583411932,False,128,2
4,4,23,0.024841433390975,False,128,2
4,4,24,0.02021363377571106,False,128,2
4,4,25,0.018450511619448662,False,128,2
4,4,26,0.021080804988741875,False,128,2
4,4,27,0.02231917902827263,False,128,2
4,4,28,0.01979556493461132,False,128,2
4,4,29,0.025449473410844803,False,128,2
4,4,30,0.019409717991948128,False,128,2
4,4,31,0.026209918782114983,False,128,2
4,4,32,0.02113478258252144,False,128,2
4,4,33,0.019433746114373207,False,128,2
4,4,34,0.021000079810619354,False,128,2
4,4,35,0.026763297617435455,False,128,2
4,4,36,0.019198963418602943,False,128,2
4,4,37,0.022137895226478577,False,128,2
4,4,38,0.02315388061106205,False,128,2
4,4,39,0.02079647406935692,False,128,2
4,4,40,0.02754336968064308,False,128,2
4,4,41,0.022099362686276436,False,128,2
4,4,42,0.019542330875992775,False,128,2
4,4,43,0.01986212283372879,False,128,2
4,4,44,0.026738794520497322,False,128,2
4,4,45,0.019550113007426262,False,128,2
4,4,46,0.023193765431642532,False,128,2
4,4,47,0.021463826298713684,False,128,2
4,4,48,0.019712219014763832,False,128,2
4,4,49,0.017292257398366928,True,128,2
4,5,0,0.008011258207261562,False,128,2
4,5,1,0.00709839491173625,False,128,2
4,5,2,0.008037084713578224,False,128,2
4,5,3,0.008278932422399521,False,128,2
4,5,4,0.011261618696153164,False,128,2
4,5,5,0.009107539430260658,False,128,2
4,5,6,0.012612861581146717,False,128,2
4,5,7,0.008811775594949722,False,128,2
4,5,8,0.012213085778057575,False,128,2
4,5,9,0.010694880038499832,False,128,2
4,5,10,0.014830204658210278,False,128,2
4,5,11,0.01178298331797123,False,128,2
4,5,12,0.011896459385752678,False,128,2
4,5,13,0.016120580956339836,False,128,2
4,5,14,0.015014846809208393,False,128,2
4,5,15,0.013176245614886284,False,128,2
4,5,16,0.01830941066145897,False,128,2
4,5,17,0.01539189089089632,False,128,2
4,5,18,0.013693075627088547,False,128,2
4,5,19,0.01815946213901043,False,128,2
4,5,20,0.014830726198852062,False,128,2
4,5,21,0.014619790017604828,False,128,2
4,5,22,0.013787969946861267,False,128,2
4,5,23,0.02148800902068615,False,128,2
4,5,24,0.017202211543917656,False,128,2
4,5,25,0.018081028014421463,False,128,2
4,5,26,0.01810142584145069,False,128,2
4,5,27,0.019158365204930305,False,128,2
4,5,28,0.015509217977523804,False,128,2
4,5,29,0.022510025650262833,False,128,2
4,5,30,0.021538758650422096,False,128,2
4,5,31,0.026772022247314453,False,128,2
4,5,32,0.021268583834171295,False,128,2
4,5,33,0.022678734734654427,False,128,2
4,5,34,0.020616699010133743,False,128,2
4,5,35,0.027527540922164917,False,128,2
4,5,36,0.02530781179666519,False,128,2
4,5,37,0.021739497780799866,False,128,2
4,5,38,0.02542783133685589,False,128,2
4,5,39,0.037551287561655045,False,128,2
4,5,40,0.03631047159433365,False,128,2
4,5,41,0.028983144089579582,False,128,2
4,5,42,0.03834958374500275,False,128,2
4,5,43,0.044358737766742706,False,128,2
4,5,44,0.0304025299847126,False,128,2
4,5,45,0.027604687958955765,False,128,2
4,5,46,0.028849810361862183,False,128,2
4,5,47,0.04514884576201439,False,128,2
4,5,48,0.03475266695022583,False,128,2
4,5,49,0.01501940842717886,True,128,2
4,0,0,0.0212261825799942,False,128,3
4,0,1,0.013990018516778946,False,128,3
4,0,2,0.014543682336807251,False,128,3
4,0,3,0.01653306931257248,False,128,3
4,0,4,0.01355237141251564,False,128,3
4,0,5,0.013357249088585377,False,128,3
4,0,6,0.01550363004207611,False,128,3
4,0,7,0.013164169155061245,False,128,3
4,0,8,0.017954537644982338,False,128,3
4,0,9,0.016327742487192154,False,128,3
4,0,10,0.013629007153213024,False,128,3
4,0,11,0.016616590321063995,False,128,3
4,0,12,0.01596769504249096,False,128,3
4,0,13,0.018826084211468697,False,128,3
4,0,14,0.01922435499727726,False,128,3
4,0,15,0.01610204018652439,False,128,3
4,0,16,0.015551198273897171,False,128,3
4,0,17,0.0163674745708704,False,128,3
4,0,18,0.01479088980704546,False,128,3
4,0,19,0.015447437763214111,False,128,3
4,0,20,0.01853661797940731,False,128,3
4,0,21,0.01526029221713543,False,128,3
4,0,22,0.014802386984229088,False,128,3
4,0,23,0.018205374479293823,False,128,3
4,0,24,0.01734151877462864,False,128,3
4,0,25,0.01734212227165699,False,128,3
4,0,26,0.01898527704179287,False,128,3
4,0,27,0.016874544322490692,False,128,3
4,0,28,0.016322694718837738,False,128,3
4,0,29,0.017816033214330673,False,128,3
4,0,30,0.016518594697117805,False,128,3
4,0,31,0.015548361465334892,False,128,3
4,0,32,0.019216258078813553,False,128,3
4,0,33,0.014226964674890041,False,128,3
4,0,34,0.014711227267980576,False,128,3
4,0,35,0.014134608209133148,False,128,3
4,0,36,0.017501885071396828,False,128,3
4,0,37,0.013830684125423431,False,128,3
4,0,38,0.01849956624209881,False,128,3
4,0,39,0.015374730341136456,False,128,3
4,0,40,0.014742642641067505,False,128,3
4,0,41,0.01368973683565855,False,128,3
4,0,42,0.019417565315961838,False,128,3
4,0,43,0.013501877896487713,False,128,3
4,0,44,0.019174987450242043,False,128,3
4,0,45,0.019027767702937126,False,128,3
4,0,46,0.0235992893576622,False,128,3
4,0,47,0.018880803138017654,False,128,3
4,0,48,0.01946103945374489,False,128,3
4,0,49,0.18877911567687988,True,128,3
4,1,0,0.03708256408572197,False,128,3
4,1,1,0.018875477835536003,False,128,3
4,1,2,0.014714648015797138,False,128,3
4,1,3,0.015506182797253132,False,128,3
4,1,4,0.014525704085826874,False,128,3
4,1,5,0.015025805681943893,False,128,3
4,1,6,0.013968227431178093,False,128,3
4,1,7,0.013408660888671875,False,128,3
4,1,8,0.014387262985110283,False,128,3
4,1,9,0.01399014052003622,False,128,3
4,1,10,0.013534052297472954,False,128,3
4,1,11,0.01260355394333601,False,128,3
4,1,12,0.012921536341309547,False,128,3
4,1,13,0.012921207584440708,False,128,3
4,1,14,0.01393392588943243,False,128,3
4,1,15,0.012903347611427307,False,128,3
4,1,16,0.013069025240838528,False,128,3
4,1,17,0.013913211412727833,False,128,3
4,1,18,0.013961008749902248,False,128,3
4,1,19,0.013865635730326176,False,128,3
4,1,20,0.013400541618466377,False,128,3
4,1,21,0.013299567624926567,False,128,3
4,1,22,0.013806511647999287,False,128,3
4,1,23,0.015083801001310349,False,128,3
4,1,24,0.01450939942151308,False,128,3
4,1,25,0.014744393527507782,False,128,3
4,1,26,0.01548900455236435,False,128,3
4,1,27,0.01606309786438942,False,128,3
4,1,28,0.014934385195374489,False,128,3
4,1,29,0.016517337411642075,False,128,3
4,1,30,0.01688374951481819,False,128,3
4,1,31,0.016749752685427666,False,128,3
4,1,32,0.015091398730874062,False,128,3
4,1,33,0.016435950994491577,False,128,3
4,1,34,0.016914404928684235,False,128,3
4,1,35,0.015688814222812653,False,128,3
4,1,36,0.01815221831202507,False,128,3
4,1,37,0.01691824570298195,False,128,3
4,1,38,0.017781240865588188,False,128,3
4,1,39,0.018521972000598907,False,128,3
4,1,40,0.01939474605023861,False,128,3
4,1,41,0.018575038760900497,False,128,3
4,1,42,0.019428502768278122,False,128,3
4,1,43,0.01767629012465477,False,128,3
4,1,44,0.020054891705513,False,128,3
4,1,45,0.02138344570994377,False,128,3
4,1,46,0.021695781499147415,False,128,3
4,1,47,0.021123751997947693,False,128,3
4,1,48,0.02166932076215744,False,128,3
4,1,49,0.19690126180648804,True,128,3
4,2,0,0.038630902767181396,False,128,3
4,2,1,0.01517289038747549,False,128,3
4,2,2,0.010546348989009857,False,128,3
4,2,3,0.0104698296636343,False,128,3
4,2,4,0.009618300013244152,False,128,3
4,2,5,0.009363412857055664,False,128,3
4,2,6,0.009444653056561947,False,128,3
4,2,7,0.00852116197347641,False,128,3
4,2,8,0.011439071036875248,False,128,3
4,2,9,0.009284598752856255,False,128,3
4,2,10,0.009382393211126328,False,128,3
4,2,11,0.008653296157717705,False,128,3
4,2,12,0.008979324251413345,False,128,3
4,2,13,0.011679215356707573,False,128,3
4,2,14,0.010729210451245308,False,128,3
4,2,15,0.00952195469290018,False,128,3
4,2,16,0.010107853449881077,False,128,3
4,2,17,0.011349054053425789,False,128,3
4,2,18,0.009548920206725597,False,128,3
4,2,19,0.011078892275691032,False,128,3
4,2,20,0.011349759995937347,False,128,3
4,2,21,0.01042759045958519,False,128,3
4,2,22,0.009682399220764637,False,128,3
4,2,23,0.011962096206843853,False,128,3
4,2,24,0.012155835516750813,False,128,3
4,2,25,0.011588728986680508,False,128,3
4,2,26,0.01423839945346117,False,128,3
4,2,27,0.014265249483287334,False,128,3
4,2,28,0.011389292776584625,False,128,3
4,2,29,0.015895355492830276,False,128,3
4,2,30,0.012816227972507477,False,128,3
4,2,31,0.013335548341274261,False,128,3
4,2,32,0.015870340168476105,False,128,3
4,2,33,0.011592022143304348,False,128,3
4,2,34,0.014076420105993748,False,128,3
4,2,35,0.013363413512706757,False,128,3
4,2,36,0.014915814623236656,False,128,3
4,2,37,0.013485265895724297,False,128,3
4,2,38,0.021033914759755135,False,128,3
4,2,39,0.01760483905673027,False,128,3
4,2,40,0.01562502048909664,False,128,3
4,2,41,0.020136483013629913,False,128,3
4,2,42,0.0186189915984869,False,128,3
4,2,43,0.015894966199994087,False,128,3
4,2,44,0.02287936396896839,False,128,3
4,2,45,0.019926056265830994,False,128,3
4,2,46,0.0255740974098444,False,128,3
4,2,47,0.023025192320346832,False,128,3
4,2,48,0.021729569882154465,False,128,3
4,2,49,0.312020480632782,True,128,3
4,3,0,0.026897775009274483,False,128,3
4,3,1,0.020930416882038116,False,128,3
4,3,2,0.021191444247961044,False,128,3
4,3,3,0.01791037619113922,False,128,3
4,3,4,0.02221684716641903,False,128,3
4,3,5,0.016612593084573746,False,128,3
4,3,6,0.023436129093170166,False,128,3
4,3,7,0.01505737192928791,False,128,3
4,3,8,0.02010193280875683,False,128,3
4,3,9,0.01534833200275898,False,128,3
4,3,10,0.025162795558571815,False,128,3
4,3,11,0.015282027423381805,False,128,3
4,3,12,0.01650252379477024,False,128,3
4,3,13,0.02184063382446766,False,128,3
4,3,14,0.0153537942096591,False,128,3
4,3,15,0.01780257187783718,False,128,3
4,3,16,0.02766525372862816,False,128,3
4,3,17,0.018729014322161674,False,128,3
4,3,18,0.016498509794473648,False,128,3
4,3,19,0.026759520173072815,False,128,3
4,3,20,0.017766892910003662,False,128,3
4,3,21,0.016800817102193832,False,128,3
4,3,22,0.014515954069793224,False,128,3
4,3,23,0.028380699455738068,False,128,3
4,3,24,0.016045184805989265,False,128,3
4,3,25,0.016521478071808815,False,128,3
4,3,26,0.019365031272172928,False,128,3
4,3,27,0.018350405618548393,False,128,3
4,3,28,0.013660477474331856,False,128,3
4,3,29,0.024591073393821716,False,128,3
4,3,30,0.016067983582615852,False,128,3
4,3,31,0.02694619819521904,False,128,3
4,3,32,0.01835733652114868,False,128,3
4,3,33,0.01620090939104557,False,128,3
4,3,34,0.016922632232308388,False,128,3
4,3,35,0.0269821435213089,False,128,3
4,3,36,0.01726832613348961,False,128,3
4,3,37,0.020026342943310738,False,128,3
4,3,38,0.020862389355897903,False,128,3
4,3,39,0.018924513831734657,False,128,3
4,3,40,0.02793232910335064,False,128,3
4,3,41,0.016896387562155724,False,128,3
4,3,42,0.018404297530651093,False,128,3
4,3,43,0.018039053305983543,False,128,3
4,3,44,0.028166085481643677,False,128,3
4,3,45,0.01816234551370144,False,128,3
4,3,46,0.02070699632167816,False,128,3
4,3,47,0.01932656764984131,False,128,3
4,3,48,0.018166622146964073,False,128,3
4,3,49,0.02834266796708107,True,128,3
4,4,0,0.014310678467154503,False,128,3
4,4,1,0.012790601700544357,False,128,3
4,4,2,0.013983766548335552,False,128,3
4,4,3,0.013030895963311195,False,128,3
4,4,4,0.01636500284075737,False,128,3
4,4,5,0.01471756026148796,False,128,3
4,4,6,0.018482755869627,False,128,3
4,4,7,0.014951566234230995,False,128,3
4,4,8,0.01849512569606304,False,128,3
4,4,9,0.015541174449026585,False,128,3
4,4,10,0.01978842355310917,False,128,3
4,4,11,0.017015034332871437,False,128,3
4,4,12,0.01684422791004181,False,128,3
4,4,13,0.02158937230706215,False,128,3
4,4,14,0.018574539572000504,False,128,3
4,4,15,0.018106913194060326,False,128,3
4,4,16,0.023355668410658836,False,128,3
4,4,17,0.021589815616607666,False,128,3
4,4,18,0.018802251666784286,False,128,3
4,4,19,0.024377325549721718,False,128,3
4,4,20,0.020908575505018234,False,128,3
4,4,21,0.019102375954389572,False,128,3
4,4,22,0.018545450642704964,False,128,3
4,4,23,0.02564394846558571,False,128,3
4,4,24,0.02081179991364479,False,128,3
4,4,25,0.01930542290210724,False,128,3
4,4,26,0.022805776447057724,False,128,3
4,4,27,0.02311018295586109,False,128,3
4,4,28,0.019329700618982315,False,128,3
4,4,29,0.024410061538219452,False,128,3
4,4,30,0.02009648270905018,False,128,3
4,4,31,0.02565138041973114,False,128,3
4,4,32,0.02320869266986847,False,128,3
4,4,33,0.020839326083660126,False,128,3
4,4,34,0.0204145647585392,False,128,3
4,4,35,0.025227561593055725,False,128,3
4,4,36,0.020205121487379074,False,128,3
4,4,37,0.021709313616156578,False,128,3
4,4,38,0.02315441332757473,False,128,3
4,4,39,0.020521502941846848,False,128,3
4,4,40,0.024683550000190735,False,128,3
4,4,41,0.022070126608014107,False,128,3
4,4,42,0.020300043746829033,False,128,3
4,4,43,0.01980808563530445,False,128,3
4,4,44,0.02615136280655861,False,128,3
4,4,45,0.020878536626696587,False,128,3
4,4,46,0.022716065868735313,False,128,3
4,4,47,0.020555583760142326,False,128,3
4,4,48,0.020173784345388412,False,128,3
4,4,49,0.014948501251637936,True,128,3
4,5,0,0.008618829771876335,False,128,3
4,5,1,0.0070020644925534725,False,128,3
4,5,2,0.008343897759914398,False,128,3
4,5,3,0.00724511593580246,False,128,3
4,5,4,0.010493814945220947,False,128,3
4,5,5,0.00794938299804926,False,128,3
4,5,6,0.012327896431088448,False,128,3
4,5,7,0.009329229593276978,False,128,3
4,5,8,0.012713896110653877,False,128,3
4,5,9,0.010690659284591675,False,128,3
4,5,10,0.015611030161380768,False,128,3
4,5,11,0.01031256839632988,False,128,3
4,5,12,0.010740851983428001,False,128,3
4,5,13,0.01643327809870243,False,128,3
4,5,14,0.012007090263068676,False,128,3
4,5,15,0.012389831244945526,False,128,3
4,5,16,0.01957114227116108,False,128,3
4,5,17,0.014847107231616974,False,128,3
4,5,18,0.013869140297174454,False,128,3
4,5,19,0.01967640593647957,False,128,3
4,5,20,0.015813468024134636,False,128,3
4,5,21,0.013713574036955833,False,128,3
4,5,22,0.013604864478111267,False,128,3
4,5,23,0.021717127412557602,False,128,3
4,5,24,0.01553778164088726,False,128,3
4,5,25,0.018700040876865387,False,128,3
4,5,26,0.018184494227170944,False,128,3
4,5,27,0.017383811995387077,False,128,3
4,5,28,0.01684734970331192,False,128,3
4,5,29,0.021779874339699745,False,128,3
4,5,30,0.022808952257037163,False,128,3
4,5,31,0.025589870288968086,False,128,3
4,5,32,0.02035686746239662,False,128,3
4,5,33,0.025735026225447655,False,128,3
4,5,34,0.02069767192006111,False,128,3
4,5,35,0.024474840611219406,False,128,3
4,5,36,0.029493311420083046,False,128,3
4,5,37,0.020915932953357697,False,128,3
4,5,38,0.02033356763422489,False,128,3
4,5,39,0.046169526875019073,False,128,3
4,5,40,0.029747068881988525,False,128,3
4,5,41,0.021307852119207382,False,128,3
4,5,42,0.04386156424880028,False,128,3
4,5,43,0.06136006861925125,False,128,3
4,5,44,0.02754487656056881,False,128,3
4,5,45,0.030092911794781685,False,128,3
4,5,46,0.0223192498087883,False,128,3
4,5,47,0.049261145293712616,False,128,3
4,5,48,0.0305744968354702,False,128,3
4,5,49,0.013899581506848335,True,128,3
4,0,0,0.02083469182252884,False,128,4
4,0,1,0.013135740533471107,False,128,4
4,0,2,0.01489260233938694,False,128,4
4,0,3,0.013625243678689003,False,128,4
4,0,4,0.012855691835284233,False,128,4
4,0,5,0.013493659906089306,False,128,4
4,0,6,0.01394442468881607,False,128,4
4,0,7,0.012703197076916695,False,128,4
4,0,8,0.018367836251854897,False,128,4
4,0,9,0.01610453799366951,False,128,4
4,0,10,0.014436334371566772,False,128,4
4,0,11,0.014149080961942673,False,128,4
4,0,12,0.015502327121794224,False,128,4
4,0,13,0.01715954765677452,False,128,4
4,0,14,0.018162284046411514,False,128,4
4,0,15,0.015714069828391075,False,128,4
4,0,16,0.014794649556279182,False,128,4
4,0,17,0.017600510269403458,False,128,4
4,0,18,0.013582100160419941,False,128,4
4,0,19,0.015825530514121056,False,128,4
4,0,20,0.01753121241927147,False,128,4
4,0,21,0.01629871502518654,False,128,4
4,0,22,0.014802527613937855,False,128,4
4,0,23,0.015352971851825714,False,128,4
4,0,24,0.017862604930996895,False,128,4
4,0,25,0.014407278038561344,False,128,4
4,0,26,0.017096813768148422,False,128,4
4,0,27,0.01880348101258278,False,128,4
4,0,28,0.01383061520755291,False,128,4
4,0,29,0.019813621416687965,False,128,4
4,0,30,0.014785057865083218,False,128,4
4,0,31,0.014756904914975166,False,128,4
4,0,32,0.014839287847280502,False,128,4
4,0,33,0.01165301725268364,False,128,4
4,0,34,0.014724231325089931,False,128,4
4,0,35,0.013968213461339474,False,128,4
4,0,36,0.018186185508966446,False,128,4
4,0,37,0.011970813386142254,False,128,4
4,0,38,0.018938207998871803,False,128,4
4,0,39,0.015745146200060844,False,128,4
4,0,40,0.011618133634328842,False,128,4
4,0,41,0.01375681534409523,False,128,4
4,0,42,0.016509678214788437,False,128,4
4,0,43,0.014860663563013077,False,128,4
4,0,44,0.017577871680259705,False,128,4
4,0,45,0.018697615712881088,False,128,4
4,0,46,0.022269463166594505,False,128,4
4,0,47,0.016985422000288963,False,128,4
4,0,48,0.02113841101527214,False,128,4
4,0,49,0.2243349552154541,True,128,4
4,1,0,0.03839428722858429,False,128,4
4,1,1,0.018157504498958588,False,128,4
4,1,2,0.015136606991291046,False,128,4
4,1,3,0.017172660678625107,False,128,4
4,1,4,0.013150978833436966,False,128,4
4,1,5,0.013802509754896164,False,128,4
4,1,6,0.013803415931761265,False,128,4
4,1,7,0.013477934524416924,False,128,4
4,1,8,0.01323719322681427,False,128,4
4,1,9,0.013685429468750954,False,128,4
4,1,10,0.013517692685127258,False,128,4
4,1,11,0.012714938260614872,False,128,4
4,1,12,0.012479178607463837,False,128,4
4,1,13,0.014291757717728615,False,128,4
4,1,14,0.013069692999124527,False,128,4
4,1,15,0.01375175453722477,False,128,4
4,1,16,0.013575507327914238,False,128,4
4,1,17,0.01384793221950531,False,128,4
4,1,18,0.013651050627231598,False,128,4
4,1,19,0.014885682612657547,False,128,4
4,1,20,0.013873902149498463,False,128,4
4,1,21,0.013551272451877594,False,128,4
4,1,22,0.014468707144260406,False,128,4
4,1,23,0.015654802322387695,False,128,4
4,1,24,0.014987005852162838,False,128,4
4,1,25,0.014712193049490452,False,128,4
4,1,26,0.014507956802845001,False,128,4
4,1,27,0.01631796732544899,False,128,4
4,1,28,0.014408331364393234,False,128,4
4,1,29,0.017431847751140594,False,128,4
4,1,30,0.015350489877164364,False,128,4
4,1,31,0.015329516492784023,False,128,4
4,1,32,0.015758734196424484,False,128,4
4,1,33,0.016844024881720543,False,128,4
4,1,34,0.016258874908089638,False,128,4
4,1,35,0.01584896817803383,False,128,4
4,1,36,0.017903637140989304,False,128,4
4,1,37,0.016673477366566658,False,128,4
4,1,38,0.018727490678429604,False,128,4
4,1,39,0.02018401212990284,False,128,4
4,1,40,0.016803935170173645,False,128,4
4,1,41,0.01767546683549881,False,128,4
4,1,42,0.020336808636784554,False,128,4
4,1,43,0.01668671891093254,False,128,4
4,1,44,0.01883208565413952,False,128,4
4,1,45,0.019714603200554848,False,128,4
4,1,46,0.021907486021518707,False,128,4
4,1,47,0.020811142399907112,False,128,4
4,1,48,0.01948436349630356,False,128,4
4,1,49,0.20315049588680267,True,128,4
4,2,0,0.039111535996198654,False,128,4
4,2,1,0.015338640660047531,False,128,4
4,2,2,0.010504979640245438,False,128,4
4,2,3,0.010673760436475277,False,128,4
4,2,4,0.009386096149682999,False,128,4
4,2,5,0.009448803029954433,False,128,4
4,2,6,0.009799898602068424,False,128,4
4,2,7,0.008711187168955803,False,128,4
4,2,8,0.011873520910739899,False,128,4
4,2,9,0.00965822022408247,False,128,4
4,2,10,0.009120557457208633,False,128,4
4,2,11,0.009037857875227928,False,128,4
4,2,12,0.00987792294472456,False,128,4
4,2,13,0.011431868188083172,False,128,4
4,2,14,0.011065784841775894,False,128,4
4,2,15,0.009913443587720394,False,128,4
4,2,16,0.010167629458010197,False,128,4
4,2,17,0.011683431454002857,False,128,4
4,2,18,0.010116218589246273,False,128,4
4,2,19,0.011250908486545086,False,128,4
4,2,20,0.011554612778127193,False,128,4
4,2,21,0.011244673281908035,False,128,4
4,2,22,0.010172792710363865,False,128,4
4,2,23,0.011442979797720909,False,128,4
4,2,24,0.012297908775508404,False,128,4
4,2,25,0.011404121294617653,False,128,4
4,2,26,0.013452540151774883,False,128,4
4,2,27,0.014489073306322098,False,128,4
4,2,28,0.011818252503871918,False,128,4
4,2,29,0.016221024096012115,False,128,4
4,2,30,0.013368749991059303,False,128,4
4,2,31,0.013138665817677975,False,128,4
4,2,32,0.015476067550480366,False,128,4
4,2,33,0.012200645171105862,False,128,4
4,2,34,0.014047212898731232,False,128,4
4,2,35,0.014148004353046417,False,128,4
4,2,36,0.016641121357679367,False,128,4
4,2,37,0.013463345356285572,False,128,4
4,2,38,0.02040061727166176,False,128,4
4,2,39,0.019915634766221046,False,128,4
4,2,40,0.015492405742406845,False,128,4
4,2,41,0.0198257677257061,False,128,4
4,2,42,0.019550135359168053,False,128,4
4,2,43,0.016973640769720078,False,128,4
4,2,44,0.023955650627613068,False,128,4
4,2,45,0.02218276634812355,False,128,4
4,2,46,0.024575553834438324,False,128,4
4,2,47,0.02158561535179615,False,128,4
4,2,48,0.022637635469436646,False,128,4
4,2,49,0.29815053939819336,True,128,4
4,3,0,0.025775108486413956,False,128,4
4,3,1,0.01915796473622322,False,128,4
4,3,2,0.021107183769345284,False,128,4
4,3,3,0.017772585153579712,False,128,4
4,3,4,0.02240097150206566,False,128,4
4,3,5,0.015173505060374737,False,128,4
4,3,6,0.02319956012070179,False,128,4
4,3,7,0.01606610417366028,False,128,4
4,3,8,0.019856121391057968,False,128,4
4,3,9,0.016047485172748566,False,128,4
4,3,10,0.027096759527921677,False,128,4
4,3,11,0.015966065227985382,False,128,4
4,3,12,0.015305659733712673,False,128,4
4,3,13,0.022161420434713364,False,128,4
4,3,14,0.018194084987044334,False,128,4
4,3,15,0.017080334946513176,False,128,4
4,3,16,0.026095552369952202,False,128,4
4,3,17,0.017420055344700813,False,128,4
4,3,18,0.01602041721343994,False,128,4
4,3,19,0.026166854426264763,False,128,4
4,3,20,0.017400939017534256,False,128,4
4,3,21,0.017102405428886414,False,128,4
4,3,22,0.014757477678358555,False,128,4
4,3,23,0.026870528236031532,False,128,4
4,3,24,0.01649407483637333,False,128,4
4,3,25,0.016435373574495316,False,128,4
4,3,26,0.020329974591732025,False,128,4
4,3,27,0.02043129876255989,False,128,4
4,3,28,0.01743238978087902,False,128,4
4,3,29,0.026576388627290726,False,128,4
4,3,30,0.015405606478452682,False,128,4
4,3,31,0.027093738317489624,False,128,4
4,3,32,0.016459885984659195,False,128,4
4,3,33,0.015924470499157906,False,128,4
4,3,34,0.0183713398873806,False,128,4
4,3,35,0.027469804510474205,False,128,4
4,3,36,0.017859619110822678,False,128,4
4,3,37,0.017679663375020027,False,128,4
4,3,38,0.021260691806674004,False,128,4
4,3,39,0.01749604009091854,False,128,4
4,3,40,0.027373382821679115,False,128,4
4,3,41,0.0205069649964571,False,128,4
4,3,42,0.016929898411035538,False,128,4
4,3,43,0.018070824444293976,False,128,4
4,3,44,0.027464812621474266,False,128,4
4,3,45,0.01877688802778721,False,128,4
4,3,46,0.020825549960136414,False,128,4
4,3,47,0.01906268671154976,False,128,4
4,3,48,0.018399808555841446,False,128,4
4,3,49,0.02567368745803833,True,128,4
4,4,0,0.015211120247840881,False,128,4
4,4,1,0.011941575445234776,False,128,4
4,4,2,0.013768632896244526,False,128,4
4,4,3,0.013028081506490707,False,128,4
4,4,4,0.016365330666303635,False,128,4
4,4,5,0.014067169278860092,False,128,4
4,4,6,0.01740826852619648,False,128,4
4,4,7,0.015542893670499325,False,128,4
4,4,8,0.01869482360780239,False,128,4
4,4,9,0.01599108800292015,False,128,4
4,4,10,0.02147829346358776,False,128,4
4,4,11,0.018123839050531387,False,128,4
4,4,12,0.01701841875910759,False,128,4
4,4,13,0.022738900035619736,False,128,4
4,4,14,0.019116805866360664,False,128,4
4,4,15,0.01808154210448265,False,128,4
4,4,16,0.0228277500718832,False,128,4
4,4,17,0.021360117942094803,False,128,4
4,4,18,0.019334478303790092,False,128,4
4,4,19,0.02409757487475872,False,128,4
4,4,20,0.02091860957443714,False,128,4
4,4,21,0.018966645002365112,False,128,4
4,4,22,0.018848685547709465,False,128,4
4,4,23,0.025488877668976784,False,128,4
4,4,24,0.019863974303007126,False,128,4
4,4,25,0.018985677510499954,False,128,4
4,4,26,0.023006055504083633,False,128,4
4,4,27,0.02276373840868473,False,128,4
4,4,28,0.020669782534241676,False,128,4
4,4,29,0.0250641368329525,False,128,4
4,4,30,0.019364995881915092,False,128,4
4,4,31,0.02510916441679001,False,128,4
4,4,32,0.021938510239124298,False,128,4
4,4,33,0.019863588735461235,False,128,4
4,4,34,0.020635345950722694,False,128,4
4,4,35,0.02529110759496689,False,128,4
4,4,36,0.019455645233392715,False,128,4
4,4,37,0.021138695999979973,False,128,4
4,4,38,0.023343652486801147,False,128,4
4,4,39,0.02015736512839794,False,128,4
4,4,40,0.024493617936968803,False,128,4
4,4,41,0.022235343232750893,False,128,4
4,4,42,0.02071506902575493,False,128,4
4,4,43,0.019452959299087524,False,128,4
4,4,44,0.02673541195690632,False,128,4
4,4,45,0.019758302718400955,False,128,4
4,4,46,0.02248026616871357,False,128,4
4,4,47,0.02130613848567009,False,128,4
4,4,48,0.019228274002671242,False,128,4
4,4,49,0.016523653641343117,True,128,4
4,5,0,0.010023202747106552,False,128,4
4,5,1,0.008100646547973156,False,128,4
4,5,2,0.008664535358548164,False,128,4
4,5,3,0.008236703462898731,False,128,4
4,5,4,0.01135315652936697,False,128,4
4,5,5,0.008658002130687237,False,128,4
4,5,6,0.01228300854563713,False,128,4
4,5,7,0.009305641055107117,False,128,4
4,5,8,0.014207149855792522,False,128,4
4,5,9,0.010858790948987007,False,128,4
4,5,10,0.014973757788538933,False,128,4
4,5,11,0.01131524983793497,False,128,4
4,5,12,0.010606355965137482,False,128,4
4,5,13,0.01527280081063509,False,128,4
4,5,14,0.013248564675450325,False,128,4
4,5,15,0.014268524944782257,False,128,4
4,5,16,0.01770472154021263,False,128,4
4,5,17,0.014838209375739098,False,128,4
4,5,18,0.01288419310003519,False,128,4
4,5,19,0.018393758684396744,False,128,4
4,5,20,0.015371860936284065,False,128,4
4,5,21,0.014273274689912796,False,128,4
4,5,22,0.015083237551152706,False,128,4
4,5,23,0.020581159740686417,False,128,4
4,5,24,0.015558043494820595,False,128,4
4,5,25,0.017121681943535805,False,128,4
4,5,26,0.018280817195773125,False,128,4
4,5,27,0.017666129395365715,False,128,4
4,5,28,0.017831027507781982,False,128,4
4,5,29,0.02213888429105282,False,128,4
4,5,30,0.024345843121409416,False,128,4
4,5,31,0.023169230669736862,False,128,4
4,5,32,0.01847437582910061,False,128,4
4,5,33,0.028966937214136124,False,128,4
4,5,34,0.01724332384765148,False,128,4
4,5,35,0.024431131780147552,False,128,4
4,5,36,0.029886610805988312,False,128,4
4,5,37,0.01875385083258152,False,128,4
4,5,38,0.02029486373066902,False,128,4
4,5,39,0.04860749840736389,False,128,4
4,5,40,0.028705524280667305,False,128,4
4,5,41,0.020325303077697754,False,128,4
4,5,42,0.044606368988752365,False,128,4
4,5,43,0.07206778973340988,False,128,4
4,5,44,0.02488504908978939,False,128,4
4,5,45,0.024852357804775238,False,128,4
4,5,46,0.020782383158802986,False,128,4
4,5,47,0.04783690348267555,False,128,4
4,5,48,0.030425000935792923,False,128,4
4,5,49,0.012236559763550758,True,128,4
4,0,0,0.020585060119628906,False,128,5
4,0,1,0.01385477464646101,False,128,5
4,0,2,0.013917047530412674,False,128,5
4,0,3,0.012081371620297432,False,128,5
4,0,4,0.013598853722214699,False,128,5
4,0,5,0.015944533050060272,False,128,5
4,0,6,0.013846093788743019,False,128,5
4,0,7,0.014071892946958542,False,128,5
4,0,8,0.016400041058659554,False,128,5
4,0,9,0.015637367963790894,False,128,5
4,0,10,0.011752897873520851,False,128,5
4,0,11,0.01409068237990141,False,128,5
4,0,12,0.015329374931752682,False,128,5
4,0,13,0.01925855129957199,False,128,5
4,0,14,0.0172622948884964,False,128,5
4,0,15,0.01679367944598198,False,128,5
4,0,16,0.013575258664786816,False,128,5
4,0,17,0.015396340750157833,False,128,5
4,0,18,0.014183185063302517,False,128,5
4,0,19,0.016151202842593193,False,128,5
4,0,20,0.01823560893535614,False,128,5
4,0,21,0.014658958651125431,False,128,5
4,0,22,0.014340692199766636,False,128,5
4,0,23,0.018094347789883614,False,128,5
4,0,24,0.017492281273007393,False,128,5
4,0,25,0.015523213893175125,False,128,5
4,0,26,0.020277706906199455,False,128,5
4,0,27,0.01888679340481758,False,128,5
4,0,28,0.015562910586595535,False,128,5
4,0,29,0.01786956936120987,False,128,5
4,0,30,0.016872186213731766,False,128,5
4,0,31,0.015120306052267551,False,128,5
4,0,32,0.01744268462061882,False,128,5
4,0,33,0.012138684280216694,False,128,5
4,0,34,0.015566961839795113,False,128,5
4,0,35,0.013434342108666897,False,128,5
4,0,36,0.017062554135918617,False,128,5
4,0,37,0.015560413710772991,False,128,5
4,0,38,0.017507420852780342,False,128,5
4,0,39,0.0178651325404644,False,128,5
4,0,40,0.011124812066555023,False,128,5
4,0,41,0.014380148611962795,False,128,5
4,0,42,0.020077170804142952,False,128,5
4,0,43,0.016151700168848038,False,128,5
4,0,44,0.020897887647151947,False,128,5
4,0,45,0.019960634410381317,False,128,5
4,0,46,0.023412220180034637,False,128,5
4,0,47,0.01831173710525036,False,128,5
4,0,48,0.019602982327342033,False,128,5
4,0,49,0.20283742249011993,True,128,5
4,1,0,0.0386127308011055,False,128,5
4,1,1,0.018680514767766,False,128,5
4,1,2,0.014636464416980743,False,128,5
4,1,3,0.01562623307108879,False,128,5
4,1,4,0.014288263395428658,False,128,5
4,1,5,0.013662507757544518,False,128,5
4,1,6,0.013869456946849823,False,128,5
4,1,7,0.013511501252651215,False,128,5
4,1,8,0.014525197446346283,False,128,5
4,1,9,0.013994060456752777,False,128,5
4,1,10,0.013353249058127403,False,128,5
4,1,11,0.013175912201404572,False,128,5
4,1,12,0.012860804796218872,False,128,5
4,1,13,0.013630896806716919,False,128,5
4,1,14,0.013420607894659042,False,128,5
4,1,15,0.013656357303261757,False,128,5
4,1,16,0.013402183540165424,False,128,5
4,1,17,0.014102173037827015,False,128,5
4,1,18,0.013681837357580662,False,128,5
4,1,19,0.014026353135704994,False,128,5
4,1,20,0.01336231641471386,False,128,5
4,1,21,0.014706691727042198,False,128,5
4,1,22,0.014554988592863083,False,128,5
4,1,23,0.014988547191023827,False,128,5
4,1,24,0.014309998601675034,False,128,5
4,1,25,0.01425795815885067,False,128,5
4,1,26,0.014878902584314346,False,128,5
4,1,27,0.015615767799317837,False,128,5
4,1,28,0.015435081906616688,False,128,5
4,1,29,0.01679246500134468,False,128,5
4,1,30,0.015403147786855698,False,128,5
4,1,31,0.015458444133400917,False,128,5
4,1,32,0.01688230223953724,False,128,5
4,1,33,0.015615877695381641,False,128,5
4,1,34,0.016670750454068184,False,128,5
4,1,35,0.01674679107964039,False,128,5
4,1,36,0.016738593578338623,False,128,5
4,1,37,0.016291609033942223,False,128,5
4,1,38,0.01781051978468895,False,128,5
4,1,39,0.01927139423787594,False,128,5
4,1,40,0.01721680723130703,False,128,5
4,1,41,0.019514715299010277,False,128,5
4,1,42,0.02160918153822422,False,128,5
4,1,43,0.01798085682094097,False,128,5
4,1,44,0.021194757893681526,False,128,5
4,1,45,0.02083129994571209,False,128,5
4,1,46,0.021951187402009964,False,128,5
4,1,47,0.02110617235302925,False,128,5
4,1,48,0.020437680184841156,False,128,5
4,1,49,0.19564788043498993,True,128,5
4,2,0,0.039223022758960724,False,128,5
4,2,1,0.01514052040874958,False,128,5
4,2,2,0.010062392801046371,False,128,5
4,2,3,0.010572697967290878,False,128,5
4,2,4,0.009335221722722054,False,128,5
4,2,5,0.009705843403935432,False,128,5
4,2,6,0.009053429588675499,False,128,5
4,2,7,0.00881100632250309,False,128,5
4,2,8,0.011155341751873493,False,128,5
4,2,9,0.009505851194262505,False,128,5
4,2,10,0.008388234302401543,False,128,5
4,2,11,0.008405128493905067,False,128,5
4,2,12,0.009331640787422657,False,128,5
4,2,13,0.011071102693676949,False,128,5
4,2,14,0.010511769913136959,False,128,5
4,2,15,0.009836623445153236,False,128,5
4,2,16,0.009152442216873169,False,128,5
4,2,17,0.011293604038655758,False,128,5
4,2,18,0.010037756524980068,False,128,5
4,2,19,0.010367156006395817,False,128,5
4,2,20,0.011068061925470829,False,128,5
4,2,21,0.010660149157047272,False,128,5
4,2,22,0.009709520265460014,False,128,5
4,2,23,0.010714694857597351,False,128,5
4,2,24,0.01186846662312746,False,128,5
4,2,25,0.011737178079783916,False,128,5
4,2,26,0.013655630871653557,False,128,5
4,2,27,0.013957390561699867,False,128,5
4,2,28,0.012054969556629658,False,128,5
4,2,29,0.015153823420405388,False,128,5
4,2,30,0.013435511849820614,False,128,5
4,2,31,0.012475733645260334,False,128,5
4,2,32,0.015390640124678612,False,128,5
4,2,33,0.011749002151191235,False,128,5
4,2,34,0.01378374919295311,False,128,5
4,2,35,0.013630745932459831,False,128,5
4,2,36,0.01576663926243782,False,128,5
4,2,37,0.013809083960950375,False,128,5
4,2,38,0.019893325865268707,False,128,5
4,2,39,0.019186122342944145,False,128,5
4,2,40,0.014620311558246613,False,128,5
4,2,41,0.020186809822916985,False,128,5
4,2,42,0.02066762000322342,False,128,5
4,2,43,0.01702527143061161,False,128,5
4,2,44,0.023176895454525948,False,128,5
4,2,45,0.02070963941514492,False,128,5
4,2,46,0.023768490180373192,False,128,5
4,2,47,0.021761002019047737,False,128,5
4,2,48,0.02246928960084915,False,128,5
4,2,49,0.31495344638824463,True,128,5
4,3,0,0.026481714099645615,False,128,5
4,3,1,0.018865860998630524,False,128,5
4,3,2,0.01926758885383606,False,128,5
4,3,3,0.01766572892665863,False,128,5
4,3,4,0.021000444889068604,False,128,5
4,3,5,0.017312990501523018,False,128,5
4,3,6,0.024577872827649117,False,128,5
4,3,7,0.015997443348169327,False,128,5
4,3,8,0.021942710503935814,False,128,5
4,3,9,0.017089447006583214,False,128,5
4,3,10,0.0247042216360569,False,128,5
4,3,11,0.015552742406725883,False,128,5
4,3,12,0.016383636742830276,False,128,5
4,3,13,0.02256440930068493,False,128,5
4,3,14,0.018098318949341774,False,128,5
4,3,15,0.01627619005739689,False,128,5
4,3,16,0.025762969627976418,False,128,5
4,3,17,0.02051183395087719,False,128,5
4,3,18,0.015481838956475258,False,128,5
4,3,19,0.026803813874721527,False,128,5
4,3,20,0.017536699771881104,False,128,5
4,3,21,0.017083119601011276,False,128,5
4,3,22,0.017216527834534645,False,128,5
4,3,23,0.026820337399840355,False,128,5
4,3,24,0.017513301223516464,False,128,5
4,3,25,0.01572393625974655,False,128,5
4,3,26,0.020089536905288696,False,128,5
4,3,27,0.01881956122815609,False,128,5
4,3,28,0.017484556883573532,False,128,5
4,3,29,0.025512346997857094,False,128,5
4,3,30,0.016844479367136955,False,128,5
4,3,31,0.026689868420362473,False,128,5
4,3,32,0.017767466604709625,False,128,5
4,3,33,0.016709111630916595,False,128,5
4,3,34,0.016739975661039352,False,128,5
4,3,35,0.02628278359770775,False,128,5
4,3,36,0.015395140275359154,False,128,5
4,3,37,0.01750454492866993,False,128,5
4,3,38,0.019977491348981857,False,128,5
4,3,39,0.017356175929307938,False,128,5
4,3,40,0.027276651933789253,False,128,5
4,3,41,0.019370127469301224,False,128,5
4,3,42,0.017737675458192825,False,128,5
4,3,43,0.018481265753507614,False,128,5
4,3,44,0.026499180123209953,False,128,5
4,3,45,0.01908549666404724,False,128,5
4,3,46,0.020712582394480705,False,128,5
4,3,47,0.0180495698004961,False,128,5
4,3,48,0.018739234656095505,False,128,5
4,3,49,0.026639465242624283,True,128,5
4,4,0,0.014650220982730389,False,128,5
4,4,1,0.011933543719351292,False,128,5
4,4,2,0.013936764560639858,False,128,5
4,4,3,0.013374884612858295,False,128,5
4,4,4,0.015585801564157009,False,128,5
4,4,5,0.013694986701011658,False,128,5
4,4,6,0.01857781782746315,False,128,5
4,4,7,0.015623347833752632,False,128,5
4,4,8,0.018997307866811752,False,128,5
4,4,9,0.016301462426781654,False,128,5
4,4,10,0.02016346901655197,False,128,5
4,4,11,0.016301050782203674,False,128,5
4,4,12,0.01747252233326435,False,128,5
4,4,13,0.022923288866877556,False,128,5
4,4,14,0.01890149712562561,False,128,5
4,4,15,0.0180863868445158,False,128,5
4,4,16,0.022509288042783737,False,128,5
4,4,17,0.020946606993675232,False,128,5
4,4,18,0.018057266250252724,False,128,5
4,4,19,0.023514317348599434,False,128,5
4,4,20,0.020620932802557945,False,128,5
4,4,21,0.018840959295630455,False,128,5
4,4,22,0.018776046112179756,False,128,5
4,4,23,0.024766430258750916,False,128,5
4,4,24,0.021276595070958138,False,128,5
4,4,25,0.01990305259823799,False,128,5
4,4,26,0.023240160197019577,False,128,5
4,4,27,0.022359885275363922,False,128,5
4,4,28,0.02159140445291996,False,128,5
4,4,29,0.024866092950105667,False,128,5
4,4,30,0.020631950348615646,False,128,5
4,4,31,0.025175778195261955,False,128,5
4,4,32,0.02306228131055832,False,128,5
4,4,33,0.01973763480782509,False,128,5
4,4,34,0.0203267689794302,False,128,5
4,4,35,0.025186482816934586,False,128,5
4,4,36,0.020236384123563766,False,128,5
4,4,37,0.021558303385972977,False,128,5
4,4,38,0.023828376084566116,False,128,5
4,4,39,0.02005811408162117,False,128,5
4,4,40,0.024910081177949905,False,128,5
4,4,41,0.022424103692173958,False,128,5
4,4,42,0.020066460594534874,False,128,5
4,4,43,0.0196079034358263,False,128,5
4,4,44,0.025900406762957573,False,128,5
4,4,45,0.022458452731370926,False,128,5
4,4,46,0.022678710520267487,False,128,5
4,4,47,0.01920635625720024,False,128,5
4,4,48,0.020267225801944733,False,128,5
4,4,49,0.01488483976572752,True,128,5
4,5,0,0.008334835059940815,False,128,5
4,5,1,0.006996593438088894,False,128,5
4,5,2,0.008465928956866264,False,128,5
4,5,3,0.006949670147150755,False,128,5
4,5,4,0.010688373818993568,False,128,5
4,5,5,0.00805490929633379,False,128,5
4,5,6,0.013072468340396881,False,128,5
4,5,7,0.009222403168678284,False,128,5
4,5,8,0.012022378854453564,False,128,5
4,5,9,0.00987443421036005,False,128,5
4,5,10,0.015380394645035267,False,128,5
4,5,11,0.011100098490715027,False,128,5
4,5,12,0.011761195957660675,False,128,5
4,5,13,0.015959197655320168,False,128,5
4,5,14,0.012302524410188198,False,128,5
4,5,15,0.013067132793366909,False,128,5
4,5,16,0.018037669360637665,False,128,5
4,5,17,0.014967893250286579,False,128,5
4,5,18,0.013743370771408081,False,128,5
4,5,19,0.018419694155454636,False,128,5
4,5,20,0.01563669554889202,False,128,5
4,5,21,0.014292635023593903,False,128,5
4,5,22,0.015638524666428566,False,128,5
4,5,23,0.021915122866630554,False,128,5
4,5,24,0.016940917819738388,False,128,5
4,5,25,0.018045373260974884,False,128,5
4,5,26,0.019138813018798828,False,128,5
4,5,27,0.017779400572180748,False,128,5
4,5,28,0.017410939559340477,False,128,5
4,5,29,0.02305615320801735,False,128,5
4,5,30,0.022536423057317734,False,128,5
4,5,31,0.023980118334293365,False,128,5
4,5,32,0.019093848764896393,False,128,5
4,5,33,0.029522916302084923,False,128,5
4,5,34,0.017443908378481865,False,128,5
4,5,35,0.02472551167011261,False,128,5
4,5,36,0.027893103659152985,False,128,5
4,5,37,0.020494434982538223,False,128,5
4,5,38,0.02034355141222477,False,128,5
4,5,39,0.04495295137166977,False,128,5
4,5,40,0.030590802431106567,False,128,5
4,5,41,0.020465735346078873,False,128,5
4,5,42,0.046355657279491425,False,128,5
4,5,43,0.06694776564836502,False,128,5
4,5,44,0.02556050568819046,False,128,5
4,5,45,0.027335550636053085,False,128,5
4,5,46,0.0225249994546175,False,128,5
4,5,47,0.04656575992703438,False,128,5
4,5,48,0.031882286071777344,False,128,5
4,5,49,0.012508414685726166,True,128,5
4,0,0,0.024425750598311424,False,128,6
4,0,1,0.0156310573220253,False,128,6
4,0,2,0.013318561017513275,False,128,6
4,0,3,0.012082761153578758,False,128,6
4,0,4,0.01581341214478016,False,128,6
4,0,5,0.012896156869828701,False,128,6
4,0,6,0.013553133234381676,False,128,6
4,0,7,0.014052681624889374,False,128,6
4,0,8,0.01828235574066639,False,128,6
4,0,9,0.01736319065093994,False,128,6
4,0,10,0.015138278715312481,False,128,6
4,0,11,0.01347500178962946,False,128,6
4,0,12,0.01309669204056263,False,128,6
4,0,13,0.020529180765151978,False,128,6
4,0,14,0.01952303573489189,False,128,6
4,0,15,0.01564355194568634,False,128,6
4,0,16,0.015177485533058643,False,128,6
4,0,17,0.01753874123096466,False,128,6
4,0,18,0.013159048743546009,False,128,6
4,0,19,0.015543770045042038,False,128,6
4,0,20,0.02080824226140976,False,128,6
4,0,21,0.015409418381750584,False,128,6
4,0,22,0.016096515581011772,False,128,6
4,0,23,0.015584846958518028,False,128,6
4,0,24,0.017120052129030228,False,128,6
4,0,25,0.016418013721704483,False,128,6
4,0,26,0.01897812820971012,False,128,6
4,0,27,0.01831953600049019,False,128,6
4,0,28,0.014494976960122585,False,128,6
4,0,29,0.01997021585702896,False,128,6
4,0,30,0.018002217635512352,False,128,6
4,0,31,0.01584918610751629,False,128,6
4,0,32,0.017262961715459824,False,128,6
4,0,33,0.013655408285558224,False,128,6
4,0,34,0.01467769593000412,False,128,6
4,0,35,0.013347585685551167,False,128,6
4,0,36,0.018104340881109238,False,128,6
4,0,37,0.01576271280646324,False,128,6
4,0,38,0.018530255183577538,False,128,6
4,0,39,0.014904741197824478,False,128,6
4,0,40,0.012062245048582554,False,128,6
4,0,41,0.015007277950644493,False,128,6
4,0,42,0.01938391476869583,False,128,6
4,0,43,0.015092307701706886,False,128,6
4,0,44,0.018772490322589874,False,128,6
4,0,45,0.02079162374138832,False,128,6
4,0,46,0.023858563974499702,False,128,6
4,0,47,0.019362565129995346,False,128,6
4,0,48,0.01948205754160881,False,128,6
4,0,49,0.18664604425430298,True,128,6
4,1,0,0.03909870982170105,False,128,6
4,1,1,0.01897387206554413,False,128,6
4,1,2,0.015275423415005207,False,128,6
4,1,3,0.016096580773591995,False,128,6
4,1,4,0.014968316070735455,False,128,6
4,1,5,0.014616494998335838,False,128,6
4,1,6,0.013481369242072105,False,128,6
4,1,7,0.0125358235090971,False,128,6
4,1,8,0.01406683400273323,False,128,6
4,1,9,0.012925373390316963,False,128,6
4,1,10,0.013799387961626053,False,128,6
4,1,11,0.012784654274582863,False,128,6
4,1,12,0.013226412236690521,False,128,6
4,1,13,0.01436544954776764,False,128,6
4,1,14,0.012958601117134094,False,128,6
4,1,15,0.01290862262248993,False,128,6
4,1,16,0.014780942350625992,False,128,6
4,1,17,0.013760892674326897,False,128,6
4,1,18,0.01336943544447422,False,128,6
4,1,19,0.013870599679648876,False,128,6
4,1,20,0.013580678962171078,False,128,6
4,1,21,0.013686866499483585,False,128,6
4,1,22,0.013089630752801895,False,128,6
4,1,23,0.015790628269314766,False,128,6
4,1,24,0.0154487956315279,False,128,6
4,1,25,0.014957007020711899,False,128,6
4,1,26,0.01636836677789688,False,128,6
4,1,27,0.015787646174430847,False,128,6
4,1,28,0.014850819483399391,False,128,6
4,1,29,0.016700604930520058,False,128,6
4,1,30,0.015414191409945488,False,128,6
4,1,31,0.01696566678583622,False,128,6
4,1,32,0.015905998647212982,False,128,6
4,1,33,0.015515651553869247,False,128,6
4,1,34,0.016672415658831596,False,128,6
4,1,35,0.016884714365005493,False,128,6
4,1,36,0.016102299094200134,False,128,6
4,1,37,0.016844647005200386,False,128,6
4,1,38,0.01892026886343956,False,128,6
4,1,39,0.01978178136050701,False,128,6
4,1,40,0.017828796058893204,False,128,6
4,1,41,0.01825113222002983,False,128,6
4,1,42,0.019816728308796883,False,128,6
4,1,43,0.01726512238383293,False,128,6
4,1,44,0.019479943439364433,False,128,6
4,1,45,0.019595341756939888,False,128,6
4,1,46,0.02139950357377529,False,128,6
4,1,47,0.0207110233604908,False,128,6
4,1,48,0.0210469551384449,False,128,6
4,1,49,0.19747298955917358,True,128,6
4,2,0,0.041000496596097946,False,128,6
4,2,1,0.016004864126443863,False,128,6
4,2,2,0.011229921132326126,False,128,6
4,2,3,0.01065160520374775,False,128,6
4,2,4,0.010165422223508358,False,128,6
4,2,5,0.009970838204026222,False,128,6
4,2,6,0.009978676214814186,False,128,6
4,2,7,0.00907645933330059,False,128,6
4,2,8,0.01194729283452034,False,128,6
4,2,9,0.00956669170409441,False,128,6
4,2,10,0.010230865329504013,False,128,6
4,2,11,0.008342043496668339,False,128,6
4,2,12,0.00951298512518406,False,128,6
4,2,13,0.012926403433084488,False,128,6
4,2,14,0.010740482248365879,False,128,6
4,2,15,0.009307646192610264,False,128,6
4,2,16,0.011126864701509476,False,128,6
4,2,17,0.012138779275119305,False,128,6
4,2,18,0.009107771329581738,False,128,6
4,2,19,0.01200864277780056,False,128,6
4,2,20,0.011425891891121864,False,128,6
4,2,21,0.01014652382582426,False,128,6
4,2,22,0.009782840497791767,False,128,6
4,2,23,0.01268728356808424,False,128,6
4,2,24,0.011763803660869598,False,128,6
4,2,25,0.010432474315166473,False,128,6
4,2,26,0.014829644002020359,False,128,6
4,2,27,0.015056639909744263,False,128,6
4,2,28,0.010932935401797295,False,128,6
4,2,29,0.017279013991355896,False,128,6
4,2,30,0.012089408934116364,False,128,6
4,2,31,0.01441253162920475,False,128,6
4,2,32,0.015678349882364273,False,128,6
4,2,33,0.01132168248295784,False,128,6
4,2,34,0.013450760394334793,False,128,6
4,2,35,0.014934122562408447,False,128,6
4,2,36,0.013972287066280842,False,128,6
4,2,37,0.013148400001227856,False,128,6
4,2,38,0.01987646147608757,False,128,6
4,2,39,0.016858117654919624,False,128,6
4,2,40,0.018059836700558662,False,128,6
4,2,41,0.019949037581682205,False,128,6
4,2,42,0.0172740388661623,False,128,6
4,2,43,0.01603097654879093,False,128,6
4,2,44,0.023255830630660057,False,128,6
4,2,45,0.019896134734153748,False,128,6
4,2,46,0.024673553183674812,False,128,6
4,2,47,0.02059120126068592,False,128,6
4,2,48,0.020237786695361137,False,128,6
4,2,49,0.30491766333580017,True,128,6
4,3,0,0.029231587424874306,False,128,6
4,3,1,0.021572953090071678,False,128,6
4,3,2,0.021314863115549088,False,128,6
4,3,3,0.016855290159583092,False,128,6
4,3,4,0.022876335307955742,False,128,6
4,3,5,0.017702436074614525,False,128,6
4,3,6,0.02350778318941593,False,128,6
4,3,7,0.016142090782523155,False,128,6
4,3,8,0.019715692847967148,False,128,6
4,3,9,0.018275653943419456,False,128,6
4,3,10,0.02574550174176693,False,128,6
4,3,11,0.01848180778324604,False,128,6
4,3,12,0.01841573789715767,False,128,6
4,3,13,0.02268187887966633,False,128,6
4,3,14,0.01823445037007332,False,128,6
4,3,15,0.013907937332987785,False,128,6
4,3,16,0.026564843952655792,False,128,6
4,3,17,0.019402123987674713,False,128,6
4,3,18,0.014489972963929176,False,128,6
4,3,19,0.021133139729499817,False,128,6
4,3,20,0.01730707846581936,False,128,6
4,3,21,0.013505583629012108,False,128,6
4,3,22,0.015061525627970695,False,128,6
4,3,23,0.0251188725233078,False,128,6
4,3,24,0.016601748764514923,False,128,6
4,3,25,0.01698293536901474,False,128,6
4,3,26,0.01985386572778225,False,128,6
4,3,27,0.01717492565512657,False,128,6
4,3,28,0.01553686149418354,False,128,6
4,3,29,0.022830644622445107,False,128,6
4,3,30,0.017178310081362724,False,128,6
4,3,31,0.025645283982157707,False,128,6
4,3,32,0.0186602920293808,False,128,6
4,3,33,0.015393240377306938,False,128,6
4,3,34,0.015916354954242706,False,128,6
4,3,35,0.028334282338619232,False,128,6
4,3,36,0.016399802640080452,False,128,6
4,3,37,0.01732023060321808,False,128,6
4,3,38,0.021234357729554176,False,128,6
4,3,39,0.012926211580634117,False,128,6
4,3,40,0.02516961470246315,False,128,6
4,3,41,0.021188100799918175,False,128,6
4,3,42,0.01930123195052147,False,128,6
4,3,43,0.01773916929960251,False,128,6
4,3,44,0.024437490850687027,False,128,6
4,3,45,0.01644749939441681,False,128,6
4,3,46,0.022315945476293564,False,128,6
4,3,47,0.01858706772327423,False,128,6
4,3,48,0.019276613369584084,False,128,6
4,3,49,0.04030277952551842,True,128,6
4,4,0,0.01408819854259491,False,128,6
4,4,1,0.01078395638614893,False,128,6
4,4,2,0.01221864391118288,False,128,6
4,4,3,0.011983758769929409,False,128,6
4,4,4,0.015569555573165417,False,128,6
4,4,5,0.013367491774260998,False,128,6
4,4,6,0.017697714269161224,False,128,6
4,4,7,0.014380019158124924,False,128,6
4,4,8,0.01756156049668789,False,128,6
4,4,9,0.0169631727039814,False,128,6
4,4,10,0.021451473236083984,False,128,6
4,4,11,0.018118711188435555,False,128,6
4,4,12,0.017421217635273933,False,128,6
4,4,13,0.02120417356491089,False,128,6
4,4,14,0.01806814782321453,False,128,6
4,4,15,0.01814383454620838,False,128,6
4,4,16,0.022704964503645897,False,128,6
4,4,17,0.01977938413619995,False,128,6
4,4,18,0.018792565912008286,False,128,6
4,4,19,0.023049235343933105,False,128,6
4,4,20,0.020445730537176132,False,128,6
4,4,21,0.019953591749072075,False,128,6
4,4,22,0.019164979457855225,False,128,6
4,4,23,0.026120148599147797,False,128,6
4,4,24,0.020831085741519928,False,128,6
4,4,25,0.020063498988747597,False,128,6
4,4,26,0.022412030026316643,False,128,6
4,4,27,0.02209705486893654,False,128,6
4,4,28,0.020763160660862923,False,128,6
4,4,29,0.02553437650203705,False,128,6
4,4,30,0.02080874890089035,False,128,6
4,4,31,0.025492189452052116,False,128,6
4,4,32,0.02183810994029045,False,128,6
4,4,33,0.01963258907198906,False,128,6
4,4,34,0.020627718418836594,False,128,6
4,4,35,0.02699105627834797,False,128,6
4,4,36,0.02096722461283207,False,128,6
4,4,37,0.021373489871621132,False,128,6
4,4,38,0.022438526153564453,False,128,6
4,4,39,0.02024032175540924,False,128,6
4,4,40,0.026627253741025925,False,128,6
4,4,41,0.022359395399689674,False,128,6
4,4,42,0.021681498736143112,False,128,6
4,4,43,0.020909249782562256,False,128,6
4,4,44,0.026113849133253098,False,128,6
4,4,45,0.020543616265058517,False,128,6
4,4,46,0.02366129495203495,False,128,6
4,4,47,0.020020196214318275,False,128,6
4,4,48,0.020641200244426727,False,128,6
4,4,49,0.01629902794957161,True,128,6
4,5,0,0.007554788142442703,False,128,6
4,5,1,0.007066226564347744,False,128,6
4,5,2,0.008256038650870323,False,128,6
4,5,3,0.006859718356281519,False,128,6
4,5,4,0.01085002813488245,False,128,6
4,5,5,0.008489198982715607,False,128,6
4,5,6,0.01295460481196642,False,128,6
4,5,7,0.010235133580863476,False,128,6
4,5,8,0.01259795855730772,False,128,6
4,5,9,0.011055250652134418,False,128,6
4,5,10,0.016110090538859367,False,128,6
4,5,11,0.012428839690983295,False,128,6
4,5,12,0.011558186262845993,False,128,6
4,5,13,0.0156326312571764,False,128,6
4,5,14,0.013212346471846104,False,128,6
4,5,15,0.012846153229475021,False,128,6
4,5,16,0.019074199721217155,False,128,6
4,5,17,0.015079047530889511,False,128,6
4,5,18,0.015086443163454533,False,128,6
4,5,19,0.018507160246372223,False,128,6
4,5,20,0.014658321626484394,False,128,6
4,5,21,0.01462750043720007,False,128,6
4,5,22,0.015238453634083271,False,128,6
4,5,23,0.021807897835969925,False,128,6
4,5,24,0.016468970105051994,False,128,6
4,5,25,0.01787031814455986,False,128,6
4,5,26,0.019200008362531662,False,128,6
4,5,27,0.018248993903398514,False,128,6
4,5,28,0.01687968149781227,False,128,6
4,5,29,0.020802652463316917,False,128,6
4,5,30,0.020916415378451347,False,128,6
4,5,31,0.024275705218315125,False,128,6
4,5,32,0.02281074784696102,False,128,6
4,5,33,0.020381920039653778,False,128,6
4,5,34,0.019332559779286385,False,128,6
4,5,35,0.027365613728761673,False,128,6
4,5,36,0.025265056639909744,False,128,6
4,5,37,0.022201772779226303,False,128,6
4,5,38,0.0244637168943882,False,128,6
4,5,39,0.037786126136779785,False,128,6
4,5,40,0.029348984360694885,False,128,6
4,5,41,0.027679456397891045,False,128,6
4,5,42,0.035705920308828354,False,128,6
4,5,43,0.055591218173503876,False,128,6
4,5,44,0.029293891042470932,False,128,6
4,5,45,0.027888599783182144,False,128,6
4,5,46,0.030667420476675034,False,128,6
4,5,47,0.04646620899438858,False,128,6
4,5,48,0.036680206656455994,False,128,6
4,5,49,0.014621607959270477,True,128,6
4,0,0,0.02019142545759678,False,128,7
4,0,1,0.014495505020022392,False,128,7
4,0,2,0.01632746309041977,False,128,7
4,0,3,0.013901703990995884,False,128,7
4,0,4,0.015346992760896683,False,128,7
4,0,5,0.015440672636032104,False,128,7
4,0,6,0.01635594666004181,False,128,7
4,0,7,0.013090342283248901,False,128,7
4,0,8,0.01859918422996998,False,128,7
4,0,9,0.014592884108424187,False,128,7
4,0,10,0.015472117811441422,False,128,7
4,0,11,0.014027850702404976,False,128,7
4,0,12,0.014205869287252426,False,128,7
4,0,13,0.01825862005352974,False,128,7
4,0,14,0.017331697046756744,False,128,7
4,0,15,0.016081545501947403,False,128,7
4,0,16,0.014952106401324272,False,128,7
4,0,17,0.016116028651595116,False,128,7
4,0,18,0.014819846488535404,False,128,7
4,0,19,0.017311936244368553,False,128,7
4,0,20,0.016259487718343735,False,128,7
4,0,21,0.014726177789270878,False,128,7
4,0,22,0.013946707360446453,False,128,7
4,0,23,0.014761070720851421,False,128,7
4,0,24,0.0165117010474205,False,128,7
4,0,25,0.015375724993646145,False,128,7
4,0,26,0.018647758290171623,False,128,7
4,0,27,0.015477261506021023,False,128,7
4,0,28,0.014034818857908249,False,128,7
4,0,29,0.019164085388183594,False,128,7
4,0,30,0.016660116612911224,False,128,7
4,0,31,0.01675029844045639,False,128,7
4,0,32,0.017085840925574303,False,128,7
4,0,33,0.012931928038597107,False,128,7
4,0,34,0.013421084731817245,False,128,7
4,0,35,0.013145798817276955,False,128,7
4,0,36,0.017526743933558464,False,128,7
4,0,37,0.01496463268995285,False,128,7
4,0,38,0.020361462607979774,False,128,7
4,0,39,0.018285000696778297,False,128,7
4,0,40,0.012370351701974869,False,128,7
4,0,41,0.012925760820508003,False,128,7
4,0,42,0.019940780475735664,False,128,7
4,0,43,0.016506671905517578,False,128,7
4,0,44,0.017978252843022346,False,128,7
4,0,45,0.021188367158174515,False,128,7
4,0,46,0.023122308775782585,False,128,7
4,0,47,0.019420668482780457,False,128,7
4,0,48,0.018346190452575684,False,128,7
4,0,49,0.20124319195747375,True,128,7
4,1,0,0.03803388774394989,False,128,7
4,1,1,0.018671412020921707,False,128,7
4,1,2,0.015557048842310905,False,128,7
4,1,3,0.015241140499711037,False,128,7
4,1,4,0.014828138053417206,False,128,7
4,1,5,0.013457695953547955,False,128,7
4,1,6,0.012974338605999947,False,128,7
4,1,7,0.012685979716479778,False,128,7
4,1,8,0.013872077688574791,False,128,7
4,1,9,0.013416986912488937,False,128,7
4,1,10,0.014193672686815262,False,128,7
4,1,11,0.012095179408788681,False,128,7
4,1,12,0.012722841463983059,False,128,7
4,1,13,0.013745115138590336,False,128,7
4,1,14,0.013144617900252342,False,128,7
4,1,15,0.012774178758263588,False,128,7
4,1,16,0.014265540987253189,False,128,7
4,1,17,0.013709642924368382,False,128,7
4,1,18,0.013744848780333996,False,128,7
4,1,19,0.014391074888408184,False,128,7
4,1,20,0.01345700304955244,False,128,7
4,1,21,0.012735892087221146,False,128,7
4,1,22,0.014073094353079796,False,128,7
4,1,23,0.015188409015536308,False,128,7
4,1,24,0.015703629702329636,False,128,7
4,1,25,0.014476579613983631,False,128,7
4,1,26,0.015802627429366112,False,128,7
4,1,27,0.015821779146790504,False,128,7
4,1,28,0.014672825112938881,False,128,7
4,1,29,0.016445640474557877,False,128,7
4,1,30,0.014962958171963692,False,128,7
4,1,31,0.01706157810986042,False,128,7
4,1,32,0.01474668551236391,False,128,7
4,1,33,0.015498798340559006,False,128,7
4,1,34,0.015356223098933697,False,128,7
4,1,35,0.0174221433699131,False,128,7
4,1,36,0.01672379858791828,False,128,7
4,1,37,0.01479865051805973,False,128,7
4,1,38,0.019448870792984962,False,128,7
4,1,39,0.019364522770047188,False,128,7
4,1,40,0.01886618696153164,False,128,7
4,1,41,0.0180154200643301,False,128,7
4,1,42,0.018642446026206017,False,128,7
4,1,43,0.017667310312390327,False,128,7
4,1,44,0.019432026892900467,False,128,7
4,1,45,0.023210296407341957,False,128,7
4,1,46,0.020252550020813942,False,128,7
4,1,47,0.02110968343913555,False,128,7
4,1,48,0.019872058182954788,False,128,7
4,1,49,0.2056449055671692,True,128,7
4,2,0,0.04210162162780762,False,128,7
4,2,1,0.016419317573308945,False,128,7
4,2,2,0.01129741407930851,False,128,7
4,2,3,0.011157460510730743,False,128,7
4,2,4,0.01034541241824627,False,128,7
4,2,5,0.010200710035860538,False,128,7
4,2,6,0.009876233525574207,False,128,7
4,2,7,0.009117821231484413,False,128,7
4,2,8,0.012310798279941082,False,128,7
4,2,9,0.009394073858857155,False,128,7
4,2,10,0.009714112617075443,False,128,7
4,2,11,0.0089596938341856,False,128,7
4,2,12,0.009838877245783806,False,128,7
4,2,13,0.012143615633249283,False,128,7
4,2,14,0.011491743847727776,False,128,7
4,2,15,0.010385365225374699,False,128,7
4,2,16,0.010478254407644272,False,128,7
4,2,17,0.012012205086648464,False,128,7
4,2,18,0.009909108281135559,False,128,7
4,2,19,0.012007449753582478,False,128,7
4,2,20,0.011780034750699997,False,128,7
4,2,21,0.010698431171476841,False,128,7
4,2,22,0.009967902675271034,False,128,7
4,2,23,0.012051520869135857,False,128,7
4,2,24,0.011883801780641079,False,128,7
4,2,25,0.01195863913744688,False,128,7
4,2,26,0.014530033804476261,False,128,7
4,2,27,0.015182577073574066,False,128,7
4,2,28,0.011819434352219105,False,128,7
4,2,29,0.016889406368136406,False,128,7
4,2,30,0.013554247096180916,False,128,7
4,2,31,0.01333050150424242,False,128,7
4,2,32,0.01605551317334175,False,128,7
4,2,33,0.01181936077773571,False,128,7
4,2,34,0.014635706320405006,False,128,7
4,2,35,0.013728269375860691,False,128,7
4,2,36,0.015816237777471542,False,128,7
4,2,37,0.013564829714596272,False,128,7
4,2,38,0.02153642475605011,False,128,7
4,2,39,0.019834747537970543,False,128,7
4,2,40,0.016086768358945847,False,128,7
4,2,41,0.01979176327586174,False,128,7
4,2,42,0.0198550783097744,False,128,7
4,2,43,0.017379511147737503,False,128,7
4,2,44,0.02251429483294487,False,128,7
4,2,45,0.022960945963859558,False,128,7
4,2,46,0.025601036846637726,False,128,7
4,2,47,0.022171009331941605,False,128,7
4,2,48,0.022280914708971977,False,128,7
4,2,49,0.2815597653388977,True,128,7
4,3,0,0.02770129404962063,False,128,7
4,3,1,0.020547877997159958,False,128,7
4,3,2,0.020457979291677475,False,128,7
4,3,3,0.018243128433823586,False,128,7
4,3,4,0.021411504596471786,False,128,7
4,3,5,0.0161368940025568,False,128,7
4,3,6,0.024521954357624054,False,128,7
4,3,7,0.01627087965607643,False,128,7
4,3,8,0.0204671248793602,False,128,7
4,3,9,0.015762992203235626,False,128,7
4,3,10,0.02717982605099678,False,128,7
4,3,11,0.015268669463694096,False,128,7
4,3,12,0.014998413622379303,False,128,7
4,3,13,0.021350190043449402,False,128,7
4,3,14,0.01731552928686142,False,128,7
4,3,15,0.01652391068637371,False,128,7
4,3,16,0.02713966742157936,False,128,7
4,3,17,0.019246602430939674,False,128,7
4,3,18,0.014864083379507065,False,128,7
4,3,19,0.02541479468345642,False,128,7
4,3,20,0.017876632511615753,False,128,7
4,3,21,0.015875061973929405,False,128,7
4,3,22,0.016649704426527023,False,128,7
4,3,23,0.026210380718111992,False,128,7
4,3,24,0.01711059920489788,False,128,7
4,3,25,0.01689423806965351,False,128,7
4,3,26,0.019431540742516518,False,128,7
4,3,27,0.019162312150001526,False,128,7
4,3,28,0.016152800992131233,False,128,7
4,3,29,0.026715071871876717,False,128,7
4,3,30,0.016195110976696014,False,128,7
4,3,31,0.02588685229420662,False,128,7
4,3,32,0.01875975728034973,False,128,7
4,3,33,0.01550108753144741,False,128,7
4,3,34,0.017361190170049667,False,128,7
4,3,35,0.027601975947618484,False,128,7
4,3,36,0.01833462342619896,False,128,7
4,3,37,0.018313253298401833,False,128,7
4,3,38,0.022316189482808113,False,128,7
4,3,39,0.017509011551737785,False,128,7
4,3,40,0.02782544307410717,False,128,7
4,3,41,0.01860200986266136,False,128,7
4,3,42,0.015689823776483536,False,128,7
4,3,43,0.016668053343892097,False,128,7
4,3,44,0.02797893062233925,False,128,7
4,3,45,0.01821000687777996,False,128,7
4,3,46,0.019741272553801537,False,128,7
4,3,47,0.017508620396256447,False,128,7
4,3,48,0.016571614891290665,False,128,7
4,3,49,0.030523519963026047,True,128,7
4,4,0,0.014555801637470722,False,128,7
4,4,1,0.011601939797401428,False,128,7
4,4,2,0.013556391932070255,False,128,7
4,4,3,0.012579087167978287,False,128,7
4,4,4,0.01704016886651516,False,128,7
4,4,5,0.014030431397259235,False,128,7
4,4,6,0.018717756494879723,False,128,7
4,4,7,0.01478947326540947,False,128,7
4,4,8,0.019133877009153366,False,128,7
4,4,9,0.015370682813227177,False,128,7
4,4,10,0.021036453545093536,False,128,7
4,4,11,0.01673777960240841,False,128,7
4,4,12,0.01653406023979187,False,128,7
4,4,13,0.02178480476140976,False,128,7
4,4,14,0.019369302317500114,False,128,7
4,4,15,0.01845264807343483,False,128,7
4,4,16,0.02357182465493679,False,128,7
4,4,17,0.021473143249750137,False,128,7
4,4,18,0.01765882782638073,False,128,7
4,4,19,0.024130932986736298,False,128,7
4,4,20,0.020352700725197792,False,128,7
4,4,21,0.01885293610394001,False,128,7
4,4,22,0.019694484770298004,False,128,7
4,4,23,0.023803148418664932,False,128,7
4,4,24,0.02014906145632267,False,128,7
4,4,25,0.019528409466147423,False,128,7
4,4,26,0.021848872303962708,False,128,7
4,4,27,0.02303607016801834,False,128,7
4,4,28,0.019995644688606262,False,128,7
4,4,29,0.02536413073539734,False,128,7
4,4,30,0.019638333469629288,False,128,7
4,4,31,0.02557188831269741,False,128,7
4,4,32,0.020810935646295547,False,128,7
4,4,33,0.019673757255077362,False,128,7
4,4,34,0.02103349380195141,False,128,7
4,4,35,0.025232374668121338,False,128,7
4,4,36,0.020488590002059937,False,128,7
4,4,37,0.021700125187635422,False,128,7
4,4,38,0.02437201701104641,False,128,7
4,4,39,0.020223136991262436,False,128,7
4,4,40,0.02595389261841774,False,128,7
4,4,41,0.023488208651542664,False,128,7
4,4,42,0.01920168101787567,False,128,7
4,4,43,0.019781745970249176,False,128,7
4,4,44,0.026830177754163742,False,128,7
4,4,45,0.021029558032751083,False,128,7
4,4,46,0.022401003167033195,False,128,7
4,4,47,0.020171640440821648,False,128,7
4,4,48,0.019832707941532135,False,128,7
4,4,49,0.017813894897699356,True,128,7
4,5,0,0.007857841439545155,False,128,7
4,5,1,0.007639802526682615,False,128,7
4,5,2,0.009101484902203083,False,128,7
4,5,3,0.007221408188343048,False,128,7
4,5,4,0.010467474348843098,False,128,7
4,5,5,0.008121779188513756,False,128,7
4,5,6,0.012422054074704647,False,128,7
4,5,7,0.009742578491568565,False,128,7
4,5,8,0.012209877371788025,False,128,7
4,5,9,0.010302909649908543,False,128,7
4,5,10,0.015794578939676285,False,128,7
4,5,11,0.01120366994291544,False,128,7
4,5,12,0.012435469776391983,False,128,7
4,5,13,0.014930873177945614,False,128,7
4,5,14,0.012574167922139168,False,128,7
4,5,15,0.013727100566029549,False,128,7
4,5,16,0.01764931157231331,False,128,7
4,5,17,0.01660873554646969,False,128,7
4,5,18,0.012873542495071888,False,128,7
4,5,19,0.019558804109692574,False,128,7
4,5,20,0.01602241024374962,False,128,7
4,5,21,0.014209030196070671,False,128,7
4,5,22,0.014120740815997124,False,128,7
4,5,23,0.02025732956826687,False,128,7
4,5,24,0.01615503616631031,False,128,7
4,5,25,0.017100825905799866,False,128,7
4,5,26,0.018010670319199562,False,128,7
4,5,27,0.01777019165456295,False,128,7
4,5,28,0.018356196582317352,False,128,7
4,5,29,0.021531403064727783,False,128,7
4,5,30,0.023089546710252762,False,128,7
4,5,31,0.02557995915412903,False,128,7
4,5,32,0.02000800147652626,False,128,7
4,5,33,0.026497362181544304,False,128,7
4,5,34,0.01938740536570549,False,128,7
4,5,35,0.026911897584795952,False,128,7
4,5,36,0.02754022926092148,False,128,7
4,5,37,0.020999234169721603,False,128,7
4,5,38,0.021965881809592247,False,128,7
4,5,39,0.043114274740219116,False,128,7
4,5,40,0.032929837703704834,False,128,7
4,5,41,0.023393357172608376,False,128,7
4,5,42,0.04441582411527634,False,128,7
4,5,43,0.058238886296749115,False,128,7
4,5,44,0.029782339930534363,False,128,7
4,5,45,0.027316071093082428,False,128,7
4,5,46,0.022481970489025116,False,128,7
4,5,47,0.04554423317313194,False,128,7
4,5,48,0.030642379075288773,False,128,7
4,5,49,0.014184013940393925,True,128,7
4,0,0,0.023576360195875168,False,128,8
4,0,1,0.014608250930905342,False,128,8
4,0,2,0.013684047386050224,False,128,8
4,0,3,0.015176893211901188,False,128,8
4,0,4,0.012617815285921097,False,128,8
4,0,5,0.014946595765650272,False,128,8
4,0,6,0.013847580179572105,False,128,8
4,0,7,0.013392878696322441,False,128,8
4,0,8,0.01983937807381153,False,128,8
4,0,9,0.016796525567770004,False,128,8
4,0,10,0.01247962936758995,False,128,8
4,0,11,0.013805875554680824,False,128,8
4,0,12,0.013011358678340912,False,128,8
4,0,13,0.018204743042588234,False,128,8
4,0,14,0.01741204597055912,False,128,8
4,0,15,0.015440519899129868,False,128,8
4,0,16,0.013561179861426353,False,128,8
4,0,17,0.015664057806134224,False,128,8
4,0,18,0.01396206021308899,False,128,8
4,0,19,0.015233783051371574,False,128,8
4,0,20,0.017912691459059715,False,128,8
4,0,21,0.014272138476371765,False,128,8
4,0,22,0.016220463439822197,False,128,8
4,0,23,0.012750853784382343,False,128,8
4,0,24,0.01671365462243557,False,128,8
4,0,25,0.01607656106352806,False,128,8
4,0,26,0.020573895424604416,False,128,8
4,0,27,0.02059941366314888,False,128,8
4,0,28,0.015941569581627846,False,128,8
4,0,29,0.020185912027955055,False,128,8
4,0,30,0.017724163830280304,False,128,8
4,0,31,0.014265808276832104,False,128,8
4,0,32,0.018247762694954872,False,128,8
4,0,33,0.015711387619376183,False,128,8
4,0,34,0.016536861658096313,False,128,8
4,0,35,0.012891593389213085,False,128,8
4,0,36,0.01967906579375267,False,128,8
4,0,37,0.014383036643266678,False,128,8
4,0,38,0.017551526427268982,False,128,8
4,0,39,0.019913770258426666,False,128,8
4,0,40,0.012303479947149754,False,128,8
4,0,41,0.014248525723814964,False,128,8
4,0,42,0.01756899617612362,False,128,8
4,0,43,0.0170489102602005,False,128,8
4,0,44,0.019855022430419922,False,128,8
4,0,45,0.02014516294002533,False,128,8
4,0,46,0.02310464158654213,False,128,8
4,0,47,0.020434511825442314,False,128,8
4,0,48,0.018043989315629005,False,128,8
4,0,49,0.19183304905891418,True,128,8
4,1,0,0.038883060216903687,False,128,8
4,1,1,0.0192654300481081,False,128,8
4,1,2,0.015458870679140091,False,128,8
4,1,3,0.016223661601543427,False,128,8
4,1,4,0.015154941938817501,False,128,8
4,1,5,0.01415303722023964,False,128,8
4,1,6,0.014044016599655151,False,128,8
4,1,7,0.012737295590341091,False,128,8
4,1,8,0.014345118775963783,False,128,8
4,1,9,0.013141648843884468,False,128,8
4,1,10,0.01406829059123993,False,128,8
4,1,11,0.01248248852789402,False,128,8
4,1,12,0.01283520832657814,False,128,8
4,1,13,0.013858386315405369,False,128,8
4,1,14,0.014474437572062016,False,128,8
4,1,15,0.013031410984694958,False,128,8
4,1,16,0.014694860205054283,False,128,8
4,1,17,0.013882489874958992,False,128,8
4,1,18,0.013718984089791775,False,128,8
4,1,19,0.015066813677549362,False,128,8
4,1,20,0.01383698545396328,False,128,8
4,1,21,0.01444251462817192,False,128,8
4,1,22,0.014134962111711502,False,128,8
4,1,23,0.015641946345567703,False,128,8
4,1,24,0.014068178832530975,False,128,8
4,1,25,0.014314418658614159,False,128,8
4,1,26,0.01649177074432373,False,128,8
4,1,27,0.015853706747293472,False,128,8
4,1,28,0.01412860956043005,False,128,8
4,1,29,0.01755809411406517,False,128,8
4,1,30,0.01612456515431404,False,128,8
4,1,31,0.017805565148591995,False,128,8
4,1,32,0.014868857339024544,False,128,8
4,1,33,0.016483116894960403,False,128,8
4,1,34,0.016438359394669533,False,128,8
4,1,35,0.016454797238111496,False,128,8
4,1,36,0.016271432861685753,False,128,8
4,1,37,0.015371319837868214,False,128,8
4,1,38,0.01869022101163864,False,128,8
4,1,39,0.019948521628975868,False,128,8
4,1,40,0.019743090495467186,False,128,8
4,1,41,0.017990799620747566,False,128,8
4,1,42,0.019559640437364578,False,128,8
4,1,43,0.01917588710784912,False,128,8
4,1,44,0.020291060209274292,False,128,8
4,1,45,0.02071668580174446,False,128,8
4,1,46,0.022472966462373734,False,128,8
4,1,47,0.02227320708334446,False,128,8
4,1,48,0.01896032877266407,False,128,8
4,1,49,0.18836794793605804,True,128,8
4,2,0,0.041212160140275955,False,128,8
4,2,1,0.015531154349446297,False,128,8
4,2,2,0.010532526299357414,False,128,8
4,2,3,0.010748323053121567,False,128,8
4,2,4,0.009549872949719429,False,128,8
4,2,5,0.009641814976930618,False,128,8
4,2,6,0.009463322348892689,False,128,8
4,2,7,0.009004666469991207,False,128,8
4,2,8,0.011806128546595573,False,128,8
4,2,9,0.009484438225626945,False,128,8
4,2,10,0.00892596784979105,False,128,8
4,2,11,0.008488638326525688,False,128,8
4,2,12,0.008897721767425537,False,128,8
4,2,13,0.01129432488232851,False,128,8
4,2,14,0.010690595954656601,False,128,8
4,2,15,0.00942443497478962,False,128,8
4,2,16,0.010017341002821922,False,128,8
4,2,17,0.011554312892258167,False,128,8
4,2,18,0.009539153426885605,False,128,8
4,2,19,0.011089496314525604,False,128,8
4,2,20,0.011549380607903004,False,128,8
4,2,21,0.010335083119571209,False,128,8
4,2,22,0.009649093262851238,False,128,8
4,2,23,0.011287430301308632,False,128,8
4,2,24,0.011564531363546848,False,128,8
4,2,25,0.011478607542812824,False,128,8
4,2,26,0.014532571658492088,False,128,8
4,2,27,0.014657117426395416,False,128,8
4,2,28,0.011333465576171875,False,128,8
4,2,29,0.016647694632411003,False,128,8
4,2,30,0.012389641255140305,False,128,8
4,2,31,0.012927718460559845,False,128,8
4,2,32,0.015276895835995674,False,128,8
4,2,33,0.01188841462135315,False,128,8
4,2,34,0.01450198981910944,False,128,8
4,2,35,0.014156175777316093,False,128,8
4,2,36,0.015187861397862434,False,128,8
4,2,37,0.013747354969382286,False,128,8
4,2,38,0.020727112889289856,False,128,8
4,2,39,0.01929597370326519,False,128,8
4,2,40,0.015096678398549557,False,128,8
4,2,41,0.018957307562232018,False,128,8
4,2,42,0.0192381851375103,False,128,8
4,2,43,0.015989623963832855,False,128,8
4,2,44,0.02061178721487522,False,128,8
4,2,45,0.019893957301974297,False,128,8
4,2,46,0.024774804711341858,False,128,8
4,2,47,0.02283555455505848,False,128,8
4,2,48,0.02161921188235283,False,128,8
4,2,49,0.31095239520072937,True,128,8
4,3,0,0.029314585030078888,False,128,8
4,3,1,0.019895071163773537,False,128,8
4,3,2,0.020803766325116158,False,128,8
4,3,3,0.01738053373992443,False,128,8
4,3,4,0.02115457132458687,False,128,8
4,3,5,0.01716490089893341,False,128,8
4,3,6,0.023829199373722076,False,128,8
4,3,7,0.015311269089579582,False,128,8
4,3,8,0.019674185663461685,False,128,8
4,3,9,0.016248364001512527,False,128,8
4,3,10,0.027571728453040123,False,128,8
4,3,11,0.014974389225244522,False,128,8
4,3,12,0.016275689005851746,False,128,8
4,3,13,0.023144491016864777,False,128,8
4,3,14,0.017092134803533554,False,128,8
4,3,15,0.016916029155254364,False,128,8
4,3,16,0.0268683061003685,False,128,8
4,3,17,0.017974302172660828,False,128,8
4,3,18,0.016341567039489746,False,128,8
4,3,19,0.026085296645760536,False,128,8
4,3,20,0.017850695177912712,False,128,8
4,3,21,0.016624072566628456,False,128,8
4,3,22,0.016425861045718193,False,128,8
4,3,23,0.026968561112880707,False,128,8
4,3,24,0.016669563949108124,False,128,8
4,3,25,0.016305364668369293,False,128,8
4,3,26,0.018963603302836418,False,128,8
4,3,27,0.019687160849571228,False,128,8
4,3,28,0.01593209244310856,False,128,8
4,3,29,0.02489464357495308,False,128,8
4,3,30,0.017639167606830597,False,128,8
4,3,31,0.02755122259259224,False,128,8
4,3,32,0.019237268716096878,False,128,8
4,3,33,0.016633203253149986,False,128,8
4,3,34,0.017262252047657967,False,128,8
4,3,35,0.026323555037379265,False,128,8
4,3,36,0.016307737678289413,False,128,8
4,3,37,0.016654057428240776,False,128,8
4,3,38,0.01981709711253643,False,128,8
4,3,39,0.018780339509248734,False,128,8
4,3,40,0.028794627636671066,False,128,8
4,3,41,0.018723079934716225,False,128,8
4,3,42,0.016588857397437096,False,128,8
4,3,43,0.015608688816428185,False,128,8
4,3,44,0.0262571070343256,False,128,8
4,3,45,0.01858365349471569,False,128,8
4,3,46,0.020029103383421898,False,128,8
4,3,47,0.01855889894068241,False,128,8
4,3,48,0.01700800657272339,False,128,8
4,3,49,0.029300086200237274,True,128,8
4,4,0,0.014385785907506943,False,128,8
4,4,1,0.01201223861426115,False,128,8
4,4,2,0.013838166370987892,False,128,8
4,4,3,0.013117463327944279,False,128,8
4,4,4,0.015622470527887344,False,128,8
4,4,5,0.014093534089624882,False,128,8
4,4,6,0.018058286979794502,False,128,8
4,4,7,0.01520642451941967,False,128,8
4,4,8,0.01879674196243286,False,128,8
4,4,9,0.016286782920360565,False,128,8
4,4,10,0.021084852516651154,False,128,8
4,4,11,0.016289040446281433,False,128,8
4,4,12,0.017498183995485306,False,128,8
4,4,13,0.021461334079504013,False,128,8
4,4,14,0.01887568086385727,False,128,8
4,4,15,0.019573276862502098,False,128,8
4,4,16,0.023173294961452484,False,128,8
4,4,17,0.0214562825858593,False,128,8
4,4,18,0.017960259690880775,False,128,8
4,4,19,0.022829825058579445,False,128,8
4,4,20,0.0204610675573349,False,128,8
4,4,21,0.02002537064254284,False,128,8
4,4,22,0.018657106906175613,False,128,8
4,4,23,0.024754688143730164,False,128,8
4,4,24,0.019352953881025314,False,128,8
4,4,25,0.01955345645546913,False,128,8
4,4,26,0.02204069495201111,False,128,8
4,4,27,0.022786667570471764,False,128,8
4,4,28,0.019399035722017288,False,128,8
4,4,29,0.023568712174892426,False,128,8
4,4,30,0.019690711051225662,False,128,8
4,4,31,0.02593187801539898,False,128,8
4,4,32,0.022962143644690514,False,128,8
4,4,33,0.02017795667052269,False,128,8
4,4,34,0.02179388888180256,False,128,8
4,4,35,0.02480296604335308,False,128,8
4,4,36,0.019670117646455765,False,128,8
4,4,37,0.0217389278113842,False,128,8
4,4,38,0.022787705063819885,False,128,8
4,4,39,0.021170422434806824,False,128,8
4,4,40,0.025266163051128387,False,128,8
4,4,41,0.02312384732067585,False,128,8
4,4,42,0.020933765918016434,False,128,8
4,4,43,0.020282277837395668,False,128,8
4,4,44,0.025537293404340744,False,128,8
4,4,45,0.02043464407324791,False,128,8
4,4,46,0.022505203261971474,False,128,8
4,4,47,0.020511846989393234,False,128,8
4,4,48,0.020198382437229156,False,128,8
4,4,49,0.0182601660490036,True,128,8
4,5,0,0.008275695145130157,False,128,8
4,5,1,0.00726695079356432,False,128,8
4,5,2,0.008415563963353634,False,128,8
4,5,3,0.007899678312242031,False,128,8
4,5,4,0.010438743978738785,False,128,8
4,5,5,0.009590165689587593,False,128,8
4,5,6,0.01145948562771082,False,128,8
4,5,7,0.010138344019651413,False,128,8
4,5,8,0.011809414252638817,False,128,8
4,5,9,0.010079978965222836,False,128,8
4,5,10,0.015071848407387733,False,128,8
4,5,11,0.01188717968761921,False,128,8
4,5,12,0.011248589493334293,False,128,8
4,5,13,0.015243185684084892,False,128,8
4,5,14,0.01317143440246582,False,128,8
4,5,15,0.013948584906756878,False,128,8
4,5,16,0.01824767515063286,False,128,8
4,5,17,0.01405196264386177,False,128,8
4,5,18,0.012597333639860153,False,128,8
4,5,19,0.019267844036221504,False,128,8
4,5,20,0.01492927223443985,False,128,8
4,5,21,0.013651963323354721,False,128,8
4,5,22,0.01534330379217863,False,128,8
4,5,23,0.02109946683049202,False,128,8
4,5,24,0.01629459671676159,False,128,8
4,5,25,0.017616238445043564,False,128,8
4,5,26,0.01733323186635971,False,128,8
4,5,27,0.017558598890900612,False,128,8
4,5,28,0.016108471900224686,False,128,8
4,5,29,0.021978488191962242,False,128,8
4,5,30,0.025212973356246948,False,128,8
4,5,31,0.024609722197055817,False,128,8
4,5,32,0.01911233365535736,False,128,8
4,5,33,0.027788523584604263,False,128,8
4,5,34,0.019366279244422913,False,128,8
4,5,35,0.025813892483711243,False,128,8
4,5,36,0.02846076898276806,False,128,8
4,5,37,0.01868404820561409,False,128,8
4,5,38,0.01934085227549076,False,128,8
4,5,39,0.04998794198036194,False,128,8
4,5,40,0.03423873335123062,False,128,8
4,5,41,0.020471394062042236,False,128,8
4,5,42,0.03997958451509476,False,128,8
4,5,43,0.06745223701000214,False,128,8
4,5,44,0.029779400676488876,False,128,8
4,5,45,0.024807095527648926,False,128,8
4,5,46,0.02135651931166649,False,128,8
4,5,47,0.047811925411224365,False,128,8
4,5,48,0.030229050666093826,False,128,8
4,5,49,0.013473451137542725,True,128,8
4,0,0,0.021844113245606422,False,128,9
4,0,1,0.016140589490532875,False,128,9
4,0,2,0.014315251260995865,False,128,9
4,0,3,0.012944079004228115,False,128,9
4,0,4,0.013398626819252968,False,128,9
4,0,5,0.013990132138133049,False,128,9
4,0,6,0.014204808510839939,False,128,9
4,0,7,0.013577650301158428,False,128,9
4,0,8,0.01728309877216816,False,128,9
4,0,9,0.018663203343749046,False,128,9
4,0,10,0.012075267732143402,False,128,9
4,0,11,0.015879027545452118,False,128,9
4,0,12,0.01438935473561287,False,128,9
4,0,13,0.019189760088920593,False,128,9
4,0,14,0.015499833039939404,False,128,9
4,0,15,0.01843530684709549,False,128,9
4,0,16,0.015050061047077179,False,128,9
4,0,17,0.017965123057365417,False,128,9
4,0,18,0.015434999950230122,False,128,9
4,0,19,0.017197703942656517,False,128,9
4,0,20,0.017371833324432373,False,128,9
4,0,21,0.01612589880824089,False,128,9
4,0,22,0.014986543916165829,False,128,9
4,0,23,0.01482684537768364,False,128,9
4,0,24,0.01726870983839035,False,128,9
4,0,25,0.015038060955703259,False,128,9
4,0,26,0.01945987530052662,False,128,9
4,0,27,0.018850699067115784,False,128,9
4,0,28,0.014951695688068867,False,128,9
4,0,29,0.020196175202727318,False,128,9
4,0,30,0.01901174709200859,False,128,9
4,0,31,0.014265856705605984,False,128,9
4,0,32,0.016849316656589508,False,128,9
4,0,33,0.012420806102454662,False,128,9
4,0,34,0.01393857877701521,False,128,9
4,0,35,0.013005487620830536,False,128,9
4,0,36,0.020461030304431915,False,128,9
4,0,37,0.014732828363776207,False,128,9
4,0,38,0.018474305048584938,False,128,9
4,0,39,0.01781190000474453,False,128,9
4,0,40,0.011786323972046375,False,128,9
4,0,41,0.014417835511267185,False,128,9
4,0,42,0.01966041699051857,False,128,9
4,0,43,0.015124954283237457,False,128,9
4,0,44,0.01803695596754551,False,128,9
4,0,45,0.017324810847640038,False,128,9
4,0,46,0.023859962821006775,False,128,9
4,0,47,0.020520396530628204,False,128,9
4,0,48,0.01929626427590847,False,128,9
4,0,49,0.19244588911533356,True,128,9
4,1,0,0.03664734587073326,False,128,9
4,1,1,0.01968451775610447,False,128,9
4,1,2,0.014684238471090794,False,128,9
4,1,3,0.016459086909890175,False,128,9
4,1,4,0.014346147887408733,False,128,9
4,1,5,0.014340138994157314,False,128,9
4,1,6,0.013865041546523571,False,128,9
4,1,7,0.013316922821104527,False,128,9
4,1,8,0.015463948249816895,False,128,9
4,1,9,0.012578240595757961,False,128,9
4,1,10,0.013794038444757462,False,128,9
4,1,11,0.013988271355628967,False,128,9
4,1,12,0.012303262948989868,False,128,9
4,1,13,0.014167401939630508,False,128,9
4,1,14,0.013660557568073273,False,128,9
4,1,15,0.013877645134925842,False,128,9
4,1,16,0.014246363192796707,False,128,9
4,1,17,0.01390676200389862,False,128,9
4,1,18,0.012960599735379219,False,128,9
4,1,19,0.014016171917319298,False,128,9
4,1,20,0.01296902634203434,False,128,9
4,1,21,0.014399520121514797,False,128,9
4,1,22,0.014410365372896194,False,128,9
4,1,23,0.015041081234812737,False,128,9
4,1,24,0.013942468911409378,False,128,9
4,1,25,0.014447589404881,False,128,9
4,1,26,0.015450322069227695,False,128,9
4,1,27,0.015914592891931534,False,128,9
4,1,28,0.014631122350692749,False,128,9
4,1,29,0.01585569605231285,False,128,9
4,1,30,0.01519785262644291,False,128,9
4,1,31,0.016150904819369316,False,128,9
4,1,32,0.014751702547073364,False,128,9
4,1,33,0.015136459842324257,False,128,9
4,1,34,0.017368704080581665,False,128,9
4,1,35,0.01633547805249691,False,128,9
4,1,36,0.016650984063744545,False,128,9
4,1,37,0.015297497622668743,False,128,9
4,1,38,0.01706254482269287,False,128,9
4,1,39,0.017558960244059563,False,128,9
4,1,40,0.017960665747523308,False,128,9
4,1,41,0.018908828496932983,False,128,9
4,1,42,0.018936755135655403,False,128,9
4,1,43,0.018510937690734863,False,128,9
4,1,44,0.019162096083164215,False,128,9
4,1,45,0.02005475014448166,False,128,9
4,1,46,0.018360929563641548,False,128,9
4,1,47,0.020967986434698105,False,128,9
4,1,48,0.021199775859713554,False,128,9
4,1,49,0.20905768871307373,True,128,9
4,2,0,0.041986361145973206,False,128,9
4,2,1,0.01668507605791092,False,128,9
4,2,2,0.011533170938491821,False,128,9
4,2,3,0.010983365587890148,False,128,9
4,2,4,0.010522302240133286,False,128,9
4,2,5,0.00993572361767292,False,128,9
4,2,6,0.010608650743961334,False,128,9
4,2,7,0.008907150477170944,False,128,9
4,2,8,0.012503493577241898,False,128,9
4,2,9,0.009525676257908344,False,128,9
4,2,10,0.010310139507055283,False,128,9
4,2,11,0.009249518625438213,False,128,9
4,2,12,0.010079678148031235,False,128,9
4,2,13,0.012697307392954826,False,128,9
4,2,14,0.011085781268775463,False,128,9
4,2,15,0.010808337479829788,False,128,9
4,2,16,0.011710170656442642,False,128,9
4,2,17,0.012130753137171268,False,128,9
4,2,18,0.010004324838519096,False,128,9
4,2,19,0.012614873237907887,False,128,9
4,2,20,0.011712567880749702,False,128,9
4,2,21,0.011069316416978836,False,128,9
4,2,22,0.009876897558569908,False,128,9
4,2,23,0.011939762160182,False,128,9
4,2,24,0.012230350635945797,False,128,9
4,2,25,0.010884418152272701,False,128,9
4,2,26,0.015345057472586632,False,128,9
4,2,27,0.015614685602486134,False,128,9
4,2,28,0.011464527808129787,False,128,9
4,2,29,0.01767147146165371,False,128,9
4,2,30,0.013072239235043526,False,128,9
4,2,31,0.014200275763869286,False,128,9
4,2,32,0.015474473126232624,False,128,9
4,2,33,0.011412596330046654,False,128,9
4,2,34,0.014156732708215714,False,128,9
4,2,35,0.01460142433643341,False,128,9
4,2,36,0.015898192301392555,False,128,9
4,2,37,0.014502101577818394,False,128,9
4,2,38,0.021314742043614388,False,128,9
4,2,39,0.018170688301324844,False,128,9
4,2,40,0.017085477709770203,False,128,9
4,2,41,0.020881082862615585,False,128,9
4,2,42,0.018760953098535538,False,128,9
4,2,43,0.01592240110039711,False,128,9
4,2,44,0.02420956641435623,False,128,9
4,2,45,0.020383473485708237,False,128,9
4,2,46,0.0253758542239666,False,128,9
4,2,47,0.021512148901820183,False,128,9
4,2,48,0.0220730472356081,False,128,9
4,2,49,0.27930164337158203,True,128,9
4,3,0,0.02903195284307003,False,128,9
4,3,1,0.021235249936580658,False,128,9
4,3,2,0.022037506103515625,False,128,9
4,3,3,0.017835494130849838,False,128,9
4,3,4,0.023092271760106087,False,128,9
4,3,5,0.017081134021282196,False,128,9
4,3,6,0.024487046524882317,False,128,9
4,3,7,0.017934031784534454,False,128,9
4,3,8,0.018851300701498985,False,128,9
4,3,9,0.013330457732081413,False,128,9
4,3,10,0.026300501078367233,False,128,9
4,3,11,0.01611633598804474,False,128,9
4,3,12,0.01871439814567566,False,128,9
4,3,13,0.0219896137714386,False,128,9
4,3,14,0.016300061717629433,False,128,9
4,3,15,0.015521853230893612,False,128,9
4,3,16,0.025618169456720352,False,128,9
4,3,17,0.01878099888563156,False,128,9
4,3,18,0.01567908562719822,False,128,9
4,3,19,0.026684630662202835,False,128,9
4,3,20,0.019027898088097572,False,128,9
4,3,21,0.016017384827136993,False,128,9
4,3,22,0.015814993530511856,False,128,9
4,3,23,0.02557534910738468,False,128,9
4,3,24,0.016757652163505554,False,128,9
4,3,25,0.015253082849085331,False,128,9
4,3,26,0.020714860409498215,False,128,9
4,3,27,0.01966652274131775,False,128,9
4,3,28,0.015556208789348602,False,128,9
4,3,29,0.025915607810020447,False,128,9
4,3,30,0.014823371544480324,False,128,9
4,3,31,0.027482615783810616,False,128,9
4,3,32,0.019449986517429352,False,128,9
4,3,33,0.018572621047496796,False,128,9
4,3,34,0.01689298450946808,False,128,9
4,3,35,0.026890598237514496,False,128,9
4,3,36,0.017194688320159912,False,128,9
4,3,37,0.015637274831533432,False,128,9
4,3,38,0.02143990434706211,False,128,9
4,3,39,0.015572598204016685,False,128,9
4,3,40,0.029003025963902473,False,128,9
4,3,41,0.0180968027561903,False,128,9
4,3,42,0.017201488837599754,False,128,9
4,3,43,0.015716301277279854,False,128,9
4,3,44,0.02641027793288231,False,128,9
4,3,45,0.018138164654374123,False,128,9
4,3,46,0.01970865949988365,False,128,9
4,3,47,0.01724175363779068,False,128,9
4,3,48,0.016596902161836624,False,128,9
4,3,49,0.031008325517177582,True,128,9
4,4,0,0.014789396896958351,False,128,9
4,4,1,0.012175142765045166,False,128,9
4,4,2,0.01387842558324337,False,128,9
4,4,3,0.013605423271656036,False,128,9
4,4,4,0.0162741057574749,False,128,9
4,4,5,0.014658331871032715,False,128,9
4,4,6,0.018341125920414925,False,128,9
4,4,7,0.016253527253866196,False,128,9
4,4,8,0.018202776089310646,False,128,9
4,4,9,0.01485834363847971,False,128,9
4,4,10,0.0206914022564888,False,128,9
4,4,11,0.016383836045861244,False,128,9
4,4,12,0.018143370747566223,False,128,9
4,4,13,0.02209562622010708,False,128,9
4,4,14,0.020083358511328697,False,128,9
4,4,15,0.017986590042710304,False,128,9
4,4,16,0.022572612389922142,False,128,9
4,4,17,0.020894352346658707,False,128,9
4,4,18,0.018371159210801125,False,128,9
4,4,19,0.023379387333989143,False,128,9
4,4,20,0.0197472982108593,False,128,9
4,4,21,0.018906475976109505,False,128,9
4,4,22,0.019425638020038605,False,128,9
4,4,23,0.02490862086415291,False,128,9
4,4,24,0.019219499081373215,False,128,9
4,4,25,0.019178392365574837,False,128,9
4,4,26,0.022011371329426765,False,128,9
4,4,27,0.022829819470643997,False,128,9
4,4,28,0.019088253378868103,False,128,9
4,4,29,0.02448992058634758,False,128,9
4,4,30,0.01927606761455536,False,128,9
4,4,31,0.02514253370463848,False,128,9
4,4,32,0.021909380331635475,False,128,9
4,4,33,0.020801590755581856,False,128,9
4,4,34,0.02218785509467125,False,128,9
4,4,35,0.026227090507745743,False,128,9
4,4,36,0.01968551240861416,False,128,9
4,4,37,0.021098855882883072,False,128,9
4,4,38,0.02431018278002739,False,128,9
4,4,39,0.01991516351699829,False,128,9
4,4,40,0.02759547345340252,False,128,9
4,4,41,0.022432468831539154,False,128,9
4,4,42,0.021370291709899902,False,128,9
4,4,43,0.01993219368159771,False,128,9
4,4,44,0.026481933891773224,False,128,9
4,4,45,0.020633114501833916,False,128,9
4,4,46,0.02196839265525341,False,128,9
4,4,47,0.019582035019993782,False,128,9
4,4,48,0.020230760797858238,False,128,9
4,4,49,0.015775512903928757,True,128,9
4,5,0,0.008728377521038055,False,128,9
4,5,1,0.007548767141997814,False,128,9
4,5,2,0.009082723408937454,False,128,9
4,5,3,0.00721803167834878,False,128,9
4,5,4,0.010634392499923706,False,128,9
4,5,5,0.008382448926568031,False,128,9
4,5,6,0.012675479054450989,False,128,9
4,5,7,0.01002808753401041,False,128,9
4,5,8,0.012292550876736641,False,128,9
4,5,9,0.0096741309389472,False,128,9
4,5,10,0.015503505244851112,False,128,9
4,5,11,0.011394564993679523,False,128,9
4,5,12,0.012068244628608227,False,128,9
4,5,13,0.01736702024936676,False,128,9
4,5,14,0.012262750416994095,False,128,9
4,5,15,0.012625245377421379,False,128,9
4,5,16,0.01898457482457161,False,128,9
4,5,17,0.014090031385421753,False,128,9
4,5,18,0.013144438154995441,False,128,9
4,5,19,0.020209647715091705,False,128,9
4,5,20,0.014992219395935535,False,128,9
4,5,21,0.014604834839701653,False,128,9
4,5,22,0.015207638964056969,False,128,9
4,5,23,0.02147936075925827,False,128,9
4,5,24,0.016215527430176735,False,128,9
4,5,25,0.016181236132979393,False,128,9
4,5,26,0.017599401995539665,False,128,9
4,5,27,0.017327934503555298,False,128,9
4,5,28,0.017067216336727142,False,128,9
4,5,29,0.02122548595070839,False,128,9
4,5,30,0.021635642275214195,False,128,9
4,5,31,0.02422983944416046,False,128,9
4,5,32,0.01934349536895752,False,128,9
4,5,33,0.024583682417869568,False,128,9
4,5,34,0.020332131534814835,False,128,9
4,5,35,0.025771047919988632,False,128,9
4,5,36,0.029888970777392387,False,128,9
4,5,37,0.019886963069438934,False,128,9
4,5,38,0.02439330704510212,False,128,9
4,5,39,0.044392555952072144,False,128,9
4,5,40,0.028223739936947823,False,128,9
4,5,41,0.0218043215572834,False,128,9
4,5,42,0.04616205021739006,False,128,9
4,5,43,0.0550561361014843,False,128,9
4,5,44,0.02645360305905342,False,128,9
4,5,45,0.027764150872826576,False,128,9
4,5,46,0.022711781784892082,False,128,9
4,5,47,0.0538565032184124,False,128,9
4,5,48,0.03312549740076065,False,128,9
4,5,49,0.01456870324909687,True,128,9
5,0,0,0.01984446682035923,False,128,0
5,0,1,0.013020837679505348,False,128,0
5,0,2,0.013376480899751186,False,128,0
5,0,3,0.013940328732132912,False,128,0
5,0,4,0.016078494489192963,False,128,0
5,0,5,0.01553753949701786,False,128,0
5,0,6,0.01708458736538887,False,128,0
5,0,7,0.016405541449785233,False,128,0
5,0,8,0.01790081337094307,False,128,0
5,0,9,0.0183373112231493,False,128,0
5,0,10,0.017557460814714432,False,128,0
5,0,11,0.016279559582471848,False,128,0
5,0,12,0.016982490196824074,False,128,0
5,0,13,0.01815802976489067,False,128,0
5,0,14,0.016474362462759018,False,128,0
5,0,15,0.017785169184207916,False,128,0
5,0,16,0.019111134111881256,False,128,0
5,0,17,0.016082949936389923,False,128,0
5,0,18,0.01571245864033699,False,128,0
5,0,19,0.01662840135395527,False,128,0
5,0,20,0.017082085832953453,False,128,0
5,0,21,0.015348207205533981,False,128,0
5,0,22,0.018661566078662872,False,128,0
5,0,23,0.014330822043120861,False,128,0
5,0,24,0.021144142374396324,False,128,0
5,0,25,0.01784125529229641,False,128,0
5,0,26,0.015565264970064163,False,128,0
5,0,27,0.014140700921416283,False,128,0
5,0,28,0.016813885420560837,False,128,0
5,0,29,0.016342824324965477,False,128,0
5,0,30,0.01752481237053871,False,128,0
5,0,31,0.015786118805408478,False,128,0
5,0,32,0.015552500262856483,False,128,0
5,0,33,0.017183545976877213,False,128,0
5,0,34,0.017157897353172302,False,128,0
5,0,35,0.018007541075348854,False,128,0
5,0,36,0.01612689532339573,False,128,0
5,0,37,0.017237329855561256,False,128,0
5,0,38,0.015974173322319984,False,128,0
5,0,39,0.014249780215322971,False,128,0
5,0,40,0.019028030335903168,False,128,0
5,0,41,0.015527579002082348,False,128,0
5,0,42,0.018864652141928673,False,128,0
5,0,43,0.01258239895105362,False,128,0
5,0,44,0.01820702850818634,False,128,0
5,0,45,0.013667366467416286,False,128,0
5,0,46,0.0150564294308424,False,128,0
5,0,47,0.016357045620679855,False,128,0
5,0,48,0.01806812919676304,False,128,0
5,0,49,0.18827158212661743,True,128,0
5,1,0,0.024809669703245163,False,128,0
5,1,1,0.010717086493968964,False,128,0
5,1,2,0.010541201569139957,False,128,0
5,1,3,0.013254844583570957,False,128,0
5,1,4,0.01168697141110897,False,128,0
5,1,5,0.011737699620425701,False,128,0
5,1,6,0.013469519093632698,False,128,0
5,1,7,0.01350715383887291,False,128,0
5,1,8,0.0145662110298872,False,128,0
5,1,9,0.014952410012483597,False,128,0
5,1,10,0.015768064185976982,False,128,0
5,1,11,0.014099068008363247,False,128,0
5,1,12,0.014100566506385803,False,128,0
5,1,13,0.017138047143816948,False,128,0
5,1,14,0.014940234832465649,False,128,0
5,1,15,0.016160739585757256,False,128,0
5,1,16,0.01785375364124775,False,128,0
5,1,17,0.017576180398464203,False,128,0
5,1,18,0.017681745812296867,False,128,0
5,1,19,0.017766617238521576,False,128,0
5,1,20,0.017083726823329926,False,128,0
5,1,21,0.01781522110104561,False,128,0
5,1,22,0.01915888302028179,False,128,0
5,1,23,0.018326671794056892,False,128,0
5,1,24,0.020773816853761673,False,128,0
5,1,25,0.021482031792402267,False,128,0
5,1,26,0.017188776284456253,False,128,0
5,1,27,0.018460437655448914,False,128,0
5,1,28,0.021016646176576614,False,128,0
5,1,29,0.018640730530023575,False,128,0
5,1,30,0.020486710593104362,False,128,0
5,1,31,0.020566822960972786,False,128,0
5,1,32,0.022642873227596283,False,128,0
5,1,33,0.020747723057866096,False,128,0
5,1,34,0.022275343537330627,False,128,0
5,1,35,0.021724212914705276,False,128,0
5,1,36,0.021318433806300163,False,128,0
5,1,37,0.02115062065422535,False,128,0
5,1,38,0.022182567045092583,False,128,0
5,1,39,0.023467257618904114,False,128,0
5,1,40,0.022340789437294006,False,128,0
5,1,41,0.0247112475335598,False,128,0
5,1,42,0.02206612192094326,False,128,0
5,1,43,0.023360850289463997,False,128,0
5,1,44,0.02195611223578453,False,128,0
5,1,45,0.02452705428004265,False,128,0
5,1,46,0.024459240958094597,False,128,0
5,1,47,0.023134008049964905,False,128,0
5,1,48,0.021906785666942596,False,128,0
5,1,49,0.08270049840211868,True,128,0
5,2,0,0.027543537318706512,False,128,0
5,2,1,0.010247252881526947,False,128,0
5,2,2,0.009795136749744415,False,128,0
5,2,3,0.01073914673179388,False,128,0
5,2,4,0.010718492791056633,False,128,0
5,2,5,0.012097984552383423,False,128,0
5,2,6,0.010827584192156792,False,128,0
5,2,7,0.011736495420336723,False,128,0
5,2,8,0.013434846885502338,False,128,0
5,2,9,0.014470437541604042,False,128,0
5,2,10,0.01275763101875782,False,128,0
5,2,11,0.01403445191681385,False,128,0
5,2,12,0.014368744567036629,False,128,0
5,2,13,0.015720821917057037,False,128,0
5,2,14,0.014148246496915817,False,128,0
5,2,15,0.015470837242901325,False,128,0
5,2,16,0.01879567839205265,False,128,0
5,2,17,0.017249491065740585,False,128,0
5,2,18,0.01647983305156231,False,128,0
5,2,19,0.01821662299335003,False,128,0
5,2,20,0.017555948346853256,False,128,0
5,2,21,0.01700594834983349,False,128,0
5,2,22,0.021764952689409256,False,128,0
5,2,23,0.01739376038312912,False,128,0
5,2,24,0.02168973721563816,False,128,0
5,2,25,0.023971285670995712,False,128,0
5,2,26,0.01838384009897709,False,128,0
5,2,27,0.02072829008102417,False,128,0
5,2,28,0.01955466717481613,False,128,0
5,2,29,0.019923415035009384,False,128,0
5,2,30,0.023997826501727104,False,128,0
5,2,31,0.024820227175951004,False,128,0
5,2,32,0.02181132137775421,False,128,0
5,2,33,0.022527216002345085,False,128,0
5,2,34,0.0286308191716671,False,128,0
5,2,35,0.024000991135835648,False,128,0
5,2,36,0.019118409603834152,False,128,0
5,2,37,0.02442038059234619,False,128,0
5,2,38,0.021977633237838745,False,128,0
5,2,39,0.03024124726653099,False,128,0
5,2,40,0.03220435231924057,False,128,0
5,2,41,0.022436978295445442,False,128,0
5,2,42,0.023715881630778313,False,128,0
5,2,43,0.029807329177856445,False,128,0
5,2,44,0.023836709558963776,False,128,0
5,2,45,0.033571019768714905,False,128,0
5,2,46,0.021493155509233475,False,128,0
5,2,47,0.02901041880249977,False,128,0
5,2,48,0.021886460483074188,False,128,0
5,2,49,0.03366648778319359,True,128,0
5,3,0,0.025224827229976654,False,128,0
5,3,1,0.012321928516030312,False,128,0
5,3,2,0.00982300192117691,False,128,0
5,3,3,0.01404322125017643,False,128,0
5,3,4,0.009371261112391949,False,128,0
5,3,5,0.013356741517782211,False,128,0
5,3,6,0.014141939580440521,False,128,0
5,3,7,0.013997056521475315,False,128,0
5,3,8,0.011381666176021099,False,128,0
5,3,9,0.014855507761240005,False,128,0
5,3,10,0.012422850355505943,False,128,0
5,3,11,0.015594212338328362,False,128,0
5,3,12,0.015338880009949207,False,128,0
5,3,13,0.015475355088710785,False,128,0
5,3,14,0.014265459030866623,False,128,0
5,3,15,0.016275232657790184,False,128,0
5,3,16,0.019028393551707268,False,128,0
5,3,17,0.01744275726377964,False,128,0
5,3,18,0.016949394717812538,False,128,0
5,3,19,0.019956516101956367,False,128,0
5,3,20,0.02210209146142006,False,128,0
5,3,21,0.017801403999328613,False,128,0
5,3,22,0.017245005816221237,False,128,0
5,3,23,0.01818886399269104,False,128,0
5,3,24,0.02298090234398842,False,128,0
5,3,25,0.020204676315188408,False,128,0
5,3,26,0.02103533037006855,False,128,0
5,3,27,0.02516854926943779,False,128,0
5,3,28,0.01920488476753235,False,128,0
5,3,29,0.024065714329481125,False,128,0
5,3,30,0.019523201510310173,False,128,0
5,3,31,0.022539738565683365,False,128,0
5,3,32,0.025693753734230995,False,128,0
5,3,33,0.025433331727981567,False,128,0
5,3,34,0.01991664059460163,False,128,0
5,3,35,0.02513621561229229,False,128,0
5,3,36,0.018020281568169594,False,128,0
5,3,37,0.027114227414131165,False,128,0
5,3,38,0.022999867796897888,False,128,0
5,3,39,0.0250030979514122,False,128,0
5,3,40,0.029678141698241234,False,128,0
5,3,41,0.025454560294747353,False,128,0
5,3,42,0.024761948734521866,False,128,0
5,3,43,0.021497707813978195,False,128,0
5,3,44,0.026600481942296028,False,128,0
5,3,45,0.02159767970442772,False,128,0
5,3,46,0.02098548226058483,False,128,0
5,3,47,0.023561934009194374,False,128,0
5,3,48,0.02577606774866581,False,128,0
5,3,49,0.03944200649857521,True,128,0
5,4,0,0.019984371960163116,False,128,0
5,4,1,0.012126018293201923,False,128,0
5,4,2,0.011190652847290039,False,128,0
5,4,3,0.016039708629250526,False,128,0
5,4,4,0.011741218157112598,False,128,0
5,4,5,0.01561780460178852,False,128,0
5,4,6,0.01724626123905182,False,128,0
5,4,7,0.01676432229578495,False,128,0
5,4,8,0.017817851155996323,False,128,0
5,4,9,0.018363559618592262,False,128,0
5,4,10,0.014505783095955849,False,128,0
5,4,11,0.0184163898229599,False,128,0
5,4,12,0.017937831580638885,False,128,0
5,4,13,0.018979636952280998,False,128,0
5,4,14,0.016586890444159508,False,128,0
5,4,15,0.020125094801187515,False,128,0
5,4,16,0.021131498739123344,False,128,0
5,4,17,0.020994843915104866,False,128,0
5,4,18,0.01933097653090954,False,128,0
5,4,19,0.02158285118639469,False,128,0
5,4,20,0.020851915702223778,False,128,0
5,4,21,0.020255565643310547,False,128,0
5,4,22,0.0216794703155756,False,128,0
5,4,23,0.018377168104052544,False,128,0
5,4,24,0.020868390798568726,False,128,0
5,4,25,0.021612197160720825,False,128,0
5,4,26,0.019013604149222374,False,128,0
5,4,27,0.024203075096011162,False,128,0
5,4,28,0.021384069696068764,False,128,0
5,4,29,0.019054200500249863,False,128,0
5,4,30,0.02108519710600376,False,128,0
5,4,31,0.022472243756055832,False,128,0
5,4,32,0.023626625537872314,False,128,0
5,4,33,0.019740642979741096,False,128,0
5,4,34,0.020897865295410156,False,128,0
5,4,35,0.024517688900232315,False,128,0
5,4,36,0.018544510006904602,False,128,0
5,4,37,0.020531710237264633,False,128,0
5,4,38,0.022781362757086754,False,128,0
5,4,39,0.024098079651594162,False,128,0
5,4,40,0.025786172598600388,False,128,0
5,4,41,0.025690292939543724,False,128,0
5,4,42,0.021940352395176888,False,128,0
5,4,43,0.01868770271539688,False,128,0
5,4,44,0.02112117037177086,False,128,0
5,4,45,0.02102339081466198,False,128,0
5,4,46,0.020127033814787865,False,128,0
5,4,47,0.021227726712822914,False,128,0
5,4,48,0.023897122591733932,False,128,0
5,4,49,0.028419891372323036,True,128,0
5,5,0,0.005398360081017017,False,128,0
5,5,1,0.004949637688696384,False,128,0
5,5,2,0.006454078014940023,False,128,0
5,5,3,0.010207396931946278,False,128,0
5,5,4,0.008415092714130878,False,128,0
5,5,5,0.010629076510667801,False,128,0
5,5,6,0.012846114113926888,False,128,0
5,5,7,0.015191706828773022,False,128,0
5,5,8,0.014998646453022957,False,128,0
5,5,9,0.015173451974987984,False,128,0
5,5,10,0.01657171919941902,False,128,0
5,5,11,0.015720436349511147,False,128,0
5,5,12,0.016710497438907623,False,128,0
5,5,13,0.02036678045988083,False,128,0
5,5,14,0.017685942351818085,False,128,0
5,5,15,0.018388256430625916,False,128,0
5,5,16,0.019994312897324562,False,128,0
5,5,17,0.020952625200152397,False,128,0
5,5,18,0.019137825816869736,False,128,0
5,5,19,0.021728407591581345,False,128,0
5,5,20,0.02126825414597988,False,128,0
5,5,21,0.021081233397126198,False,128,0
5,5,22,0.022821754217147827,False,128,0
5,5,23,0.020494243130087852,False,128,0
5,5,24,0.022282203659415245,False,128,0
5,5,25,0.02351716347038746,False,128,0
5,5,26,0.02159740775823593,False,128,0
5,5,27,0.024093542248010635,False,128,0
5,5,28,0.022928103804588318,False,128,0
5,5,29,0.021023934707045555,False,128,0
5,5,30,0.02410946413874626,False,128,0
5,5,31,0.025669006630778313,False,128,0
5,5,32,0.024280056357383728,False,128,0
5,5,33,0.022635336965322495,False,128,0
5,5,34,0.025092286989092827,False,128,0
5,5,35,0.024995850399136543,False,128,0
5,5,36,0.021167892962694168,False,128,0
5,5,37,0.02329307049512863,False,128,0
5,5,38,0.024203525856137276,False,128,0
5,5,39,0.027440892532467842,False,128,0
5,5,40,0.027534209191799164,False,128,0
5,5,41,0.02557818591594696,False,128,0
5,5,42,0.024562567472457886,False,128,0
5,5,43,0.024782560765743256,False,128,0
5,5,44,0.023625753819942474,False,128,0
5,5,45,0.02457483857870102,False,128,0
5,5,46,0.022710392251610756,False,128,0
5,5,47,0.026744119822978973,False,128,0
5,5,48,0.02402714267373085,False,128,0
5,5,49,0.02034463919699192,True,128,0
5,0,0,0.02003120258450508,False,128,1
5,0,1,0.012845102697610855,False,128,1
5,0,2,0.014616723172366619,False,128,1
5,0,3,0.014429447241127491,False,128,1
5,0,4,0.016029829159379005,False,128,1
5,0,5,0.016091741621494293,False,128,1
5,0,6,0.016545366495847702,False,128,1
5,0,7,0.016520841047167778,False,128,1
5,0,8,0.019092431291937828,False,128,1
5,0,9,0.0178694948554039,False,128,1
5,0,10,0.017037460580468178,False,128,1
5,0,11,0.01673402450978756,False,128,1
5,0,12,0.01730823703110218,False,128,1
5,0,13,0.01657111942768097,False,128,1
5,0,14,0.0162703488022089,False,128,1
5,0,15,0.016875972971320152,False,128,1
5,0,16,0.020181115716695786,False,128,1
5,0,17,0.01723562926054001,False,128,1
5,0,18,0.016377780586481094,False,128,1
5,0,19,0.016665151342749596,False,128,1
5,0,20,0.01691741682589054,False,128,1
5,0,21,0.015407709404826164,False,128,1
5,0,22,0.0179316196590662,False,128,1
5,0,23,0.014984789304435253,False,128,1
5,0,24,0.018735967576503754,False,128,1
5,0,25,0.01875498704612255,False,128,1
5,0,26,0.016410479322075844,False,128,1
5,0,27,0.015118253417313099,False,128,1
5,0,28,0.015981514006853104,False,128,1
5,0,29,0.017782606184482574,False,128,1
5,0,30,0.017466779798269272,False,128,1
5,0,31,0.01572844758629799,False,128,1
5,0,32,0.014456980861723423,False,128,1
5,0,33,0.016821200028061867,False,128,1
5,0,34,0.018247371539473534,False,128,1
5,0,35,0.018957432359457016,False,128,1
5,0,36,0.016081510111689568,False,128,1
5,0,37,0.02016133815050125,False,128,1
5,0,38,0.016298076137900352,False,128,1
5,0,39,0.014270354993641376,False,128,1
5,0,40,0.020066946744918823,False,128,1
5,0,41,0.01480679027736187,False,128,1
5,0,42,0.01782759465277195,False,128,1
5,0,43,0.012673862278461456,False,128,1
5,0,44,0.017179153859615326,False,128,1
5,0,45,0.015440581366419792,False,128,1
5,0,46,0.014361904002726078,False,128,1
5,0,47,0.017362624406814575,False,128,1
5,0,48,0.017510101199150085,False,128,1
5,0,49,0.18092657625675201,True,128,1
5,1,0,0.025101298466324806,False,128,1
5,1,1,0.010452698916196823,False,128,1
5,1,2,0.010705934837460518,False,128,1
5,1,3,0.013515738770365715,False,128,1
5,1,4,0.011810030788183212,False,128,1
5,1,5,0.011739784851670265,False,128,1
5,1,6,0.013373036868870258,False,128,1
5,1,7,0.013400443829596043,False,128,1
5,1,8,0.015437171794474125,False,128,1
5,1,9,0.014303939417004585,False,128,1
5,1,10,0.015100876800715923,False,128,1
5,1,11,0.013820402324199677,False,128,1
5,1,12,0.014002322219312191,False,128,1
5,1,13,0.017020348459482193,False,128,1
5,1,14,0.01516430452466011,False,128,1
5,1,15,0.016307108104228973,False,128,1
5,1,16,0.017979079857468605,False,128,1
5,1,17,0.018552005290985107,False,128,1
5,1,18,0.017099780961871147,False,128,1
5,1,19,0.017040271311998367,False,128,1
5,1,20,0.015663014724850655,False,128,1
5,1,21,0.017561357468366623,False,128,1
5,1,22,0.01840500719845295,False,128,1
5,1,23,0.017033251002430916,False,128,1
5,1,24,0.020314272493124008,False,128,1
5,1,25,0.02116137556731701,False,128,1
5,1,26,0.017473502084612846,False,128,1
5,1,27,0.019369885325431824,False,128,1
5,1,28,0.020558692514896393,False,128,1
5,1,29,0.01789034903049469,False,128,1
5,1,30,0.020676912739872932,False,128,1
5,1,31,0.02083885855972767,False,128,1
5,1,32,0.023391209542751312,False,128,1
5,1,33,0.020748145878314972,False,128,1
5,1,34,0.022977206856012344,False,128,1
5,1,35,0.021720368415117264,False,128,1
5,1,36,0.021938923746347427,False,128,1
5,1,37,0.02252575010061264,False,128,1
5,1,38,0.021170426160097122,False,128,1
5,1,39,0.023535702377557755,False,128,1
5,1,40,0.02291226014494896,False,128,1
5,1,41,0.025057699531316757,False,128,1
5,1,42,0.022320503368973732,False,128,1
5,1,43,0.02317773550748825,False,128,1
5,1,44,0.022237086668610573,False,128,1
5,1,45,0.025586731731891632,False,128,1
5,1,46,0.024723172187805176,False,128,1
5,1,47,0.023243853822350502,False,128,1
5,1,48,0.021592188626527786,False,128,1
5,1,49,0.08226796984672546,True,128,1
5,2,0,0.02756088227033615,False,128,1
5,2,1,0.009765422903001308,False,128,1
5,2,2,0.009962753392755985,False,128,1
5,2,3,0.009779122658073902,False,128,1
5,2,4,0.01152120903134346,False,128,1
5,2,5,0.010912218131124973,False,128,1
5,2,6,0.010502250865101814,False,128,1
5,2,7,0.010555697605013847,False,128,1
5,2,8,0.012562532909214497,False,128,1
5,2,9,0.014184284023940563,False,128,1
5,2,10,0.01241487730294466,False,128,1
5,2,11,0.014975388534367085,False,128,1
5,2,12,0.01435964833945036,False,128,1
5,2,13,0.014926508069038391,False,128,1
5,2,14,0.015361471101641655,False,128,1
5,2,15,0.016650591045618057,False,128,1
5,2,16,0.01853271760046482,False,128,1
5,2,17,0.01857299543917179,False,128,1
5,2,18,0.01747800223529339,False,128,1
5,2,19,0.017458900809288025,False,128,1
5,2,20,0.015294529497623444,False,128,1
5,2,21,0.0169904213398695,False,128,1
5,2,22,0.02122063934803009,False,128,1
5,2,23,0.017344001680612564,False,128,1
5,2,24,0.02123674377799034,False,128,1
5,2,25,0.02626466378569603,False,128,1
5,2,26,0.019780129194259644,False,128,1
5,2,27,0.018771786242723465,False,128,1
5,2,28,0.019882164895534515,False,128,1
5,2,29,0.019671866670250893,False,128,1
5,2,30,0.024555668234825134,False,128,1
5,2,31,0.024386616423726082,False,128,1
5,2,32,0.021191813051700592,False,128,1
5,2,33,0.02228943444788456,False,128,1
5,2,34,0.03135724365711212,False,128,1
5,2,35,0.024486903101205826,False,128,1
5,2,36,0.019556017592549324,False,128,1
5,2,37,0.023990856483578682,False,128,1
5,2,38,0.020252522081136703,False,128,1
5,2,39,0.02981610782444477,False,128,1
5,2,40,0.033786922693252563,False,128,1
5,2,41,0.020875299349427223,False,128,1
5,2,42,0.023068860173225403,False,128,1
5,2,43,0.03133919835090637,False,128,1
5,2,44,0.022855469956994057,False,128,1
5,2,45,0.034327633678913116,False,128,1
5,2,46,0.021688908338546753,False,128,1
5,2,47,0.027693845331668854,False,128,1
5,2,48,0.020517580211162567,False,128,1
5,2,49,0.03746867552399635,True,128,1
5,3,0,0.028470277786254883,False,128,1
5,3,1,0.012362523004412651,False,128,1
5,3,2,0.012774834409356117,False,128,1
5,3,3,0.011678069829940796,False,128,1
5,3,4,0.011145249009132385,False,128,1
5,3,5,0.011996553279459476,False,128,1
5,3,6,0.011458959430456161,False,128,1
5,3,7,0.012547663412988186,False,128,1
5,3,8,0.010524420067667961,False,128,1
5,3,9,0.014948597177863121,False,128,1
5,3,10,0.010642735287547112,False,128,1
5,3,11,0.015355683863162994,False,128,1
5,3,12,0.014633138664066792,False,128,1
5,3,13,0.014162647537887096,False,128,1
5,3,14,0.017106439918279648,False,128,1
5,3,15,0.019910946488380432,False,128,1
5,3,16,0.0204265546053648,False,128,1
5,3,17,0.01842537894845009,False,128,1
5,3,18,0.02041555568575859,False,128,1
5,3,19,0.015955867245793343,False,128,1
5,3,20,0.016799502074718475,False,128,1
5,3,21,0.019970659166574478,False,128,1
5,3,22,0.019629769027233124,False,128,1
5,3,23,0.019135285168886185,False,128,1
5,3,24,0.025650102645158768,False,128,1
5,3,25,0.0210726335644722,False,128,1
5,3,26,0.023187147453427315,False,128,1
5,3,27,0.02187974564731121,False,128,1
5,3,28,0.02257789485156536,False,128,1
5,3,29,0.02520143613219261,False,128,1
5,3,30,0.022860676050186157,False,128,1
5,3,31,0.020750408992171288,False,128,1
5,3,32,0.025065522640943527,False,128,1
5,3,33,0.022942697629332542,False,128,1
5,3,34,0.025831691920757294,False,128,1
5,3,35,0.02615881897509098,False,128,1
5,3,36,0.022076282650232315,False,128,1
5,3,37,0.022529922425746918,False,128,1
5,3,38,0.019242526963353157,False,128,1
5,3,39,0.01970582827925682,False,128,1
5,3,40,0.027469933032989502,False,128,1
5,3,41,0.023185811936855316,False,128,1
5,3,42,0.02478818967938423,False,128,1
5,3,43,0.021099573001265526,False,128,1
5,3,44,0.02545096166431904,False,128,1
5,3,45,0.020161425694823265,False,128,1
5,3,46,0.02547905035316944,False,128,1
5,3,47,0.021481208503246307,False,128,1
5,3,48,0.02286699414253235,False,128,1
5,3,49,0.04080619663000107,True,128,1
5,4,0,0.01809288002550602,False,128,1
5,4,1,0.010490835644304752,False,128,1
5,4,2,0.013159351423382759,False,128,1
5,4,3,0.011714420281350613,False,128,1
5,4,4,0.01430485025048256,False,128,1
5,4,5,0.015489988029003143,False,128,1
5,4,6,0.015978360548615456,False,128,1
5,4,7,0.013781529851257801,False,128,1
5,4,8,0.012822164222598076,False,128,1
5,4,9,0.015925664454698563,False,128,1
5,4,10,0.014667926356196404,False,128,1
5,4,11,0.017209632322192192,False,128,1
5,4,12,0.020996512845158577,False,128,1
5,4,13,0.01646575890481472,False,128,1
5,4,14,0.018895624205470085,False,128,1
5,4,15,0.022737640887498856,False,128,1
5,4,16,0.02157658338546753,False,128,1
5,4,17,0.020701128989458084,False,128,1
5,4,18,0.022404594346880913,False,128,1
5,4,19,0.018227122724056244,False,128,1
5,4,20,0.015749163925647736,False,128,1
5,4,21,0.02084430493414402,False,128,1
5,4,22,0.019741199910640717,False,128,1
5,4,23,0.020806659013032913,False,128,1
5,4,24,0.023253491148352623,False,128,1
5,4,25,0.02143864706158638,False,128,1
5,4,26,0.021079447120428085,False,128,1
5,4,27,0.022210868075489998,False,128,1
5,4,28,0.02352059818804264,False,128,1
5,4,29,0.021632719784975052,False,128,1
5,4,30,0.02284012921154499,False,128,1
5,4,31,0.021117588505148888,False,128,1
5,4,32,0.024896524846553802,False,128,1
5,4,33,0.021992027759552002,False,128,1
5,4,34,0.025881905108690262,False,128,1
5,4,35,0.025457939133048058,False,128,1
5,4,36,0.023005124181509018,False,128,1
5,4,37,0.01977257989346981,False,128,1
5,4,38,0.02072511613368988,False,128,1
5,4,39,0.019713331013917923,False,128,1
5,4,40,0.025503095239400864,False,128,1
5,4,41,0.02345372550189495,False,128,1
5,4,42,0.023467037826776505,False,128,1
5,4,43,0.020703639835119247,False,128,1
5,4,44,0.02109733410179615,False,128,1
5,4,45,0.01907309517264366,False,128,1
5,4,46,0.02394390106201172,False,128,1
5,4,47,0.02070634812116623,False,128,1
5,4,48,0.021836785599589348,False,128,1
5,4,49,0.028893114998936653,True,128,1
5,5,0,0.005619900766760111,False,128,1
5,5,1,0.00429123267531395,False,128,1
5,5,2,0.00652896985411644,False,128,1
5,5,3,0.008151485584676266,False,128,1
5,5,4,0.009034071117639542,False,128,1
5,5,5,0.010522553697228432,False,128,1
5,5,6,0.012691862881183624,False,128,1
5,5,7,0.013487698510289192,False,128,1
5,5,8,0.01268801186233759,False,128,1
5,5,9,0.01434862706810236,False,128,1
5,5,10,0.0157866682857275,False,128,1
5,5,11,0.01594419591128826,False,128,1
5,5,12,0.017365682870149612,False,128,1
5,5,13,0.01813940703868866,False,128,1
5,5,14,0.019176393747329712,False,128,1
5,5,15,0.019139669835567474,False,128,1
5,5,16,0.020579159259796143,False,128,1
5,5,17,0.021953247487545013,False,128,1
5,5,18,0.021153932437300682,False,128,1
5,5,19,0.020601261407136917,False,128,1
5,5,20,0.019223274663090706,False,128,1
5,5,21,0.01986096054315567,False,128,1
5,5,22,0.02195928618311882,False,128,1
5,5,23,0.020157434046268463,False,128,1
5,5,24,0.023411497473716736,False,128,1
5,5,25,0.024846091866493225,False,128,1
5,5,26,0.021003879606723785,False,128,1
5,5,27,0.021928587928414345,False,128,1
5,5,28,0.022392496466636658,False,128,1
5,5,29,0.024536555632948875,False,128,1
5,5,30,0.02506903186440468,False,128,1
5,5,31,0.02405747026205063,False,128,1
5,5,32,0.025593239814043045,False,128,1
5,5,33,0.023481857031583786,False,128,1
5,5,34,0.02733243629336357,False,128,1
5,5,35,0.02683018520474434,False,128,1
5,5,36,0.023885661736130714,False,128,1
5,5,37,0.024064332246780396,False,128,1
5,5,38,0.023235494270920753,False,128,1
5,5,39,0.025286557152867317,False,128,1
5,5,40,0.027414659038186073,False,128,1
5,5,41,0.024091850966215134,False,128,1
5,5,42,0.027207862585783005,False,128,1
5,5,43,0.023886654525995255,False,128,1
5,5,44,0.024662761017680168,False,128,1
5,5,45,0.024163108319044113,False,128,1
5,5,46,0.024312101304531097,False,128,1
5,5,47,0.02578958310186863,False,128,1
5,5,48,0.023472389206290245,False,128,1
5,5,49,0.019638672471046448,True,128,1
5,0,0,0.01985948532819748,False,128,2
5,0,1,0.014084741473197937,False,128,2
5,0,2,0.0144699951633811,False,128,2
5,0,3,0.014559834264218807,False,128,2
5,0,4,0.016925519332289696,False,128,2
5,0,5,0.016731590032577515,False,128,2
5,0,6,0.017571276053786278,False,128,2
5,0,7,0.01832696422934532,False,128,2
5,0,8,0.018472371622920036,False,128,2
5,0,9,0.01870015822350979,False,128,2
5,0,10,0.01772119663655758,False,128,2
5,0,11,0.017350783571600914,False,128,2
5,0,12,0.01755438558757305,False,128,2
5,0,13,0.01725490391254425,False,128,2
5,0,14,0.01694588176906109,False,128,2
5,0,15,0.016326580196619034,False,128,2
5,0,16,0.020308708772063255,False,128,2
5,0,17,0.0176019836217165,False,128,2
5,0,18,0.015177400782704353,False,128,2
5,0,19,0.017386142164468765,False,128,2
5,0,20,0.0177006796002388,False,128,2
5,0,21,0.015066217631101608,False,128,2
5,0,22,0.01887945830821991,False,128,2
5,0,23,0.01565425843000412,False,128,2
5,0,24,0.019539762288331985,False,128,2
5,0,25,0.017880335450172424,False,128,2
5,0,26,0.01641281321644783,False,128,2
5,0,27,0.014992271549999714,False,128,2
5,0,28,0.01554332859814167,False,128,2
5,0,29,0.016431938856840134,False,128,2
5,0,30,0.01756494864821434,False,128,2
5,0,31,0.014437878504395485,False,128,2
5,0,32,0.015217677690088749,False,128,2
5,0,33,0.017070401459932327,False,128,2
5,0,34,0.017005231231451035,False,128,2
5,0,35,0.017410188913345337,False,128,2
5,0,36,0.016495516523718834,False,128,2
5,0,37,0.020752863958477974,False,128,2
5,0,38,0.015494146384298801,False,128,2
5,0,39,0.013759402558207512,False,128,2
5,0,40,0.01756003499031067,False,128,2
5,0,41,0.014757047407329082,False,128,2
5,0,42,0.019389795139431953,False,128,2
5,0,43,0.012429582886397839,False,128,2
5,0,44,0.018311193212866783,False,128,2
5,0,45,0.014186813496053219,False,128,2
5,0,46,0.013930687680840492,False,128,2
5,0,47,0.016825055703520775,False,128,2
5,0,48,0.01914091594517231,False,128,2
5,0,49,0.17682965099811554,True,128,2
5,1,0,0.02601339854300022,False,128,2
5,1,1,0.010092344135046005,False,128,2
5,1,2,0.010976875200867653,False,128,2
5,1,3,0.013063990511000156,False,128,2
5,1,4,0.01186008844524622,False,128,2
5,1,5,0.01256472896784544,False,128,2
5,1,6,0.01364120002835989,False,128,2
5,1,7,0.013403084129095078,False,128,2
5,1,8,0.014231527224183083,False,128,2
5,1,9,0.01447062473744154,False,128,2
5,1,10,0.01627202145755291,False,128,2
5,1,11,0.013840570114552975,False,128,2
5,1,12,0.014688119292259216,False,128,2
5,1,13,0.017520777881145477,False,128,2
5,1,14,0.015039498917758465,False,128,2
5,1,15,0.016450636088848114,False,128,2
5,1,16,0.01821051724255085,False,128,2
5,1,17,0.01778320223093033,False,128,2
5,1,18,0.01672285795211792,False,128,2
5,1,19,0.01839655637741089,False,128,2
5,1,20,0.016213655471801758,False,128,2
5,1,21,0.01693141460418701,False,128,2
5,1,22,0.018729280680418015,False,128,2
5,1,23,0.01847769133746624,False,128,2
5,1,24,0.020962592214345932,False,128,2
5,1,25,0.021280281245708466,False,128,2
5,1,26,0.018511837348341942,False,128,2
5,1,27,0.01866517961025238,False,128,2
5,1,28,0.019378401339054108,False,128,2
5,1,29,0.017973650246858597,False,128,2
5,1,30,0.020243391394615173,False,128,2
5,1,31,0.02089592069387436,False,128,2
5,1,32,0.022673916071653366,False,128,2
5,1,33,0.02176971733570099,False,128,2
5,1,34,0.023029599338769913,False,128,2
5,1,35,0.02090621553361416,False,128,2
5,1,36,0.02267199568450451,False,128,2
5,1,37,0.02091350220143795,False,128,2
5,1,38,0.022342467680573463,False,128,2
5,1,39,0.02380445785820484,False,128,2
5,1,40,0.022276371717453003,False,128,2
5,1,41,0.0235749538987875,False,128,2
5,1,42,0.022711575031280518,False,128,2
5,1,43,0.023452628403902054,False,128,2
5,1,44,0.022392522543668747,False,128,2
5,1,45,0.02556394599378109,False,128,2
5,1,46,0.02466050162911415,False,128,2
5,1,47,0.02329721488058567,False,128,2
5,1,48,0.022573234513401985,False,128,2
5,1,49,0.07787926495075226,True,128,2
5,2,0,0.02751254104077816,False,128,2
5,2,1,0.009702354669570923,False,128,2
5,2,2,0.010240641422569752,False,128,2
5,2,3,0.009986774995923042,False,128,2
5,2,4,0.011303874664008617,False,128,2
5,2,5,0.011364421807229519,False,128,2
5,2,6,0.011052712798118591,False,128,2
5,2,7,0.011236900463700294,False,128,2
5,2,8,0.013914383016526699,False,128,2
5,2,9,0.013881978578865528,False,128,2
5,2,10,0.013654569163918495,False,128,2
5,2,11,0.01407894678413868,False,128,2
5,2,12,0.015202347189188004,False,128,2
5,2,13,0.014895236119627953,False,128,2
5,2,14,0.014074133709073067,False,128,2
5,2,15,0.01721675507724285,False,128,2
5,2,16,0.019581563770771027,False,128,2
5,2,17,0.017224175855517387,False,128,2
5,2,18,0.0167269054800272,False,128,2
5,2,19,0.017545467242598534,False,128,2
5,2,20,0.016836632043123245,False,128,2
5,2,21,0.01765754632651806,False,128,2
5,2,22,0.020042942836880684,False,128,2
5,2,23,0.018601099029183388,False,128,2
5,2,24,0.021421940997242928,False,128,2
5,2,25,0.023859191685914993,False,128,2
5,2,26,0.018402613699436188,False,128,2
5,2,27,0.019826315343379974,False,128,2
5,2,28,0.020960722118616104,False,128,2
5,2,29,0.019743796437978745,False,128,2
5,2,30,0.023952189832925797,False,128,2
5,2,31,0.023167086765170097,False,128,2
5,2,32,0.019784415140748024,False,128,2
5,2,33,0.02317982353270054,False,128,2
5,2,34,0.029919516295194626,False,128,2
5,2,35,0.024543799459934235,False,128,2
5,2,36,0.02067037858068943,False,128,2
5,2,37,0.025630025193095207,False,128,2
5,2,38,0.023578830063343048,False,128,2
5,2,39,0.028394049033522606,False,128,2
5,2,40,0.030633997172117233,False,128,2
5,2,41,0.020764276385307312,False,128,2
5,2,42,0.02429933100938797,False,128,2
5,2,43,0.028566639870405197,False,128,2
5,2,44,0.023827021941542625,False,128,2
5,2,45,0.03287459909915924,False,128,2
5,2,46,0.021480876952409744,False,128,2
5,2,47,0.02795444056391716,False,128,2
5,2,48,0.023440245538949966,False,128,2
5,2,49,0.03558897599577904,True,128,2
5,3,0,0.024221103638410568,False,128,2
5,3,1,0.010002175346016884,False,128,2
5,3,2,0.011394563131034374,False,128,2
5,3,3,0.011037458665668964,False,128,2
5,3,4,0.011776064522564411,False,128,2
5,3,5,0.013054519891738892,False,128,2
5,3,6,0.013481900095939636,False,128,2
5,3,7,0.01131011825054884,False,128,2
5,3,8,0.015110288746654987,False,128,2
5,3,9,0.013332624919712543,False,128,2
5,3,10,0.01612141728401184,False,128,2
5,3,11,0.01571246236562729,False,128,2
5,3,12,0.014958357438445091,False,128,2
5,3,13,0.01661764271557331,False,128,2
5,3,14,0.015709927305579185,False,128,2
5,3,15,0.02189161628484726,False,128,2
5,3,16,0.020574335008859634,False,128,2
5,3,17,0.015058597549796104,False,128,2
5,3,18,0.016128819435834885,False,128,2
5,3,19,0.020093364641070366,False,128,2
5,3,20,0.020457658916711807,False,128,2
5,3,21,0.01717831939458847,False,128,2
5,3,22,0.017163870856165886,False,128,2
5,3,23,0.018573729321360588,False,128,2
5,3,24,0.0209353044629097,False,128,2
5,3,25,0.021661482751369476,False,128,2
5,3,26,0.017335424199700356,False,128,2
5,3,27,0.021721359342336655,False,128,2
5,3,28,0.020197013393044472,False,128,2
5,3,29,0.02304004691541195,False,128,2
5,3,30,0.022348789498209953,False,128,2
5,3,31,0.01877112314105034,False,128,2
5,3,32,0.02035686746239662,False,128,2
5,3,33,0.022471755743026733,False,128,2
5,3,34,0.02593120187520981,False,128,2
5,3,35,0.02820204198360443,False,128,2
5,3,36,0.022801315411925316,False,128,2
5,3,37,0.027250438928604126,False,128,2
5,3,38,0.02818421646952629,False,128,2
5,3,39,0.02473030611872673,False,128,2
5,3,40,0.020818449556827545,False,128,2
5,3,41,0.0222950279712677,False,128,2
5,3,42,0.02555173635482788,False,128,2
5,3,43,0.021352387964725494,False,128,2
5,3,44,0.02551247924566269,False,128,2
5,3,45,0.024122433736920357,False,128,2
5,3,46,0.02530047297477722,False,128,2
5,3,47,0.02666482701897621,False,128,2
5,3,48,0.021706895902752876,False,128,2
5,3,49,0.03977566584944725,True,128,2
5,4,0,0.01755729503929615,False,128,2
5,4,1,0.010282499715685844,False,128,2
5,4,2,0.011705162934958935,False,128,2
5,4,3,0.013814618811011314,False,128,2
5,4,4,0.014781830832362175,False,128,2
5,4,5,0.015573390759527683,False,128,2
5,4,6,0.018136901780962944,False,128,2
5,4,7,0.012546027079224586,False,128,2
5,4,8,0.018585847690701485,False,128,2
5,4,9,0.014988996088504791,False,128,2
5,4,10,0.01881115511059761,False,128,2
5,4,11,0.01900380663573742,False,128,2
5,4,12,0.018621863797307014,False,128,2
5,4,13,0.019139010459184647,False,128,2
5,4,14,0.019825546070933342,False,128,2
5,4,15,0.02315562218427658,False,128,2
5,4,16,0.022790810093283653,False,128,2
5,4,17,0.016684653237462044,False,128,2
5,4,18,0.01786264032125473,False,128,2
5,4,19,0.022399701178073883,False,128,2
5,4,20,0.022102216258645058,False,128,2
5,4,21,0.018292801454663277,False,128,2
5,4,22,0.016789326444268227,False,128,2
5,4,23,0.01925949938595295,False,128,2
5,4,24,0.01946263574063778,False,128,2
5,4,25,0.023342315107584,False,128,2
5,4,26,0.01813177578151226,False,128,2
5,4,27,0.02465379610657692,False,128,2
5,4,28,0.021976789459586143,False,128,2
5,4,29,0.019473232328891754,False,128,2
5,4,30,0.021209480240941048,False,128,2
5,4,31,0.02059089206159115,False,128,2
5,4,32,0.020615991204977036,False,128,2
5,4,33,0.01937948353588581,False,128,2
5,4,34,0.02334822528064251,False,128,2
5,4,35,0.026691924780607224,False,128,2
5,4,36,0.02434551902115345,False,128,2
5,4,37,0.02465134486556053,False,128,2
5,4,38,0.024635136127471924,False,128,2
5,4,39,0.023380659520626068,False,128,2
5,4,40,0.019641779363155365,False,128,2
5,4,41,0.01983609050512314,False,128,2
5,4,42,0.02175995148718357,False,128,2
5,4,43,0.02189388871192932,False,128,2
5,4,44,0.022716348990797997,False,128,2
5,4,45,0.021296165883541107,False,128,2
5,4,46,0.02118092030286789,False,128,2
5,4,47,0.022404303774237633,False,128,2
5,4,48,0.02113710716366768,False,128,2
5,4,49,0.0295330211520195,True,128,2
5,5,0,0.005366571247577667,False,128,2
5,5,1,0.004251082893460989,False,128,2
5,5,2,0.005852119997143745,False,128,2
5,5,3,0.008480890654027462,False,128,2
5,5,4,0.009002773091197014,False,128,2
5,5,5,0.010559412650763988,False,128,2
5,5,6,0.013465436175465584,False,128,2
5,5,7,0.01161679346114397,False,128,2
5,5,8,0.01485153567045927,False,128,2
5,5,9,0.014076899737119675,False,128,2
5,5,10,0.0173299852758646,False,128,2
5,5,11,0.01606229692697525,False,128,2
5,5,12,0.016737159341573715,False,128,2
5,5,13,0.019230680540204048,False,128,2
5,5,14,0.019264748319983482,False,128,2
5,5,15,0.019671231508255005,False,128,2
5,5,16,0.020296961069107056,False,128,2
5,5,17,0.019739681854844093,False,128,2
5,5,18,0.01947542279958725,False,128,2
5,5,19,0.022172482684254646,False,128,2
5,5,20,0.02105473354458809,False,128,2
5,5,21,0.01911548525094986,False,128,2
5,5,22,0.020730264484882355,False,128,2
5,5,23,0.02152358740568161,False,128,2
5,5,24,0.023237133398652077,False,128,2
5,5,25,0.024597221985459328,False,128,2
5,5,26,0.019847378134727478,False,128,2
5,5,27,0.023810703307390213,False,128,2
5,5,28,0.023136457428336143,False,128,2
5,5,29,0.021710216999053955,False,128,2
5,5,30,0.023646244779229164,False,128,2
5,5,31,0.023180793970823288,False,128,2
5,5,32,0.024706009775400162,False,128,2
5,5,33,0.02323845401406288,False,128,2
5,5,34,0.025799963623285294,False,128,2
5,5,35,0.025754200294613838,False,128,2
5,5,36,0.024722836911678314,False,128,2
5,5,37,0.0252908393740654,False,128,2
5,5,38,0.02539943903684616,False,128,2
5,5,39,0.02647092565894127,False,128,2
5,5,40,0.024356205016374588,False,128,2
5,5,41,0.023923194035887718,False,128,2
5,5,42,0.025664832442998886,False,128,2
5,5,43,0.0266273133456707,False,128,2
5,5,44,0.02504361979663372,False,128,2
5,5,45,0.024155739694833755,False,128,2
5,5,46,0.025272298604249954,False,128,2
5,5,47,0.026125119999051094,False,128,2
5,5,48,0.024221470579504967,False,128,2
5,5,49,0.020133156329393387,True,128,2
5,0,0,0.019549567252397537,False,128,3
5,0,1,0.013163807801902294,False,128,3
5,0,2,0.013715618290007114,False,128,3
5,0,3,0.013550704345107079,False,128,3
5,0,4,0.01648475043475628,False,128,3
5,0,5,0.015953797847032547,False,128,3
5,0,6,0.01669219136238098,False,128,3
5,0,7,0.016488339751958847,False,128,3
5,0,8,0.01878330111503601,False,128,3
5,0,9,0.01787087507545948,False,128,3
5,0,10,0.017603101208806038,False,128,3
5,0,11,0.016045834869146347,False,128,3
5,0,12,0.01838104799389839,False,128,3
5,0,13,0.017675314098596573,False,128,3
5,0,14,0.0169084295630455,False,128,3
5,0,15,0.01715141162276268,False,128,3
5,0,16,0.02042524330317974,False,128,3
5,0,17,0.017236003652215004,False,128,3
5,0,18,0.015449924394488335,False,128,3
5,0,19,0.01622321642935276,False,128,3
5,0,20,0.0160734374076128,False,128,3
5,0,21,0.014555083587765694,False,128,3
5,0,22,0.018816540017724037,False,128,3
5,0,23,0.014375591650605202,False,128,3
5,0,24,0.0190914086997509,False,128,3
5,0,25,0.017583126202225685,False,128,3
5,0,26,0.01577070914208889,False,128,3
5,0,27,0.014842361211776733,False,128,3
5,0,28,0.015500547364354134,False,128,3
5,0,29,0.017437294125556946,False,128,3
5,0,30,0.018144981935620308,False,128,3
5,0,31,0.015796026214957237,False,128,3
5,0,32,0.015890099108219147,False,128,3
5,0,33,0.016644516959786415,False,128,3
5,0,34,0.017978481948375702,False,128,3
5,0,35,0.017886776477098465,False,128,3
5,0,36,0.015734730288386345,False,128,3
5,0,37,0.017844410613179207,False,128,3
5,0,38,0.01451046857982874,False,128,3
5,0,39,0.0139376325532794,False,128,3
5,0,40,0.019046548753976822,False,128,3
5,0,41,0.0152907008305192,False,128,3
5,0,42,0.01953219063580036,False,128,3
5,0,43,0.012023831717669964,False,128,3
5,0,44,0.01801113411784172,False,128,3
5,0,45,0.014258790761232376,False,128,3
5,0,46,0.015258045867085457,False,128,3
5,0,47,0.0168592631816864,False,128,3
5,0,48,0.017509348690509796,False,128,3
5,0,49,0.18844345211982727,True,128,3
5,1,0,0.024937765672802925,False,128,3
5,1,1,0.010485220700502396,False,128,3
5,1,2,0.010060987435281277,False,128,3
5,1,3,0.01300080120563507,False,128,3
5,1,4,0.011575357057154179,False,128,3
5,1,5,0.011729739606380463,False,128,3
5,1,6,0.013375388458371162,False,128,3
5,1,7,0.01319967582821846,False,128,3
5,1,8,0.014521975070238113,False,128,3
5,1,9,0.014445760287344456,False,128,3
5,1,10,0.015741439536213875,False,128,3
5,1,11,0.012906668707728386,False,128,3
5,1,12,0.014071454294025898,False,128,3
5,1,13,0.017497271299362183,False,128,3
5,1,14,0.015580100938677788,False,128,3
5,1,15,0.01673108898103237,False,128,3
5,1,16,0.0177910253405571,False,128,3
5,1,17,0.01764175295829773,False,128,3
5,1,18,0.017627345398068428,False,128,3
5,1,19,0.01755385287106037,False,128,3
5,1,20,0.01668498106300831,False,128,3
5,1,21,0.01828867197036743,False,128,3
5,1,22,0.019277622923254967,False,128,3
5,1,23,0.017859263345599174,False,128,3
5,1,24,0.020085450261831284,False,128,3
5,1,25,0.020982664078474045,False,128,3
5,1,26,0.017021041363477707,False,128,3
5,1,27,0.019693372771143913,False,128,3
5,1,28,0.019793732091784477,False,128,3
5,1,29,0.017871029675006866,False,128,3
5,1,30,0.020940154790878296,False,128,3
5,1,31,0.020049607381224632,False,128,3
5,1,32,0.023180263116955757,False,128,3
5,1,33,0.020831691101193428,False,128,3
5,1,34,0.02226753905415535,False,128,3
5,1,35,0.021790392696857452,False,128,3
5,1,36,0.02234264649450779,False,128,3
5,1,37,0.02110670506954193,False,128,3
5,1,38,0.02159680239856243,False,128,3
5,1,39,0.023561324924230576,False,128,3
5,1,40,0.021996689960360527,False,128,3
5,1,41,0.025977537035942078,False,128,3
5,1,42,0.022612787783145905,False,128,3
5,1,43,0.02359292283654213,False,128,3
5,1,44,0.02218153513967991,False,128,3
5,1,45,0.025132352486252785,False,128,3
5,1,46,0.025391433387994766,False,128,3
5,1,47,0.024949759244918823,False,128,3
5,1,48,0.02255610004067421,False,128,3
5,1,49,0.07990925014019012,True,128,3
5,2,0,0.025594018399715424,False,128,3
5,2,1,0.010185631923377514,False,128,3
5,2,2,0.01039348915219307,False,128,3
5,2,3,0.010233413428068161,False,128,3
5,2,4,0.011148743331432343,False,128,3
5,2,5,0.01259739138185978,False,128,3
5,2,6,0.010328754782676697,False,128,3
5,2,7,0.012305746786296368,False,128,3
5,2,8,0.014561032876372337,False,128,3
5,2,9,0.014506653882563114,False,128,3
5,2,10,0.01296230498701334,False,128,3
5,2,11,0.015059798024594784,False,128,3
5,2,12,0.01561615988612175,False,128,3
5,2,13,0.014063848182559013,False,128,3
5,2,14,0.01523019652813673,False,128,3
5,2,15,0.016671301797032356,False,128,3
5,2,16,0.019346818327903748,False,128,3
5,2,17,0.016821809113025665,False,128,3
5,2,18,0.01896512508392334,False,128,3
5,2,19,0.01606939360499382,False,128,3
5,2,20,0.01806854084134102,False,128,3
5,2,21,0.019451316446065903,False,128,3
5,2,22,0.01941295713186264,False,128,3
5,2,23,0.01996690407395363,False,128,3
5,2,24,0.022492799907922745,False,128,3
5,2,25,0.02075272798538208,False,128,3
5,2,26,0.01982012763619423,False,128,3
5,2,27,0.021837759763002396,False,128,3
5,2,28,0.02169976942241192,False,128,3
5,2,29,0.02158159576356411,False,128,3
5,2,30,0.022458650171756744,False,128,3
5,2,31,0.02245897240936756,False,128,3
5,2,32,0.023487143218517303,False,128,3
5,2,33,0.024660132825374603,False,128,3
5,2,34,0.023499740287661552,False,128,3
5,2,35,0.02476026862859726,False,128,3
5,2,36,0.023329731076955795,False,128,3
5,2,37,0.02656460739672184,False,128,3
5,2,38,0.02339979261159897,False,128,3
5,2,39,0.024084802716970444,False,128,3
5,2,40,0.02825762704014778,False,128,3
5,2,41,0.02412937581539154,False,128,3
5,2,42,0.026108454912900925,False,128,3
5,2,43,0.024234388023614883,False,128,3
5,2,44,0.027817806228995323,False,128,3
5,2,45,0.02538074553012848,False,128,3
5,2,46,0.025882530957460403,False,128,3
5,2,47,0.027133673429489136,False,128,3
5,2,48,0.02463519759476185,False,128,3
5,2,49,0.029970232397317886,True,128,3
5,3,0,0.01696070283651352,False,128,3
5,3,1,0.010414754040539265,False,128,3
5,3,2,0.010854912921786308,False,128,3
5,3,3,0.010897408239543438,False,128,3
5,3,4,0.00983673520386219,False,128,3
5,3,5,0.012116566300392151,False,128,3
5,3,6,0.011969661340117455,False,128,3
5,3,7,0.01110102143138647,False,128,3
5,3,8,0.015316557139158249,False,128,3
5,3,9,0.014181897975504398,False,128,3
5,3,10,0.01453238446265459,False,128,3
5,3,11,0.017172055318951607,False,128,3
5,3,12,0.015490872785449028,False,128,3
5,3,13,0.014331275597214699,False,128,3
5,3,14,0.0146869458258152,False,128,3
5,3,15,0.016128893941640854,False,128,3
5,3,16,0.01845676824450493,False,128,3
5,3,17,0.017567016184329987,False,128,3
5,3,18,0.019995372742414474,False,128,3
5,3,19,0.01860910654067993,False,128,3
5,3,20,0.01814860850572586,False,128,3
5,3,21,0.020841410383582115,False,128,3
5,3,22,0.015994446352124214,False,128,3
5,3,23,0.022254474461078644,False,128,3
5,3,24,0.020734118297696114,False,128,3
5,3,25,0.024294815957546234,False,128,3
5,3,26,0.019812650978565216,False,128,3
5,3,27,0.023484161123633385,False,128,3
5,3,28,0.021250810474157333,False,128,3
5,3,29,0.020924298092722893,False,128,3
5,3,30,0.02206338755786419,False,128,3
5,3,31,0.0260565597563982,False,128,3
5,3,32,0.024729955941438675,False,128,3
5,3,33,0.021967072039842606,False,128,3
5,3,34,0.024191491305828094,False,128,3
5,3,35,0.023708295077085495,False,128,3
5,3,36,0.02583872154355049,False,128,3
5,3,37,0.02484596148133278,False,128,3
5,3,38,0.024086562916636467,False,128,3
5,3,39,0.02427019737660885,False,128,3
5,3,40,0.02307654172182083,False,128,3
5,3,41,0.02503562904894352,False,128,3
5,3,42,0.027460064738988876,False,128,3
5,3,43,0.027243733406066895,False,128,3
5,3,44,0.027953535318374634,False,128,3
5,3,45,0.024747619405388832,False,128,3
5,3,46,0.026096776127815247,False,128,3
5,3,47,0.02473222278058529,False,128,3
5,3,48,0.02632145956158638,False,128,3
5,3,49,0.027213506400585175,True,128,3
5,4,0,0.01497708261013031,False,128,3
5,4,1,0.010516023263335228,False,128,3
5,4,2,0.014027196913957596,False,128,3
5,4,3,0.012635035440325737,False,128,3
5,4,4,0.015408078208565712,False,128,3
5,4,5,0.016455858945846558,False,128,3
5,4,6,0.015168162062764168,False,128,3
5,4,7,0.014959889464080334,False,128,3
5,4,8,0.018803684040904045,False,128,3
5,4,9,0.0185577142983675,False,128,3
5,4,10,0.0165635347366333,False,128,3
5,4,11,0.021766308695077896,False,128,3
5,4,12,0.01819036528468132,False,128,3
5,4,13,0.01825878396630287,False,128,3
5,4,14,0.01462590228766203,False,128,3
5,4,15,0.02051367796957493,False,128,3
5,4,16,0.02022571861743927,False,128,3
5,4,17,0.020059125497937202,False,128,3
5,4,18,0.020690258592367172,False,128,3
5,4,19,0.01876329630613327,False,128,3
5,4,20,0.021615643054246902,False,128,3
5,4,21,0.021512730047106743,False,128,3
5,4,22,0.014881806448101997,False,128,3
5,4,23,0.022285832092165947,False,128,3
5,4,24,0.019169803708791733,False,128,3
5,4,25,0.024455856531858444,False,128,3
5,4,26,0.01840028166770935,False,128,3
5,4,27,0.023198962211608887,False,128,3
5,4,28,0.018402444198727608,False,128,3
5,4,29,0.020933300256729126,False,128,3
5,4,30,0.019076764583587646,False,128,3
5,4,31,0.022809742018580437,False,128,3
5,4,32,0.022466015070676804,False,128,3
5,4,33,0.019401272758841515,False,128,3
5,4,34,0.020945444703102112,False,128,3
5,4,35,0.02232198603451252,False,128,3
5,4,36,0.024504393339157104,False,128,3
5,4,37,0.023867914453148842,False,128,3
5,4,38,0.022325025871396065,False,128,3
5,4,39,0.021031862124800682,False,128,3
5,4,40,0.020360788330435753,False,128,3
5,4,41,0.021177170798182487,False,128,3
5,4,42,0.0250470582395792,False,128,3
5,4,43,0.023020245134830475,False,128,3
5,4,44,0.024811826646327972,False,128,3
5,4,45,0.019518503919243813,False,128,3
5,4,46,0.022066820412874222,False,128,3
5,4,47,0.02360791340470314,False,128,3
5,4,48,0.024082109332084656,False,128,3
5,4,49,0.031534790992736816,True,128,3
5,5,0,0.00593188451603055,False,128,3
5,5,1,0.0043076081201434135,False,128,3
5,5,2,0.007105994503945112,False,128,3
5,5,3,0.009872867725789547,False,128,3
5,5,4,0.00939051155000925,False,128,3
5,5,5,0.011613684706389904,False,128,3
5,5,6,0.01338370144367218,False,128,3
5,5,7,0.01399820577353239,False,128,3
5,5,8,0.015766581520438194,False,128,3
5,5,9,0.01566757820546627,False,128,3
5,5,10,0.017078116536140442,False,128,3
5,5,11,0.017692139372229576,False,128,3
5,5,12,0.017559686675667763,False,128,3
5,5,13,0.01857849769294262,False,128,3
5,5,14,0.015836091712117195,False,128,3
5,5,15,0.020331040024757385,False,128,3
5,5,16,0.019353587180376053,False,128,3
5,5,17,0.020601294934749603,False,128,3
5,5,18,0.020604420453310013,False,128,3
5,5,19,0.021213140338659286,False,128,3
5,5,20,0.021976003423333168,False,128,3
5,5,21,0.021939966827630997,False,128,3
5,5,22,0.020144574344158173,False,128,3
5,5,23,0.022272571921348572,False,128,3
5,5,24,0.021768201142549515,False,128,3
5,5,25,0.02437104843556881,False,128,3
5,5,26,0.02007167786359787,False,128,3
5,5,27,0.02317138947546482,False,128,3
5,5,28,0.021903399378061295,False,128,3
5,5,29,0.022554639726877213,False,128,3
5,5,30,0.02352708950638771,False,128,3
5,5,31,0.0246152114123106,False,128,3
5,5,32,0.023930251598358154,False,128,3
5,5,33,0.02184675633907318,False,128,3
5,5,34,0.02411356195807457,False,128,3
5,5,35,0.02319413237273693,False,128,3
5,5,36,0.024286821484565735,False,128,3
5,5,37,0.025054410099983215,False,128,3
5,5,38,0.024080321192741394,False,128,3
5,5,39,0.02555243670940399,False,128,3
5,5,40,0.02434610202908516,False,128,3
5,5,41,0.02325342409312725,False,128,3
5,5,42,0.02604624070227146,False,128,3
5,5,43,0.026256483048200607,False,128,3
5,5,44,0.025742240250110626,False,128,3
5,5,45,0.023843400180339813,False,128,3
5,5,46,0.02348071150481701,False,128,3
5,5,47,0.02441643923521042,False,128,3
5,5,48,0.02486531436443329,False,128,3
5,5,49,0.02148856595158577,True,128,3
5,0,0,0.01924188993871212,False,128,4
5,0,1,0.012836913578212261,False,128,4
5,0,2,0.014184195548295975,False,128,4
5,0,3,0.014432757161557674,False,128,4
5,0,4,0.015760542824864388,False,128,4
5,0,5,0.01587769389152527,False,128,4
5,0,6,0.016635801643133163,False,128,4
5,0,7,0.01670406013727188,False,128,4
5,0,8,0.01826637051999569,False,128,4
5,0,9,0.01724848523736,False,128,4
5,0,10,0.017568573355674744,False,128,4
5,0,11,0.016646159812808037,False,128,4
5,0,12,0.018064340576529503,False,128,4
5,0,13,0.017459703609347343,False,128,4
5,0,14,0.017678091302514076,False,128,4
5,0,15,0.016834108158946037,False,128,4
5,0,16,0.01881439797580242,False,128,4
5,0,17,0.018346624448895454,False,128,4
5,0,18,0.014206303283572197,False,128,4
5,0,19,0.015354626812040806,False,128,4
5,0,20,0.01670079678297043,False,128,4
5,0,21,0.01601838693022728,False,128,4
5,0,22,0.019075922667980194,False,128,4
5,0,23,0.01558057963848114,False,128,4
5,0,24,0.019280381500720978,False,128,4
5,0,25,0.018428964540362358,False,128,4
5,0,26,0.014725894667208195,False,128,4
5,0,27,0.015335164032876492,False,128,4
5,0,28,0.015540477819740772,False,128,4
5,0,29,0.015531264245510101,False,128,4
5,0,30,0.017799463123083115,False,128,4
5,0,31,0.016375046223402023,False,128,4
5,0,32,0.014801904559135437,False,128,4
5,0,33,0.016772622242569923,False,128,4
5,0,34,0.018332578241825104,False,128,4
5,0,35,0.01998322270810604,False,128,4
5,0,36,0.015770267695188522,False,128,4
5,0,37,0.020270302891731262,False,128,4
5,0,38,0.015273429453372955,False,128,4
5,0,39,0.013813016936182976,False,128,4
5,0,40,0.01702236197888851,False,128,4
5,0,41,0.01563570275902748,False,128,4
5,0,42,0.02102936990559101,False,128,4
5,0,43,0.013198953121900558,False,128,4
5,0,44,0.017335880547761917,False,128,4
5,0,45,0.01372753456234932,False,128,4
5,0,46,0.015105554834008217,False,128,4
5,0,47,0.01739916205406189,False,128,4
5,0,48,0.01867777854204178,False,128,4
5,0,49,0.18329636752605438,True,128,4
5,1,0,0.025335729122161865,False,128,4
5,1,1,0.010213625617325306,False,128,4
5,1,2,0.010345807299017906,False,128,4
5,1,3,0.013367002829909325,False,128,4
5,1,4,0.012098419480025768,False,128,4
5,1,5,0.011874884366989136,False,128,4
5,1,6,0.013545120134949684,False,128,4
5,1,7,0.013691487722098827,False,128,4
5,1,8,0.014699947088956833,False,128,4
5,1,9,0.014582009054720402,False,128,4
5,1,10,0.016296740621328354,False,128,4
5,1,11,0.013441113755106926,False,128,4
5,1,12,0.014525085687637329,False,128,4
5,1,13,0.017049593850970268,False,128,4
5,1,14,0.014937148429453373,False,128,4
5,1,15,0.016220543533563614,False,128,4
5,1,16,0.017766078934073448,False,128,4
5,1,17,0.018241915851831436,False,128,4
5,1,18,0.016424519941210747,False,128,4
5,1,19,0.017678983509540558,False,128,4
5,1,20,0.016711685806512833,False,128,4
5,1,21,0.017456697300076485,False,128,4
5,1,22,0.020051976665854454,False,128,4
5,1,23,0.01923205703496933,False,128,4
5,1,24,0.020124835893511772,False,128,4
5,1,25,0.0229639895260334,False,128,4
5,1,26,0.01800551638007164,False,128,4
5,1,27,0.019121933728456497,False,128,4
5,1,28,0.019934890791773796,False,128,4
5,1,29,0.017340799793601036,False,128,4
5,1,30,0.020339220762252808,False,128,4
5,1,31,0.021049924194812775,False,128,4
5,1,32,0.02206597663462162,False,128,4
5,1,33,0.021770834922790527,False,128,4
5,1,34,0.021917833015322685,False,128,4
5,1,35,0.02211557887494564,False,128,4
5,1,36,0.021497998386621475,False,128,4
5,1,37,0.021588029339909554,False,128,4
5,1,38,0.0222095288336277,False,128,4
5,1,39,0.02297656424343586,False,128,4
5,1,40,0.022177329286932945,False,128,4
5,1,41,0.02525804191827774,False,128,4
5,1,42,0.022895436733961105,False,128,4
5,1,43,0.023789022117853165,False,128,4
5,1,44,0.022585753351449966,False,128,4
5,1,45,0.024518374353647232,False,128,4
5,1,46,0.0242563895881176,False,128,4
5,1,47,0.023909367620944977,False,128,4
5,1,48,0.02170313522219658,False,128,4
5,1,49,0.07809551060199738,True,128,4
5,2,0,0.0237138494849205,False,128,4
5,2,1,0.010875088162720203,False,128,4
5,2,2,0.010758163407444954,False,128,4
5,2,3,0.01008452009409666,False,128,4
5,2,4,0.011019269935786724,False,128,4
5,2,5,0.011618904769420624,False,128,4
5,2,6,0.010904611088335514,False,128,4
5,2,7,0.011466795578598976,False,128,4
5,2,8,0.014282433316111565,False,128,4
5,2,9,0.014696675352752209,False,128,4
5,2,10,0.013244105502963066,False,128,4
5,2,11,0.014740820042788982,False,128,4
5,2,12,0.01502834353595972,False,128,4
5,2,13,0.014997613616287708,False,128,4
5,2,14,0.014698291197419167,False,128,4
5,2,15,0.017439402639865875,False,128,4
5,2,16,0.01876840367913246,False,128,4
5,2,17,0.016397513449192047,False,128,4
5,2,18,0.017854345962405205,False,128,4
5,2,19,0.016666054725646973,False,128,4
5,2,20,0.018114794045686722,False,128,4
5,2,21,0.01973283290863037,False,128,4
5,2,22,0.019797779619693756,False,128,4
5,2,23,0.020109355449676514,False,128,4
5,2,24,0.02160104364156723,False,128,4
5,2,25,0.02027728781104088,False,128,4
5,2,26,0.020533950999379158,False,128,4
5,2,27,0.022102151066064835,False,128,4
5,2,28,0.022671222686767578,False,128,4
5,2,29,0.0223560631275177,False,128,4
5,2,30,0.021342933177947998,False,128,4
5,2,31,0.019922448322176933,False,128,4
5,2,32,0.023083491250872612,False,128,4
5,2,33,0.025446241721510887,False,128,4
5,2,34,0.02452334389090538,False,128,4
5,2,35,0.024742837995290756,False,128,4
5,2,36,0.02313859760761261,False,128,4
5,2,37,0.027836235240101814,False,128,4
5,2,38,0.024308685213327408,False,128,4
5,2,39,0.023705191910266876,False,128,4
5,2,40,0.02994385175406933,False,128,4
5,2,41,0.025572877377271652,False,128,4
5,2,42,0.026731040328741074,False,128,4
5,2,43,0.02409348264336586,False,128,4
5,2,44,0.026605241000652313,False,128,4
5,2,45,0.025435879826545715,False,128,4
5,2,46,0.025292031466960907,False,128,4
5,2,47,0.02852938324213028,False,128,4
5,2,48,0.02491465024650097,False,128,4
5,2,49,0.028279870748519897,True,128,4
5,3,0,0.015316523611545563,False,128,4
5,3,1,0.010315692983567715,False,128,4
5,3,2,0.01213749498128891,False,128,4
5,3,3,0.010517519898712635,False,128,4
5,3,4,0.010760054923593998,False,128,4
5,3,5,0.011256721802055836,False,128,4
5,3,6,0.009221154265105724,False,128,4
5,3,7,0.011495285667479038,False,128,4
5,3,8,0.014825019985437393,False,128,4
5,3,9,0.013022204861044884,False,128,4
5,3,10,0.01289522647857666,False,128,4
5,3,11,0.01574317365884781,False,128,4
5,3,12,0.015655770897865295,False,128,4
5,3,13,0.014086970128118992,False,128,4
5,3,14,0.013985536992549896,False,128,4
5,3,15,0.020757071673870087,False,128,4
5,3,16,0.016443902626633644,False,128,4
5,3,17,0.01645292341709137,False,128,4
5,3,18,0.022886211052536964,False,128,4
5,3,19,0.01827394589781761,False,128,4
5,3,20,0.015778830274939537,False,128,4
5,3,21,0.023614101111888885,False,128,4
5,3,22,0.018006112426519394,False,128,4
5,3,23,0.025048090144991875,False,128,4
5,3,24,0.018686605617403984,False,128,4
5,3,25,0.021481363102793694,False,128,4
5,3,26,0.020179731771349907,False,128,4
5,3,27,0.02628687396645546,False,128,4
5,3,28,0.027724750339984894,False,128,4
5,3,29,0.019452257081866264,False,128,4
5,3,30,0.022434307262301445,False,128,4
5,3,31,0.02114364504814148,False,128,4
5,3,32,0.02703722007572651,False,128,4
5,3,33,0.02209055982530117,False,128,4
5,3,34,0.02400742471218109,False,128,4
5,3,35,0.02180446684360504,False,128,4
5,3,36,0.029046621173620224,False,128,4
5,3,37,0.021319160237908363,False,128,4
5,3,38,0.02990380860865116,False,128,4
5,3,39,0.02142512984573841,False,128,4
5,3,40,0.022569507360458374,False,128,4
5,3,41,0.032860152423381805,False,128,4
5,3,42,0.02403246983885765,False,128,4
5,3,43,0.024351084604859352,False,128,4
5,3,44,0.02015332132577896,False,128,4
5,3,45,0.02604411169886589,False,128,4
5,3,46,0.03280940279364586,False,128,4
5,3,47,0.02557072788476944,False,128,4
5,3,48,0.026258105412125587,False,128,4
5,3,49,0.022831633687019348,True,128,4
5,4,0,0.014316730201244354,False,128,4
5,4,1,0.010209470987319946,False,128,4
5,4,2,0.014027107506990433,False,128,4
5,4,3,0.013258450664579868,False,128,4
5,4,4,0.014102465473115444,False,128,4
5,4,5,0.01525198295712471,False,128,4
5,4,6,0.012840925715863705,False,128,4
5,4,7,0.015623293817043304,False,128,4
5,4,8,0.017271190881729126,False,128,4
5,4,9,0.016535136848688126,False,128,4
5,4,10,0.016353024169802666,False,128,4
5,4,11,0.019709168002009392,False,128,4
5,4,12,0.016852205619215965,False,128,4
5,4,13,0.016396798193454742,False,128,4
5,4,14,0.018564047291874886,False,128,4
5,4,15,0.02008107863366604,False,128,4
5,4,16,0.02124536968767643,False,128,4
5,4,17,0.019374540075659752,False,128,4
5,4,18,0.02138548530638218,False,128,4
5,4,19,0.018837926909327507,False,128,4
5,4,20,0.016882767900824547,False,128,4
5,4,21,0.021978875622153282,False,128,4
5,4,22,0.018624017015099525,False,128,4
5,4,23,0.023041974753141403,False,128,4
5,4,24,0.01861027255654335,False,128,4
5,4,25,0.02162652276456356,False,128,4
5,4,26,0.021303433924913406,False,128,4
5,4,27,0.02245744690299034,False,128,4
5,4,28,0.02762334793806076,False,128,4
5,4,29,0.020332662388682365,False,128,4
5,4,30,0.021632345393300056,False,128,4
5,4,31,0.023153413087129593,False,128,4
5,4,32,0.021259505301713943,False,128,4
5,4,33,0.021145548671483994,False,128,4
5,4,34,0.026274140924215317,False,128,4
5,4,35,0.023848969489336014,False,128,4
5,4,36,0.02646568976342678,False,128,4
5,4,37,0.020895082503557205,False,128,4
5,4,38,0.02414242923259735,False,128,4
5,4,39,0.02040415070950985,False,128,4
5,4,40,0.017838113009929657,False,128,4
5,4,41,0.02428460121154785,False,128,4
5,4,42,0.02351216785609722,False,128,4
5,4,43,0.022044040262699127,False,128,4
5,4,44,0.017721479758620262,False,128,4
5,4,45,0.021628594025969505,False,128,4
5,4,46,0.023128997534513474,False,128,4
5,4,47,0.024624299257993698,False,128,4
5,4,48,0.022552449256181717,False,128,4
5,4,49,0.028726257383823395,True,128,4
5,5,0,0.006299218162894249,False,128,4
5,5,1,0.0048029376193881035,False,128,4
5,5,2,0.007653389126062393,False,128,4
5,5,3,0.010691296309232712,False,128,4
5,5,4,0.01038461085408926,False,128,4
5,5,5,0.010808912105858326,False,128,4
5,5,6,0.013312800787389278,False,128,4
5,5,7,0.015177229419350624,False,128,4
5,5,8,0.015547515824437141,False,128,4
5,5,9,0.016868336126208305,False,128,4
5,5,10,0.01751597598195076,False,128,4
5,5,11,0.016443680971860886,False,128,4
5,5,12,0.016751155257225037,False,128,4
5,5,13,0.018242789432406425,False,128,4
5,5,14,0.019801773130893707,False,128,4
5,5,15,0.0192494485527277,False,128,4
5,5,16,0.021483905613422394,False,128,4
5,5,17,0.02153000235557556,False,128,4
5,5,18,0.01948706805706024,False,128,4
5,5,19,0.021642766892910004,False,128,4
5,5,20,0.02074996568262577,False,128,4
5,5,21,0.021441111341118813,False,128,4
5,5,22,0.02157522924244404,False,128,4
5,5,23,0.021739928051829338,False,128,4
5,5,24,0.021807048469781876,False,128,4
5,5,25,0.02248718962073326,False,128,4
5,5,26,0.022379761561751366,False,128,4
5,5,27,0.022198181599378586,False,128,4
5,5,28,0.023784372955560684,False,128,4
5,5,29,0.023441020399332047,False,128,4
5,5,30,0.02391311712563038,False,128,4
5,5,31,0.02468607947230339,False,128,4
5,5,32,0.02049834094941616,False,128,4
5,5,33,0.02475997433066368,False,128,4
5,5,34,0.02592233009636402,False,128,4
5,5,35,0.02482845075428486,False,128,4
5,5,36,0.0235554538667202,False,128,4
5,5,37,0.025507895275950432,False,128,4
5,5,38,0.022470278665423393,False,128,4
5,5,39,0.023877592757344246,False,128,4
5,5,40,0.022555124014616013,False,128,4
5,5,41,0.022800413891673088,False,128,4
5,5,42,0.02552845887839794,False,128,4
5,5,43,0.024260932579636574,False,128,4
5,5,44,0.023649415001273155,False,128,4
5,5,45,0.02400297299027443,False,128,4
5,5,46,0.02207743003964424,False,128,4
5,5,47,0.026803892105817795,False,128,4
5,5,48,0.022817855700850487,False,128,4
5,5,49,0.02018536627292633,True,128,4
5,0,0,0.019819721579551697,False,128,5
5,0,1,0.013206484727561474,False,128,5
5,0,2,0.014362787827849388,False,128,5
5,0,3,0.01567748375236988,False,128,5
5,0,4,0.01602669432759285,False,128,5
5,0,5,0.016777466982603073,False,128,5
5,0,6,0.01746947132050991,False,128,5
5,0,7,0.017631864175200462,False,128,5
5,0,8,0.01842985302209854,False,128,5
5,0,9,0.018520252779126167,False,128,5
5,0,10,0.017324063926935196,False,128,5
5,0,11,0.01644272170960903,False,128,5
5,0,12,0.01764870621263981,False,128,5
5,0,13,0.01722881942987442,False,128,5
5,0,14,0.016985194757580757,False,128,5
5,0,15,0.017392536625266075,False,128,5
5,0,16,0.019453683868050575,False,128,5
5,0,17,0.017082013189792633,False,128,5
5,0,18,0.01627923548221588,False,128,5
5,0,19,0.01647060737013817,False,128,5
5,0,20,0.017303090542554855,False,128,5
5,0,21,0.015382586978375912,False,128,5
5,0,22,0.017937473952770233,False,128,5
5,0,23,0.015549149364233017,False,128,5
5,0,24,0.021032238379120827,False,128,5
5,0,25,0.01802833564579487,False,128,5
5,0,26,0.016740256920456886,False,128,5
5,0,27,0.015158914029598236,False,128,5
5,0,28,0.017340069636702538,False,128,5
5,0,29,0.017336344346404076,False,128,5
5,0,30,0.017937200143933296,False,128,5
5,0,31,0.015976954251527786,False,128,5
5,0,32,0.01469077542424202,False,128,5
5,0,33,0.01725483313202858,False,128,5
5,0,34,0.017529677599668503,False,128,5
5,0,35,0.018163755536079407,False,128,5
5,0,36,0.016558445990085602,False,128,5
5,0,37,0.01944337785243988,False,128,5
5,0,38,0.01614091917872429,False,128,5
5,0,39,0.013657016679644585,False,128,5
5,0,40,0.01896025612950325,False,128,5
5,0,41,0.015258487313985825,False,128,5
5,0,42,0.01771884597837925,False,128,5
5,0,43,0.012714148499071598,False,128,5
5,0,44,0.018463093787431717,False,128,5
5,0,45,0.014569534920156002,False,128,5
5,0,46,0.014212172478437424,False,128,5
5,0,47,0.01654452458024025,False,128,5
5,0,48,0.017658554017543793,False,128,5
5,0,49,0.17450930178165436,True,128,5
5,1,0,0.025164950639009476,False,128,5
5,1,1,0.009958036243915558,False,128,5
5,1,2,0.010480024851858616,False,128,5
5,1,3,0.013768637552857399,False,128,5
5,1,4,0.011684461496770382,False,128,5
5,1,5,0.011463603004813194,False,128,5
5,1,6,0.01427999883890152,False,128,5
5,1,7,0.013811443001031876,False,128,5
5,1,8,0.014061463065445423,False,128,5
5,1,9,0.014746579341590405,False,128,5
5,1,10,0.01556968130171299,False,128,5
5,1,11,0.013243483379483223,False,128,5
5,1,12,0.014371443539857864,False,128,5
5,1,13,0.016704421490430832,False,128,5
5,1,14,0.014818135648965836,False,128,5
5,1,15,0.016198400408029556,False,128,5
5,1,16,0.01757516898214817,False,128,5
5,1,17,0.017943935468792915,False,128,5
5,1,18,0.017109785228967667,False,128,5
5,1,19,0.01765933632850647,False,128,5
5,1,20,0.01619865372776985,False,128,5
5,1,21,0.016865432262420654,False,128,5
5,1,22,0.017981993034482002,False,128,5
5,1,23,0.017963403835892677,False,128,5
5,1,24,0.019948884844779968,False,128,5
5,1,25,0.02094356343150139,False,128,5
5,1,26,0.017576899379491806,False,128,5
5,1,27,0.018471287563443184,False,128,5
5,1,28,0.020437484607100487,False,128,5
5,1,29,0.018504058942198753,False,128,5
5,1,30,0.02017984539270401,False,128,5
5,1,31,0.02057274803519249,False,128,5
5,1,32,0.021902870386838913,False,128,5
5,1,33,0.022371182218194008,False,128,5
5,1,34,0.022176723927259445,False,128,5
5,1,35,0.022156909108161926,False,128,5
5,1,36,0.022651858627796173,False,128,5
5,1,37,0.020919194445014,False,128,5
5,1,38,0.02174615114927292,False,128,5
5,1,39,0.023086685687303543,False,128,5
5,1,40,0.022249067202210426,False,128,5
5,1,41,0.02482658624649048,False,128,5
5,1,42,0.02258358709514141,False,128,5
5,1,43,0.02336842194199562,False,128,5
5,1,44,0.02128969505429268,False,128,5
5,1,45,0.02481459267437458,False,128,5
5,1,46,0.02425972931087017,False,128,5
5,1,47,0.022297807037830353,False,128,5
5,1,48,0.021926099434494972,False,128,5
5,1,49,0.08911559730768204,True,128,5
5,2,0,0.025445392355322838,False,128,5
5,2,1,0.010184815153479576,False,128,5
5,2,2,0.010480396449565887,False,128,5
5,2,3,0.010430177673697472,False,128,5
5,2,4,0.011796563863754272,False,128,5
5,2,5,0.011846867389976978,False,128,5
5,2,6,0.010820364579558372,False,128,5
5,2,7,0.012943741865456104,False,128,5
5,2,8,0.013889800757169724,False,128,5
5,2,9,0.01380905695259571,False,128,5
5,2,10,0.01278690341860056,False,128,5
5,2,11,0.014723388478159904,False,128,5
5,2,12,0.01580989919602871,False,128,5
5,2,13,0.016265293583273888,False,128,5
5,2,14,0.016431370750069618,False,128,5
5,2,15,0.016945965588092804,False,128,5
5,2,16,0.018834978342056274,False,128,5
5,2,17,0.017117267474532127,False,128,5
5,2,18,0.01709980145096779,False,128,5
5,2,19,0.01663283072412014,False,128,5
5,2,20,0.017490288242697716,False,128,5
5,2,21,0.018955813720822334,False,128,5
5,2,22,0.020302413031458855,False,128,5
5,2,23,0.019764231517910957,False,128,5
5,2,24,0.022642504423856735,False,128,5
5,2,25,0.018744148313999176,False,128,5
5,2,26,0.02035944163799286,False,128,5
5,2,27,0.021110624074935913,False,128,5
5,2,28,0.022936273366212845,False,128,5
5,2,29,0.020244769752025604,False,128,5
5,2,30,0.020922420546412468,False,128,5
5,2,31,0.021131090819835663,False,128,5
5,2,32,0.023739248514175415,False,128,5
5,2,33,0.02472558617591858,False,128,5
5,2,34,0.023657487705349922,False,128,5
5,2,35,0.02472800947725773,False,128,5
5,2,36,0.023386551067233086,False,128,5
5,2,37,0.026574520394206047,False,128,5
5,2,38,0.024365490302443504,False,128,5
5,2,39,0.02451271563768387,False,128,5
5,2,40,0.02870110049843788,False,128,5
5,2,41,0.02523914910852909,False,128,5
5,2,42,0.026961561292409897,False,128,5
5,2,43,0.023818612098693848,False,128,5
5,2,44,0.026699010282754898,False,128,5
5,2,45,0.025549884885549545,False,128,5
5,2,46,0.026675064116716385,False,128,5
5,2,47,0.027161695063114166,False,128,5
5,2,48,0.024429330602288246,False,128,5
5,2,49,0.03017609380185604,True,128,5
5,3,0,0.016552412882447243,False,128,5
5,3,1,0.010349428281188011,False,128,5
5,3,2,0.010664394125342369,False,128,5
5,3,3,0.01188977062702179,False,128,5
5,3,4,0.010438920930027962,False,128,5
5,3,5,0.011275880970060825,False,128,5
5,3,6,0.01143526379019022,False,128,5
5,3,7,0.012914897873997688,False,128,5
5,3,8,0.012721413746476173,False,128,5
5,3,9,0.010968348942697048,False,128,5
5,3,10,0.013821817934513092,False,128,5
5,3,11,0.013770448975265026,False,128,5
5,3,12,0.015548975206911564,False,128,5
5,3,13,0.019259322434663773,False,128,5
5,3,14,0.016645710915327072,False,128,5
5,3,15,0.017826460301876068,False,128,5
5,3,16,0.017865872010588646,False,128,5
5,3,17,0.01877436414361,False,128,5
5,3,18,0.016874603927135468,False,128,5
5,3,19,0.01924217864871025,False,128,5
5,3,20,0.01573341339826584,False,128,5
5,3,21,0.019908782094717026,False,128,5
5,3,22,0.02083287015557289,False,128,5
5,3,23,0.02005375176668167,False,128,5
5,3,24,0.0226536076515913,False,128,5
5,3,25,0.019641326740384102,False,128,5
5,3,26,0.021089427173137665,False,128,5
5,3,27,0.02120020240545273,False,128,5
5,3,28,0.02372375875711441,False,128,5
5,3,29,0.018167955800890923,False,128,5
5,3,30,0.022918138653039932,False,128,5
5,3,31,0.026358019560575485,False,128,5
5,3,32,0.02526100166141987,False,128,5
5,3,33,0.021158427000045776,False,128,5
5,3,34,0.024418942630290985,False,128,5
5,3,35,0.023777352645993233,False,128,5
5,3,36,0.023104537278413773,False,128,5
5,3,37,0.023192010819911957,False,128,5
5,3,38,0.025460626929998398,False,128,5
5,3,39,0.026138950139284134,False,128,5
5,3,40,0.026742273941636086,False,128,5
5,3,41,0.024970730766654015,False,128,5
5,3,42,0.02723563089966774,False,128,5
5,3,43,0.027802832424640656,False,128,5
5,3,44,0.024724312126636505,False,128,5
5,3,45,0.02957029640674591,False,128,5
5,3,46,0.027046343311667442,False,128,5
5,3,47,0.025329822674393654,False,128,5
5,3,48,0.025134913623332977,False,128,5
5,3,49,0.02780923992395401,True,128,5
5,4,0,0.015968795865774155,False,128,5
5,4,1,0.011574862524867058,False,128,5
5,4,2,0.012554287910461426,False,128,5
5,4,3,0.014096944592893124,False,128,5
5,4,4,0.01499742642045021,False,128,5
5,4,5,0.014789525419473648,False,128,5
5,4,6,0.016723105683922768,False,128,5
5,4,7,0.01564527302980423,False,128,5
5,4,8,0.018611062318086624,False,128,5
5,4,9,0.015003055334091187,False,128,5
5,4,10,0.01606757938861847,False,128,5
5,4,11,0.016811786219477654,False,128,5
5,4,12,0.017926741391420364,False,128,5
5,4,13,0.022042227908968925,False,128,5
5,4,14,0.019621873274445534,False,128,5
5,4,15,0.019539937376976013,False,128,5
5,4,16,0.021051961928606033,False,128,5
5,4,17,0.01935318112373352,False,128,5
5,4,18,0.0198807455599308,False,128,5
5,4,19,0.021237680688500404,False,128,5
5,4,20,0.0198732390999794,False,128,5
5,4,21,0.020123708993196487,False,128,5
5,4,22,0.021933212876319885,False,128,5
5,4,23,0.0215983334928751,False,128,5
5,4,24,0.024894747883081436,False,128,5
5,4,25,0.018220849335193634,False,128,5
5,4,26,0.022062037140130997,False,128,5
5,4,27,0.019789649173617363,False,128,5
5,4,28,0.02322208136320114,False,128,5
5,4,29,0.018014024943113327,False,128,5
5,4,30,0.021117329597473145,False,128,5
5,4,31,0.022446010261774063,False,128,5
5,4,32,0.02389044128358364,False,128,5
5,4,33,0.020371101796627045,False,128,5
5,4,34,0.020393606275320053,False,128,5
5,4,35,0.024784043431282043,False,128,5
5,4,36,0.022006448358297348,False,128,5
5,4,37,0.021052740514278412,False,128,5
5,4,38,0.0213326383382082,False,128,5
5,4,39,0.021765122190117836,False,128,5
5,4,40,0.023188062012195587,False,128,5
5,4,41,0.019563626497983932,False,128,5
5,4,42,0.025069376453757286,False,128,5
5,4,43,0.02194436639547348,False,128,5
5,4,44,0.02092241682112217,False,128,5
5,4,45,0.023144247010350227,False,128,5
5,4,46,0.022067546844482422,False,128,5
5,4,47,0.020789701491594315,False,128,5
5,4,48,0.02230142056941986,False,128,5
5,4,49,0.028619814664125443,True,128,5
5,5,0,0.005757860839366913,False,128,5
5,5,1,0.005610451102256775,False,128,5
5,5,2,0.0074407742358744144,False,128,5
5,5,3,0.010626399889588356,False,128,5
5,5,4,0.010058301500976086,False,128,5
5,5,5,0.011209448799490929,False,128,5
5,5,6,0.015311738476157188,False,128,5
5,5,7,0.015694210305809975,False,128,5
5,5,8,0.015563523396849632,False,128,5
5,5,9,0.016126804053783417,False,128,5
5,5,10,0.017714984714984894,False,128,5
5,5,11,0.014990822412073612,False,128,5
5,5,12,0.01681586727499962,False,128,5
5,5,13,0.021770449355244637,False,128,5
5,5,14,0.020339524373412132,False,128,5
5,5,15,0.019238226115703583,False,128,5
5,5,16,0.020707156509160995,False,128,5
5,5,17,0.021871406584978104,False,128,5
5,5,18,0.01880621165037155,False,128,5
5,5,19,0.022176062688231468,False,128,5
5,5,20,0.021797407418489456,False,128,5
5,5,21,0.019536351785063744,False,128,5
5,5,22,0.023510927334427834,False,128,5
5,5,23,0.021261107176542282,False,128,5
5,5,24,0.023809578269720078,False,128,5
5,5,25,0.022066831588745117,False,128,5
5,5,26,0.022955456748604774,False,128,5
5,5,27,0.02019543945789337,False,128,5
5,5,28,0.02267206832766533,False,128,5
5,5,29,0.02192915976047516,False,128,5
5,5,30,0.02442638948559761,False,128,5
5,5,31,0.024426065385341644,False,128,5
5,5,32,0.023229479789733887,False,128,5
5,5,33,0.023227589204907417,False,128,5
5,5,34,0.023959578946232796,False,128,5
5,5,35,0.02373858168721199,False,128,5
5,5,36,0.022770658135414124,False,128,5
5,5,37,0.025330400094389915,False,128,5
5,5,38,0.02192695438861847,False,128,5
5,5,39,0.024503517895936966,False,128,5
5,5,40,0.025920651853084564,False,128,5
5,5,41,0.020838724449276924,False,128,5
5,5,42,0.025862928479909897,False,128,5
5,5,43,0.025240829214453697,False,128,5
5,5,44,0.02383795753121376,False,128,5
5,5,45,0.024417489767074585,False,128,5
5,5,46,0.021872662007808685,False,128,5
5,5,47,0.02436867170035839,False,128,5
5,5,48,0.021943416446447372,False,128,5
5,5,49,0.02059289813041687,True,128,5
5,0,0,0.019549190998077393,False,128,6
5,0,1,0.013167943805456161,False,128,6
5,0,2,0.014435963705182076,False,128,6
5,0,3,0.013861004263162613,False,128,6
5,0,4,0.015250549651682377,False,128,6
5,0,5,0.015665840357542038,False,128,6
5,0,6,0.01692783646285534,False,128,6
5,0,7,0.018199607729911804,False,128,6
5,0,8,0.017944298684597015,False,128,6
5,0,9,0.018899276852607727,False,128,6
5,0,10,0.017438050359487534,False,128,6
5,0,11,0.01605077087879181,False,128,6
5,0,12,0.017142556607723236,False,128,6
5,0,13,0.018027005717158318,False,128,6
5,0,14,0.015937604010105133,False,128,6
5,0,15,0.017205366864800453,False,128,6
5,0,16,0.018573498353362083,False,128,6
5,0,17,0.0161664467304945,False,128,6
5,0,18,0.015267896465957165,False,128,6
5,0,19,0.017187675461173058,False,128,6
5,0,20,0.016645535826683044,False,128,6
5,0,21,0.016350118443369865,False,128,6
5,0,22,0.018184559419751167,False,128,6
5,0,23,0.015452582389116287,False,128,6
5,0,24,0.021225260570645332,False,128,6
5,0,25,0.016507666558027267,False,128,6
5,0,26,0.015507257543504238,False,128,6
5,0,27,0.014534223824739456,False,128,6
5,0,28,0.015314627438783646,False,128,6
5,0,29,0.01660466566681862,False,128,6
5,0,30,0.01726456545293331,False,128,6
5,0,31,0.01551515981554985,False,128,6
5,0,32,0.014871491119265556,False,128,6
5,0,33,0.01694430224597454,False,128,6
5,0,34,0.01774277538061142,False,128,6
5,0,35,0.018130989745259285,False,128,6
5,0,36,0.014477881602942944,False,128,6
5,0,37,0.017502525821328163,False,128,6
5,0,38,0.014758598059415817,False,128,6
5,0,39,0.013819996267557144,False,128,6
5,0,40,0.01794949546456337,False,128,6
5,0,41,0.015333663672208786,False,128,6
5,0,42,0.018128473311662674,False,128,6
5,0,43,0.01197102665901184,False,128,6
5,0,44,0.01705854758620262,False,128,6
5,0,45,0.01386923436075449,False,128,6
5,0,46,0.013450571335852146,False,128,6
5,0,47,0.018091578036546707,False,128,6
5,0,48,0.01849769800901413,False,128,6
5,0,49,0.1953965425491333,True,128,6
5,1,0,0.02587238885462284,False,128,6
5,1,1,0.01039872132241726,False,128,6
5,1,2,0.010746351443231106,False,128,6
5,1,3,0.012967044487595558,False,128,6
5,1,4,0.012311024591326714,False,128,6
5,1,5,0.012179005891084671,False,128,6
5,1,6,0.013644489459693432,False,128,6
5,1,7,0.013398346491158009,False,128,6
5,1,8,0.014995642006397247,False,128,6
5,1,9,0.014603568241000175,False,128,6
5,1,10,0.01590973511338234,False,128,6
5,1,11,0.013578853569924831,False,128,6
5,1,12,0.014686823822557926,False,128,6
5,1,13,0.017276205122470856,False,128,6
5,1,14,0.01491854153573513,False,128,6
5,1,15,0.016582423821091652,False,128,6
5,1,16,0.01774292066693306,False,128,6
5,1,17,0.017618756741285324,False,128,6
5,1,18,0.016603264957666397,False,128,6
5,1,19,0.0173879973590374,False,128,6
5,1,20,0.015763573348522186,False,128,6
5,1,21,0.018071258440613747,False,128,6
5,1,22,0.019452279433608055,False,128,6
5,1,23,0.018643835559487343,False,128,6
5,1,24,0.020497025921940804,False,128,6
5,1,25,0.021373325958848,False,128,6
5,1,26,0.017838507890701294,False,128,6
5,1,27,0.019163884222507477,False,128,6
5,1,28,0.01995783858001232,False,128,6
5,1,29,0.01855328120291233,False,128,6
5,1,30,0.020699521526694298,False,128,6
5,1,31,0.021790074184536934,False,128,6
5,1,32,0.022318731993436813,False,128,6
5,1,33,0.02087932825088501,False,128,6
5,1,34,0.022926783189177513,False,128,6
5,1,35,0.022082272917032242,False,128,6
5,1,36,0.02183970808982849,False,128,6
5,1,37,0.021310152485966682,False,128,6
5,1,38,0.022206876426935196,False,128,6
5,1,39,0.023408502340316772,False,128,6
5,1,40,0.022535335272550583,False,128,6
5,1,41,0.02473999559879303,False,128,6
5,1,42,0.021799208596348763,False,128,6
5,1,43,0.02301129326224327,False,128,6
5,1,44,0.021710656583309174,False,128,6
5,1,45,0.02487897500395775,False,128,6
5,1,46,0.02421228215098381,False,128,6
5,1,47,0.024950385093688965,False,128,6
5,1,48,0.022420784458518028,False,128,6
5,1,49,0.07754222303628922,True,128,6
5,2,0,0.026238441467285156,False,128,6
5,2,1,0.010121663101017475,False,128,6
5,2,2,0.010784110054373741,False,128,6
5,2,3,0.009855843149125576,False,128,6
5,2,4,0.011280491016805172,False,128,6
5,2,5,0.011150295846164227,False,128,6
5,2,6,0.010877025313675404,False,128,6
5,2,7,0.011833046562969685,False,128,6
5,2,8,0.015014022588729858,False,128,6
5,2,9,0.014532390050590038,False,128,6
5,2,10,0.014027576893568039,False,128,6
5,2,11,0.014498828910291195,False,128,6
5,2,12,0.014561796560883522,False,128,6
5,2,13,0.015119130723178387,False,128,6
5,2,14,0.014114250428974628,False,128,6
5,2,15,0.01500428281724453,False,128,6
5,2,16,0.019014734774827957,False,128,6
5,2,17,0.018988998606801033,False,128,6
5,2,18,0.017528705298900604,False,128,6
5,2,19,0.017514552921056747,False,128,6
5,2,20,0.016683291643857956,False,128,6
5,2,21,0.016081715002655983,False,128,6
5,2,22,0.02143115922808647,False,128,6
5,2,23,0.019224587827920914,False,128,6
5,2,24,0.02234359085559845,False,128,6
5,2,25,0.0252084843814373,False,128,6
5,2,26,0.018611151725053787,False,128,6
5,2,27,0.01888495497405529,False,128,6
5,2,28,0.02009294368326664,False,128,6
5,2,29,0.0181228369474411,False,128,6
5,2,30,0.023869220167398453,False,128,6
5,2,31,0.025460759177803993,False,128,6
5,2,32,0.02063397876918316,False,128,6
5,2,33,0.021657900884747505,False,128,6
5,2,34,0.028998326510190964,False,128,6
5,2,35,0.025217672809958458,False,128,6
5,2,36,0.019608112052083015,False,128,6
5,2,37,0.023172155022621155,False,128,6
5,2,38,0.022704441100358963,False,128,6
5,2,39,0.02940840646624565,False,128,6
5,2,40,0.030338216572999954,False,128,6
5,2,41,0.02018655650317669,False,128,6
5,2,42,0.024308139458298683,False,128,6
5,2,43,0.03171207755804062,False,128,6
5,2,44,0.02199828438460827,False,128,6
5,2,45,0.034323904663324356,False,128,6
5,2,46,0.02235422283411026,False,128,6
5,2,47,0.028277067467570305,False,128,6
5,2,48,0.021283390000462532,False,128,6
5,2,49,0.03574226051568985,True,128,6
5,3,0,0.026301449164748192,False,128,6
5,3,1,0.011225007474422455,False,128,6
5,3,2,0.010298047214746475,False,128,6
5,3,3,0.010792981833219528,False,128,6
5,3,4,0.01158246211707592,False,128,6
5,3,5,0.012812228873372078,False,128,6
5,3,6,0.012097391299903393,False,128,6
5,3,7,0.01439537201076746,False,128,6
5,3,8,0.014304502867162228,False,128,6
5,3,9,0.016063079237937927,False,128,6
5,3,10,0.014792187139391899,False,128,6
5,3,11,0.016293007880449295,False,128,6
5,3,12,0.017238453030586243,False,128,6
5,3,13,0.017252087593078613,False,128,6
5,3,14,0.018661100417375565,False,128,6
5,3,15,0.015907656401395798,False,128,6
5,3,16,0.02158597856760025,False,128,6
5,3,17,0.018403487280011177,False,128,6
5,3,18,0.018766596913337708,False,128,6
5,3,19,0.014923095703125,False,128,6
5,3,20,0.021929217502474785,False,128,6
5,3,21,0.015124195255339146,False,128,6
5,3,22,0.019186126068234444,False,128,6
5,3,23,0.021054213866591454,False,128,6
5,3,24,0.02495158091187477,False,128,6
5,3,25,0.022928880527615547,False,128,6
5,3,26,0.023211611434817314,False,128,6
5,3,27,0.01856387034058571,False,128,6
5,3,28,0.01911841332912445,False,128,6
5,3,29,0.0185694582760334,False,128,6
5,3,30,0.02262139320373535,False,128,6
5,3,31,0.022360922768712044,False,128,6
5,3,32,0.020786743611097336,False,128,6
5,3,33,0.02372783049941063,False,128,6
5,3,34,0.022125855088233948,False,128,6
5,3,35,0.03140952065587044,False,128,6
5,3,36,0.02114926651120186,False,128,6
5,3,37,0.02200603112578392,False,128,6
5,3,38,0.025530241429805756,False,128,6
5,3,39,0.020159147679805756,False,128,6
5,3,40,0.02143961749970913,False,128,6
5,3,41,0.019295714795589447,False,128,6
5,3,42,0.030754290521144867,False,128,6
5,3,43,0.024232206866145134,False,128,6
5,3,44,0.023530295118689537,False,128,6
5,3,45,0.019070174545049667,False,128,6
5,3,46,0.026545129716396332,False,128,6
5,3,47,0.023317355662584305,False,128,6
5,3,48,0.022040829062461853,False,128,6
5,3,49,0.039563678205013275,True,128,6
5,4,0,0.01608407124876976,False,128,6
5,4,1,0.011718719266355038,False,128,6
5,4,2,0.011119568720459938,False,128,6
5,4,3,0.013195266015827656,False,128,6
5,4,4,0.014601747505366802,False,128,6
5,4,5,0.014132414013147354,False,128,6
5,4,6,0.015180815011262894,False,128,6
5,4,7,0.016984138637781143,False,128,6
5,4,8,0.016505269333720207,False,128,6
5,4,9,0.01859212853014469,False,128,6
5,4,10,0.019156545400619507,False,128,6
5,4,11,0.021058883517980576,False,128,6
5,4,12,0.02065451815724373,False,128,6
5,4,13,0.020515259355306625,False,128,6
5,4,14,0.01937626115977764,False,128,6
5,4,15,0.0186351016163826,False,128,6
5,4,16,0.02433224953711033,False,128,6
5,4,17,0.020481908693909645,False,128,6
5,4,18,0.019195545464754105,False,128,6
5,4,19,0.016828598454594612,False,128,6
5,4,20,0.021198345348238945,False,128,6
5,4,21,0.017134465277194977,False,128,6
5,4,22,0.021481435745954514,False,128,6
5,4,23,0.02216823771595955,False,128,6
5,4,24,0.02265443652868271,False,128,6
5,4,25,0.023072928190231323,False,128,6
5,4,26,0.019321883097290993,False,128,6
5,4,27,0.020273355767130852,False,128,6
5,4,28,0.020565185695886612,False,128,6
5,4,29,0.016515180468559265,False,128,6
5,4,30,0.022402090951800346,False,128,6
5,4,31,0.022949453443288803,False,128,6
5,4,32,0.022755850106477737,False,128,6
5,4,33,0.02054772898554802,False,128,6
5,4,34,0.022257596254348755,False,128,6
5,4,35,0.028280142694711685,False,128,6
5,4,36,0.021116938441991806,False,128,6
5,4,37,0.01928136684000492,False,128,6
5,4,38,0.02436229959130287,False,128,6
5,4,39,0.019139641895890236,False,128,6
5,4,40,0.02038842812180519,False,128,6
5,4,41,0.02074545808136463,False,128,6
5,4,42,0.024486716836690903,False,128,6
5,4,43,0.02156979776918888,False,128,6
5,4,44,0.018931549042463303,False,128,6
5,4,45,0.017842266708612442,False,128,6
5,4,46,0.025102924555540085,False,128,6
5,4,47,0.021876858547329903,False,128,6
5,4,48,0.023710157722234726,False,128,6
5,4,49,0.029518285766243935,True,128,6
5,5,0,0.005621626973152161,False,128,6
5,5,1,0.004524947144091129,False,128,6
5,5,2,0.006153518799692392,False,128,6
5,5,3,0.008383365347981453,False,128,6
5,5,4,0.010199560783803463,False,128,6
5,5,5,0.01019951794296503,False,128,6
5,5,6,0.012759057804942131,False,128,6
5,5,7,0.013989679515361786,False,128,6
5,5,8,0.014309204183518887,False,128,6
5,5,9,0.01617574319243431,False,128,6
5,5,10,0.016697587445378304,False,128,6
5,5,11,0.01684853807091713,False,128,6
5,5,12,0.017105894163250923,False,128,6
5,5,13,0.01975907012820244,False,128,6
5,5,14,0.01898295432329178,False,128,6
5,5,15,0.018460754305124283,False,128,6
5,5,16,0.022820716723799706,False,128,6
5,5,17,0.02099539339542389,False,128,6
5,5,18,0.01875627040863037,False,128,6
5,5,19,0.019556185230612755,False,128,6
5,5,20,0.02165885642170906,False,128,6
5,5,21,0.018864862620830536,False,128,6
5,5,22,0.022670160979032516,False,128,6
5,5,23,0.023369979113340378,False,128,6
5,5,24,0.023997150361537933,False,128,6
5,5,25,0.025404993444681168,False,128,6
5,5,26,0.020574990659952164,False,128,6
5,5,27,0.021969851106405258,False,128,6
5,5,28,0.022325366735458374,False,128,6
5,5,29,0.021229838952422142,False,128,6
5,5,30,0.024570340290665627,False,128,6
5,5,31,0.02477891556918621,False,128,6
5,5,32,0.024209540337324142,False,128,6
5,5,33,0.022159377112984657,False,128,6
5,5,34,0.025254426524043083,False,128,6
5,5,35,0.028584439307451248,False,128,6
5,5,36,0.023592116311192513,False,128,6
5,5,37,0.0231332965195179,False,128,6
5,5,38,0.02364484593272209,False,128,6
5,5,39,0.02345503680408001,False,128,6
5,5,40,0.024038374423980713,False,128,6
5,5,41,0.023657625541090965,False,128,6
5,5,42,0.027224447578191757,False,128,6
5,5,43,0.02491110935807228,False,128,6
5,5,44,0.02358119934797287,False,128,6
5,5,45,0.023739557713270187,False,128,6
5,5,46,0.02536887302994728,False,128,6
5,5,47,0.024735283106565475,False,128,6
5,5,48,0.02460816688835621,False,128,6
5,5,49,0.020387381315231323,True,128,6
5,0,0,0.020913954824209213,False,128,7
5,0,1,0.01382476557046175,False,128,7
5,0,2,0.014690111391246319,False,128,7
5,0,3,0.015021736733615398,False,128,7
5,0,4,0.016401195898652077,False,128,7
5,0,5,0.015610316768288612,False,128,7
5,0,6,0.015963762998580933,False,128,7
5,0,7,0.017794271931052208,False,128,7
5,0,8,0.018813010305166245,False,128,7
5,0,9,0.01835860125720501,False,128,7
5,0,10,0.017766494303941727,False,128,7
5,0,11,0.017544608563184738,False,128,7
5,0,12,0.01779238134622574,False,128,7
5,0,13,0.019412867724895477,False,128,7
5,0,14,0.01591033674776554,False,128,7
5,0,15,0.017089668661355972,False,128,7
5,0,16,0.019705194979906082,False,128,7
5,0,17,0.018102139234542847,False,128,7
5,0,18,0.016269437968730927,False,128,7
5,0,19,0.015859734266996384,False,128,7
5,0,20,0.016285529360175133,False,128,7
5,0,21,0.016382476314902306,False,128,7
5,0,22,0.01870543882250786,False,128,7
5,0,23,0.015721643343567848,False,128,7
5,0,24,0.020458417013287544,False,128,7
5,0,25,0.017146654427051544,False,128,7
5,0,26,0.01534617692232132,False,128,7
5,0,27,0.014674591831862926,False,128,7
5,0,28,0.016312669962644577,False,128,7
5,0,29,0.0174096692353487,False,128,7
5,0,30,0.01830216683447361,False,128,7
5,0,31,0.016917429864406586,False,128,7
5,0,32,0.01579972915351391,False,128,7
5,0,33,0.016916897147893906,False,128,7
5,0,34,0.01788255199790001,False,128,7
5,0,35,0.0182793065905571,False,128,7
5,0,36,0.016388142481446266,False,128,7
5,0,37,0.018081482499837875,False,128,7
5,0,38,0.015684053301811218,False,128,7
5,0,39,0.013536271639168262,False,128,7
5,0,40,0.01801375113427639,False,128,7
5,0,41,0.01484755240380764,False,128,7
5,0,42,0.01894422061741352,False,128,7
5,0,43,0.012465197592973709,False,128,7
5,0,44,0.01906268298625946,False,128,7
5,0,45,0.013870304450392723,False,128,7
5,0,46,0.013183924369513988,False,128,7
5,0,47,0.0170653834939003,False,128,7
5,0,48,0.018451761454343796,False,128,7
5,0,49,0.17501933872699738,True,128,7
5,1,0,0.024892987683415413,False,128,7
5,1,1,0.01060588750988245,False,128,7
5,1,2,0.010304221883416176,False,128,7
5,1,3,0.012994995340704918,False,128,7
5,1,4,0.011650368571281433,False,128,7
5,1,5,0.011567462235689163,False,128,7
5,1,6,0.013589737005531788,False,128,7
5,1,7,0.01384137012064457,False,128,7
5,1,8,0.014200941659510136,False,128,7
5,1,9,0.014517287723720074,False,128,7
5,1,10,0.015895448625087738,False,128,7
5,1,11,0.013488056138157845,False,128,7
5,1,12,0.014566445723176003,False,128,7
5,1,13,0.0171331986784935,False,128,7
5,1,14,0.015549072064459324,False,128,7
5,1,15,0.0159466415643692,False,128,7
5,1,16,0.01807451620697975,False,128,7
5,1,17,0.018306415528059006,False,128,7
5,1,18,0.017068468034267426,False,128,7
5,1,19,0.01685510016977787,False,128,7
5,1,20,0.015980826690793037,False,128,7
5,1,21,0.017810843884944916,False,128,7
5,1,22,0.018480047583580017,False,128,7
5,1,23,0.0173456110060215,False,128,7
5,1,24,0.020201414823532104,False,128,7
5,1,25,0.02135315351188183,False,128,7
5,1,26,0.017433468252420425,False,128,7
5,1,27,0.018718400970101357,False,128,7
5,1,28,0.01962432637810707,False,128,7
5,1,29,0.018081655725836754,False,128,7
5,1,30,0.021345723420381546,False,128,7
5,1,31,0.020931487902998924,False,128,7
5,1,32,0.021691905334591866,False,128,7
5,1,33,0.021009501069784164,False,128,7
5,1,34,0.022764209657907486,False,128,7
5,1,35,0.02139754593372345,False,128,7
5,1,36,0.02271374687552452,False,128,7
5,1,37,0.020297221839427948,False,128,7
5,1,38,0.021238327026367188,False,128,7
5,1,39,0.02368982322514057,False,128,7
5,1,40,0.02242971584200859,False,128,7
5,1,41,0.02401122823357582,False,128,7
5,1,42,0.023820944130420685,False,128,7
5,1,43,0.02303098700940609,False,128,7
5,1,44,0.02167249657213688,False,128,7
5,1,45,0.024618130177259445,False,128,7
5,1,46,0.024422040209174156,False,128,7
5,1,47,0.02292957715690136,False,128,7
5,1,48,0.021664157509803772,False,128,7
5,1,49,0.08824285864830017,True,128,7
5,2,0,0.02636539191007614,False,128,7
5,2,1,0.009921994991600513,False,128,7
5,2,2,0.009684199467301369,False,128,7
5,2,3,0.010853994637727737,False,128,7
5,2,4,0.010356399230659008,False,128,7
5,2,5,0.011441096663475037,False,128,7
5,2,6,0.01102529838681221,False,128,7
5,2,7,0.012390842661261559,False,128,7
5,2,8,0.0134261604398489,False,128,7
5,2,9,0.014563982374966145,False,128,7
5,2,10,0.013484647497534752,False,128,7
5,2,11,0.01419039536267519,False,128,7
5,2,12,0.015070391818881035,False,128,7
5,2,13,0.015243776142597198,False,128,7
5,2,14,0.015490979887545109,False,128,7
5,2,15,0.01698940247297287,False,128,7
5,2,16,0.01934720017015934,False,128,7
5,2,17,0.01770026609301567,False,128,7
5,2,18,0.01769379898905754,False,128,7
5,2,19,0.016235031187534332,False,128,7
5,2,20,0.017685554921627045,False,128,7
5,2,21,0.019644934684038162,False,128,7
5,2,22,0.020573792979121208,False,128,7
5,2,23,0.01926550269126892,False,128,7
5,2,24,0.023872502148151398,False,128,7
5,2,25,0.020522311329841614,False,128,7
5,2,26,0.02008579671382904,False,128,7
5,2,27,0.021958069875836372,False,128,7
5,2,28,0.0217214934527874,False,128,7
5,2,29,0.02069270610809326,False,128,7
5,2,30,0.02148883044719696,False,128,7
5,2,31,0.021650414913892746,False,128,7
5,2,32,0.02334902063012123,False,128,7
5,2,33,0.024848874658346176,False,128,7
5,2,34,0.024287281557917595,False,128,7
5,2,35,0.025659438222646713,False,128,7
5,2,36,0.024199647828936577,False,128,7
5,2,37,0.025067467242479324,False,128,7
5,2,38,0.02387496642768383,False,128,7
5,2,39,0.02472769469022751,False,128,7
5,2,40,0.028781116008758545,False,128,7
5,2,41,0.023244008421897888,False,128,7
5,2,42,0.026496775448322296,False,128,7
5,2,43,0.024271737784147263,False,128,7
5,2,44,0.026056470349431038,False,128,7
5,2,45,0.0268140509724617,False,128,7
5,2,46,0.025658126920461655,False,128,7
5,2,47,0.027747327461838722,False,128,7
5,2,48,0.023180097341537476,False,128,7
5,2,49,0.0310987401753664,True,128,7
5,3,0,0.018944479525089264,False,128,7
5,3,1,0.00908146146684885,False,128,7
5,3,2,0.009506617672741413,False,128,7
5,3,3,0.011690564453601837,False,128,7
5,3,4,0.009166700765490532,False,128,7
5,3,5,0.010717415250837803,False,128,7
5,3,6,0.012192816473543644,False,128,7
5,3,7,0.011967865750193596,False,128,7
5,3,8,0.013359679840505123,False,128,7
5,3,9,0.013573243282735348,False,128,7
5,3,10,0.013497371226549149,False,128,7
5,3,11,0.014720425009727478,False,128,7
5,3,12,0.013662275858223438,False,128,7
5,3,13,0.015939675271511078,False,128,7
5,3,14,0.016763485968112946,False,128,7
5,3,15,0.016574213281273842,False,128,7
5,3,16,0.01789543405175209,False,128,7
5,3,17,0.019223587587475777,False,128,7
5,3,18,0.01976034790277481,False,128,7
5,3,19,0.019590379670262337,False,128,7
5,3,20,0.019240180030465126,False,128,7
5,3,21,0.019471582025289536,False,128,7
5,3,22,0.019661081954836845,False,128,7
5,3,23,0.019161012023687363,False,128,7
5,3,24,0.026217376813292503,False,128,7
5,3,25,0.022493351250886917,False,128,7
5,3,26,0.02010384015738964,False,128,7
5,3,27,0.02069012075662613,False,128,7
5,3,28,0.021033670753240585,False,128,7
5,3,29,0.021402379497885704,False,128,7
5,3,30,0.021806634962558746,False,128,7
5,3,31,0.02436187118291855,False,128,7
5,3,32,0.02351796254515648,False,128,7
5,3,33,0.023869339376688004,False,128,7
5,3,34,0.028061460703611374,False,128,7
5,3,35,0.024790266528725624,False,128,7
5,3,36,0.02527889609336853,False,128,7
5,3,37,0.019756421446800232,False,128,7
5,3,38,0.02732269838452339,False,128,7
5,3,39,0.025317464023828506,False,128,7
5,3,40,0.026520147919654846,False,128,7
5,3,41,0.025422731414437294,False,128,7
5,3,42,0.02454737201333046,False,128,7
5,3,43,0.024843623861670494,False,128,7
5,3,44,0.0227261520922184,False,128,7
5,3,45,0.02763618715107441,False,128,7
5,3,46,0.030795753002166748,False,128,7
5,3,47,0.02374921925365925,False,128,7
5,3,48,0.02167152613401413,False,128,7
5,3,49,0.03070165030658245,True,128,7
5,4,0,0.016161948442459106,False,128,7
5,4,1,0.010137124918401241,False,128,7
5,4,2,0.01129706110805273,False,128,7
5,4,3,0.014721976593136787,False,128,7
5,4,4,0.01348930411040783,False,128,7
5,4,5,0.01309504359960556,False,128,7
5,4,6,0.015461788512766361,False,128,7
5,4,7,0.012628154829144478,False,128,7
5,4,8,0.01665998250246048,False,128,7
5,4,9,0.0178267452865839,False,128,7
5,4,10,0.016729166731238365,False,128,7
5,4,11,0.018068209290504456,False,128,7
5,4,12,0.01610218733549118,False,128,7
5,4,13,0.018612626940011978,False,128,7
5,4,14,0.01680602692067623,False,128,7
5,4,15,0.019454902037978172,False,128,7
5,4,16,0.021511264145374298,False,128,7
5,4,17,0.019115492701530457,False,128,7
5,4,18,0.021356508135795593,False,128,7
5,4,19,0.019741542637348175,False,128,7
5,4,20,0.020592182874679565,False,128,7
5,4,21,0.02001161128282547,False,128,7
5,4,22,0.020750945433974266,False,128,7
5,4,23,0.022087639197707176,False,128,7
5,4,24,0.02517753839492798,False,128,7
5,4,25,0.022402605041861534,False,128,7
5,4,26,0.01719430461525917,False,128,7
5,4,27,0.02105465903878212,False,128,7
5,4,28,0.02258637361228466,False,128,7
5,4,29,0.019718006253242493,False,128,7
5,4,30,0.020411653444170952,False,128,7
5,4,31,0.021858274936676025,False,128,7
5,4,32,0.02272774651646614,False,128,7
5,4,33,0.022142751142382622,False,128,7
5,4,34,0.02590021677315235,False,128,7
5,4,35,0.02500619925558567,False,128,7
5,4,36,0.022676322609186172,False,128,7
5,4,37,0.018422748893499374,False,128,7
5,4,38,0.02635723352432251,False,128,7
5,4,39,0.024154996499419212,False,128,7
5,4,40,0.0210359375923872,False,128,7
5,4,41,0.02236510068178177,False,128,7
5,4,42,0.02237790636718273,False,128,7
5,4,43,0.021664245054125786,False,128,7
5,4,44,0.022862508893013,False,128,7
5,4,45,0.024244599044322968,False,128,7
5,4,46,0.026421373710036278,False,128,7
5,4,47,0.018698925152420998,False,128,7
5,4,48,0.01930422894656658,False,128,7
5,4,49,0.03081410378217697,True,128,7
5,5,0,0.005310228560119867,False,128,7
5,5,1,0.004764508455991745,False,128,7
5,5,2,0.006286663934588432,False,128,7
5,5,3,0.009563188999891281,False,128,7
5,5,4,0.010193107649683952,False,128,7
5,5,5,0.01133169699460268,False,128,7
5,5,6,0.013308493420481682,False,128,7
5,5,7,0.013653170317411423,False,128,7
5,5,8,0.0153893381357193,False,128,7
5,5,9,0.0159465242177248,False,128,7
5,5,10,0.01705235242843628,False,128,7
5,5,11,0.01598677784204483,False,128,7
5,5,12,0.015330508351325989,False,128,7
5,5,13,0.018767964094877243,False,128,7
5,5,14,0.019511710852384567,False,128,7
5,5,15,0.019618161022663116,False,128,7
5,5,16,0.02143191173672676,False,128,7
5,5,17,0.021388322114944458,False,128,7
5,5,18,0.0210830457508564,False,128,7
5,5,19,0.02149672992527485,False,128,7
5,5,20,0.023082265630364418,False,128,7
5,5,21,0.019949065521359444,False,128,7
5,5,22,0.024401826784014702,False,128,7
5,5,23,0.021037321537733078,False,128,7
5,5,24,0.02400456927716732,False,128,7
5,5,25,0.023308444768190384,False,128,7
5,5,26,0.019293850287795067,False,128,7
5,5,27,0.022450590506196022,False,128,7
5,5,28,0.022999320179224014,False,128,7
5,5,29,0.02252105064690113,False,128,7
5,5,30,0.02285504713654518,False,128,7
5,5,31,0.02364516817033291,False,128,7
5,5,32,0.022535080090165138,False,128,7
5,5,33,0.023694992065429688,False,128,7
5,5,34,0.02626591920852661,False,128,7
5,5,35,0.02659093588590622,False,128,7
5,5,36,0.02278270199894905,False,128,7
5,5,37,0.023218808695673943,False,128,7
5,5,38,0.02500649355351925,False,128,7
5,5,39,0.02588958665728569,False,128,7
5,5,40,0.025573227554559708,False,128,7
5,5,41,0.022465191781520844,False,128,7
5,5,42,0.024564236402511597,False,128,7
5,5,43,0.02346799150109291,False,128,7
5,5,44,0.02500053308904171,False,128,7
5,5,45,0.026898885145783424,False,128,7
5,5,46,0.023604243993759155,False,128,7
5,5,47,0.0236821211874485,False,128,7
5,5,48,0.02038034051656723,False,128,7
5,5,49,0.02141578309237957,True,128,7
5,0,0,0.020231029018759727,False,128,8
5,0,1,0.013930700719356537,False,128,8
5,0,2,0.014905537478625774,False,128,8
5,0,3,0.014487932436168194,False,128,8
5,0,4,0.016383152455091476,False,128,8
5,0,5,0.017096398398280144,False,128,8
5,0,6,0.016240248456597328,False,128,8
5,0,7,0.016702942550182343,False,128,8
5,0,8,0.018947146832942963,False,128,8
5,0,9,0.017210494726896286,False,128,8
5,0,10,0.01698516309261322,False,128,8
5,0,11,0.01730220951139927,False,128,8
5,0,12,0.018759239464998245,False,128,8
5,0,13,0.018360663205385208,False,128,8
5,0,14,0.016139674931764603,False,128,8
5,0,15,0.017424682155251503,False,128,8
5,0,16,0.020098382607102394,False,128,8
5,0,17,0.017168447375297546,False,128,8
5,0,18,0.016298171132802963,False,128,8
5,0,19,0.015245262533426285,False,128,8
5,0,20,0.016151871532201767,False,128,8
5,0,21,0.015773126855492592,False,128,8
5,0,22,0.0190353374928236,False,128,8
5,0,23,0.01533431001007557,False,128,8
5,0,24,0.020702559500932693,False,128,8
5,0,25,0.01758567988872528,False,128,8
5,0,26,0.016102686524391174,False,128,8
5,0,27,0.014734344556927681,False,128,8
5,0,28,0.015598145313560963,False,128,8
5,0,29,0.017441725358366966,False,128,8
5,0,30,0.01859349198639393,False,128,8
5,0,31,0.01611357554793358,False,128,8
5,0,32,0.015164977870881557,False,128,8
5,0,33,0.017482802271842957,False,128,8
5,0,34,0.016580328345298767,False,128,8
5,0,35,0.01744542084634304,False,128,8
5,0,36,0.015100064687430859,False,128,8
5,0,37,0.020636435598134995,False,128,8
5,0,38,0.015559890307486057,False,128,8
5,0,39,0.013527506962418556,False,128,8
5,0,40,0.017941445112228394,False,128,8
5,0,41,0.016055922955274582,False,128,8
5,0,42,0.019518272951245308,False,128,8
5,0,43,0.012541815638542175,False,128,8
5,0,44,0.01932463049888611,False,128,8
5,0,45,0.013755491003394127,False,128,8
5,0,46,0.014986308291554451,False,128,8
5,0,47,0.016550732776522636,False,128,8
5,0,48,0.020382583141326904,False,128,8
5,0,49,0.17436105012893677,True,128,8
5,1,0,0.025607626885175705,False,128,8
5,1,1,0.010417914018034935,False,128,8
5,1,2,0.01039855182170868,False,128,8
5,1,3,0.013114680536091328,False,128,8
5,1,4,0.012093573808670044,False,128,8
5,1,5,0.0118609219789505,False,128,8
5,1,6,0.01390521414577961,False,128,8
5,1,7,0.013170894235372543,False,128,8
5,1,8,0.01468824315816164,False,128,8
5,1,9,0.014147330075502396,False,128,8
5,1,10,0.016032449901103973,False,128,8
5,1,11,0.013893830589950085,False,128,8
5,1,12,0.014432711526751518,False,128,8
5,1,13,0.018006591126322746,False,128,8
5,1,14,0.014806028455495834,False,128,8
5,1,15,0.015908101573586464,False,128,8
5,1,16,0.018754519522190094,False,128,8
5,1,17,0.017775289714336395,False,128,8
5,1,18,0.01641235128045082,False,128,8
5,1,19,0.017535516992211342,False,128,8
5,1,20,0.01594727858901024,False,128,8
5,1,21,0.01798900216817856,False,128,8
5,1,22,0.018474485725164413,False,128,8
5,1,23,0.018409952521324158,False,128,8
5,1,24,0.020527878776192665,False,128,8
5,1,25,0.021790845319628716,False,128,8
5,1,26,0.017322838306427002,False,128,8
5,1,27,0.019044816493988037,False,128,8
5,1,28,0.020405221730470657,False,128,8
5,1,29,0.018735047429800034,False,128,8
5,1,30,0.020711001008749008,False,128,8
5,1,31,0.02057998813688755,False,128,8
5,1,32,0.022624021396040916,False,128,8
5,1,33,0.02147083729505539,False,128,8
5,1,34,0.02255243994295597,False,128,8
5,1,35,0.021290156990289688,False,128,8
5,1,36,0.02293623425066471,False,128,8
5,1,37,0.021079527214169502,False,128,8
5,1,38,0.02357294037938118,False,128,8
5,1,39,0.022759078070521355,False,128,8
5,1,40,0.02300473302602768,False,128,8
5,1,41,0.02522001415491104,False,128,8
5,1,42,0.02277778647840023,False,128,8
5,1,43,0.0227044764906168,False,128,8
5,1,44,0.022791415452957153,False,128,8
5,1,45,0.024828795343637466,False,128,8
5,1,46,0.024797193706035614,False,128,8
5,1,47,0.023539887741208076,False,128,8
5,1,48,0.022434324026107788,False,128,8
5,1,49,0.07671544700860977,True,128,8
5,2,0,0.025129172950983047,False,128,8
5,2,1,0.010020185261964798,False,128,8
5,2,2,0.010881206952035427,False,128,8
5,2,3,0.010447416454553604,False,128,8
5,2,4,0.011239811778068542,False,128,8
5,2,5,0.01139102503657341,False,128,8
5,2,6,0.01169296633452177,False,128,8
5,2,7,0.01195529568940401,False,128,8
5,2,8,0.01442208606749773,False,128,8
5,2,9,0.013876952230930328,False,128,8
5,2,10,0.013610262423753738,False,128,8
5,2,11,0.014775625430047512,False,128,8
5,2,12,0.016217824071645737,False,128,8
5,2,13,0.015861837193369865,False,128,8
5,2,14,0.01578882336616516,False,128,8
5,2,15,0.016516685485839844,False,128,8
5,2,16,0.019132904708385468,False,128,8
5,2,17,0.016616694629192352,False,128,8
5,2,18,0.018515119329094887,False,128,8
5,2,19,0.016174588352441788,False,128,8
5,2,20,0.018431533128023148,False,128,8
5,2,21,0.019768519327044487,False,128,8
5,2,22,0.019224978983402252,False,128,8
5,2,23,0.020562579855322838,False,128,8
5,2,24,0.023059146478772163,False,128,8
5,2,25,0.020760009065270424,False,128,8
5,2,26,0.019730599597096443,False,128,8
5,2,27,0.022534187883138657,False,128,8
5,2,28,0.02184012532234192,False,128,8
5,2,29,0.020943664014339447,False,128,8
5,2,30,0.021107766777276993,False,128,8
5,2,31,0.021167973056435585,False,128,8
5,2,32,0.02472221665084362,False,128,8
5,2,33,0.023500951007008553,False,128,8
5,2,34,0.021696140989661217,False,128,8
5,2,35,0.025850089266896248,False,128,8
5,2,36,0.02480456791818142,False,128,8
5,2,37,0.02421155571937561,False,128,8
5,2,38,0.025186531245708466,False,128,8
5,2,39,0.023180752992630005,False,128,8
5,2,40,0.027719447389245033,False,128,8
5,2,41,0.026405014097690582,False,128,8
5,2,42,0.025632735341787338,False,128,8
5,2,43,0.023134006187319756,False,128,8
5,2,44,0.025799758732318878,False,128,8
5,2,45,0.025262126699090004,False,128,8
5,2,46,0.0270199254155159,False,128,8
5,2,47,0.02596738561987877,False,128,8
5,2,48,0.025674954056739807,False,128,8
5,2,49,0.030834272503852844,True,128,8
5,3,0,0.01715804450213909,False,128,8
5,3,1,0.008688594214618206,False,128,8
5,3,2,0.01017858274281025,False,128,8
5,3,3,0.01055874302983284,False,128,8
5,3,4,0.010296228341758251,False,128,8
5,3,5,0.011078772135078907,False,128,8
5,3,6,0.012093581259250641,False,128,8
5,3,7,0.010644704103469849,False,128,8
5,3,8,0.013474603183567524,False,128,8
5,3,9,0.011574048548936844,False,128,8
5,3,10,0.013818115927278996,False,128,8
5,3,11,0.013093104586005211,False,128,8
5,3,12,0.015913432464003563,False,128,8
5,3,13,0.016978221014142036,False,128,8
5,3,14,0.014778019860386848,False,128,8
5,3,15,0.017944766208529472,False,128,8
5,3,16,0.017548175528645515,False,128,8
5,3,17,0.019507959485054016,False,128,8
5,3,18,0.02060873433947563,False,128,8
5,3,19,0.018386235460639,False,128,8
5,3,20,0.017172494903206825,False,128,8
5,3,21,0.020211389288306236,False,128,8
5,3,22,0.019913049414753914,False,128,8
5,3,23,0.020540595054626465,False,128,8
5,3,24,0.020567653700709343,False,128,8
5,3,25,0.02551226317882538,False,128,8
5,3,26,0.01662258245050907,False,128,8
5,3,27,0.023284144699573517,False,128,8
5,3,28,0.022876055911183357,False,128,8
5,3,29,0.020144851878285408,False,128,8
5,3,30,0.02406352385878563,False,128,8
5,3,31,0.02617051638662815,False,128,8
5,3,32,0.0273230392485857,False,128,8
5,3,33,0.020144959911704063,False,128,8
5,3,34,0.027106009423732758,False,128,8
5,3,35,0.023015344515442848,False,128,8
5,3,36,0.02621251344680786,False,128,8
5,3,37,0.017894066870212555,False,128,8
5,3,38,0.027557451277971268,False,128,8
5,3,39,0.02907937578856945,False,128,8
5,3,40,0.025766905397176743,False,128,8
5,3,41,0.03150641918182373,False,128,8
5,3,42,0.02538328245282173,False,128,8
5,3,43,0.028108535334467888,False,128,8
5,3,44,0.019654899835586548,False,128,8
5,3,45,0.029120124876499176,False,128,8
5,3,46,0.030414998531341553,False,128,8
5,3,47,0.02414407953619957,False,128,8
5,3,48,0.023838281631469727,False,128,8
5,3,49,0.02232792042195797,True,128,8
5,4,0,0.014562820084393024,False,128,8
5,4,1,0.011751890182495117,False,128,8
5,4,2,0.01398384664207697,False,128,8
5,4,3,0.014953665435314178,False,128,8
5,4,4,0.0163824912160635,False,128,8
5,4,5,0.014241060242056847,False,128,8
5,4,6,0.018819835036993027,False,128,8
5,4,7,0.015342657454311848,False,128,8
5,4,8,0.016452493146061897,False,128,8
5,4,9,0.016852889209985733,False,128,8
5,4,10,0.01987539231777191,False,128,8
5,4,11,0.015565570443868637,False,128,8
5,4,12,0.01800868846476078,False,128,8
5,4,13,0.022343309596180916,False,128,8
5,4,14,0.015897274017333984,False,128,8
5,4,15,0.02074100635945797,False,128,8
5,4,16,0.02092090994119644,False,128,8
5,4,17,0.021248964592814445,False,128,8
5,4,18,0.02448548749089241,False,128,8
5,4,19,0.01886950433254242,False,128,8
5,4,20,0.018443549051880836,False,128,8
5,4,21,0.021460535004734993,False,128,8
5,4,22,0.01925855688750744,False,128,8
5,4,23,0.019039062783122063,False,128,8
5,4,24,0.02430126629769802,False,128,8
5,4,25,0.024333618581295013,False,128,8
5,4,26,0.01702270098030567,False,128,8
5,4,27,0.01896286942064762,False,128,8
5,4,28,0.020797457545995712,False,128,8
5,4,29,0.022383781149983406,False,128,8
5,4,30,0.02338702417910099,False,128,8
5,4,31,0.025697993114590645,False,128,8
5,4,32,0.021180152893066406,False,128,8
5,4,33,0.020510859787464142,False,128,8
5,4,34,0.023555494844913483,False,128,8
5,4,35,0.02205171063542366,False,128,8
5,4,36,0.02171153947710991,False,128,8
5,4,37,0.01784486137330532,False,128,8
5,4,38,0.02225823886692524,False,128,8
5,4,39,0.02424057200551033,False,128,8
5,4,40,0.02315467968583107,False,128,8
5,4,41,0.02103537879884243,False,128,8
5,4,42,0.02067800611257553,False,128,8
5,4,43,0.021373623982071877,False,128,8
5,4,44,0.018625374883413315,False,128,8
5,4,45,0.02140079066157341,False,128,8
5,4,46,0.02196158468723297,False,128,8
5,4,47,0.022443627938628197,False,128,8
5,4,48,0.02017875574529171,False,128,8
5,4,49,0.029406582936644554,True,128,8
5,5,0,0.006310480646789074,False,128,8
5,5,1,0.004424028564244509,False,128,8
5,5,2,0.007266608066856861,False,128,8
5,5,3,0.009913074783980846,False,128,8
5,5,4,0.010058198124170303,False,128,8
5,5,5,0.01041991077363491,False,128,8
5,5,6,0.014086835086345673,False,128,8
5,5,7,0.014600171707570553,False,128,8
5,5,8,0.014003890566527843,False,128,8
5,5,9,0.01709629036486149,False,128,8
5,5,10,0.01783287525177002,False,128,8
5,5,11,0.01466054655611515,False,128,8
5,5,12,0.017636392265558243,False,128,8
5,5,13,0.02169501595199108,False,128,8
5,5,14,0.018406707793474197,False,128,8
5,5,15,0.020163312554359436,False,128,8
5,5,16,0.02057001180946827,False,128,8
5,5,17,0.020924437791109085,False,128,8
5,5,18,0.02098316140472889,False,128,8
5,5,19,0.02029651589691639,False,128,8
5,5,20,0.022784315049648285,False,128,8
5,5,21,0.021469710394740105,False,128,8
5,5,22,0.021658465266227722,False,128,8
5,5,23,0.020111188292503357,False,128,8
5,5,24,0.023271067067980766,False,128,8
5,5,25,0.023105395957827568,False,128,8
5,5,26,0.020204804837703705,False,128,8
5,5,27,0.02163074165582657,False,128,8
5,5,28,0.02248961664736271,False,128,8
5,5,29,0.025047793984413147,False,128,8
5,5,30,0.025928396731615067,False,128,8
5,5,31,0.024967966601252556,False,128,8
5,5,32,0.022385187447071075,False,128,8
5,5,33,0.02398860640823841,False,128,8
5,5,34,0.024481114000082016,False,128,8
5,5,35,0.023148925974965096,False,128,8
5,5,36,0.022393517196178436,False,128,8
5,5,37,0.02458367496728897,False,128,8
5,5,38,0.023117277771234512,False,128,8
5,5,39,0.026055898517370224,False,128,8
5,5,40,0.025070948526263237,False,128,8
5,5,41,0.02294698916375637,False,128,8
5,5,42,0.02538028359413147,False,128,8
5,5,43,0.02372170425951481,False,128,8
5,5,44,0.023065956309437752,False,128,8
5,5,45,0.023396596312522888,False,128,8
5,5,46,0.023157374933362007,False,128,8
5,5,47,0.025404078885912895,False,128,8
5,5,48,0.022330421954393387,False,128,8
5,5,49,0.021353518590331078,True,128,8
5,0,0,0.019589461386203766,False,128,9
5,0,1,0.012878047302365303,False,128,9
5,0,2,0.014412726275622845,False,128,9
5,0,3,0.013725808821618557,False,128,9
5,0,4,0.015952326357364655,False,128,9
5,0,5,0.01562858372926712,False,128,9
5,0,6,0.016555486246943474,False,128,9
5,0,7,0.01772228628396988,False,128,9
5,0,8,0.01857445016503334,False,128,9
5,0,9,0.017024114727973938,False,128,9
5,0,10,0.017322774976491928,False,128,9
5,0,11,0.01593969762325287,False,128,9
5,0,12,0.017461547628045082,False,128,9
5,0,13,0.017880205065011978,False,128,9
5,0,14,0.016898520290851593,False,128,9
5,0,15,0.017338253557682037,False,128,9
5,0,16,0.018467718735337257,False,128,9
5,0,17,0.016261892393231392,False,128,9
5,0,18,0.016492007300257683,False,128,9
5,0,19,0.015403086319565773,False,128,9
5,0,20,0.016366420313715935,False,128,9
5,0,21,0.016104351729154587,False,128,9
5,0,22,0.017804166302084923,False,128,9
5,0,23,0.015223808586597443,False,128,9
5,0,24,0.01875379867851734,False,128,9
5,0,25,0.016539441421628,False,128,9
5,0,26,0.01607665792107582,False,128,9
5,0,27,0.014713071286678314,False,128,9
5,0,28,0.015063228085637093,False,128,9
5,0,29,0.01735624670982361,False,128,9
5,0,30,0.017883148044347763,False,128,9
5,0,31,0.014045052230358124,False,128,9
5,0,32,0.01397172175347805,False,128,9
5,0,33,0.015838421881198883,False,128,9
5,0,34,0.017151182517409325,False,128,9
5,0,35,0.01819269359111786,False,128,9
5,0,36,0.015767227858304977,False,128,9
5,0,37,0.018238933756947517,False,128,9
5,0,38,0.015076644718647003,False,128,9
5,0,39,0.013624337501823902,False,128,9
5,0,40,0.019166231155395508,False,128,9
5,0,41,0.014104735106229782,False,128,9
5,0,42,0.01760144904255867,False,128,9
5,0,43,0.01172436960041523,False,128,9
5,0,44,0.019236085936427116,False,128,9
5,0,45,0.01333694439381361,False,128,9
5,0,46,0.013661946170032024,False,128,9
5,0,47,0.016157831996679306,False,128,9
5,0,48,0.018782248720526695,False,128,9
5,0,49,0.2009086161851883,True,128,9
5,1,0,0.025267373770475388,False,128,9
5,1,1,0.010618851520121098,False,128,9
5,1,2,0.010510495863854885,False,128,9
5,1,3,0.012565896846354008,False,128,9
5,1,4,0.011440292932093143,False,128,9
5,1,5,0.012430260889232159,False,128,9
5,1,6,0.013858283869922161,False,128,9
5,1,7,0.013176040723919868,False,128,9
5,1,8,0.015628386288881302,False,128,9
5,1,9,0.014951149001717567,False,128,9
5,1,10,0.01465696468949318,False,128,9
5,1,11,0.01383919920772314,False,128,9
5,1,12,0.014778858050704002,False,128,9
5,1,13,0.017632752656936646,False,128,9
5,1,14,0.015365667641162872,False,128,9
5,1,15,0.017084980383515358,False,128,9
5,1,16,0.017783598974347115,False,128,9
5,1,17,0.01800677366554737,False,128,9
5,1,18,0.016466299071907997,False,128,9
5,1,19,0.017315061762928963,False,128,9
5,1,20,0.01595269702374935,False,128,9
5,1,21,0.017587672919034958,False,128,9
5,1,22,0.018459651619195938,False,128,9
5,1,23,0.01834515482187271,False,128,9
5,1,24,0.02027728594839573,False,128,9
5,1,25,0.021778792142868042,False,128,9
5,1,26,0.01734033413231373,False,128,9
5,1,27,0.019294165074825287,False,128,9
5,1,28,0.02000441402196884,False,128,9
5,1,29,0.018199961632490158,False,128,9
5,1,30,0.020601296797394753,False,128,9
5,1,31,0.020407695323228836,False,128,9
5,1,32,0.02263101376593113,False,128,9
5,1,33,0.020769605413079262,False,128,9
5,1,34,0.022586045786738396,False,128,9
5,1,35,0.021662430837750435,False,128,9
5,1,36,0.02190946228802204,False,128,9
5,1,37,0.02131480537354946,False,128,9
5,1,38,0.022138100117444992,False,128,9
5,1,39,0.023885563015937805,False,128,9
5,1,40,0.02214009128510952,False,128,9
5,1,41,0.025780199095606804,False,128,9
5,1,42,0.022023560479283333,False,128,9
5,1,43,0.022422464564442635,False,128,9
5,1,44,0.023259751498699188,False,128,9
5,1,45,0.02473108470439911,False,128,9
5,1,46,0.025193514302372932,False,128,9
5,1,47,0.02408742904663086,False,128,9
5,1,48,0.022919069975614548,False,128,9
5,1,49,0.07891950756311417,True,128,9
5,2,0,0.02532150410115719,False,128,9
5,2,1,0.010621222667396069,False,128,9
5,2,2,0.010092969983816147,False,128,9
5,2,3,0.010339338332414627,False,128,9
5,2,4,0.010993270203471184,False,128,9
5,2,5,0.01195087656378746,False,128,9
5,2,6,0.01114291325211525,False,128,9
5,2,7,0.012835276313126087,False,128,9
5,2,8,0.014190051704645157,False,128,9
5,2,9,0.014008229598402977,False,128,9
5,2,10,0.013509662821888924,False,128,9
5,2,11,0.014876315370202065,False,128,9
5,2,12,0.015448229387402534,False,128,9
5,2,13,0.014778731390833855,False,128,9
5,2,14,0.015416915528476238,False,128,9
5,2,15,0.01796433888375759,False,128,9
5,2,16,0.01862679421901703,False,128,9
5,2,17,0.016828058287501335,False,128,9
5,2,18,0.01862519048154354,False,128,9
5,2,19,0.016754409298300743,False,128,9
5,2,20,0.01804562471807003,False,128,9
5,2,21,0.018782485276460648,False,128,9
5,2,22,0.020887412130832672,False,128,9
5,2,23,0.019544286653399467,False,128,9
5,2,24,0.02168227732181549,False,128,9
5,2,25,0.02126791700720787,False,128,9
5,2,26,0.019003598019480705,False,128,9
5,2,27,0.020890243351459503,False,128,9
5,2,28,0.022935857996344566,False,128,9
5,2,29,0.02024364471435547,False,128,9
5,2,30,0.02121187001466751,False,128,9
5,2,31,0.022391773760318756,False,128,9
5,2,32,0.02503150701522827,False,128,9
5,2,33,0.02388232760131359,False,128,9
5,2,34,0.024802643805742264,False,128,9
5,2,35,0.024165643379092216,False,128,9
5,2,36,0.023772118613123894,False,128,9
5,2,37,0.025106243789196014,False,128,9
5,2,38,0.02462626062333584,False,128,9
5,2,39,0.024787746369838715,False,128,9
5,2,40,0.028845371678471565,False,128,9
5,2,41,0.022990023717284203,False,128,9
5,2,42,0.02502349391579628,False,128,9
5,2,43,0.024620112031698227,False,128,9
5,2,44,0.026196079328656197,False,128,9
5,2,45,0.026804646477103233,False,128,9
5,2,46,0.02615063451230526,False,128,9
5,2,47,0.028071874752640724,False,128,9
5,2,48,0.023908942937850952,False,128,9
5,2,49,0.030003033578395844,True,128,9
5,3,0,0.01814272068440914,False,128,9
5,3,1,0.011622071266174316,False,128,9
5,3,2,0.011296194046735764,False,128,9
5,3,3,0.010452565737068653,False,128,9
5,3,4,0.009386854246258736,False,128,9
5,3,5,0.012670625001192093,False,128,9
5,3,6,0.011281033046543598,False,128,9
5,3,7,0.013688807375729084,False,128,9
5,3,8,0.013305146247148514,False,128,9
5,3,9,0.010643553920090199,False,128,9
5,3,10,0.013723327778279781,False,128,9
5,3,11,0.01628570444881916,False,128,9
5,3,12,0.01702013798058033,False,128,9
5,3,13,0.016127213835716248,False,128,9
5,3,14,0.013236703351140022,False,128,9
5,3,15,0.019879544153809547,False,128,9
5,3,16,0.017004426568746567,False,128,9
5,3,17,0.016782036051154137,False,128,9
5,3,18,0.01975475251674652,False,128,9
5,3,19,0.019117744639515877,False,128,9
5,3,20,0.017716359347105026,False,128,9
5,3,21,0.019549651071429253,False,128,9
5,3,22,0.019814807921648026,False,128,9
5,3,23,0.023385003209114075,False,128,9
5,3,24,0.02079503796994686,False,128,9
5,3,25,0.02034095861017704,False,128,9
5,3,26,0.019292466342449188,False,128,9
5,3,27,0.022155705839395523,False,128,9
5,3,28,0.025285672396421432,False,128,9
5,3,29,0.02111167274415493,False,128,9
5,3,30,0.020173046737909317,False,128,9
5,3,31,0.023195166140794754,False,128,9
5,3,32,0.026933979243040085,False,128,9
5,3,33,0.02416059374809265,False,128,9
5,3,34,0.02604757435619831,False,128,9
5,3,35,0.02317325957119465,False,128,9
5,3,36,0.02692710980772972,False,128,9
5,3,37,0.02186174876987934,False,128,9
5,3,38,0.0277739018201828,False,128,9
5,3,39,0.023632094264030457,False,128,9
5,3,40,0.02667102962732315,False,128,9
5,3,41,0.023152317851781845,False,128,9
5,3,42,0.02582673914730549,False,128,9
5,3,43,0.02534981444478035,False,128,9
5,3,44,0.022060714662075043,False,128,9
5,3,45,0.025645513087511063,False,128,9
5,3,46,0.027635831385850906,False,128,9
5,3,47,0.02498175948858261,False,128,9
5,3,48,0.026110632345080376,False,128,9
5,3,49,0.027818679809570312,True,128,9
5,4,0,0.01645365171134472,False,128,9
5,4,1,0.013486300595104694,False,128,9
5,4,2,0.014244474470615387,False,128,9
5,4,3,0.014434280805289745,False,128,9
5,4,4,0.013531411066651344,False,128,9
5,4,5,0.0172163937240839,False,128,9
5,4,6,0.01464028935879469,False,128,9
5,4,7,0.018944360315799713,False,128,9
5,4,8,0.016673250123858452,False,128,9
5,4,9,0.012342036701738834,False,128,9
5,4,10,0.017055878415703773,False,128,9
5,4,11,0.01886782981455326,False,128,9
5,4,12,0.02102782018482685,False,128,9
5,4,13,0.020893484354019165,False,128,9
5,4,14,0.01625414937734604,False,128,9
5,4,15,0.020429661497473717,False,128,9
5,4,16,0.01973552443087101,False,128,9
5,4,17,0.020573625341057777,False,128,9
5,4,18,0.019646242260932922,False,128,9
5,4,19,0.020412039011716843,False,128,9
5,4,20,0.01954730786383152,False,128,9
5,4,21,0.018778150901198387,False,128,9
5,4,22,0.020392149686813354,False,128,9
5,4,23,0.02233281545341015,False,128,9
5,4,24,0.021124478429555893,False,128,9
5,4,25,0.020251799374818802,False,128,9
5,4,26,0.020827170461416245,False,128,9
5,4,27,0.02202676795423031,False,128,9
5,4,28,0.02193577215075493,False,128,9
5,4,29,0.0212100800126791,False,128,9
5,4,30,0.021351760253310204,False,128,9
5,4,31,0.022045442834496498,False,128,9
5,4,32,0.02254618890583515,False,128,9
5,4,33,0.02096025086939335,False,128,9
5,4,34,0.024288536980748177,False,128,9
5,4,35,0.02255682647228241,False,128,9
5,4,36,0.023850398138165474,False,128,9
5,4,37,0.020034510642290115,False,128,9
5,4,38,0.02492804452776909,False,128,9
5,4,39,0.021684912964701653,False,128,9
5,4,40,0.023105943575501442,False,128,9
5,4,41,0.01653914526104927,False,128,9
5,4,42,0.024529017508029938,False,128,9
5,4,43,0.02256731316447258,False,128,9
5,4,44,0.02080184780061245,False,128,9
5,4,45,0.02108570747077465,False,128,9
5,4,46,0.019619137048721313,False,128,9
5,4,47,0.020802490413188934,False,128,9
5,4,48,0.021020160987973213,False,128,9
5,4,49,0.030393168330192566,True,128,9
5,5,0,0.006799429189413786,False,128,9
5,5,1,0.005569676868617535,False,128,9
5,5,2,0.007022923789918423,False,128,9
5,5,3,0.0106961065903306,False,128,9
5,5,4,0.009679170325398445,False,128,9
5,5,5,0.011772366240620613,False,128,9
5,5,6,0.014206809923052788,False,128,9
5,5,7,0.015331249684095383,False,128,9
5,5,8,0.014730839058756828,False,128,9
5,5,9,0.013795191422104836,False,128,9
5,5,10,0.017584053799510002,False,128,9
5,5,11,0.016837796196341515,False,128,9
5,5,12,0.019436750560998917,False,128,9
5,5,13,0.020746584981679916,False,128,9
5,5,14,0.017949391156435013,False,128,9
5,5,15,0.019879819825291634,False,128,9
5,5,16,0.019586745649576187,False,128,9
5,5,17,0.02033362351357937,False,128,9
5,5,18,0.01952810399234295,False,128,9
5,5,19,0.021723970770835876,False,128,9
5,5,20,0.019937146455049515,False,128,9
5,5,21,0.02055429294705391,False,128,9
5,5,22,0.023068511858582497,False,128,9
5,5,23,0.021564338356256485,False,128,9
5,5,24,0.021831661462783813,False,128,9
5,5,25,0.02354295179247856,False,128,9
5,5,26,0.021422918885946274,False,128,9
5,5,27,0.02232300117611885,False,128,9
5,5,28,0.024243667721748352,False,128,9
5,5,29,0.023774728178977966,False,128,9
5,5,30,0.023165687918663025,False,128,9
5,5,31,0.024919817224144936,False,128,9
5,5,32,0.0239265076816082,False,128,9
5,5,33,0.024261143058538437,False,128,9
5,5,34,0.025107454508543015,False,128,9
5,5,35,0.023275509476661682,False,128,9
5,5,36,0.02383423037827015,False,128,9
5,5,37,0.02140977419912815,False,128,9
5,5,38,0.02466246671974659,False,128,9
5,5,39,0.024629827588796616,False,128,9
5,5,40,0.024517105892300606,False,128,9
5,5,41,0.02122834511101246,False,128,9
5,5,42,0.026065872982144356,False,128,9
5,5,43,0.02452884241938591,False,128,9
5,5,44,0.025129951536655426,False,128,9
5,5,45,0.024096649140119553,False,128,9
5,5,46,0.023593664169311523,False,128,9
5,5,47,0.023938320577144623,False,128,9
5,5,48,0.022639667615294456,False,128,9
5,5,49,0.019595345482230186,True,128,9
