T,K,N,d,noise_std,method,position,mean_mse,stderr,ci95_low,ci95_high,num_pools
2,2,50,4,0.0,em_ridge,1,0.8121129632905406,0.03227189170393277,0.7391088723154411,0.8851170542656401,10
2,2,50,4,0.0,em_ridge,2,0.652684480969051,0.03885496870335281,0.5647884352064614,0.7405805267316405,10
2,2,50,4,0.0,em_ridge,3,0.4904858721767408,0.05664224236854407,0.36235221788578686,0.6186195264676947,10
2,2,50,4,0.0,em_ridge,4,0.39926764415856014,0.05110759406153341,0.28365423417887936,0.5148810541382409,10
2,2,50,4,0.0,em_ridge,5,0.2336256227063064,0.030604189146357742,0.16439413701724215,0.30285710839537067,10
2,2,50,4,0.0,em_ridge,6,0.15112166284888717,0.020481207570610734,0.10478995244027328,0.19745337325750106,10
2,2,50,4,0.0,em_ridge,7,0.08044131450515268,0.014452575093923458,0.047747318235554795,0.11313531077475057,10
2,2,50,4,0.0,em_ridge,8,0.054029089963035,0.012697930760987634,0.025304374939351164,0.08275380498671883,10
2,2,50,4,0.0,em_ridge,9,0.02631597239450706,0.00537190450541869,0.01416388013970622,0.038468064649307895,10
2,2,50,4,0.0,em_ridge,10,0.011267620099591525,0.0029285569243730023,0.004642764076458857,0.017892476122724193,10
2,2,50,4,0.0,em_ridge,11,0.01773997853935331,0.006797957698269247,0.002361929839814333,0.03311802723889228,10
2,2,50,4,0.0,em_ridge,12,0.008757623185963492,0.004071469191940083,0.0,0.01796792638162297,10
2,2,50,4,0.0,em_ridge,13,0.0034273467865874956,0.0016187355668104714,0.0,0.007089181043724016,10
2,2,50,4,0.0,em_ridge,14,0.0014434996401797256,0.0007571106568491971,0.0,0.0031562029356019903,10
2,2,50,4,0.0,em_ridge,15,0.0037205960438702586,0.0019867984266437365,0.0,0.00821504633573859,10
2,2,50,4,0.0,em_ridge,16,0.0007230905642796589,0.0004084235049675098,0.0,0.0016470087214970593,10
2,2,50,4,0.0,em_ridge,17,0.00011388826576315139,8.627944125177961e-05,0.0,0.00030906592179309153,10
2,2,50,4,0.0,em_ridge,18,0.0003787967538604186,0.00035850710793017764,0.0,0.001189796175978739,10
2,2,50,4,0.0,em_ridge,19,0.00013197282684381233,0.0001306950944350941,0.0,0.0004276256708627483,10
2,2,50,4,0.0,em_ridge,20,0.0004426949744712109,0.00041311698548329604,0.0,0.001377230522255851,10
2,2,50,4,0.0,em_ridge,21,0.0004915507055523452,0.0003229273546835393,0.0,0.00122206313401319,10
2,2,50,4,0.0,em_ridge,22,5.813150937783795e-05,4.833080975848913e-05,0.0,0.00016746339685684152,10
2,2,50,4,0.0,em_ridge,23,0.0002892613111226515,0.0002823154742029556,0.0,0.0009279032832596394,10
2,2,50,4,0.0,em_ridge,24,0.00029014866173544135,0.00028668584901318605,0.0,0.0009386771085535048,10
2,2,50,4,0.0,em_ridge,25,4.1089944032122056e-07,2.8383504404569963e-08,3.4669149252710823e-07,4.751073881153329e-07,10
2,2,50,4,0.0,em_ridge,26,0.0007050041710364736,0.0007042182105117272,0.0,0.0022980564401185117,10
2,2,50,4,0.0,em_ridge,27,0.00010712075320960122,7.199798139352341e-05,0.0,0.0002699915025259721,10
2,2,50,4,0.0,em_ridge,28,3.049512617967502e-07,2.05726302148505e-08,2.584127389986274e-07,3.5148978459487303e-07,10
2,2,50,4,0.0,em_ridge,29,2.545029359916087e-07,1.715858160214335e-08,2.156875277168626e-07,2.9331834426635476e-07,10
2,2,50,4,0.0,em_ridge,30,2.5013201629886127e-07,2.129839297117316e-08,2.0195170408303095e-07,2.983123285146916e-07,10
2,2,50,4,0.0,em_ridge,31,2.1471372070387865e-07,1.491009478489995e-08,1.8098474298821705e-07,2.4844269841954025e-07,10
2,2,50,4,0.0,em_ridge,32,1.9411275912976273e-07,8.997073551521833e-09,1.7375996475096535e-07,2.1446555350856012e-07,10
2,2,50,4,0.0,em_ridge,33,4.1671373934411245e-06,3.98313991800733e-06,0.0,1.317762588938886e-05,10
2,2,50,4,0.0,em_ridge,34,1.5991540855243583e-07,8.530643834001785e-09,1.4061775150006834e-07,1.792130656048033e-07,10
2,2,50,4,0.0,em_ridge,35,1.518290794010021e-07,5.581945693116611e-09,1.3920184096896777e-07,1.6445631783303643e-07,10
2,2,50,4,0.0,em_ridge,36,1.4050196142702162e-07,5.854764712374845e-09,1.272575634964247e-07,1.5374635935761854e-07,10
2,2,50,4,0.0,em_ridge,37,1.324874254126096e-07,7.009489676657981e-09,1.1663085813299767e-07,1.4834399269222152e-07,10
2,2,50,4,0.0,em_ridge,38,1.2512648151792007e-07,5.750183064244247e-09,1.1211866371173902e-07,1.3813429932410113e-07,10
2,2,50,4,0.0,em_ridge,39,1.1408685184968025e-07,5.4248466686721e-09,1.0181499610106169e-07,1.2635870759829883e-07,10
2,2,50,4,0.0,em_ridge,40,9.787106144998665e-08,2.8801432321069006e-09,9.135572480759125e-08,1.0438639809238205e-07,10
2,2,50,4,0.0,em_ridge,41,9.654342000427615e-08,4.4825617540346764e-09,8.640316082470131e-08,1.0668367918385098e-07,10
2,2,50,4,0.0,em_ridge,42,9.237799499253869e-08,3.4134737568128636e-09,8.465618088354077e-08,1.000998091015366e-07,10
2,2,50,4,0.0,em_ridge,43,8.58077791257056e-08,3.625764474951826e-09,7.760573004807404e-08,9.400982820333715e-08,10
2,2,50,4,0.0,em_ridge,44,8.718933980955236e-08,4.142470682745926e-09,7.78184200828971e-08,9.656025953620763e-08,10
2,2,50,4,0.0,em_ridge,45,8.33703873209917e-08,4.679759945203598e-09,7.278403484077324e-08,9.395673980121015e-08,10
2,2,50,4,0.0,em_ridge,46,7.281884140865167e-08,3.2555579825160596e-09,6.54542575995981e-08,8.018342521770525e-08,10
2,2,50,4,0.0,em_ridge,47,7.282091522332352e-08,2.899122981307136e-09,6.62626434053267e-08,7.937918704132033e-08,10
2,2,50,4,0.0,em_ridge,48,4.655013470238419e-06,4.587098115234212e-06,0.0,1.5031750328073637e-05,10
2,2,50,4,0.0,em_ridge,49,6.506602458402524e-08,1.9251690530821225e-09,6.071098962099807e-08,6.94210595470524e-08,10
2,2,50,4,0.0,known_pool,0,2.227694869412377e-15,1.5653533918711273e-16,1.8735873306392036e-15,2.5818024081855507e-15,10
2,2,50,4,0.0,known_pool,1,2.3786453217089715e-15,1.6474135269308467e-16,2.0059744907052445e-15,2.7513161527126984e-15,10
2,2,50,4,0.0,known_pool,2,2.4561403214513475e-15,1.2590089681485828e-16,2.1713327059188983e-15,2.7409479369837967e-15,10
2,2,50,4,0.0,known_pool,3,2.0076782259712604e-15,5.605462312226824e-17,1.8808738587672674e-15,2.1344825931752534e-15,10
2,2,50,4,0.0,known_pool,4,2.3062012094939983e-15,1.221105331317904e-16,2.0299679923168112e-15,2.5824344266711853e-15,10
2,2,50,4,0.0,known_pool,5,2.1808213815142405e-15,1.4317895177114013e-16,1.8569280902032172e-15,2.504714672825264e-15,10
2,2,50,4,0.0,known_pool,6,2.220299855280503e-15,1.954459990432195e-16,1.778170288604633e-15,2.662429421956373e-15,10
2,2,50,4,0.0,known_pool,7,2.2683658093620227e-15,1.0085217029710129e-16,2.0402223499406905e-15,2.496509268783355e-15,10
2,2,50,4,0.0,known_pool,8,2.1997100858486384e-15,1.0772404202654876e-16,1.956021372572706e-15,2.4433987991245707e-15,10
2,2,50,4,0.0,known_pool,9,2.2003330599476514e-15,9.922791549265229e-17,1.975863920166413e-15,2.4248021997288897e-15,10
2,2,50,4,0.0,known_pool,10,1.970331361498423e-15,8.988643379478803e-17,1.7669941214511568e-15,2.1736686015456897e-15,10
2,2,50,4,0.0,known_pool,11,2.105217571710148e-15,1.0470399171126761e-16,1.86836068688694e-15,2.3420744565333557e-15,10
2,2,50,4,0.0,known_pool,12,2.2353564949846767e-15,1.2054907785695313e-16,1.9626555350418517e-15,2.5080574549275017e-15,10
2,2,50,4,0.0,known_pool,13,2.588620276881478e-15,1.86557818604685e-16,2.1665971712488815e-15,3.0106433825140746e-15,10
2,2,50,4,0.0,known_pool,14,2.1841129503661026e-15,1.1713356822011204e-16,1.919138410012864e-15,2.449087490719341e-15,10
2,2,50,4,0.0,known_pool,15,2.3437257196660246e-15,9.419174463617819e-17,2.130649189860835e-15,2.5568022494712143e-15,10
2,2,50,4,0.0,known_pool,16,2.427921543476783e-15,9.50396657181792e-17,2.2129268829224567e-15,2.642916204031109e-15,10
2,2,50,4,0.0,known_pool,17,2.1840213419338145e-15,1.5566131749982688e-16,1.8318909775809755e-15,2.5361517062866535e-15,10
2,2,50,4,0.0,known_pool,18,2.381578066654544e-15,1.4434156678965842e-16,2.0550547574518026e-15,2.7081013758572856e-15,10
2,2,50,4,0.0,known_pool,19,2.304897546962527e-15,1.1604536670544732e-16,2.042384689460255e-15,2.5674104044647993e-15,10
2,2,50,4,0.0,known_pool,20,2.1941854464958845e-15,9.358980704897444e-17,1.982470594115145e-15,2.405900298876624e-15,10
2,2,50,4,0.0,known_pool,21,2.303901940192666e-15,1.0418124154556149e-16,2.0682275984011644e-15,2.539576281984168e-15,10
2,2,50,4,0.0,known_pool,22,2.1351827202217997e-15,1.3741061136961095e-16,1.8243383214675537e-15,2.4460271189760457e-15,10
2,2,50,4,0.0,known_pool,23,2.4998797382895645e-15,1.0622805266718178e-16,2.2595751880583944e-15,2.7401842885207346e-15,10
2,2,50,4,0.0,known_pool,24,2.172112619966812e-15,1.1015179358405444e-16,1.922931951115574e-15,2.42129328881805e-15,10
2,2,50,4,0.0,known_pool,25,2.253415198714631e-15,8.939290175912892e-17,2.0511944056969015e-15,2.4556359917323608e-15,10
2,2,50,4,0.0,known_pool,26,2.50202377634257e-15,2.0545337812990282e-16,2.037255945384922e-15,2.9667916073002178e-15,10
2,2,50,4,0.0,known_pool,27,6.5599901131249395e-15,4.261852178679362e-15,0.0,1.6200969545911593e-14,10
2,2,50,4,0.0,known_pool,28,2.387864951363595e-15,1.0366416736507967e-16,2.153360312633168e-15,2.622369590094022e-15,10
2,2,50,4,0.0,known_pool,29,2.2663340258394158e-15,1.6489763848465119e-16,1.8933096518128533e-15,2.6393583998659783e-15,10
2,2,50,4,0.0,known_pool,30,2.17567094992122e-15,9.609451712663603e-17,1.9582900496975654e-15,2.3930518501448745e-15,10
2,2,50,4,0.0,known_pool,31,2.2281036740418647e-15,1.257882783084573e-16,1.943550819270334e-15,2.5126565288133954e-15,10
2,2,50,4,0.0,known_pool,32,2.1465102099895726e-15,9.091777157670581e-17,1.9408399217916765e-15,2.352180498187469e-15,10
2,2,50,4,0.0,known_pool,33,2.510795135669952e-15,1.6014829085086188e-16,2.1485145324117847e-15,2.8730757389281196e-15,10
2,2,50,4,0.0,known_pool,34,2.2607879120046444e-15,1.849023872005185e-16,1.8425096523805046e-15,2.6790661716287842e-15,10
2,2,50,4,0.0,known_pool,35,2.2049790948794947e-15,1.2031685568496193e-16,1.9328034579864e-15,2.4771547317725894e-15,10
2,2,50,4,0.0,known_pool,36,2.2781381364002876e-15,1.6285713807569777e-16,1.9097296949895314e-15,2.6465465778110437e-15,10
2,2,50,4,0.0,known_pool,37,1.3624355379833952e-12,1.3600282335736263e-12,0.0,4.439033148169764e-12,10
2,2,50,4,0.0,known_pool,38,2.582780883603921e-15,1.7862529710987997e-16,2.1787023882898482e-15,2.9868593789179935e-15,10
2,2,50,4,0.0,known_pool,39,2.371955017488506e-15,1.0811296546488307e-16,2.127386498270766e-15,2.616523536706246e-15,10
2,2,50,4,0.0,known_pool,40,2.2085967041458307e-15,9.778466295045762e-17,1.987392428440645e-15,2.4298009798510165e-15,10
2,2,50,4,0.0,known_pool,41,2.2499311028096193e-15,1.7614972983116243e-16,1.8514527297470865e-15,2.648409475872152e-15,10
2,2,50,4,0.0,known_pool,42,2.2289310509638345e-15,1.1222053928668434e-16,1.975070554203384e-15,2.482791547724285e-15,10
2,2,50,4,0.0,known_pool,43,2.38955727139909e-15,1.1459488990582242e-16,2.130325620378562e-15,2.648788922419618e-15,10
2,2,50,4,0.0,known_pool,44,2.570224809761047e-15,2.2061558877164235e-16,2.071157675396333e-15,3.069291944125761e-15,10
2,2,50,4,0.0,known_pool,45,2.079720314170737e-15,1.0440862110872093e-16,1.84353160407176e-15,2.315909024269714e-15,10
2,2,50,4,0.0,known_pool,46,2.2754932915239823e-15,1.6824361945915335e-16,1.894899782669363e-15,2.6560868003786015e-15,10
2,2,50,4,0.0,known_pool,47,2.322278200579356e-15,1.4342516172536926e-16,1.9978279436568207e-15,2.646728457501891e-15,10
2,2,50,4,0.0,known_pool,48,4.846393194406168e-06,4.846393191615621e-06,0.0,1.58096962665559e-05,10
2,2,50,4,0.0,known_pool,49,2.3971173853163173e-15,1.250236306270313e-16,2.114294283774341e-15,2.6799404868582934e-15,10
2,2,50,4,0.0,ridge_current,0,0.49296957879349207,0.016093881848782667,0.45656268869204036,0.5293764688949438,10
2,2,50,4,0.0,ridge_current,1,0.5073023512800674,0.02196887326952667,0.45760530725480164,0.5569993953053332,10
2,2,50,4,0.0,ridge_current,2,0.5173547916757568,0.021267379290017888,0.46924463728089666,0.565464946070617,10
2,2,50,4,0.0,ridge_current,3,0.5085488089009336,0.026879790328536195,0.4477424986747215,0.5693551191271456,10
2,2,50,4,0.0,ridge_current,4,0.48674484313714467,0.01569436861492911,0.4512417147592874,0.5222479715150019,10
2,2,50,4,0.0,ridge_current,5,0.5410897687160374,0.017328030480357887,0.5018910404477102,0.5802884969843647,10
2,2,50,4,0.0,ridge_current,6,0.5190514922074941,0.02289555521945852,0.46725814797155424,0.5708448364434341,10
2,2,50,4,0.0,ridge_current,7,0.5200218952443698,0.018808526612446926,0.47747405204634236,0.5625697384423973,10
2,2,50,4,0.0,ridge_current,8,0.4785567013951916,0.021445983222375446,0.4300425168354448,0.5270708859549383,10
2,2,50,4,0.0,ridge_current,9,0.5066246711049318,0.016137236528183323,0.47011970590493307,0.5431296363049305,10
2,2,50,4,0.0,ridge_current,10,0.49060154100152237,0.017664242338038982,0.4506422486711242,0.5305608333319206,10
2,2,50,4,0.0,ridge_current,11,0.5095825420903219,0.012718634442641678,0.4808109920848881,0.5383540920957558,10
2,2,50,4,0.0,ridge_current,12,0.4750392020858172,0.012590913202773153,0.4465565775979934,0.503521826573641,10
2,2,50,4,0.0,ridge_current,13,0.5160845815824452,0.022749083527229652,0.46462257933422796,0.5675465838306624,10
2,2,50,4,0.0,ridge_current,14,0.4813962921227793,0.026020864200939603,0.4225330077884244,0.5402595764571342,10
2,2,50,4,0.0,ridge_current,15,0.5010582453011931,0.017737188197476043,0.4609339379723729,0.5411825526300134,10
2,2,50,4,0.0,ridge_current,16,0.5428905049365484,0.024528768554035397,0.4874025754574179,0.598378434415679,10
2,2,50,4,0.0,ridge_current,17,0.4917444193228143,0.02174942456428603,0.44254380275797545,0.5409450358876532,10
2,2,50,4,0.0,ridge_current,18,0.49972949487253393,0.015520654111119879,0.4646193360037507,0.5348396537413171,10
2,2,50,4,0.0,ridge_current,19,0.5336362707456892,0.020324362668984658,0.4876593681547371,0.5796131733366413,10
2,2,50,4,0.0,ridge_current,20,0.4862804635254143,0.01900966597604721,0.4432776114752978,0.5292833155755309,10
2,2,50,4,0.0,ridge_current,21,0.49333715565409053,0.020456453170323446,0.4470614435893973,0.5396128677187838,10
2,2,50,4,0.0,ridge_current,22,0.46847123959268366,0.014085599320205523,0.43660740019817523,0.5003350789871921,10
2,2,50,4,0.0,ridge_current,23,0.4722789962976167,0.0174128136154194,0.4328884752530256,0.5116695173422078,10
2,2,50,4,0.0,ridge_current,24,0.5282948473670472,0.014239930439648019,0.4960818867252493,0.5605078080088451,10
2,2,50,4,0.0,ridge_current,25,0.4858864218220951,0.014148462325127953,0.4538803764307264,0.5178924672134638,10
2,2,50,4,0.0,ridge_current,26,0.4989754147572397,0.021004101289365376,0.4514608365773628,0.5464899929371166,10
2,2,50,4,0.0,ridge_current,27,0.4973849952076037,0.020987915641809372,0.44990703150628014,0.5448629589089272,10
2,2,50,4,0.0,ridge_current,28,0.5019175814728114,0.015318711597526123,0.46726424830762775,0.5365709146379951,10
2,2,50,4,0.0,ridge_current,29,0.4340730004237982,0.013585460584404175,0.4033405534528756,0.4648054473947208,10
2,2,50,4,0.0,ridge_current,30,0.49671196163480147,0.014761286665751626,0.4633196112717538,0.5301043119978491,10
2,2,50,4,0.0,ridge_current,31,0.49194432067947114,0.018008138173704738,0.4512070819211652,0.5326815594377771,10
2,2,50,4,0.0,ridge_current,32,0.5230501664826717,0.02172201161003329,0.47391156232864906,0.5721887706366943,10
2,2,50,4,0.0,ridge_current,33,0.48222288377585665,0.028604866676189476,0.41751417973342697,0.5469315878182863,10
2,2,50,4,0.0,ridge_current,34,0.4840379749784158,0.021799446698091498,0.4347242004852904,0.5333517494715412,10
2,2,50,4,0.0,ridge_current,35,0.49900824510344677,0.022863946504273636,0.4472864047489692,0.5507300854579243,10
2,2,50,4,0.0,ridge_current,36,0.5197959763455422,0.016757355587685666,0.48188820437330254,0.5577037483177818,10
2,2,50,4,0.0,ridge_current,37,0.5151648492665158,0.01923906512849169,0.4716430602805572,0.5586866382524744,10
2,2,50,4,0.0,ridge_current,38,0.5210824933648817,0.01864743867085229,0.4788990564077729,0.5632659303219905,10
2,2,50,4,0.0,ridge_current,39,0.5016849024912438,0.014404235457898906,0.46910025807552586,0.5342695469069616,10
2,2,50,4,0.0,ridge_current,40,0.4847411531094866,0.015633804609835936,0.44937503002955864,0.5201072761894145,10
2,2,50,4,0.0,ridge_current,41,0.5034498452135292,0.02086315857798237,0.4562541015977516,0.5506455888293068,10
2,2,50,4,0.0,ridge_current,42,0.5317968504503839,0.016277719665521526,0.4949740903150032,0.5686196105857647,10
2,2,50,4,0.0,ridge_current,43,0.4917184668334388,0.009905513463669658,0.4693106386004044,0.5141262950664731,10
2,2,50,4,0.0,ridge_current,44,0.504928664365795,0.021363881587212225,0.4566002066081102,0.5532571221234798,10
2,2,50,4,0.0,ridge_current,45,0.49386886868013447,0.020642129213533315,0.44717312822433397,0.540564609135935,10
2,2,50,4,0.0,ridge_current,46,0.5029257680725797,0.01956211239444809,0.45867319540001544,0.547178340745144,10
2,2,50,4,0.0,ridge_current,47,0.5240155153381543,0.01627510050408022,0.48719868015758855,0.56083235051872,10
2,2,50,4,0.0,ridge_current,48,0.5413204554579725,0.014450051713294929,0.5086321674719378,0.5740087434440071,10
2,2,50,4,0.0,ridge_current,49,0.5058784110681763,0.010282366662499225,0.48261808167208625,0.5291387404642665,10
2,2,50,4,0.0,ridge_history,1,0.858130935061981,0.06197951852624641,0.7179235232810487,0.9983383468429133,10
2,2,50,4,0.0,ridge_history,2,0.7676978102952615,0.08826803492702312,0.568021642838974,0.967373977751549,10
2,2,50,4,0.0,ridge_history,3,0.7037790588514569,0.12359421783022095,0.4241895137063809,0.9833686039965328,10
2,2,50,4,0.0,ridge_history,4,0.6787315415891496,0.12195814660117305,0.40284304669371246,0.9546200364845867,10
2,2,50,4,0.0,ridge_history,5,0.6600432045001989,0.11474326804262634,0.4004758988146974,0.9196105101857004,10
2,2,50,4,0.0,ridge_history,6,0.6302903692970375,0.13720291481806193,0.31991581278456677,0.9406649258095083,10
2,2,50,4,0.0,ridge_history,7,0.6313677452081811,0.11631199065002636,0.3682517424399061,0.894483747976456,10
2,2,50,4,0.0,ridge_history,8,0.5905977042415256,0.11446235445787763,0.3316658692338907,0.8495295392491604,10
2,2,50,4,0.0,ridge_history,9,0.5484370638785414,0.10137997739610473,0.31909962184762297,0.7777745059094598,10
2,2,50,4,0.0,ridge_history,10,0.549975800061824,0.11111468033969008,0.29861693003936124,0.8013346700842867,10
2,2,50,4,0.0,ridge_history,11,0.5427787586068388,0.11333398323504147,0.28639947664323806,0.7991580405704395,10
2,2,50,4,0.0,ridge_history,12,0.4979065267088353,0.09196205239895418,0.28987391116891725,0.7059391422487533,10
2,2,50,4,0.0,ridge_history,13,0.5104874613559361,0.09070525213066906,0.305297925545126,0.7156769971667463,10
2,2,50,4,0.0,ridge_history,14,0.5004113372661422,0.0911323641505681,0.29425560694020025,0.7065670675920841,10
2,2,50,4,0.0,ridge_history,15,0.46199117772624126,0.093940889626944,0.2494821213770143,0.6745002340754682,10
2,2,50,4,0.0,ridge_history,16,0.4939678097784344,0.09215995895174921,0.2854874985125464,0.7024481210443224,10
2,2,50,4,0.0,ridge_history,17,0.47985159911939423,0.0944711241085467,0.26614306903964713,0.6935601291991413,10
2,2,50,4,0.0,ridge_history,18,0.5052347805578193,0.11906479802666337,0.23589149486468125,0.7745780662509574,10
2,2,50,4,0.0,ridge_history,19,0.4657345055914532,0.08962618106331136,0.2629859981248346,0.6684830130580718,10
2,2,50,4,0.0,ridge_history,20,0.4441353482919063,0.07828744075482674,0.2670368534312349,0.6212338431525777,10
2,2,50,4,0.0,ridge_history,21,0.46454852752966014,0.08334107268505192,0.27601792299988415,0.6530791320594361,10
2,2,50,4,0.0,ridge_history,22,0.4599053589057358,0.09387798918670844,0.2475385932379309,0.6722721245735407,10
2,2,50,4,0.0,ridge_history,23,0.4482424055842079,0.08949968916962743,0.2457800426609223,0.6507047685074936,10
2,2,50,4,0.0,ridge_history,24,0.4700876096005726,0.09211207175042598,0.2617156267101643,0.6784595924909809,10
2,2,50,4,0.0,ridge_history,25,0.43949602987011654,0.08514560170460542,0.24688329709328036,0.6321087626469527,10
2,2,50,4,0.0,ridge_history,26,0.4577734074839343,0.08925843295516132,0.2558568040342728,0.6596900109335958,10
2,2,50,4,0.0,ridge_history,27,0.45919646123115443,0.08719112862153959,0.2619564250874791,0.6564364973748298,10
2,2,50,4,0.0,ridge_history,28,0.45978365401814275,0.08938297027699348,0.2575853275738629,0.6619819804624226,10
2,2,50,4,0.0,ridge_history,29,0.3982321900803244,0.07187909760131045,0.2356303745860487,0.5608340055746001,10
2,2,50,4,0.0,ridge_history,30,0.44180160934155355,0.08753359295709912,0.24378686504818928,0.6398163536349178,10
2,2,50,4,0.0,ridge_history,31,0.45497705818787215,0.09066998552757251,0.24986730097586443,0.6600868153998799,10
2,2,50,4,0.0,ridge_history,32,0.47197073928882116,0.0864187859751119,0.2764778635948967,0.6674636149827456,10
2,2,50,4,0.0,ridge_history,33,0.46680953242265877,0.09565705717326373,0.25041823536596286,0.6832008294793547,10
2,2,50,4,0.0,ridge_history,34,0.4352170608052818,0.08732791426850471,0.2376675940305563,0.6327665275800073,10
2,2,50,4,0.0,ridge_history,35,0.4541132447047177,0.09128951029399211,0.247602025104823,0.6606244643046124,10
2,2,50,4,0.0,ridge_history,36,0.4271150415171526,0.07909045838885952,0.2481999945638007,0.6060300884705045,10
2,2,50,4,0.0,ridge_history,37,0.4380692776560447,0.08918463612672707,0.2363196142304175,0.6398189410816719,10
2,2,50,4,0.0,ridge_history,38,0.44891800403312654,0.09452292707723141,0.23509228749671512,0.6627437205695379,10
2,2,50,4,0.0,ridge_history,39,0.43287001424538885,0.08708724672430891,0.23586497527961894,0.6298750532111588,10
2,2,50,4,0.0,ridge_history,40,0.41864500689376527,0.07874988278062105,0.24050039549206434,0.5967896182954662,10
2,2,50,4,0.0,ridge_history,41,0.45271950072754885,0.08903231414365043,0.25131441356699014,0.6541245878881076,10
2,2,50,4,0.0,ridge_history,42,0.44924652762693074,0.09033512095482663,0.24489428670672747,0.6535987685471341,10
2,2,50,4,0.0,ridge_history,43,0.43577505116222054,0.08219489805971637,0.24983727377096487,0.6217128285534762,10
2,2,50,4,0.0,ridge_history,44,0.44618241801102076,0.09296710178390606,0.2358762228059679,0.6564886132160737,10
2,2,50,4,0.0,ridge_history,45,0.43927530276244164,0.07701136626291745,0.2650634889539069,0.6134871165709763,10
2,2,50,4,0.0,ridge_history,46,0.45391838078777613,0.08788382371971,0.2551113594661394,0.6527254021094129,10
2,2,50,4,0.0,ridge_history,47,0.4162446815817882,0.07771441750946724,0.24044245536005662,0.5920469078035198,10
2,2,50,4,0.0,ridge_history,48,0.4394006764830216,0.08678399981937313,0.24308162967534858,0.6357197232906946,10
2,2,50,4,0.0,ridge_history,49,0.424003040022425,0.07932845205507241,0.24454961399234898,0.603456466052501,10
2,2,50,4,0.0,transformer,0,0.5035860526948884,0.01702522017982393,0.4650723289168832,0.5420997764728936,10
2,2,50,4,0.0,transformer,1,0.391662319909139,0.03058149289495671,0.32248217670775026,0.4608424631105278,10
2,2,50,4,0.0,transformer,2,0.2595504662118865,0.02458164481968078,0.20394292230968422,0.3151580101140887,10
2,2,50,4,0.0,transformer,3,0.22614960196473827,0.032617563225816326,0.15236354768043453,0.299935656249042,10
2,2,50,4,0.0,transformer,4,0.14472733961522044,0.017511689884353043,0.10511314491063034,0.18434153431981054,10
2,2,50,4,0.0,transformer,5,0.15378828274573839,0.020842055528397622,0.10664027754473578,0.200936287946741,10
2,2,50,4,0.0,transformer,6,0.10700084298492465,0.013190174158306938,0.07716259603415483,0.1368390899356945,10
2,2,50,4,0.0,transformer,7,0.08492787006471637,0.013660974665448586,0.05402459837446705,0.1158311417549657,10
2,2,50,4,0.0,transformer,8,0.07273896312234182,0.009303944178470875,0.05169197915673927,0.09378594708794437,10
2,2,50,4,0.0,transformer,9,0.06383119744324034,0.008358265598518985,0.044923487050980794,0.08273890783549989,10
2,2,50,4,0.0,transformer,10,0.04400466063352054,0.00397746013179809,0.0350070207066292,0.053002300560411886,10
2,2,50,4,0.0,transformer,11,0.04716738184995746,0.00791537424074491,0.02926156131502796,0.06507320238488695,10
2,2,50,4,0.0,transformer,12,0.04082139684691957,0.004845813445655993,0.029859405251245016,0.05178338844259413,10
2,2,50,4,0.0,transformer,13,0.03327533841444042,0.003786010228605902,0.024710788257372312,0.04183988857150853,10
2,2,50,4,0.0,transformer,14,0.033248885734790526,0.004256895024092505,0.02361912016475963,0.04287865130482142,10
2,2,50,4,0.0,transformer,15,0.02565006829991387,0.003346261910848993,0.01808029794968801,0.03321983865013973,10
2,2,50,4,0.0,transformer,16,0.02898123314948593,0.003771046996657548,0.020450532174748397,0.03751193412422346,10
2,2,50,4,0.0,transformer,17,0.03518581926842868,0.006690438858161541,0.020050995083175108,0.05032064345368226,10
2,2,50,4,0.0,transformer,18,0.02673081023303713,0.0036488204013619685,0.01847660502633193,0.03498501543974233,10
2,2,50,4,0.0,transformer,19,0.02414177448229162,0.004646040955019689,0.01363169965724002,0.03465184930734322,10
2,2,50,4,0.0,transformer,20,0.01742841997744538,0.0019015952437834178,0.01312671267597772,0.021730127278913037,10
2,2,50,4,0.0,transformer,21,0.017183378194568052,0.002274130628029401,0.012038937305232561,0.022327819083903543,10
2,2,50,4,0.0,transformer,22,0.015487435000500451,0.0018054410790274028,0.011403243531568491,0.01957162646943241,10
2,2,50,4,0.0,transformer,23,0.015234758850004453,0.0017546990557465961,0.011265353812492045,0.019204163887516862,10
2,2,50,4,0.0,transformer,24,0.017492036257747097,0.002498861100452035,0.011839219720521722,0.02314485279497247,10
2,2,50,4,0.0,transformer,25,0.016891294278992417,0.003257415500666573,0.009522508471949628,0.024260080086035207,10
2,2,50,4,0.0,transformer,26,0.016092712001567526,0.0021980560591647207,0.011120363743096058,0.021065060260038994,10
2,2,50,4,0.0,transformer,27,0.016784302843876296,0.0028295932931222565,0.010383318108034022,0.02318528757971857,10
2,2,50,4,0.0,transformer,28,0.013312312598817645,0.0010333286834822827,0.01097476071595336,0.01564986448168193,10
2,2,50,4,0.0,transformer,29,0.01053510351928179,0.0014996557088012665,0.007142646615885786,0.013927560422677794,10
2,2,50,4,0.0,transformer,30,0.014086091205269135,0.0017999979334907355,0.0100142129870011,0.01815796942353717,10
2,2,50,4,0.0,transformer,31,0.013764997926419987,0.0022010974876707392,0.00878576947866849,0.01874422637417148,10
2,2,50,4,0.0,transformer,32,0.01248562865705636,0.0014162388011797848,0.009281873908734766,0.01568938340537795,10
2,2,50,4,0.0,transformer,33,0.017379674396026338,0.003466991760294221,0.009536794152114409,0.025222554639938267,10
2,2,50,4,0.0,transformer,34,0.021719901030320586,0.005464747607801507,0.009357783086448052,0.03408201897419312,10
2,2,50,4,0.0,transformer,35,0.01205237716101004,0.001355459391618958,0.008986114989377117,0.015118639332642963,10
2,2,50,4,0.0,transformer,36,0.009647628790467332,0.0011084996492467935,0.0071400283689644,0.012155229211970264,10
2,2,50,4,0.0,transformer,37,0.01159482898396845,0.0013255191615649798,0.00859629631820796,0.01459336164972894,10
2,2,50,4,0.0,transformer,38,0.010729632641511944,0.0017802917698619056,0.006702332862448141,0.014756932420575746,10
2,2,50,4,0.0,transformer,39,0.009060866063414498,0.0011469263089946102,0.006466338498320633,0.011655393628508363,10
2,2,50,4,0.0,transformer,40,0.009792932245248982,0.0018673747386280537,0.005568637104633105,0.014017227385864858,10
2,2,50,4,0.0,transformer,41,0.010663233282172876,0.001741135242399877,0.006724511722177606,0.014601954842168148,10
2,2,50,4,0.0,transformer,42,0.00929700336424848,0.0012462325538018797,0.006477829466153259,0.012116177262343701,10
2,2,50,4,0.0,transformer,43,0.009971529276944191,0.0013701250834147925,0.00687209100556793,0.013070967548320453,10
2,2,50,4,0.0,transformer,44,0.015199622660683504,0.00479760848562156,0.004346678260633242,0.026052567060733764,10
2,2,50,4,0.0,transformer,45,0.01122999163224513,0.0015843419990811242,0.007645961030701738,0.014814022233788521,10
2,2,50,4,0.0,transformer,46,0.010049661553778764,0.0017971031480809151,0.005984331795060319,0.014114991312497209,10
2,2,50,4,0.0,transformer,47,0.009894194081850567,0.0010948727020137626,0.007417419956637909,0.012370968207063224,10
2,2,50,4,0.0,transformer,48,0.011820303056328009,0.002041295187847723,0.0072025725257527755,0.016438033586903242,10
2,2,50,4,0.0,transformer,49,0.008668622638694338,0.0015187078221800905,0.005233066860551984,0.012104178416836692,10
2,2,50,4,0.2,em_ridge,1,0.9191216751412107,0.07613897548619707,0.746883346376993,1.0913600039054283,10
2,2,50,4,0.2,em_ridge,2,0.8297217609890793,0.11209179514087607,0.5761525037202375,1.0832910182579212,10
2,2,50,4,0.2,em_ridge,3,0.6702483620152935,0.08520264370301171,0.4775065912731822,0.8629901327574048,10
2,2,50,4,0.2,em_ridge,4,0.497035502328074,0.04249955858255196,0.40089482146479216,0.5931761831913558,10
2,2,50,4,0.2,em_ridge,5,0.4442082284197001,0.058219069192558245,0.31250754403431014,0.57590891280509,10
2,2,50,4,0.2,em_ridge,6,0.3477370235845971,0.03440719433576802,0.2699025424661497,0.42557150470304456,10
2,2,50,4,0.2,em_ridge,7,0.2678960075569822,0.02970145741337771,0.20070664292376394,0.3350853721902004,10
2,2,50,4,0.2,em_ridge,8,0.24081560946988262,0.026309778483785868,0.18129875562115233,0.3003324633186129,10
2,2,50,4,0.2,em_ridge,9,0.1942201321488618,0.017782022671360892,0.1539944021938027,0.2344458621039209,10
2,2,50,4,0.2,em_ridge,10,0.16056155684771156,0.01295160300961038,0.13126299532980265,0.18986011836562047,10
2,2,50,4,0.2,em_ridge,11,0.14538277022367047,0.014243048251429604,0.11316275660161854,0.1776027838457224,10
2,2,50,4,0.2,em_ridge,12,0.11239355709233396,0.00722520135946173,0.09604901608436828,0.12873809810029965,10
2,2,50,4,0.2,em_ridge,13,0.11285761449402534,0.010844466062360857,0.08832572791433368,0.137389501073717,10
2,2,50,4,0.2,em_ridge,14,0.10394337599485418,0.007625238646513975,0.0866938877725969,0.12119286421711145,10
2,2,50,4,0.2,em_ridge,15,0.09876685187582228,0.0103960298253857,0.07524939854166224,0.12228430520998232,10
2,2,50,4,0.2,em_ridge,16,0.09334417787421896,0.00425587033924756,0.08371673030234966,0.10297162544608826,10
2,2,50,4,0.2,em_ridge,17,0.08979128521909786,0.008804373048622438,0.06987440966320915,0.10970816077498657,10
2,2,50,4,0.2,em_ridge,18,0.08038787170067434,0.007526139296135816,0.06336256178370367,0.097413181617645,10
2,2,50,4,0.2,em_ridge,19,0.08685647765498411,0.006448581225800435,0.07226877344515363,0.10144418186481459,10
2,2,50,4,0.2,em_ridge,20,0.07968154918398147,0.004544824717230094,0.06940044139623709,0.08996265697172585,10
2,2,50,4,0.2,em_ridge,21,0.0801976497004371,0.006739186787571262,0.06495255003749774,0.09544274936337645,10
2,2,50,4,0.2,em_ridge,22,0.07812537053418445,0.00856543109289772,0.05874901923493141,0.09750172183343749,10
2,2,50,4,0.2,em_ridge,23,0.08522895366743147,0.011914605586297528,0.05827624329847301,0.11218166403638993,10
2,2,50,4,0.2,em_ridge,24,0.07901943502485195,0.007920222762387491,0.06110264637195971,0.0969362236777442,10
2,2,50,4,0.2,em_ridge,25,0.07379266404616361,0.005945180086949133,0.060343732328346375,0.08724159576398084,10
2,2,50,4,0.2,em_ridge,26,0.08475227665534549,0.008296537203315562,0.0659842055944434,0.10352034771624757,10
2,2,50,4,0.2,em_ridge,27,0.07911439192476173,0.004961847379839162,0.06788991333374707,0.0903388705157764,10
2,2,50,4,0.2,em_ridge,28,0.0867217494458729,0.012955885086500855,0.057413501197054545,0.11602999769469124,10
2,2,50,4,0.2,em_ridge,29,0.07249443976993261,0.004031691010026808,0.06337412107341134,0.08161475846645388,10
2,2,50,4,0.2,em_ridge,30,0.07692389201448513,0.0064707432299371415,0.06228605386825483,0.09156173016071542,10
2,2,50,4,0.2,em_ridge,31,0.07784961749579292,0.01277877644294658,0.048942016833584345,0.10675721815800149,10
2,2,50,4,0.2,em_ridge,32,0.08063944185817666,0.006867891657452043,0.06510319155194949,0.09617569216440383,10
2,2,50,4,0.2,em_ridge,33,0.07898790048404335,0.0089996041321679,0.05862938153411141,0.09934641943397529,10
2,2,50,4,0.2,em_ridge,34,0.07427401837546053,0.0058250790412581535,0.0610967740984127,0.08745126265250837,10
2,2,50,4,0.2,em_ridge,35,0.07912707705551003,0.005984180732334996,0.06558991974837941,0.09266423436264065,10
2,2,50,4,0.2,em_ridge,36,0.1044432315130273,0.011438364463755494,0.07856785341064636,0.13031860961540823,10
2,2,50,4,0.2,em_ridge,37,0.07265281231588269,0.005225622716665451,0.060831632457296926,0.08447399217446845,10
2,2,50,4,0.2,em_ridge,38,0.08072487375225178,0.005815686277366533,0.06756887738331985,0.09388087012118371,10
2,2,50,4,0.2,em_ridge,39,0.06962514318852968,0.0028095023978301032,0.06326960721537958,0.07598067916167978,10
2,2,50,4,0.2,em_ridge,40,0.05879823668892877,0.002828066841616263,0.052400705026294445,0.0651957683515631,10
2,2,50,4,0.2,em_ridge,41,0.07137279141999434,0.004240743050025755,0.06177956415379187,0.08096601868619681,10
2,2,50,4,0.2,em_ridge,42,0.08071561871104449,0.015103104623120192,0.04655002240736247,0.1148812150147265,10
2,2,50,4,0.2,em_ridge,43,0.08033773994670308,0.0057828530128209215,0.06725601758234105,0.09341946231106511,10
2,2,50,4,0.2,em_ridge,44,0.07400057746140691,0.005823706555072165,0.06082643796381555,0.08717471695899827,10
2,2,50,4,0.2,em_ridge,45,0.07792227437815342,0.005474037845725207,0.06553914045601769,0.09030540830028916,10
2,2,50,4,0.2,em_ridge,46,0.06729284024880279,0.005230899977778881,0.05545972239618932,0.07912595810141626,10
2,2,50,4,0.2,em_ridge,47,0.06592787009816917,0.006374591748212208,0.05150754171503659,0.08034819848130174,10
2,2,50,4,0.2,em_ridge,48,0.06575583512891685,0.006224218542323736,0.051675674570577805,0.07983599568725588,10
2,2,50,4,0.2,em_ridge,49,0.07404456492646576,0.0098771547677047,0.05170088852063613,0.09638824133229539,10
2,2,50,4,0.2,known_pool,0,0.05898209135967182,0.00393617515131784,0.050077844547089856,0.06788633817225379,10
2,2,50,4,0.2,known_pool,1,0.06759015940975382,0.006610400981364864,0.052636393480791015,0.08254392533871663,10
2,2,50,4,0.2,known_pool,2,0.05952025280207548,0.004858588271566395,0.048529362542464205,0.07051114306168675,10
2,2,50,4,0.2,known_pool,3,0.06353535733214417,0.003711345785650431,0.05513970987951412,0.07193100478477422,10
2,2,50,4,0.2,known_pool,4,0.06645976362259558,0.005479350490576664,0.05406461166285572,0.07885491558233544,10
2,2,50,4,0.2,known_pool,5,0.06465832149665518,0.009153446200186533,0.0439517876106152,0.08536485538269516,10
2,2,50,4,0.2,known_pool,6,0.059915146527384,0.004616999909903246,0.04947076711055771,0.0703595259442103,10
2,2,50,4,0.2,known_pool,7,0.05940434781760996,0.006475011400928884,0.04475685439779865,0.07405184123742127,10
2,2,50,4,0.2,known_pool,8,0.05742582390040326,0.006223009085995752,0.04334839932235966,0.07150324847844686,10
2,2,50,4,0.2,known_pool,9,0.0668541994768524,0.007844734112295648,0.04910817801447538,0.0846002209392294,10
2,2,50,4,0.2,known_pool,10,0.06085017455607629,0.003999144622661896,0.05180348090285576,0.06989686820929682,10
2,2,50,4,0.2,known_pool,11,0.06520219531221068,0.009097620304003205,0.04462194837709145,0.08578244224732991,10
2,2,50,4,0.2,known_pool,12,0.06393075004901386,0.004203498245675642,0.05442177638374902,0.0734397237142787,10
2,2,50,4,0.2,known_pool,13,0.06813000055538432,0.0067100359894579405,0.0529508445791983,0.08330915653157034,10
2,2,50,4,0.2,known_pool,14,0.062267724207345145,0.005107789921737924,0.05071310064981722,0.07382234776487306,10
2,2,50,4,0.2,known_pool,15,0.06439544574171749,0.008715110755548825,0.04468049552147304,0.08411039596196193,10
2,2,50,4,0.2,known_pool,16,0.060185315864801935,0.0036856731857136506,0.05184774386800652,0.06852288786159735,10
2,2,50,4,0.2,known_pool,17,0.06140191160008361,0.0049336168263601635,0.05024129495783122,0.072562528242336,10
2,2,50,4,0.2,known_pool,18,0.06104728362441501,0.004539822988937219,0.05077749053215472,0.0713170767166753,10
2,2,50,4,0.2,known_pool,19,0.06785759603400221,0.004484589351987375,0.05771275010919541,0.07800244195880901,10
2,2,50,4,0.2,known_pool,20,0.05900562051189814,0.004673012150596779,0.04843453260358259,0.06957670842021368,10
2,2,50,4,0.2,known_pool,21,0.05388206468030186,0.0030201967085591607,0.04704990506297519,0.06071422429762852,10
2,2,50,4,0.2,known_pool,22,0.06096086861695418,0.007273246750435045,0.04450764138365877,0.07741409585024958,10
2,2,50,4,0.2,known_pool,23,0.0590343745609669,0.00456794321295307,0.04870096910252966,0.06936778001940413,10
2,2,50,4,0.2,known_pool,24,0.05992679881355863,0.005523783200697433,0.047431133080356534,0.07242246454676071,10
2,2,50,4,0.2,known_pool,25,0.059869383802134336,0.004494217862292378,0.049702756673773996,0.07003601093049468,10
2,2,50,4,0.2,known_pool,26,0.06471690529046462,0.00711016971904903,0.04863258393180695,0.08080122664912229,10
2,2,50,4,0.2,known_pool,27,0.0703353603170183,0.0038320481782449256,0.06166666508241373,0.07900405555162288,10
2,2,50,4,0.2,known_pool,28,0.06821247053477195,0.007867734469411566,0.05041441864979824,0.08601052241974566,10
2,2,50,4,0.2,known_pool,29,0.06079005990238599,0.003983255622944554,0.05177930966368574,0.06980081014108624,10
2,2,50,4,0.2,known_pool,30,0.06713349366207097,0.006665401788341021,0.05205530726364736,0.08221168006049458,10
2,2,50,4,0.2,known_pool,31,0.07315029768568562,0.013331097432488653,0.04299326014082066,0.10330733523055058,10
2,2,50,4,0.2,known_pool,32,0.06501789840102305,0.00574461813674469,0.052022669335445575,0.07801312746660052,10
2,2,50,4,0.2,known_pool,33,0.06978042209387403,0.008115656348248628,0.05142153195487467,0.08813931223287338,10
2,2,50,4,0.2,known_pool,34,0.0644320126728343,0.005464154916366917,0.052071235490135856,0.07679278985553274,10
2,2,50,4,0.2,known_pool,35,0.06858514805739688,0.006768688722829994,0.05327331038029558,0.08389698573449818,10
2,2,50,4,0.2,known_pool,36,0.09635367423952843,0.014089838338512652,0.06448024551939327,0.12822710295966358,10
2,2,50,4,0.2,known_pool,37,0.06824990267987732,0.006121277563994277,0.05440261079301172,0.08209719456674293,10
2,2,50,4,0.2,known_pool,38,0.06918163701968882,0.0033541614432869493,0.061593996685575685,0.07676927735380196,10
2,2,50,4,0.2,known_pool,39,0.06143298477384197,0.002880795336407585,0.05491617296903189,0.06794979657865205,10
2,2,50,4,0.2,known_pool,40,0.05123142693778336,0.0028204620175409706,0.04485109858240278,0.057611755293163945,10
2,2,50,4,0.2,known_pool,41,0.06201437302755759,0.003982321278607048,0.05300573642259296,0.07102300963252223,10
2,2,50,4,0.2,known_pool,42,0.07367057990437775,0.014366778863759469,0.041170668191386414,0.10617049161736909,10
2,2,50,4,0.2,known_pool,43,0.0691323857899542,0.0031858184828154348,0.06192556368967836,0.07633920789023005,10
2,2,50,4,0.2,known_pool,44,0.06793773261765292,0.006699274838262407,0.052782920056723824,0.083092545178582,10
2,2,50,4,0.2,known_pool,45,0.0689032334847988,0.006053194935980943,0.05520995520255569,0.08259651176704191,10
2,2,50,4,0.2,known_pool,46,0.060464454321145375,0.004817687973194729,0.04956608696445615,0.0713628216778346,10
2,2,50,4,0.2,known_pool,47,0.05939015694857798,0.006420654232052804,0.04486562798768912,0.07391468590946684,10
2,2,50,4,0.2,known_pool,48,0.059920265119096386,0.0054195192365609,0.04766046085918749,0.07218006937900528,10
2,2,50,4,0.2,known_pool,49,0.06711643431375475,0.0077610645052153685,0.049559686652342894,0.0846731819751666,10
2,2,50,4,0.2,ridge_current,0,0.5445734012934201,0.022032287251902705,0.49473290487370086,0.5944138977131395,10
2,2,50,4,0.2,ridge_current,1,0.6240286455569779,0.024804024522912384,0.5679180438162493,0.6801392472977065,10
2,2,50,4,0.2,ridge_current,2,0.603992540531644,0.01374652106394114,0.5728957494432931,0.6350893316199948,10
2,2,50,4,0.2,ridge_current,3,0.5882114434252639,0.015277252752323858,0.5536518966837158,0.6227709901668119,10
2,2,50,4,0.2,ridge_current,4,0.5889633786237881,0.018282638561604603,0.5476051768468035,0.6303215804007727,10
2,2,50,4,0.2,ridge_current,5,0.5727086369841429,0.01825645543851006,0.5314096655466111,0.6140076084216747,10
2,2,50,4,0.2,ridge_current,6,0.595835298551659,0.015322157190862232,0.56117417091283,0.630496426190488,10
2,2,50,4,0.2,ridge_current,7,0.558162123085512,0.023848597793045184,0.5042128467652814,0.6121113994057427,10
2,2,50,4,0.2,ridge_current,8,0.5927661857343893,0.023402685096210244,0.5398256340152865,0.6457067374534922,10
2,2,50,4,0.2,ridge_current,9,0.5914971218294898,0.015007786294127811,0.5575471505664839,0.6254470930924957,10
2,2,50,4,0.2,ridge_current,10,0.5799617483430598,0.01418172673431443,0.5478804536301836,0.612043043055936,10
2,2,50,4,0.2,ridge_current,11,0.6300303957598511,0.016322989563900405,0.5931052279995934,0.6669555635201088,10
2,2,50,4,0.2,ridge_current,12,0.572887766308613,0.02254120044166851,0.5218960282714226,0.6238795043458035,10
2,2,50,4,0.2,ridge_current,13,0.5865786133918065,0.03293312407075202,0.5120787108818329,0.6610785159017801,10
2,2,50,4,0.2,ridge_current,14,0.6011555460100547,0.02134253542743938,0.5528753766205983,0.6494357153995112,10
2,2,50,4,0.2,ridge_current,15,0.59948962582438,0.024550594510102754,0.5439523226023968,0.6550269290463633,10
2,2,50,4,0.2,ridge_current,16,0.5919651040503078,0.01751396758165319,0.5523457568364555,0.6315844512641601,10
2,2,50,4,0.2,ridge_current,17,0.5785360399861197,0.013158553696097528,0.5487693234904278,0.6083027564818115,10
2,2,50,4,0.2,ridge_current,18,0.5748085070510981,0.024946272739849718,0.5183761174875294,0.6312408966146668,10
2,2,50,4,0.2,ridge_current,19,0.5926503956577326,0.013662708811161026,0.5617432010573385,0.6235575902581266,10
2,2,50,4,0.2,ridge_current,20,0.5822919451548183,0.020905019679608717,0.535001505148154,0.6295823851614826,10
2,2,50,4,0.2,ridge_current,21,0.5497017429104847,0.01197660169736053,0.5226087875948194,0.5767946982261499,10
2,2,50,4,0.2,ridge_current,22,0.563346791544937,0.011129361140795019,0.5381704275229195,0.5885231555669546,10
2,2,50,4,0.2,ridge_current,23,0.5631268942696757,0.021855140399368436,0.5136871318712839,0.6125666566680674,10
2,2,50,4,0.2,ridge_current,24,0.5799888120664941,0.018698402525048334,0.5376900868615719,0.6222875372714163,10
2,2,50,4,0.2,ridge_current,25,0.6008163323303222,0.013676993693326143,0.5698768230814185,0.6317558415792258,10
2,2,50,4,0.2,ridge_current,26,0.6209521243414226,0.02191187423472579,0.5713840210910042,0.6705202275918409,10
2,2,50,4,0.2,ridge_current,27,0.6253910834155255,0.02534364102979059,0.5680597843285983,0.6827223825024528,10
2,2,50,4,0.2,ridge_current,28,0.5765422754055812,0.016586232492856998,0.5390216107680285,0.614062940043134,10
2,2,50,4,0.2,ridge_current,29,0.5969712456414201,0.025760254695635545,0.5386975009661821,0.6552449903166582,10
2,2,50,4,0.2,ridge_current,30,0.585493820473759,0.02335207352383574,0.5326677600856237,0.6383198808618943,10
2,2,50,4,0.2,ridge_current,31,0.5902601113165764,0.017691490186383965,0.5502391800708738,0.630281042562279,10
2,2,50,4,0.2,ridge_current,32,0.5667253004827413,0.013633021624776802,0.5358852629636696,0.597565338001813,10
2,2,50,4,0.2,ridge_current,33,0.5997326308599105,0.026932323561440086,0.5388074822046,0.660657779515221,10
2,2,50,4,0.2,ridge_current,34,0.6070123331349546,0.020997357733634894,0.5595130099379761,0.6545116563319331,10
2,2,50,4,0.2,ridge_current,35,0.5877048864413277,0.02436499169363199,0.5325874459600592,0.6428223269225961,10
2,2,50,4,0.2,ridge_current,36,0.5956001266650917,0.024196887238860872,0.5408629648802821,0.6503372884499012,10
2,2,50,4,0.2,ridge_current,37,0.5793660636689487,0.019057162534955572,0.5362557669378893,0.6224763604000081,10
2,2,50,4,0.2,ridge_current,38,0.5889936851547561,0.02141751721198219,0.5405438951843168,0.6374434751251955,10
2,2,50,4,0.2,ridge_current,39,0.5645562587127376,0.01758437024583198,0.5247776496078331,0.6043348678176421,10
2,2,50,4,0.2,ridge_current,40,0.575898841965345,0.027946790068465753,0.5126788106347475,0.6391188732959425,10
2,2,50,4,0.2,ridge_current,41,0.5426539823289216,0.03044318244722497,0.47378671909755904,0.6115212455602841,10
2,2,50,4,0.2,ridge_current,42,0.5760400725707101,0.024177663954224195,0.5213463968769338,0.6307337482644864,10
2,2,50,4,0.2,ridge_current,43,0.6367303268844103,0.029086101110324284,0.5709329949198174,0.7025276588490033,10
2,2,50,4,0.2,ridge_current,44,0.5910835873027904,0.02175930890826366,0.541860610798423,0.6403065638071579,10
2,2,50,4,0.2,ridge_current,45,0.6143506228463241,0.028821603024919363,0.5491516271201764,0.6795496185724719,10
2,2,50,4,0.2,ridge_current,46,0.6683065578871399,0.0309331098587014,0.5983310018526548,0.738282113921625,10
2,2,50,4,0.2,ridge_current,47,0.5984729690823986,0.018886938287893392,0.5557477463511129,0.6411981918136842,10
2,2,50,4,0.2,ridge_current,48,0.5382937944727005,0.01595968810311251,0.5021904717142193,0.5743971172311818,10
2,2,50,4,0.2,ridge_current,49,0.5697567585561991,0.015343233217245417,0.535047953633324,0.6044655634790742,10
2,2,50,4,0.2,ridge_history,1,0.9948437066875954,0.09369222445056936,0.7828971700482428,1.206790243326948,10
2,2,50,4,0.2,ridge_history,2,0.9793996011410403,0.16827868243107474,0.5987267743333402,1.3600724279487404,10
2,2,50,4,0.2,ridge_history,3,0.9882805812537674,0.18300490723562,0.5742947195234887,1.4022664429840461,10
2,2,50,4,0.2,ridge_history,4,0.8628796951094442,0.14012646875910334,0.5458916001084198,1.1798677901104686,10
2,2,50,4,0.2,ridge_history,5,0.862857006130751,0.14495451523802189,0.5349471112051183,1.1907669010563837,10
2,2,50,4,0.2,ridge_history,6,0.8613112263504252,0.15176727966910894,0.5179897875685521,1.2046326651322983,10
2,2,50,4,0.2,ridge_history,7,0.7181896336790476,0.1329334159983334,0.4174733545031843,1.018905912854911,10
2,2,50,4,0.2,ridge_history,8,0.7870396675582323,0.14719811599269408,0.4540543951149584,1.1200249400015063,10
2,2,50,4,0.2,ridge_history,9,0.7703195007316912,0.13463272470126744,0.46575911820168026,1.0748798832617021,10
2,2,50,4,0.2,ridge_history,10,0.7543899840855153,0.14642790501762842,0.42314704991635194,1.0856329182546787,10
2,2,50,4,0.2,ridge_history,11,0.7895196297889051,0.15703433543950737,0.4342832830691675,1.1447559765086428,10
2,2,50,4,0.2,ridge_history,12,0.6639530957612534,0.12867040047469472,0.37288042768730917,0.9550257638351975,10
2,2,50,4,0.2,ridge_history,13,0.6825542247913481,0.12232721077529919,0.40583084873087927,0.9592776008518169,10
2,2,50,4,0.2,ridge_history,14,0.6792217159593271,0.11970871673490094,0.4084217849480896,0.9500216469705647,10
2,2,50,4,0.2,ridge_history,15,0.6849908672219388,0.1313657442810609,0.38782090785021955,0.9821608265936581,10
2,2,50,4,0.2,ridge_history,16,0.6496073165645784,0.1239765645980686,0.3691528429399431,0.9300617901892136,10
2,2,50,4,0.2,ridge_history,17,0.6010920708628142,0.10074959326597664,0.3731806568071794,0.8290034849184491,10
2,2,50,4,0.2,ridge_history,18,0.6748762148050627,0.12525680449595625,0.39152563732532086,0.9582267922848045,10
2,2,50,4,0.2,ridge_history,19,0.6367891388012349,0.11766638680097376,0.37060927907882796,0.9029689985236418,10
2,2,50,4,0.2,ridge_history,20,0.6252253864306143,0.11756564375010888,0.35927342332232354,0.891177349538905,10
2,2,50,4,0.2,ridge_history,21,0.6102746093022766,0.10292800219391363,0.3774352918868056,0.8431139267177477,10
2,2,50,4,0.2,ridge_history,22,0.6042370139096425,0.11715889663563636,0.33920517669980316,0.8692688511194817,10
2,2,50,4,0.2,ridge_history,23,0.6281191852514233,0.10945292029161671,0.38051947762456156,0.8757188928782851,10
2,2,50,4,0.2,ridge_history,24,0.7104984309562158,0.13340073855942786,0.40872499470143536,1.0122718672109963,10
2,2,50,4,0.2,ridge_history,25,0.6339906303798768,0.11896035945176205,0.3648836011570242,0.9030976596027294,10
2,2,50,4,0.2,ridge_history,26,0.6400305237493313,0.12174860450486315,0.3646160460079694,0.9154450014906933,10
2,2,50,4,0.2,ridge_history,27,0.621604009518593,0.11938918060694126,0.35152691944799225,0.8916810995891937,10
2,2,50,4,0.2,ridge_history,28,0.6353063579060099,0.11324855403136841,0.3791203302274103,0.8914923855846094,10
2,2,50,4,0.2,ridge_history,29,0.6334219534641896,0.11535498333589579,0.3724708516464254,0.8943730552819538,10
2,2,50,4,0.2,ridge_history,30,0.5879456206088951,0.11294235094582106,0.33245227243353737,0.8434389687842528,10
2,2,50,4,0.2,ridge_history,31,0.6259271416778934,0.11091691033256107,0.3750156584936442,0.8768386248621427,10
2,2,50,4,0.2,ridge_history,32,0.6285678798810025,0.11440610185449847,0.3697632971030278,0.8873724626589772,10
2,2,50,4,0.2,ridge_history,33,0.5965882908895809,0.10618712325570537,0.35637632941975117,0.8368002523594106,10
2,2,50,4,0.2,ridge_history,34,0.6076987071315407,0.10573069060232661,0.3685192680578867,0.8468781462051947,10
2,2,50,4,0.2,ridge_history,35,0.5982967673845788,0.10874683236176956,0.3522943416257862,0.8442991931433714,10
2,2,50,4,0.2,ridge_history,36,0.6631547479211688,0.14475733375919578,0.3356909084902337,0.9906185873521038,10
2,2,50,4,0.2,ridge_history,37,0.597057670332777,0.11031200182313756,0.34751458526595774,0.8466007553995962,10
2,2,50,4,0.2,ridge_history,38,0.6281725986751042,0.11797404535230273,0.3612967669571123,0.8950484303930961,10
2,2,50,4,0.2,ridge_history,39,0.6304773701809573,0.1200138139921644,0.35898726122385116,0.9019674791380634,10
2,2,50,4,0.2,ridge_history,40,0.5654476286647928,0.09836696357856575,0.34292609742283015,0.7879691599067555,10
2,2,50,4,0.2,ridge_history,41,0.5919276821662021,0.1026443785269978,0.35972996606038377,0.8241253982720204,10
2,2,50,4,0.2,ridge_history,42,0.5966059551223416,0.11336254983541742,0.34016205101908364,0.8530498592255995,10
2,2,50,4,0.2,ridge_history,43,0.5880715625493781,0.10193665516248795,0.35747482792186536,0.8186682971768908,10
2,2,50,4,0.2,ridge_history,44,0.6049135646277175,0.11259262964852917,0.3502113409900117,0.8596157882654233,10
2,2,50,4,0.2,ridge_history,45,0.5923807173217421,0.10840838660185069,0.34714390906296866,0.8376175255805156,10
2,2,50,4,0.2,ridge_history,46,0.6231560308695098,0.11842151696220617,0.35526794804402595,0.8910441136949936,10
2,2,50,4,0.2,ridge_history,47,0.5728897128487433,0.1060923080512676,0.3328922382727747,0.812887187424712,10
2,2,50,4,0.2,ridge_history,48,0.54507782462599,0.0973899549920049,0.3247664403562313,0.7653892088957486,10
2,2,50,4,0.2,ridge_history,49,0.572508380960562,0.10766387563956445,0.3289557735079061,0.816060988413218,10
2,2,50,4,0.2,transformer,0,0.564553982061662,0.021119374123851745,0.5167786386135756,0.6123293255097483,10
2,2,50,4,0.2,transformer,1,0.5042921258564755,0.04472379098360994,0.4031198817354125,0.6054643699775385,10
2,2,50,4,0.2,transformer,2,0.4099946429307078,0.04020455098966565,0.31904562993235003,0.5009436559290656,10
2,2,50,4,0.2,transformer,3,0.3209386205150818,0.03538368932649016,0.2408951542589357,0.40098208677122793,10
2,2,50,4,0.2,transformer,4,0.27381253102614744,0.026065769699717776,0.21484766339608247,0.3327773986562124,10
2,2,50,4,0.2,transformer,5,0.23837930440250882,0.029251054497644324,0.17220882195126208,0.30454978685375556,10
2,2,50,4,0.2,transformer,6,0.21947802961333193,0.022754772328148855,0.1680031584033676,0.27095290082329626,10
2,2,50,4,0.2,transformer,7,0.1830866580496879,0.019746634840244026,0.13841666660466928,0.22775664949470653,10
2,2,50,4,0.2,transformer,8,0.17801408234740357,0.01731548184744424,0.1388437410589053,0.21718442363590185,10
2,2,50,4,0.2,transformer,9,0.17601700491805347,0.02062602369027984,0.12935769768704147,0.22267631214906547,10
2,2,50,4,0.2,transformer,10,0.1413953454581339,0.012005083056798586,0.1142379608312096,0.1685527300850582,10
2,2,50,4,0.2,transformer,11,0.1556015058918287,0.02353055292847137,0.10237169704008492,0.20883131474357247,10
2,2,50,4,0.2,transformer,12,0.12247204088926936,0.009137682583915167,0.10180116678068925,0.14314291499784945,10
2,2,50,4,0.2,transformer,13,0.13636825192956475,0.012410394780368803,0.10829398848400001,0.1644425153751295,10
2,2,50,4,0.2,transformer,14,0.1214849179054088,0.009812569409331702,0.09928734373063454,0.14368249208018308,10
2,2,50,4,0.2,transformer,15,0.11968444849190356,0.010575599459374413,0.09576078042399491,0.1436081165598122,10
2,2,50,4,0.2,transformer,16,0.1091188915749097,0.007371594912512009,0.09244318534232385,0.12579459780749555,10
2,2,50,4,0.2,transformer,17,0.11847127117166727,0.008959169637039861,0.09820422140451335,0.13873832093882119,10
2,2,50,4,0.2,transformer,18,0.10630043740734758,0.007649328338435286,0.08899645451596092,0.12360442029873425,10
2,2,50,4,0.2,transformer,19,0.10250525612361976,0.007114055754275325,0.08641214394254004,0.11859836830469947,10
2,2,50,4,0.2,transformer,20,0.10109295186527674,0.008811275395687164,0.08116046211553543,0.12102544161501805,10
2,2,50,4,0.2,transformer,21,0.1052191490702914,0.006762258403955723,0.0899218577850906,0.1205164403554922,10
2,2,50,4,0.2,transformer,22,0.09907567513028873,0.01004795723127074,0.0763456167080796,0.12180573355249785,10
2,2,50,4,0.2,transformer,23,0.0968396896270615,0.01198166212190988,0.06973528683575514,0.12394409241836787,10
2,2,50,4,0.2,transformer,24,0.09181448805231089,0.006619200665217387,0.07684081585549074,0.10678816024913104,10
2,2,50,4,0.2,transformer,25,0.09957147956745255,0.006321881679292942,0.08527038964427727,0.11387256949062782,10
2,2,50,4,0.2,transformer,26,0.10561326149152661,0.013805155443674654,0.07438383022107536,0.13684269276197786,10
2,2,50,4,0.2,transformer,27,0.10124589788259353,0.008258744472487336,0.08256331991843621,0.11992847584675084,10
2,2,50,4,0.2,transformer,28,0.09822667392916022,0.011802637334803797,0.07152725334232429,0.12492609451599615,10
2,2,50,4,0.2,transformer,29,0.08879790291210359,0.004761460936074247,0.07802672995017938,0.09956907587402779,10
2,2,50,4,0.2,transformer,30,0.10373055001093759,0.011760894886606366,0.07712555740228422,0.13033554261959096,10
2,2,50,4,0.2,transformer,31,0.09004307210063842,0.01061032117649524,0.06604085805164023,0.1140452861496366,10
2,2,50,4,0.2,transformer,32,0.08657876601373735,0.005691745571979782,0.07370314299925831,0.09945438902821638,10
2,2,50,4,0.2,transformer,33,0.0934981953566298,0.009362094639422952,0.0723196659092645,0.1146767248039951,10
2,2,50,4,0.2,transformer,34,0.09164776464083788,0.010317592345989602,0.06830774921252557,0.11498778006915018,10
2,2,50,4,0.2,transformer,35,0.10432143485438286,0.008286096107600583,0.08557698319293988,0.12306588651582584,10
2,2,50,4,0.2,transformer,36,0.11122589777781322,0.013599984452987487,0.08046059553354334,0.1419912000220831,10
2,2,50,4,0.2,transformer,37,0.08714443113648368,0.0074812655302614085,0.07022063273040752,0.10406822954255984,10
2,2,50,4,0.2,transformer,38,0.0828038004155972,0.005810032313511522,0.06966059420149809,0.09594700662969632,10
2,2,50,4,0.2,transformer,39,0.0800727228283777,0.004564947462398375,0.06974609422851573,0.09039935142823967,10
2,2,50,4,0.2,transformer,40,0.07307902666510561,0.007472764936644879,0.056174457937767125,0.0899835953924441,10
2,2,50,4,0.2,transformer,41,0.09158916233311623,0.007871811605380951,0.07378188732580568,0.10939643734042678,10
2,2,50,4,0.2,transformer,42,0.09147400570638965,0.015184241081948466,0.05712486598120516,0.12582314543157413,10
2,2,50,4,0.2,transformer,43,0.08963120335543578,0.0043499379900256525,0.07979095997357123,0.09947144673730034,10
2,2,50,4,0.2,transformer,44,0.09643900858526579,0.009222845914190163,0.07557548163909636,0.11730253553143521,10
2,2,50,4,0.2,transformer,45,0.10401478113656466,0.010027550821447366,0.08133088522050448,0.12669867705262483,10
2,2,50,4,0.2,transformer,46,0.08516095381300515,0.008720393579666488,0.06543405301434313,0.10488785461166716,10
2,2,50,4,0.2,transformer,47,0.0767706142931214,0.008787556411015434,0.05689178061444955,0.09664944797179326,10
2,2,50,4,0.2,transformer,48,0.08180901385270424,0.008210943606823772,0.06323456895919571,0.10038345874621277,10
2,2,50,4,0.2,transformer,49,0.08884513045466341,0.010089314332297946,0.06602151577013303,0.1116687451391938,10
2,3,50,4,0.0,em_ridge,1,0.9083043234953363,0.04062141657703773,0.8164122950225806,1.0001963519680919,10
2,3,50,4,0.0,em_ridge,2,0.7963793653026279,0.03389162362178499,0.7197111861677461,0.8730475444375096,10
2,3,50,4,0.0,em_ridge,3,0.8035687447911757,0.04706598766095912,0.6970980836797651,0.9100394059025863,10
2,3,50,4,0.0,em_ridge,4,0.6463970788400244,0.025247750698220155,0.5892826987535023,0.7035114589265465,10
2,3,50,4,0.0,em_ridge,5,0.6284319092097329,0.032270571769367026,0.5554308041340658,0.7014330142854001,10
2,3,50,4,0.0,em_ridge,6,0.5362317515848735,0.03426182067793399,0.45872612852777744,0.6137373746419695,10
2,3,50,4,0.0,em_ridge,7,0.5278737777167788,0.03600322934861232,0.4464288145619489,0.6093187408716088,10
2,3,50,4,0.0,em_ridge,8,0.37740092493065464,0.026929607605608127,0.3164819201942832,0.4383199296670261,10
2,3,50,4,0.0,em_ridge,9,0.4040379010808537,0.038720189145159414,0.31644674786123,0.4916290543004774,10
2,3,50,4,0.0,em_ridge,10,0.2664689065890006,0.027990081540937618,0.20315094314386273,0.3297868700341384,10
2,3,50,4,0.0,em_ridge,11,0.2176104940628231,0.017043489567900937,0.1790554420577195,0.2561655460679267,10
2,3,50,4,0.0,em_ridge,12,0.16779033598545184,0.02490660485120428,0.11144768142031557,0.2241329905505881,10
2,3,50,4,0.0,em_ridge,13,0.13454199238703085,0.017208983197222385,0.09561256778296029,0.1734714169911014,10
2,3,50,4,0.0,em_ridge,14,0.10691952102808751,0.013872965790966196,0.07553669209479887,0.13830234996137614,10
2,3,50,4,0.0,em_ridge,15,0.06837925952163952,0.017083733120266325,0.029733170276296128,0.10702534876698291,10
2,3,50,4,0.0,em_ridge,16,0.042670902547022986,0.01224593937450029,0.014968663075804588,0.07037314201824138,10
2,3,50,4,0.0,em_ridge,17,0.03694127195804523,0.008638303676996688,0.017400071420701102,0.05648247249538936,10
2,3,50,4,0.0,em_ridge,18,0.03371270435259336,0.008732848036767434,0.013957629614591668,0.05346777909059505,10
2,3,50,4,0.0,em_ridge,19,0.025176223828588674,0.00601822154680348,0.01156206084918069,0.03879038680799666,10
2,3,50,4,0.0,em_ridge,20,0.010050885828832993,0.003760130497721418,0.001544879690356507,0.018556891967309478,10
2,3,50,4,0.0,em_ridge,21,0.017560434238233866,0.005614088542516449,0.004860483629196947,0.030260384847270786,10
2,3,50,4,0.0,em_ridge,22,0.009899176337062901,0.0022797105672088275,0.004742112748344693,0.015056239925781109,10
2,3,50,4,0.0,em_ridge,23,0.011298262450527705,0.0029862497176336524,0.0045428962618786215,0.01805362863917679,10
2,3,50,4,0.0,em_ridge,24,0.008707184996800161,0.00305284147522593,0.001801177786730385,0.015613192206869938,10
2,3,50,4,0.0,em_ridge,25,0.006702543909810147,0.0022895869939659353,0.0015231382915604965,0.011881949528059798,10
2,3,50,4,0.0,em_ridge,26,0.005731338579590119,0.0021955840801396996,0.0007645823261763895,0.010698094833003848,10
2,3,50,4,0.0,em_ridge,27,0.0075787656473443234,0.0021655114662192092,0.002680038372914896,0.01247749292177375,10
2,3,50,4,0.0,em_ridge,28,0.006738124044175388,0.0033517197696740515,0.0,0.014320240928835893,10
2,3,50,4,0.0,em_ridge,29,0.008033864751123564,0.004381311711512207,0.0,0.017945080421772567,10
2,3,50,4,0.0,em_ridge,30,0.0006449892120951377,0.0002989231754467054,0.0,0.0013212004145582868,10
2,3,50,4,0.0,em_ridge,31,0.0006416449397627209,0.00029562472832167405,0.0,0.0013103945364358691,10
2,3,50,4,0.0,em_ridge,32,0.0005562535935630794,0.00033469067722240414,0.0,0.001313376506363523,10
2,3,50,4,0.0,em_ridge,33,0.001425666607368021,0.0007048737414286831,0.0,0.003020201790409286,10
2,3,50,4,0.0,em_ridge,34,0.0010648759120645188,0.0009869913897972555,0.0,0.0032976055541145354,10
2,3,50,4,0.0,em_ridge,35,0.0025558649963465805,0.00240586978084295,0.0,0.007998320553840206,10
2,3,50,4,0.0,em_ridge,36,0.0018013638730182409,0.0014878760616458225,0.0,0.005167173363226321,10
2,3,50,4,0.0,em_ridge,37,2.9205179337543695e-05,2.2481025966965042e-05,0.0,8.00607932557661e-05,10
2,3,50,4,0.0,em_ridge,38,5.976931989750612e-07,6.646292510493711e-08,4.4734361688840714e-07,7.480427810617154e-07,10
2,3,50,4,0.0,em_ridge,39,0.001981716633262365,0.0016615624670595066,0.0,0.0057404320695576844,10
2,3,50,4,0.0,em_ridge,40,8.153317389099107e-07,3.48213115562277e-07,2.7618945360426776e-08,1.6030445324593946e-06,10
2,3,50,4,0.0,em_ridge,41,0.00010483683828370616,6.39610789125935e-05,0.0,0.00024952685108613074,10
2,3,50,4,0.0,em_ridge,42,2.3065109277051403e-06,1.5026204435196451e-06,0.0,5.705674526980121e-06,10
2,3,50,4,0.0,em_ridge,43,0.0005997685908231413,0.0005994400413332137,0.0,0.0019557961739931225,10
2,3,50,4,0.0,em_ridge,44,8.30511500463468e-05,8.278027534663331e-05,0.0,0.00027031314286014103,10
2,3,50,4,0.0,em_ridge,45,2.533162524921824e-07,2.0622329670905707e-08,2.0666530171355714e-07,2.9996720327080773e-07,10
2,3,50,4,0.0,em_ridge,46,2.2645266475511523e-07,1.2671593580807329e-08,1.9778752857222418e-07,2.551178009380063e-07,10
2,3,50,4,0.0,em_ridge,47,0.0011326345444045835,0.0011318164365644503,0.0,0.003692981203351595,10
2,3,50,4,0.0,em_ridge,48,0.0003272259017902481,0.0003270118306715652,0.0,0.0010669780568636831,10
2,3,50,4,0.0,em_ridge,49,1.8854092206723965e-07,9.865654049628654e-09,1.6622326209318306e-07,2.1085858204129623e-07,10
2,3,50,4,0.0,known_pool,0,2.1893252165156354e-15,8.085912659835319e-17,2.006409164103564e-15,2.3722412689277067e-15,10
2,3,50,4,0.0,known_pool,1,1.9832660589086345e-15,1.1665751375896827e-16,1.7193684285645542e-15,2.2471636892527146e-15,10
2,3,50,4,0.0,known_pool,2,2.3286776070758964e-15,7.840817639415924e-17,2.151305989223904e-15,2.506049224927889e-15,10
2,3,50,4,0.0,known_pool,3,2.152689261677669e-15,9.896883507691503e-17,1.928806202514631e-15,2.3765723208407067e-15,10
2,3,50,4,0.0,known_pool,4,2.2794420741984686e-15,1.778579933916272e-16,1.8770993404866836e-15,2.6817848079102537e-15,10
2,3,50,4,0.0,known_pool,5,2.443274549740518e-15,2.0705603931223638e-16,1.9748812473097157e-15,2.91166785217132e-15,10
2,3,50,4,0.0,known_pool,6,2.229235471313344e-15,1.5489340163320256e-16,1.878842253338616e-15,2.5796286892880723e-15,10
2,3,50,4,0.0,known_pool,7,2.3738280333098408e-15,1.5160294907979585e-16,2.030878336147649e-15,2.7167777304720326e-15,10
2,3,50,4,0.0,known_pool,8,2.3042574473551614e-15,1.7591856060120033e-16,1.9063020154220057e-15,2.702212879288317e-15,10
2,3,50,4,0.0,known_pool,9,2.1318893740374656e-15,1.2794805227937382e-16,1.842450771107601e-15,2.42132797696733e-15,10
2,3,50,4,0.0,known_pool,10,2.250154753001022e-15,1.7104092252700054e-16,1.863233304974955e-15,2.637076201027089e-15,10
2,3,50,4,0.0,known_pool,11,2.2886080360937295e-15,1.0975624704356479e-16,2.0403221556822803e-15,2.5368939165051787e-15,10
2,3,50,4,0.0,known_pool,12,2.3491184441695236e-15,1.5799551036619584e-16,1.9917077687046756e-15,2.7065291196343716e-15,10
2,3,50,4,0.0,known_pool,13,2.0732836929453946e-15,1.0982797010753638e-16,1.824835563691044e-15,2.321731822199745e-15,10
2,3,50,4,0.0,known_pool,14,2.6036954091316244e-15,1.0092926724468534e-16,2.3753775442980854e-15,2.8320132739651634e-15,10
2,3,50,4,0.0,known_pool,15,2.3034355436403373e-15,1.1369897370518673e-16,2.0462305958703443e-15,2.5606404914103303e-15,10
2,3,50,4,0.0,known_pool,16,2.329911331051101e-15,1.0890585709250873e-16,2.0835491663586045e-15,2.5762734957435974e-15,10
2,3,50,4,0.0,known_pool,17,2.266968380213638e-15,1.095883690559453e-16,2.019062266194358e-15,2.5148744942329177e-15,10
2,3,50,4,0.0,known_pool,18,2.057315193512226e-15,1.2890351168141745e-16,1.7657151912522653e-15,2.3489151957721864e-15,10
2,3,50,4,0.0,known_pool,19,1.960524263676776e-15,9.38395461042931e-17,1.7482444623032168e-15,2.172804065050335e-15,10
2,3,50,4,0.0,known_pool,20,2.0798626127566975e-15,1.3077431530532979e-16,1.7840305586787146e-15,2.3756946668346803e-15,10
2,3,50,4,0.0,known_pool,21,2.211120396460365e-15,1.3227016517664506e-16,1.911904494881516e-15,2.5103362980392144e-15,10
2,3,50,4,0.0,known_pool,22,1.9679989801829304e-15,1.1729667308201885e-16,1.702655470998042e-15,2.2333424893678188e-15,10
2,3,50,4,0.0,known_pool,23,1.9935980394893276e-15,1.2917753863496535e-16,1.7013781451935989e-15,2.2858179337850565e-15,10
2,3,50,4,0.0,known_pool,24,2.332436602224661e-15,1.3805205027221144e-16,2.0201411678624002e-15,2.644732036586922e-15,10
2,3,50,4,0.0,known_pool,25,2.114249780966385e-15,9.448333226357735e-17,1.900513634121291e-15,2.327985927811479e-15,10
2,3,50,4,0.0,known_pool,26,2.226053341930208e-15,1.467477290918071e-16,1.8940869154408058e-15,2.55801976841961e-15,10
2,3,50,4,0.0,known_pool,27,2.467557817180087e-15,1.5579631493291567e-16,2.115122067417027e-15,2.819993566943147e-15,10
2,3,50,4,0.0,known_pool,28,2.1034096553907666e-15,9.620638202365822e-17,1.885775699189048e-15,2.3210436115924854e-15,10
2,3,50,4,0.0,known_pool,29,2.4072190378597536e-15,9.600475398312953e-17,2.1900411959741377e-15,2.6243968797453695e-15,10
2,3,50,4,0.0,known_pool,30,2.3790070236038697e-15,1.7831740835366278e-16,1.9756250210450193e-15,2.7823890261627202e-15,10
2,3,50,4,0.0,known_pool,31,1.9996663877959734e-15,1.2428904670418678e-16,1.7185050305367367e-15,2.28082774505521e-15,10
2,3,50,4,0.0,known_pool,32,2.305836012647043e-15,1.7065491424848951e-16,1.919787776013109e-15,2.691884249280977e-15,10
2,3,50,4,0.0,known_pool,33,2.38263156002218e-15,1.403653958733893e-16,2.065102974338187e-15,2.700160145706173e-15,10
2,3,50,4,0.0,known_pool,34,2.2613656494711136e-15,1.0283044637578963e-16,2.0287470186483845e-15,2.4939842802938428e-15,10
2,3,50,4,0.0,known_pool,35,2.3293378175001216e-15,1.3511753898894293e-16,2.0236807088566187e-15,2.6349949261436244e-15,10
2,3,50,4,0.0,known_pool,36,2.543474764018359e-15,1.1592642763685982e-16,2.2812309653820288e-15,2.8057185626546893e-15,10
2,3,50,4,0.0,known_pool,37,2.1023490198665075e-15,1.1864511147229233e-16,1.83395513111847e-15,2.370742908614545e-15,10
2,3,50,4,0.0,known_pool,38,2.2338437970804015e-15,9.368077813499156e-17,2.021923153805821e-15,2.445764440354982e-15,10
2,3,50,4,0.0,known_pool,39,2.3756154874246304e-15,1.5375360123879426e-16,2.027800677076273e-15,2.7234302977729878e-15,10
2,3,50,4,0.0,known_pool,40,2.152625224104101e-15,1.050513186462434e-16,1.914982631167105e-15,2.3902678170410972e-15,10
2,3,50,4,0.0,known_pool,41,2.3611738159035066e-15,1.249600461037721e-16,2.0784945525462647e-15,2.6438530792607486e-15,10
2,3,50,4,0.0,known_pool,42,2.4185587081151342e-15,1.678936702046895e-16,2.0387568394731164e-15,2.798360576757152e-15,10
2,3,50,4,0.0,known_pool,43,2.065897259168739e-15,1.3639925744305412e-16,1.7573407019435777e-15,2.3744538163939e-15,10
2,3,50,4,0.0,known_pool,44,2.1103150111941493e-15,9.738545707580079e-17,1.8900138019177495e-15,2.330616220470549e-15,10
2,3,50,4,0.0,known_pool,45,2.15034743570935e-15,1.231847304367676e-16,1.8716842154044503e-15,2.4290106560142498e-15,10
2,3,50,4,0.0,known_pool,46,2.25631316382845e-15,1.2180872198440018e-16,1.980762690900144e-15,2.531863636756756e-15,10
2,3,50,4,0.0,known_pool,47,2.319929464019675e-15,1.0014276758322677e-16,2.093390785028843e-15,2.546468143010507e-15,10
2,3,50,4,0.0,known_pool,48,2.0512342229496322e-15,9.187952386880423e-17,1.843388299915328e-15,2.2590801459839363e-15,10
2,3,50,4,0.0,known_pool,49,2.153484464384515e-15,1.292978554637975e-16,1.8609923945126384e-15,2.4459765342563915e-15,10
2,3,50,4,0.0,ridge_current,0,0.49501098769915897,0.0203570182514926,0.4489602130483312,0.5410617623499867,10
2,3,50,4,0.0,ridge_current,1,0.49179493081181613,0.022340437307595155,0.44125735053639553,0.5423325110872368,10
2,3,50,4,0.0,ridge_current,2,0.48277158500124556,0.01759113632292737,0.4429776699665757,0.5225655000359154,10
2,3,50,4,0.0,ridge_current,3,0.5248293458540576,0.008437817659407364,0.505741676197444,0.5439170155106712,10
2,3,50,4,0.0,ridge_current,4,0.502277980143825,0.017683953255513377,0.46227409862027674,0.5422818616673731,10
2,3,50,4,0.0,ridge_current,5,0.5034763681200733,0.02044457061808823,0.45722753625603135,0.5497251999841154,10
2,3,50,4,0.0,ridge_current,6,0.49961560976447644,0.01979042465342383,0.45484655887991554,0.5443846606490373,10
2,3,50,4,0.0,ridge_current,7,0.5247441143010999,0.0183484956707293,0.4832369333929878,0.566251295209212,10
2,3,50,4,0.0,ridge_current,8,0.5063461870966955,0.017172664392473676,0.46749892133693155,0.5451934528564596,10
2,3,50,4,0.0,ridge_current,9,0.48629117418343987,0.021449889847902547,0.43776815222277465,0.5348141961441051,10
2,3,50,4,0.0,ridge_current,10,0.49271313080581214,0.019785385779569155,0.447955478645834,0.5374707829657902,10
2,3,50,4,0.0,ridge_current,11,0.5422693103705803,0.013120417310741754,0.5125888643721843,0.5719497563689764,10
2,3,50,4,0.0,ridge_current,12,0.5045277689831457,0.02581309986582342,0.44613448022764784,0.5629210577386435,10
2,3,50,4,0.0,ridge_current,13,0.48737196800238813,0.012784913638983115,0.45845048403820604,0.5162934519665703,10
2,3,50,4,0.0,ridge_current,14,0.48066656225943777,0.011244988245304241,0.45522863155474114,0.5061044929641344,10
2,3,50,4,0.0,ridge_current,15,0.5060767618666366,0.02049155717022349,0.45972163903712665,0.5524318846961466,10
2,3,50,4,0.0,ridge_current,16,0.510283606767505,0.025142013431571957,0.4534084209961058,0.5671587925389041,10
2,3,50,4,0.0,ridge_current,17,0.5022604152201742,0.013083550944650153,0.4726633667358986,0.5318574637044498,10
2,3,50,4,0.0,ridge_current,18,0.490757030229059,0.017980965567912288,0.4500812601755783,0.5314328002825397,10
2,3,50,4,0.0,ridge_current,19,0.48414322913235813,0.020206392905322213,0.43843319268726866,0.5298532655774476,10
2,3,50,4,0.0,ridge_current,20,0.5032663312264588,0.025576712615054193,0.44540778758348276,0.5611248748694349,10
2,3,50,4,0.0,ridge_current,21,0.45516226343268107,0.014084130053110674,0.4233017477512553,0.48702277911410685,10
2,3,50,4,0.0,ridge_current,22,0.49895779708885357,0.015706638436305737,0.46342691244668294,0.5344886817310242,10
2,3,50,4,0.0,ridge_current,23,0.46900185788659626,0.020814915704856416,0.4219152472318145,0.516088468541378,10
2,3,50,4,0.0,ridge_current,24,0.5079167204634154,0.013184710680448103,0.47809083275821773,0.5377426081686131,10
2,3,50,4,0.0,ridge_current,25,0.4734517456515245,0.020255012950126675,0.427631723023825,0.5192717682792239,10
2,3,50,4,0.0,ridge_current,26,0.526706973786404,0.015034006882353854,0.49269768743192965,0.5607162601408783,10
2,3,50,4,0.0,ridge_current,27,0.5005808060698475,0.025983298130162338,0.4418025020915795,0.5593591100481153,10
2,3,50,4,0.0,ridge_current,28,0.4881258449006619,0.012539269962318501,0.45976004553914274,0.5164916442621811,10
2,3,50,4,0.0,ridge_current,29,0.5174988898904604,0.024175151736268503,0.4628108972285272,0.5721868825523937,10
2,3,50,4,0.0,ridge_current,30,0.5215429716522031,0.020120816927363207,0.476026521518617,0.5670594217857892,10
2,3,50,4,0.0,ridge_current,31,0.47260833879969877,0.014594123815721713,0.4395941370752,0.5056225405241975,10
2,3,50,4,0.0,ridge_current,32,0.520656177785459,0.014596991445422234,0.487635489031893,0.553676866539025,10
2,3,50,4,0.0,ridge_current,33,0.5187154761915023,0.01763763845883366,0.4788163660170066,0.5586145863659979,10
2,3,50,4,0.0,ridge_current,34,0.4933976673958023,0.014684003837874191,0.4601801429353989,0.5266151918562058,10
2,3,50,4,0.0,ridge_current,35,0.5072848677631357,0.017544053520223223,0.46759746142784775,0.5469722740984237,10
2,3,50,4,0.0,ridge_current,36,0.5203217182754252,0.018726935823800948,0.4779584462643516,0.5626849902864988,10
2,3,50,4,0.0,ridge_current,37,0.49741175178772734,0.024473458867371962,0.4420489415124546,0.552774562063,10
2,3,50,4,0.0,ridge_current,38,0.5242648220896771,0.014077101883826701,0.4924202052317384,0.5561094389476158,10
2,3,50,4,0.0,ridge_current,39,0.5094620468811493,0.026191591106964094,0.4502125514534487,0.5687115423088499,10
2,3,50,4,0.0,ridge_current,40,0.48627792062985414,0.012788040042971089,0.4573493642484968,0.5152064770112115,10
2,3,50,4,0.0,ridge_current,41,0.48498532886999535,0.023343349908549225,0.4321790026706659,0.5377916550693248,10
2,3,50,4,0.0,ridge_current,42,0.48218254791581855,0.02099081964355342,0.4346980149061489,0.5296670809254882,10
2,3,50,4,0.0,ridge_current,43,0.46135816556383763,0.014899688962505422,0.42765272745384064,0.4950636036738346,10
2,3,50,4,0.0,ridge_current,44,0.5097718710644438,0.01584852240489818,0.4739200225864355,0.545623719542452,10
2,3,50,4,0.0,ridge_current,45,0.5091189002928735,0.02514604743014658,0.4522345889827041,0.566003211603043,10
2,3,50,4,0.0,ridge_current,46,0.5377081684400957,0.01863016977832699,0.4955637964319067,0.5798525404482848,10
2,3,50,4,0.0,ridge_current,47,0.4871297055092649,0.024104460228786945,0.43260162814733005,0.5416577828711997,10
2,3,50,4,0.0,ridge_current,48,0.5086544844616286,0.01329906175704026,0.4785699166494443,0.5387390522738129,10
2,3,50,4,0.0,ridge_current,49,0.4709265927842581,0.017246222221919776,0.4319129276537327,0.5099402579147835,10
2,3,50,4,0.0,ridge_history,1,1.0625043197883959,0.06896438177949123,0.9064960495679698,1.218512590008822,10
2,3,50,4,0.0,ridge_history,2,1.1592077901418467,0.09252744065971999,0.9498961774980753,1.3685194027856182,10
2,3,50,4,0.0,ridge_history,3,1.2032634379906404,0.102820022199709,0.9706683882924982,1.4358584876887825,10
2,3,50,4,0.0,ridge_history,4,1.098521379332166,0.08655497961437944,0.9027204122216449,1.294322346442687,10
2,3,50,4,0.0,ridge_history,5,1.1584219248444554,0.08977186901341862,0.9553438483379683,1.3615000013509426,10
2,3,50,4,0.0,ridge_history,6,1.1476114072517454,0.11552424261881458,0.8862774143347563,1.4089454001687345,10
2,3,50,4,0.0,ridge_history,7,1.060973022351537,0.09629408183300804,0.8431406753979214,1.2788053693051527,10
2,3,50,4,0.0,ridge_history,8,0.9486155933273522,0.08447501946634145,0.7575198229640501,1.1397113636906544,10
2,3,50,4,0.0,ridge_history,9,0.9811170586166224,0.0776652473100202,0.8054260631137662,1.1568080541194785,10
2,3,50,4,0.0,ridge_history,10,0.9951813361067774,0.11163210552439412,0.7426519689965242,1.2477107032170305,10
2,3,50,4,0.0,ridge_history,11,1.009041949269421,0.08507457077194662,0.8165898996256791,1.2014939989131628,10
2,3,50,4,0.0,ridge_history,12,0.8802539159900815,0.06989153033754425,0.7221482900180778,1.0383595419620852,10
2,3,50,4,0.0,ridge_history,13,0.9193380270011648,0.07710512983661048,0.7449141052527909,1.093761948749539,10
2,3,50,4,0.0,ridge_history,14,0.9336350986984499,0.0721695626486191,0.7703762056168624,1.0968939917800373,10
2,3,50,4,0.0,ridge_history,15,0.9420000218087523,0.0839578462834282,0.7520741784655846,1.1319258651519202,10
2,3,50,4,0.0,ridge_history,16,0.941966752876157,0.0882266384810385,0.7423842306866681,1.141549275065646,10
2,3,50,4,0.0,ridge_history,17,0.9034402049205991,0.08792861272839718,0.7045318638221459,1.102348546019052,10
2,3,50,4,0.0,ridge_history,18,0.8730718739163322,0.07913855918881642,0.6940480153938214,1.052095732438843,10
2,3,50,4,0.0,ridge_history,19,0.8274765877877002,0.08537034391985264,0.6343554527988593,1.020597722776541,10
2,3,50,4,0.0,ridge_history,20,0.8577311187330322,0.07647728437751575,0.6847274820870797,1.0307347553789847,10
2,3,50,4,0.0,ridge_history,21,0.8028989708842273,0.06267418849948468,0.6611201064475531,0.9446778353209015,10
2,3,50,4,0.0,ridge_history,22,0.8793324829492043,0.08742380577290935,0.6815660945209383,1.0770988713774703,10
2,3,50,4,0.0,ridge_history,23,0.7953329454305728,0.07800709868210187,0.6188686283977496,0.9717972624633959,10
2,3,50,4,0.0,ridge_history,24,0.9020390924422997,0.06940120911122655,0.7450426501444826,1.0590355347401168,10
2,3,50,4,0.0,ridge_history,25,0.8255961522922879,0.06974789760932036,0.667815446125248,0.9833768584593278,10
2,3,50,4,0.0,ridge_history,26,0.8696470070240716,0.06705330570172262,0.7179618912416221,1.021332122806521,10
2,3,50,4,0.0,ridge_history,27,0.8702235341185643,0.07108397261451521,0.7094204163084873,1.0310266519286413,10
2,3,50,4,0.0,ridge_history,28,0.7822127727903324,0.06270031965240155,0.6403747955789152,0.9240507500017496,10
2,3,50,4,0.0,ridge_history,29,0.856603206397929,0.07954415232031078,0.6766618324678265,1.0365445803280315,10
2,3,50,4,0.0,ridge_history,30,0.8157918426055218,0.07685908252238993,0.6419245185513991,0.9896591666596446,10
2,3,50,4,0.0,ridge_history,31,0.8094112382019812,0.07351645245832504,0.6431054686898676,0.9757170077140949,10
2,3,50,4,0.0,ridge_history,32,0.8301643657012425,0.06969474851108015,0.672503891147483,0.9878248402550021,10
2,3,50,4,0.0,ridge_history,33,0.8364862253026326,0.09048496397475375,0.6317950159216059,1.0411774346836593,10
2,3,50,4,0.0,ridge_history,34,0.8713062823603736,0.06105560689697828,0.7331889038893826,1.0094236608313645,10
2,3,50,4,0.0,ridge_history,35,0.8548100646911605,0.06938492632700201,0.6978504566103072,1.0117696727720138,10
2,3,50,4,0.0,ridge_history,36,0.9028854923824594,0.08811268047672342,0.70356076110869,1.1022102236562288,10
2,3,50,4,0.0,ridge_history,37,0.8492119016351749,0.0800556671757242,0.6681134007110212,1.0303104025593286,10
2,3,50,4,0.0,ridge_history,38,0.8659821932002215,0.08426629154156373,0.6753585982070314,1.0566057881934117,10
2,3,50,4,0.0,ridge_history,39,0.816608712994699,0.07701912990776508,0.6423793366013627,0.9908380893880352,10
2,3,50,4,0.0,ridge_history,40,0.8183450556813125,0.0766838880327308,0.644874049096855,0.9918160622657701,10
2,3,50,4,0.0,ridge_history,41,0.8018508416163439,0.06690630551140245,0.6504982633673598,0.953203419865328,10
2,3,50,4,0.0,ridge_history,42,0.8106063795122214,0.08200251459921638,0.6251038037441397,0.9961089552803031,10
2,3,50,4,0.0,ridge_history,43,0.7772699026973553,0.08032981399660348,0.5955512385786912,0.9589885668160194,10
2,3,50,4,0.0,ridge_history,44,0.8205859147309408,0.07724364920596928,0.6458486403989855,0.9953231890628961,10
2,3,50,4,0.0,ridge_history,45,0.8029740506542191,0.06585200223303395,0.654006472118158,0.9519416291902802,10
2,3,50,4,0.0,ridge_history,46,0.7796185098002604,0.06111483408985827,0.6413671501106636,0.9178698694898572,10
2,3,50,4,0.0,ridge_history,47,0.761187753963371,0.06467201064065926,0.614889501860042,0.9074860060667,10
2,3,50,4,0.0,ridge_history,48,0.76723982239414,0.072130752300486,0.6040687244195725,0.9304109203687075,10
2,3,50,4,0.0,ridge_history,49,0.7787027075132673,0.06989609517079122,0.6205867551710369,0.9368186598554977,10
2,3,50,4,0.0,transformer,0,0.5171424689109163,0.020288034808524796,0.4712477456497126,0.56303719217212,10
2,3,50,4,0.0,transformer,1,0.4505071168438522,0.023067695931830997,0.3983243632624097,0.5026898704252947,10
2,3,50,4,0.0,transformer,2,0.4018491069909117,0.019232395145615977,0.35834240655449107,0.44535580742733233,10
2,3,50,4,0.0,transformer,3,0.40247823012133555,0.020826549363404483,0.3553653023025397,0.4495911579401314,10
2,3,50,4,0.0,transformer,4,0.3505899159505955,0.014275285972159456,0.31829697553768227,0.3828828563635088,10
2,3,50,4,0.0,transformer,5,0.34029396063536055,0.026938865876978167,0.27935401223409423,0.40123390903662687,10
2,3,50,4,0.0,transformer,6,0.3200137174805364,0.038396814491040425,0.2331540885509954,0.40687334641007744,10
2,3,50,4,0.0,transformer,7,0.27579991511367613,0.024976306688882555,0.21929958403717575,0.3323002461901765,10
2,3,50,4,0.0,transformer,8,0.24959638255167657,0.02365047684387162,0.19609528695571932,0.3030974781476338,10
2,3,50,4,0.0,transformer,9,0.24980488796504474,0.015666046600347736,0.21436582843533764,0.28524394749475185,10
2,3,50,4,0.0,transformer,10,0.23322246952234757,0.03799065963231691,0.14728162671567324,0.3191633123290219,10
2,3,50,4,0.0,transformer,11,0.20679770707263923,0.011088530198984436,0.18171370905810239,0.23188170508717607,10
2,3,50,4,0.0,transformer,12,0.19549864341760434,0.01891178383161595,0.15271721616162304,0.23828007067358564,10
2,3,50,4,0.0,transformer,13,0.16138137311082956,0.01538911504119471,0.12656877629126537,0.19619396993039376,10
2,3,50,4,0.0,transformer,14,0.14050141213153344,0.013573380427217223,0.10979629237471905,0.17120653188834783,10
2,3,50,4,0.0,transformer,15,0.14615824710927133,0.013393765547643946,0.11585944443882876,0.1764570497797139,10
2,3,50,4,0.0,transformer,16,0.1512640045423456,0.01707645379014427,0.11263438228577818,0.189893626798913,10
2,3,50,4,0.0,transformer,17,0.13726290397105329,0.011622254982584153,0.11097153661433341,0.16355427132777314,10
2,3,50,4,0.0,transformer,18,0.11853264885601653,0.011401545560746806,0.09274056089880306,0.14432473681323,10
2,3,50,4,0.0,transformer,19,0.11301498180712391,0.01110341861120836,0.08789730386423203,0.1381326597500158,10
2,3,50,4,0.0,transformer,20,0.12613863322384275,0.014169885946471086,0.09408412423399956,0.15819314221368594,10
2,3,50,4,0.0,transformer,21,0.09831617683723212,0.009023118154186218,0.07790446547396525,0.118727888200499,10
2,3,50,4,0.0,transformer,22,0.1055185448935072,0.008377153748696523,0.08656810653703154,0.12446898324998287,10
2,3,50,4,0.0,transformer,23,0.07786936458698747,0.00609812529169183,0.06407444677874591,0.09166428239522903,10
2,3,50,4,0.0,transformer,24,0.09859823527023025,0.0093900690817733,0.07735642323772682,0.11984004730273368,10
2,3,50,4,0.0,transformer,25,0.11038434509222528,0.012883020972497364,0.08124092692081086,0.1395277632636397,10
2,3,50,4,0.0,transformer,26,0.10058740924052198,0.006715710451741315,0.08539541673883659,0.11577940174220737,10
2,3,50,4,0.0,transformer,27,0.11640270749529376,0.027018419878064286,0.055282795440641234,0.17752261954994628,10
2,3,50,4,0.0,transformer,28,0.08497544511116821,0.0070401430262835496,0.06904953513713705,0.10090135508519937,10
2,3,50,4,0.0,transformer,29,0.08557214707382663,0.008597972407194895,0.06612218220734938,0.10502211194030388,10
2,3,50,4,0.0,transformer,30,0.0726320566376247,0.006890967942130412,0.05704360414872159,0.08822050912652782,10
2,3,50,4,0.0,transformer,31,0.060875344190003976,0.006337766568292577,0.04653832015139792,0.07521236822861002,10
2,3,50,4,0.0,transformer,32,0.0716638925576097,0.009571545430759778,0.05001155250236804,0.09331623261285137,10
2,3,50,4,0.0,transformer,33,0.07527826655406143,0.00558673292880139,0.06264019864253277,0.08791633446559009,10
2,3,50,4,0.0,transformer,34,0.06830760503860597,0.008028773450080727,0.0501452576700218,0.08646995240719015,10
2,3,50,4,0.0,transformer,35,0.0704707304877448,0.008864645928536712,0.05041750820483553,0.09052395277065406,10
2,3,50,4,0.0,transformer,36,0.05949802904096979,0.008204141688185257,0.04093897115643015,0.07805708692550943,10
2,3,50,4,0.0,transformer,37,0.04556580193615219,0.002387836144649783,0.04016414129794423,0.05096746257436014,10
2,3,50,4,0.0,transformer,38,0.0593216342482108,0.008007323581161815,0.04120780985424262,0.07743545864217898,10
2,3,50,4,0.0,transformer,39,0.05439909769213151,0.005652954702037581,0.04161122572194341,0.06718696966231961,10
2,3,50,4,0.0,transformer,40,0.05724499946786179,0.0065137210306074065,0.04250993878200394,0.07198006015371963,10
2,3,50,4,0.0,transformer,41,0.04971150354787799,0.00388911595809081,0.04091371202633006,0.05850929506942592,10
2,3,50,4,0.0,transformer,42,0.04809540588368723,0.004097235434228206,0.03882681539847728,0.05736399636889718,10
2,3,50,4,0.0,transformer,43,0.05180634920021564,0.006010279764014559,0.038210151781628995,0.06540254661880228,10
2,3,50,4,0.0,transformer,44,0.05890449190788376,0.0065886486091590165,0.04399993326351426,0.07380905055225326,10
2,3,50,4,0.0,transformer,45,0.044966321206654884,0.004836729925955587,0.03402487796013402,0.055907764453175746,10
2,3,50,4,0.0,transformer,46,0.0425319753617468,0.00640156874684088,0.028050620767935575,0.05701332995555802,10
2,3,50,4,0.0,transformer,47,0.04497217254492136,0.0042935135237599864,0.03525957017357675,0.05468477491626598,10
2,3,50,4,0.0,transformer,48,0.04025169138446673,0.003438716482732117,0.03247277426222202,0.04803060850671144,10
2,3,50,4,0.0,transformer,49,0.05962282351270235,0.008923494917995442,0.03943647556676558,0.07980917145863912,10
2,3,50,4,0.2,em_ridge,1,1.047096573032666,0.05672886715944045,0.9187669598505099,1.175426186214822,10
2,3,50,4,0.2,em_ridge,2,1.029702591833758,0.05297265049427657,0.9098701310857242,1.1495350525817916,10
2,3,50,4,0.2,em_ridge,3,0.8693552467718149,0.06290975029875104,0.7270435045236487,1.011666989019981,10
2,3,50,4,0.2,em_ridge,4,0.7262808138407828,0.04969714422228181,0.6138580630677326,0.838703564613833,10
2,3,50,4,0.2,em_ridge,5,0.6960997393447819,0.04045921029933819,0.6045746469649751,0.7876248317245886,10
2,3,50,4,0.2,em_ridge,6,0.6521367186331691,0.04250921697508626,0.5559741889680347,0.7482992482983035,10
2,3,50,4,0.2,em_ridge,7,0.5786123348894439,0.04509843176235932,0.47659259444725666,0.6806320753316311,10
2,3,50,4,0.2,em_ridge,8,0.5124447176033337,0.041261479113506194,0.4191047670790671,0.6057846681276002,10
2,3,50,4,0.2,em_ridge,9,0.4684412903033147,0.0361244631284143,0.38672207728513264,0.5501605033214968,10
2,3,50,4,0.2,em_ridge,10,0.3767912490717094,0.021293599810985997,0.32862177973752893,0.4249607184058899,10
2,3,50,4,0.2,em_ridge,11,0.4147608855984732,0.02481206938499907,0.3586320851153515,0.47088968608159487,10
2,3,50,4,0.2,em_ridge,12,0.3173634500951171,0.01821262681364155,0.2761636258952672,0.3585632742949669,10
2,3,50,4,0.2,em_ridge,13,0.3240352272989462,0.027372620083124875,0.26211405871335125,0.3859563958845411,10
2,3,50,4,0.2,em_ridge,14,0.3496215916049833,0.040374184749362135,0.25828884038207567,0.4409543428278909,10
2,3,50,4,0.2,em_ridge,15,0.2948179731057952,0.02005497903642044,0.24945045862878887,0.34018548758280154,10
2,3,50,4,0.2,em_ridge,16,0.25795724489467026,0.0131668118208563,0.2281718472229041,0.2877426425664364,10
2,3,50,4,0.2,em_ridge,17,0.2151775854651104,0.017343162481268493,0.1759446262325358,0.254410544697685,10
2,3,50,4,0.2,em_ridge,18,0.20377756037312178,0.020090552398627004,0.15832957335999504,0.24922554738624852,10
2,3,50,4,0.2,em_ridge,19,0.1986600196250022,0.014232257419780918,0.1664644165600569,0.23085562268994753,10
2,3,50,4,0.2,em_ridge,20,0.1846463275509076,0.01371352247129387,0.15362418446527604,0.21566847063653916,10
2,3,50,4,0.2,em_ridge,21,0.1775883570049381,0.011319674430470121,0.15198147441150645,0.20319523959836977,10
2,3,50,4,0.2,em_ridge,22,0.17750853589297963,0.017403275570192445,0.13813959140571777,0.2168774803802415,10
2,3,50,4,0.2,em_ridge,23,0.17591416730723225,0.009799258339341812,0.15374670486478012,0.19808162974968438,10
2,3,50,4,0.2,em_ridge,24,0.1504675565249615,0.012988630464898504,0.12108523308385236,0.17984987996607063,10
2,3,50,4,0.2,em_ridge,25,0.15062781775681455,0.011624126140088117,0.12433221754774437,0.17692341796588473,10
2,3,50,4,0.2,em_ridge,26,0.13867849363104126,0.013943775730207917,0.10713548148649965,0.17022150577558287,10
2,3,50,4,0.2,em_ridge,27,0.14066602197117337,0.009413688080375154,0.11937078005180463,0.1619612638905421,10
2,3,50,4,0.2,em_ridge,28,0.12625814426446272,0.009769332921067532,0.10415837782130949,0.14835791070761595,10
2,3,50,4,0.2,em_ridge,29,0.12339108877172582,0.010101009395480878,0.10054101801624679,0.14624115952720484,10
2,3,50,4,0.2,em_ridge,30,0.1160724737862813,0.007275417209978654,0.09961433663238276,0.13253061094017984,10
2,3,50,4,0.2,em_ridge,31,0.10851051790517197,0.008716224638071052,0.08879304790760134,0.1282279879027426,10
2,3,50,4,0.2,em_ridge,32,0.1232750278321687,0.010848532487810552,0.09873394235901903,0.14781611330531838,10
2,3,50,4,0.2,em_ridge,33,0.12255459103144954,0.010985607579460226,0.09770342015788334,0.14740576190501575,10
2,3,50,4,0.2,em_ridge,34,0.1174670575244996,0.00969928501339867,0.09552575045741851,0.13940836459158068,10
2,3,50,4,0.2,em_ridge,35,0.1215261272490075,0.00972378086001133,0.0995294067270528,0.14352284777096222,10
2,3,50,4,0.2,em_ridge,36,0.12396723884168252,0.014314100610479287,0.09158649361667265,0.1563479840666924,10
2,3,50,4,0.2,em_ridge,37,0.11675938679852589,0.006009970502484339,0.10316388897812502,0.13035488461892678,10
2,3,50,4,0.2,em_ridge,38,0.1099966332772218,0.01775941044067941,0.06982205574176564,0.15017121081267795,10
2,3,50,4,0.2,em_ridge,39,0.12198625226613043,0.00858423522798733,0.10256736305799422,0.14140514147426664,10
2,3,50,4,0.2,em_ridge,40,0.10670353108460254,0.011509313158415697,0.08066765588440483,0.13273940628480024,10
2,3,50,4,0.2,em_ridge,41,0.10401354376075081,0.008134125878325677,0.08561287264199414,0.12241421487950747,10
2,3,50,4,0.2,em_ridge,42,0.12397142479278181,0.012353949416594482,0.0960248496311859,0.1519179999543777,10
2,3,50,4,0.2,em_ridge,43,0.1140472952452762,0.008859129089952476,0.09400655291828626,0.13408803757226612,10
2,3,50,4,0.2,em_ridge,44,0.09741637127446193,0.005961113576262527,0.08393139549966602,0.11090134704925783,10
2,3,50,4,0.2,em_ridge,45,0.1031919194721008,0.010585307930609496,0.07924628931644788,0.1271375496277537,10
2,3,50,4,0.2,em_ridge,46,0.103978030763204,0.006431541143836391,0.08942887389684315,0.11852718762956485,10
2,3,50,4,0.2,em_ridge,47,0.11598995707789254,0.013321195345611485,0.08585531960978342,0.14612459454600168,10
2,3,50,4,0.2,em_ridge,48,0.10329169391817639,0.009208055544406473,0.08246162511295356,0.12412176272339921,10
2,3,50,4,0.2,em_ridge,49,0.11209796304387129,0.008047023609429486,0.0938943309465941,0.13030159514114847,10
2,3,50,4,0.2,known_pool,0,0.08632258414527537,0.005670740572636949,0.0734944777405143,0.09915069055003643,10
2,3,50,4,0.2,known_pool,1,0.08101744485298325,0.005330056700092172,0.06896001891074918,0.09307487079521731,10
2,3,50,4,0.2,known_pool,2,0.08066645705437218,0.007472491514324926,0.06376250685129325,0.09757040725745111,10
2,3,50,4,0.2,known_pool,3,0.09974451590040592,0.0073400443532135335,0.08314018199152741,0.11634884980928444,10
2,3,50,4,0.2,known_pool,4,0.08981964768922049,0.0075424157044636335,0.07275751797856642,0.10688177739987456,10
2,3,50,4,0.2,known_pool,5,0.07976273352917909,0.0060572187417107844,0.06606035276598252,0.09346511429237567,10
2,3,50,4,0.2,known_pool,6,0.07573041931367105,0.00464547404284961,0.06522162693304567,0.08623921169429644,10
2,3,50,4,0.2,known_pool,7,0.07944047943061762,0.009233949984497787,0.058551833332265574,0.10032912552896966,10
2,3,50,4,0.2,known_pool,8,0.08489629917399585,0.007906863686946137,0.06700973084930162,0.10278286749869009,10
2,3,50,4,0.2,known_pool,9,0.08603474106959219,0.009110738987786398,0.06542481760998632,0.10664466452919806,10
2,3,50,4,0.2,known_pool,10,0.08073110969208612,0.00667051011822679,0.0656413674486215,0.09582085193555075,10
2,3,50,4,0.2,known_pool,11,0.08101677481718059,0.006539996562402649,0.0662222747488658,0.09581127488549537,10
2,3,50,4,0.2,known_pool,12,0.0803233912805441,0.005057788589610667,0.06888187859463729,0.0917649039664509,10
2,3,50,4,0.2,known_pool,13,0.08944679320740094,0.008654836152184596,0.0698681936128917,0.10902539280191018,10
2,3,50,4,0.2,known_pool,14,0.10729371371713145,0.00989273538025512,0.08491479151702011,0.1296726359172428,10
2,3,50,4,0.2,known_pool,15,0.09267044067405503,0.007049694945564383,0.07672292275740425,0.1086179585907058,10
2,3,50,4,0.2,known_pool,16,0.08872972319042109,0.006008534122463695,0.07513747468737242,0.10232197169346977,10
2,3,50,4,0.2,known_pool,17,0.0870987411407471,0.007852850385953737,0.0693343593917792,0.104863122889715,10
2,3,50,4,0.2,known_pool,18,0.08771819575047726,0.00815529744237767,0.06926963122645274,0.10616676027450178,10
2,3,50,4,0.2,known_pool,19,0.07567351766698986,0.005362746672562687,0.06354214186937994,0.08780489346459978,10
2,3,50,4,0.2,known_pool,20,0.09154677863799074,0.007810615666366488,0.07387793846245591,0.10921561881352557,10
2,3,50,4,0.2,known_pool,21,0.08123255569532681,0.003424297172588765,0.0734862573188055,0.08897885407184812,10
2,3,50,4,0.2,known_pool,22,0.07647088937308913,0.008241958926678897,0.05782628295161386,0.09511549579456441,10
2,3,50,4,0.2,known_pool,23,0.09863885095302526,0.00871904175061139,0.0789150082041431,0.11836269370190741,10
2,3,50,4,0.2,known_pool,24,0.08114366944248891,0.008334599220701781,0.06228949611632603,0.09999784276865178,10
2,3,50,4,0.2,known_pool,25,0.09325000901517008,0.00403960088073399,0.08411179694797175,0.10238822108236842,10
2,3,50,4,0.2,known_pool,26,0.09667534631738069,0.011595709901203973,0.07044402810664205,0.12290666452811932,10
2,3,50,4,0.2,known_pool,27,0.09785690036316311,0.0049819801906140285,0.08658687819004682,0.1091269225362794,10
2,3,50,4,0.2,known_pool,28,0.08767285636570991,0.006141346353688493,0.07378016572248886,0.10156554700893097,10
2,3,50,4,0.2,known_pool,29,0.08157923481176962,0.004979220194362581,0.07031545618394285,0.0928430134395964,10
2,3,50,4,0.2,known_pool,30,0.08087333494717291,0.005001686128645951,0.06955873484518806,0.09218793504915777,10
2,3,50,4,0.2,known_pool,31,0.07868280150157424,0.005913353987182568,0.06530586542330787,0.09205973757984061,10
2,3,50,4,0.2,known_pool,32,0.08168925069748549,0.006074080654420259,0.06794872563767469,0.09542977575729629,10
2,3,50,4,0.2,known_pool,33,0.08442253967134114,0.0071873522939923514,0.06816361919793223,0.10068146014475005,10
2,3,50,4,0.2,known_pool,34,0.088001029434051,0.008873152780268881,0.06792856331556293,0.10807349555253906,10
2,3,50,4,0.2,known_pool,35,0.08933678862170047,0.007078992514428147,0.07332299499979196,0.10535058224360898,10
2,3,50,4,0.2,known_pool,36,0.0882745510232029,0.008711319719123643,0.06856817672316211,0.1079809253232437,10
2,3,50,4,0.2,known_pool,37,0.0936711809896422,0.006272032823970518,0.07948285701159183,0.10785950496769256,10
2,3,50,4,0.2,known_pool,38,0.08236454085296563,0.011268128268857017,0.05687426377824179,0.10785481792768947,10
2,3,50,4,0.2,known_pool,39,0.09731630438389621,0.011252290197416907,0.07186185551592553,0.1227707532518669,10
2,3,50,4,0.2,known_pool,40,0.08682215978137534,0.011061787027745556,0.061798659023212466,0.1118456605395382,10
2,3,50,4,0.2,known_pool,41,0.0806076079298028,0.006619244794469519,0.06563383590567885,0.09558137995392675,10
2,3,50,4,0.2,known_pool,42,0.09965818121171163,0.011033999300856398,0.07469754065896894,0.12461882176445432,10
2,3,50,4,0.2,known_pool,43,0.10377178886552736,0.00891708303719137,0.08359994560167854,0.12394363212937619,10
2,3,50,4,0.2,known_pool,44,0.08258702788324358,0.004570601870664292,0.07224760812322148,0.09292644764326569,10
2,3,50,4,0.2,known_pool,45,0.09786693992597717,0.010278387295404423,0.07461561248366398,0.12111826736829036,10
2,3,50,4,0.2,known_pool,46,0.08950750068966776,0.005960588184994845,0.07602371343249131,0.1029912879468442,10
2,3,50,4,0.2,known_pool,47,0.0928763341460616,0.010428831501637235,0.06928467826501737,0.11646799002710582,10
2,3,50,4,0.2,known_pool,48,0.08524092090877024,0.006130406201458818,0.07137297860927763,0.09910886320826284,10
2,3,50,4,0.2,known_pool,49,0.09437548261513393,0.00596770014153482,0.08087560699452907,0.10787535823573878,10
2,3,50,4,0.2,ridge_current,0,0.5969057578013547,0.020443137294240254,0.550660168341122,0.6431513472615874,10
2,3,50,4,0.2,ridge_current,1,0.5546478075818398,0.02908815693551187,0.4888458250175734,0.6204497901461064,10
2,3,50,4,0.2,ridge_current,2,0.6179682369828796,0.026824886794670474,0.5572861271790648,0.6786503467866944,10
2,3,50,4,0.2,ridge_current,3,0.602764520130561,0.020616133712075324,0.5561275855845843,0.6494014546765378,10
2,3,50,4,0.2,ridge_current,4,0.5454108768063819,0.013576685694553326,0.5146982800153882,0.5761234735973756,10
2,3,50,4,0.2,ridge_current,5,0.5831217207862488,0.02069857770402727,0.5362982849733483,0.6299451565991493,10
2,3,50,4,0.2,ridge_current,6,0.5714803298412783,0.01823317604771936,0.5302340200443693,0.6127266396381873,10
2,3,50,4,0.2,ridge_current,7,0.5998840118744879,0.026748491132712385,0.5393747210645783,0.6603933026843976,10
2,3,50,4,0.2,ridge_current,8,0.558566617435293,0.018438205040642242,0.5168564998334622,0.6002767350371239,10
2,3,50,4,0.2,ridge_current,9,0.5762545418083299,0.01655105734611679,0.538813448880928,0.6136956347357319,10
2,3,50,4,0.2,ridge_current,10,0.5627876708584588,0.0272523373617187,0.5011386006926537,0.6244367410242639,10
2,3,50,4,0.2,ridge_current,11,0.5868784384623528,0.022178666595576647,0.5367068089618557,0.6370500679628498,10
2,3,50,4,0.2,ridge_current,12,0.6094147415399612,0.019082288197805945,0.5662476066107148,0.6525818764692076,10
2,3,50,4,0.2,ridge_current,13,0.6213399094007263,0.012477923762211404,0.5931128847851898,0.6495669340162628,10
2,3,50,4,0.2,ridge_current,14,0.6051025453569334,0.01866099734376537,0.5628884365507764,0.6473166541630905,10
2,3,50,4,0.2,ridge_current,15,0.5898702294764366,0.03161992046735828,0.5183409999040925,0.6613994590487807,10
2,3,50,4,0.2,ridge_current,16,0.5898865900531041,0.030149687343447782,0.5216832588729973,0.6580899212332109,10
2,3,50,4,0.2,ridge_current,17,0.6011955962994663,0.01606902871454295,0.5648449278936529,0.6375462647052796,10
2,3,50,4,0.2,ridge_current,18,0.5793177482538556,0.0183824823102424,0.5377336842257295,0.6209018122819817,10
2,3,50,4,0.2,ridge_current,19,0.5514389318758895,0.023127933334724692,0.4991199118220227,0.6037579519297563,10
2,3,50,4,0.2,ridge_current,20,0.6154806652677045,0.029619920583857626,0.548475749757417,0.682485580777992,10
2,3,50,4,0.2,ridge_current,21,0.5532535668173668,0.014447628101668494,0.5205707614217328,0.5859363722130009,10
2,3,50,4,0.2,ridge_current,22,0.5934047031805995,0.02565976502207643,0.5353582819401904,0.6514511244210085,10
2,3,50,4,0.2,ridge_current,23,0.5773135614528534,0.022055731360612663,0.5274200307746905,0.6272070921310163,10
2,3,50,4,0.2,ridge_current,24,0.5872566057968177,0.020934544937356643,0.5398993750168555,0.6346138365767799,10
2,3,50,4,0.2,ridge_current,25,0.6013943884823822,0.025494006486882076,0.5437229390996581,0.6590658378651064,10
2,3,50,4,0.2,ridge_current,26,0.5434593593753168,0.02608238686036824,0.48445690111626094,0.6024618176343726,10
2,3,50,4,0.2,ridge_current,27,0.621229601438241,0.02026499856116812,0.5753869897889993,0.6670722130874828,10
2,3,50,4,0.2,ridge_current,28,0.6112196857634115,0.01918011510275026,0.567831251000431,0.654608120526392,10
2,3,50,4,0.2,ridge_current,29,0.5807327054445752,0.01872969495400627,0.5383631918473446,0.6231022190418058,10
2,3,50,4,0.2,ridge_current,30,0.6218546526119029,0.0231678361995125,0.5694453660066401,0.6742639392171657,10
2,3,50,4,0.2,ridge_current,31,0.6227025868000997,0.020710861511285098,0.5758513630846245,0.6695538105155749,10
2,3,50,4,0.2,ridge_current,32,0.5591506544894503,0.021616961056041245,0.5102496911985968,0.6080516177803039,10
2,3,50,4,0.2,ridge_current,33,0.569189441842943,0.018597931744367625,0.5271179973341896,0.6112608863516963,10
2,3,50,4,0.2,ridge_current,34,0.5804048212388402,0.022005592016684453,0.5306247136366824,0.630184928840998,10
2,3,50,4,0.2,ridge_current,35,0.6292687040129662,0.027769897222484827,0.5664488321009522,0.6920885759249802,10
2,3,50,4,0.2,ridge_current,36,0.6389638508537507,0.03535608234382967,0.5589828359311733,0.7189448657763282,10
2,3,50,4,0.2,ridge_current,37,0.5720741968556049,0.019632541656560025,0.5276623021232835,0.6164860915879263,10
2,3,50,4,0.2,ridge_current,38,0.5813530094614403,0.013405011632536249,0.5510287663795052,0.6116772525433755,10
2,3,50,4,0.2,ridge_current,39,0.5998725220912137,0.031179141350236465,0.5293404041558786,0.6704046400265488,10
2,3,50,4,0.2,ridge_current,40,0.567550435889584,0.013050803089206276,0.5380274682010671,0.5970734035781009,10
2,3,50,4,0.2,ridge_current,41,0.5477443702003587,0.01772841310683049,0.5076399135056966,0.5878488268950208,10
2,3,50,4,0.2,ridge_current,42,0.6135156762650869,0.017754060184610083,0.5733532018497207,0.653678150680453,10
2,3,50,4,0.2,ridge_current,43,0.6183072807026327,0.021751685491446678,0.5691015495652229,0.6675130118400426,10
2,3,50,4,0.2,ridge_current,44,0.5758187248048198,0.02282509130955141,0.524184781007395,0.6274526686022446,10
2,3,50,4,0.2,ridge_current,45,0.5835819580500898,0.019931616901406556,0.5384935081104232,0.6286704079897565,10
2,3,50,4,0.2,ridge_current,46,0.5862928451370502,0.031154317030360975,0.515816883714733,0.6567688065593673,10
2,3,50,4,0.2,ridge_current,47,0.5820052460566617,0.017341584180939416,0.5427758571874816,0.6212346349258419,10
2,3,50,4,0.2,ridge_current,48,0.5965167454509988,0.015104506626545796,0.5623479775952253,0.6306855133067722,10
2,3,50,4,0.2,ridge_current,49,0.5591656126450457,0.026430734166444928,0.4993751380324071,0.6189560872576844,10
2,3,50,4,0.2,ridge_history,1,1.071313692589241,0.05472295878105652,0.9475217594131631,1.195105625765319,10
2,3,50,4,0.2,ridge_history,2,1.119133921437059,0.07620177509909017,0.9467535300787143,1.2915143127954036,10
2,3,50,4,0.2,ridge_history,3,1.1007552860883094,0.08051356294849625,0.9186209529619644,1.2828896192146544,10
2,3,50,4,0.2,ridge_history,4,1.023599676754429,0.08234311791479439,0.8373266027563397,1.2098727507525184,10
2,3,50,4,0.2,ridge_history,5,0.9711169319721398,0.0842015082527467,0.7806398869597766,1.161593976984503,10
2,3,50,4,0.2,ridge_history,6,0.9603837285532594,0.07299231440122898,0.7952636417013007,1.1255038154052182,10
2,3,50,4,0.2,ridge_history,7,0.8762091524932268,0.07607940559732468,0.704105580179809,1.0483127248066446,10
2,3,50,4,0.2,ridge_history,8,0.9072384459951243,0.08348625284039803,0.7183794211370359,1.0960974708532127,10
2,3,50,4,0.2,ridge_history,9,0.8756663524258425,0.06366356427031136,0.7316493645024937,1.0196833403491912,10
2,3,50,4,0.2,ridge_history,10,0.7800230302297264,0.057836352784120144,0.6491881105090052,0.9108579499504477,10
2,3,50,4,0.2,ridge_history,11,0.8342739027037742,0.0625696571303569,0.6927315046525095,0.9758163007550389,10
2,3,50,4,0.2,ridge_history,12,0.7717264153384663,0.06426641511304827,0.6263456840631214,0.9171071466138112,10
2,3,50,4,0.2,ridge_history,13,0.7878331243929848,0.07008641488971015,0.6292866389353802,0.9463796098505894,10
2,3,50,4,0.2,ridge_history,14,0.8344273592858494,0.07807428019019912,0.6578110671232765,1.0110436514484225,10
2,3,50,4,0.2,ridge_history,15,0.8091242971943547,0.0753330399876917,0.6387091211908345,0.979539473197875,10
2,3,50,4,0.2,ridge_history,16,0.7649717363759714,0.06910658334127089,0.6086417838740044,0.9213016888779384,10
2,3,50,4,0.2,ridge_history,17,0.7208751129795614,0.05281229815940216,0.6014053944144354,0.8403448315446874,10
2,3,50,4,0.2,ridge_history,18,0.7674191609526976,0.07141846742260989,0.6058593633165703,0.9289789585888248,10
2,3,50,4,0.2,ridge_history,19,0.7329357273550616,0.08120126353305059,0.5492457074255066,0.9166257472846167,10
2,3,50,4,0.2,ridge_history,20,0.7871168836632039,0.07726588727900964,0.6123293033150335,0.9619044640113742,10
2,3,50,4,0.2,ridge_history,21,0.7603933100686455,0.07527969583118982,0.5900988069308493,0.9306878132064418,10
2,3,50,4,0.2,ridge_history,22,0.6961993255356752,0.06300692601261589,0.5536677565503396,0.8387308945210108,10
2,3,50,4,0.2,ridge_history,23,0.7073494422726244,0.06978150523061366,0.5494927103843513,0.8652061741608975,10
2,3,50,4,0.2,ridge_history,24,0.7563665756501027,0.06326983006344544,0.6132402763830543,0.899492874917151,10
2,3,50,4,0.2,ridge_history,25,0.7418885631032579,0.06539133761905207,0.5939630803233635,0.8898140458831523,10
2,3,50,4,0.2,ridge_history,26,0.6425833336922414,0.05059129703801058,0.5281378687224542,0.7570287986620287,10
2,3,50,4,0.2,ridge_history,27,0.7501836843390254,0.0701241934744515,0.5915517377853479,0.9088156308927029,10
2,3,50,4,0.2,ridge_history,28,0.7559559106512447,0.07375752207151476,0.5891048037869209,0.9228070175155685,10
2,3,50,4,0.2,ridge_history,29,0.6817690734481218,0.058656571028388005,0.5490786911510721,0.8144594557451714,10
2,3,50,4,0.2,ridge_history,30,0.7527102647234309,0.06328623781259839,0.6095468485491109,0.895873680897751,10
2,3,50,4,0.2,ridge_history,31,0.764569191417448,0.07430809424168813,0.5964726037747291,0.9326657790601668,10
2,3,50,4,0.2,ridge_history,32,0.75063000993886,0.07238040760386473,0.5868941524315238,0.9143658674461962,10
2,3,50,4,0.2,ridge_history,33,0.7341117653715137,0.05765321220505926,0.603691138423514,0.8645323923195134,10
2,3,50,4,0.2,ridge_history,34,0.7135873562024585,0.06014532894276551,0.5775291695257273,0.8496455428791897,10
2,3,50,4,0.2,ridge_history,35,0.7026329828674691,0.05394127023660758,0.5806093520312936,0.8246566137036446,10
2,3,50,4,0.2,ridge_history,36,0.7358589575862746,0.0637899118797041,0.5915561515133356,0.8801617636592136,10
2,3,50,4,0.2,ridge_history,37,0.7112941895937853,0.06912389774719016,0.5549250691844484,0.8676633100031222,10
2,3,50,4,0.2,ridge_history,38,0.6697989713897093,0.053281197741974436,0.5492685282752343,0.7903294145041844,10
2,3,50,4,0.2,ridge_history,39,0.7101711319723188,0.07242182517466536,0.5463415814105302,0.8740006825341075,10
2,3,50,4,0.2,ridge_history,40,0.6866401712344722,0.06837616353097842,0.531962543138208,0.8413177993307364,10
2,3,50,4,0.2,ridge_history,41,0.6942275709858281,0.07041612555102797,0.5349352281940725,0.8535199137775837,10
2,3,50,4,0.2,ridge_history,42,0.6810153038100031,0.05953350195196463,0.5463411659429054,0.8156894416771008,10
2,3,50,4,0.2,ridge_history,43,0.719701560416218,0.06655851892563287,0.5691357300833577,0.8702673907490783,10
2,3,50,4,0.2,ridge_history,44,0.6983043574629022,0.05678778063504626,0.5698414727399191,0.8267672421858853,10
2,3,50,4,0.2,ridge_history,45,0.6684126725399601,0.05162315288831687,0.5516329874674272,0.785192357612493,10
2,3,50,4,0.2,ridge_history,46,0.7273340455504156,0.06191540625653465,0.587271665799635,0.8673964253011962,10
2,3,50,4,0.2,ridge_history,47,0.696584794272911,0.06486965506135299,0.5498394394276225,0.8433301491181995,10
2,3,50,4,0.2,ridge_history,48,0.6036994531822687,0.05023811058459438,0.4900529514778802,0.7173459548866572,10
2,3,50,4,0.2,ridge_history,49,0.6720700155735501,0.06046739247666363,0.5352832705667352,0.8088567605803649,10
2,3,50,4,0.2,transformer,0,0.6080144164631748,0.02329357609110708,0.5553206864614919,0.6607081464648576,10
2,3,50,4,0.2,transformer,1,0.5207257132473362,0.02742497416309139,0.4586861115047433,0.5827653149899291,10
2,3,50,4,0.2,transformer,2,0.5114908189175802,0.026643477796792055,0.4512190847777121,0.5717625530574483,10
2,3,50,4,0.2,transformer,3,0.47065049499692957,0.03178998690121535,0.39873654842308415,0.542564441570775,10
2,3,50,4,0.2,transformer,4,0.4227738658412516,0.020473124655411356,0.37646044025715225,0.46908729142535094,10
2,3,50,4,0.2,transformer,5,0.41207469385400775,0.03552992020024942,0.3317004303793649,0.49244895732865057,10
2,3,50,4,0.2,transformer,6,0.3792372823481483,0.02321009715786419,0.32673239481324357,0.43174216988305303,10
2,3,50,4,0.2,transformer,7,0.367732552298221,0.02945326419236575,0.30110463973767293,0.43436046485876906,10
2,3,50,4,0.2,transformer,8,0.32819850520483757,0.02468402052947642,0.27235937135742455,0.3840376390522506,10
2,3,50,4,0.2,transformer,9,0.3430845195128097,0.025046874677322396,0.2864245525557959,0.3997444864698235,10
2,3,50,4,0.2,transformer,10,0.31967123634108924,0.011698763616184858,0.2932067944308536,0.34613567825132485,10
2,3,50,4,0.2,transformer,11,0.33986615136264386,0.023797784482487806,0.2860318227368561,0.3937004799884316,10
2,3,50,4,0.2,transformer,12,0.29489554489677905,0.020718407743351246,0.24802725041838325,0.34176383937517485,10
2,3,50,4,0.2,transformer,13,0.3067997206765192,0.029048358758052457,0.2410877678444589,0.37251167350857955,10
2,3,50,4,0.2,transformer,14,0.328320046572715,0.03332293598079029,0.25293832825830426,0.4037017648871258,10
2,3,50,4,0.2,transformer,15,0.28324071332030554,0.019110863794266526,0.24000893590084463,0.3264724907397664,10
2,3,50,4,0.2,transformer,16,0.2553380185424631,0.016588332052836482,0.21781260437026398,0.2928634327146622,10
2,3,50,4,0.2,transformer,17,0.23942835093529777,0.020811214969840303,0.1923501119247403,0.28650658994585526,10
2,3,50,4,0.2,transformer,18,0.24901278423135603,0.020093835460990726,0.2035573704151873,0.2944681980475248,10
2,3,50,4,0.2,transformer,19,0.22911848049319028,0.022480289623903905,0.1782645322986979,0.2799724286876827,10
2,3,50,4,0.2,transformer,20,0.2597620055800819,0.01950860780515789,0.215630468697423,0.30389354246274075,10
2,3,50,4,0.2,transformer,21,0.2469995839403977,0.020190077298764597,0.20132645596154794,0.2926727119192475,10
2,3,50,4,0.2,transformer,22,0.23647639174071483,0.020709712539472205,0.18962776718005597,0.2833250163013737,10
2,3,50,4,0.2,transformer,23,0.22963815059104395,0.019332089504838106,0.18590592584581844,0.27337037533626946,10
2,3,50,4,0.2,transformer,24,0.22131061520658601,0.027342908655019288,0.1594566585408971,0.28316457187227495,10
2,3,50,4,0.2,transformer,25,0.21888181763179165,0.01823883825672163,0.17762269902823088,0.2601409362353524,10
2,3,50,4,0.2,transformer,26,0.20432319937536617,0.014242044935364805,0.17210545541193678,0.23654094333879555,10
2,3,50,4,0.2,transformer,27,0.227683236865231,0.018043047476865064,0.18686702777673264,0.2684994459537294,10
2,3,50,4,0.2,transformer,28,0.20575002548866622,0.010777831604552212,0.18136887652499556,0.23013117445233688,10
2,3,50,4,0.2,transformer,29,0.20537602717798048,0.014516167752708468,0.1725381743198107,0.23821388003615027,10
2,3,50,4,0.2,transformer,30,0.19870212865320744,0.0107533481961104,0.17437636500731313,0.22302789229910175,10
2,3,50,4,0.2,transformer,31,0.20159598746121277,0.01979915065455165,0.15680719699069798,0.24638477793172756,10
2,3,50,4,0.2,transformer,32,0.19829064723872283,0.016938169186025802,0.15997384648986673,0.23660744798757893,10
2,3,50,4,0.2,transformer,33,0.2065258306838381,0.014482959003146048,0.17376310123635852,0.23928856013131766,10
2,3,50,4,0.2,transformer,34,0.18694508153937472,0.009466381950464826,0.16553063780434707,0.20835952527440238,10
2,3,50,4,0.2,transformer,35,0.18649950264049792,0.009566877422535897,0.1648577223534959,0.20814128292749992,10
2,3,50,4,0.2,transformer,36,0.1898384463861928,0.010623844731985545,0.16580563992927572,0.21387125284310987,10
2,3,50,4,0.2,transformer,37,0.19270662313865006,0.010697277422949729,0.1685077003938848,0.21690554588341532,10
2,3,50,4,0.2,transformer,38,0.18384834889166918,0.009996641964136417,0.16123437366856885,0.2064623241147695,10
2,3,50,4,0.2,transformer,39,0.19297597239161862,0.01299530569991147,0.16357854851981155,0.2223733962634257,10
2,3,50,4,0.2,transformer,40,0.15862924947702178,0.007827718690018083,0.140921719574028,0.17633677938001557,10
2,3,50,4,0.2,transformer,41,0.17483778766338748,0.009988704350329407,0.1522417685702162,0.19743380675655875,10
2,3,50,4,0.2,transformer,42,0.17878471013429256,0.013516851443017291,0.14820746782399175,0.20936195244459338,10
2,3,50,4,0.2,transformer,43,0.1922478642061449,0.013977669087491741,0.1606281799606524,0.2238675484516374,10
2,3,50,4,0.2,transformer,44,0.1701154862837924,0.007058538425555826,0.1541479630255349,0.18608300954204987,10
2,3,50,4,0.2,transformer,45,0.17901326958574665,0.012227594046628498,0.1513525301293773,0.206674009042116,10
2,3,50,4,0.2,transformer,46,0.1941861716796666,0.015342005123534912,0.15948014489777534,0.22889219846155784,10
2,3,50,4,0.2,transformer,47,0.17822798562008255,0.01612791767053964,0.14174410114065156,0.21471187009951354,10
2,3,50,4,0.2,transformer,48,0.16093479984750458,0.011844116097490594,0.1341415477805527,0.18772805191445646,10
2,3,50,4,0.2,transformer,49,0.17725314876080578,0.009338107425543411,0.15612888216113363,0.19837741536047793,10
3,2,50,4,0.0,em_ridge,1,0.6435984331653355,0.03705148128652737,0.559782159380734,0.727414706949937,10
3,2,50,4,0.0,em_ridge,2,0.40660721055383303,0.04497480678856988,0.30486712923160436,0.5083472918760618,10
3,2,50,4,0.0,em_ridge,3,0.24737331622731853,0.02925755464562441,0.18118812941975937,0.3135585030348777,10
3,2,50,4,0.0,em_ridge,4,0.16743836746045965,0.024049514644355213,0.11303458564591118,0.22184214927500812,10
3,2,50,4,0.0,em_ridge,5,0.11276845684665535,0.020531351628389618,0.06632331269856519,0.15921360099474552,10
3,2,50,4,0.0,em_ridge,6,0.04656956915704567,0.00942696364993185,0.02524429581291403,0.06789484250117732,10
3,2,50,4,0.0,em_ridge,7,0.01945716087876264,0.0037015608981228907,0.011083648379540187,0.027830673377985095,10
3,2,50,4,0.0,em_ridge,8,0.011875049538634478,0.0021636363561637673,0.006980564057848003,0.016769535019420953,10
3,2,50,4,0.0,em_ridge,9,0.00965585184520797,0.0028912284063070336,0.003115438796594875,0.016196264893821064,10
3,2,50,4,0.0,em_ridge,10,0.006677406909802239,0.0027062272259886274,0.000555495606372549,0.01279931821323193,10
3,2,50,4,0.0,em_ridge,11,0.0007559826252717518,0.00041387764176423447,0.0,0.0016922388971107442,10
3,2,50,4,0.0,em_ridge,12,0.000652199293703661,0.0002854537867310043,6.4579654022484546e-06,0.0012979406220050736,10
3,2,50,4,0.0,em_ridge,13,0.0008892648347347924,0.0006241914345376715,0.0,0.002301283959331473,10
3,2,50,4,0.0,em_ridge,14,0.0065898688134213845,0.006181611173249281,0.0,0.02057364480662066,10
3,2,50,4,0.0,em_ridge,15,0.00022902515218432043,0.00022682141267494217,0.0,0.0007421308355429483,10
3,2,50,4,0.0,em_ridge,16,7.202576525441039e-07,9.441861190942234e-08,5.066679133117402e-07,9.338473917764676e-07,10
3,2,50,4,0.0,em_ridge,17,5.606291566465077e-07,7.61298170128003e-08,3.884115457884849e-07,7.328467675045305e-07,10
3,2,50,4,0.0,em_ridge,18,1.3028981992284238e-06,8.898615719266159e-07,0.0,3.315904928061088e-06,10
3,2,50,4,0.0,em_ridge,19,3.294579043351063e-07,3.170045955655213e-08,2.577464826852571e-07,4.011693259849555e-07,10
3,2,50,4,0.0,em_ridge,20,3.77285977220489e-07,7.189271127430011e-08,2.1465336545834775e-07,5.399185889826302e-07,10
3,2,50,4,0.0,em_ridge,21,2.3677086317726023e-07,3.072566455369658e-08,1.672645810253806e-07,3.062771453291399e-07,10
3,2,50,4,0.0,em_ridge,22,2.0087360793129778e-07,6.228980925098275e-09,1.8678267411465332e-07,2.1496454174794224e-07,10
3,2,50,4,0.0,em_ridge,23,2.6272951055550096e-06,2.450885297101459e-06,0.0,8.171582835589882e-06,10
3,2,50,4,0.0,em_ridge,24,1.7713617841321239e-07,1.2094905854590018e-08,1.4977560050088164e-07,2.0449675632554313e-07,10
3,2,50,4,0.0,em_ridge,25,1.2410986935167492e-07,4.519754688198083e-09,1.1388547390967686e-07,1.3433426479367296e-07,10
3,2,50,4,0.0,em_ridge,26,1.1785292250430356e-07,5.750567700560516e-09,1.0484423459032459e-07,1.3086161041828254e-07,10
3,2,50,4,0.0,em_ridge,27,1.1518904955326663e-07,7.589217777812477e-09,9.802104619715266e-08,1.323570529093806e-07,10
3,2,50,4,0.0,em_ridge,28,1.0606239768712093e-07,4.982143634684619e-09,9.479200577782964e-08,1.1733278959641223e-07,10
3,2,50,4,0.0,em_ridge,29,1.0076738174986086e-07,3.784129724124987e-09,9.220708558947394e-08,1.0932767791024779e-07,10
3,2,50,4,0.0,em_ridge,30,8.245659595185393e-08,3.628087931004014e-09,7.424929085147148e-08,9.066390105223638e-08,10
3,2,50,4,0.0,em_ridge,31,7.99871187306664e-08,4.030495815608328e-09,7.086950375175983e-08,8.910473370957297e-08,10
3,2,50,4,0.0,em_ridge,32,7.02728423615145e-08,2.9419981767260672e-09,6.361758011309438e-08,7.692810460993463e-08,10
3,2,50,4,0.0,em_ridge,33,6.168273505979285e-08,1.9174239851579597e-09,5.7345220657646696e-08,6.602024946193901e-08,10
3,2,50,4,0.0,em_ridge,34,5.7992813969289e-08,2.1828090283139986e-09,5.30549568908679e-08,6.29306710477101e-08,10
3,2,50,4,0.0,em_ridge,35,5.5026943958710495e-08,1.9843294089147084e-09,5.053807897298296e-08,5.951580894443803e-08,10
3,2,50,4,0.0,em_ridge,36,5.287836695727003e-08,1.719834689137009e-09,4.898783059640992e-08,5.6768903318130146e-08,10
3,2,50,4,0.0,em_ridge,37,4.919150330841215e-08,2.200976922763412e-09,4.421254759742935e-08,5.4170459019394956e-08,10
3,2,50,4,0.0,em_ridge,38,4.4196360655106805e-08,1.3576707288460492e-09,4.1125096091126256e-08,4.7267625219087355e-08,10
3,2,50,4,0.0,em_ridge,39,4.270420027371247e-08,1.0733257084083277e-09,4.027616883442111e-08,4.513223171300383e-08,10
3,2,50,4,0.0,em_ridge,40,3.9873697635643444e-08,2.0850558823917755e-09,3.5156973536456356e-08,4.459042173483053e-08,10
3,2,50,4,0.0,em_ridge,41,3.655495988481497e-08,1.1109674033642775e-09,3.404177701565915e-08,3.9068142753970796e-08,10
3,2,50,4,0.0,em_ridge,42,3.5859225261288924e-08,1.1238254322650173e-09,3.3316955509955824e-08,3.8401495012622025e-08,10
3,2,50,4,0.0,em_ridge,43,3.4274285877239434e-08,1.1260122242894237e-09,3.172706925866477e-08,3.6821502495814095e-08,10
3,2,50,4,0.0,em_ridge,44,3.301636765977011e-08,1.3003332182933796e-09,3.00748095559833e-08,3.5957925763556927e-08,10
3,2,50,4,0.0,em_ridge,45,3.112445590552123e-08,1.2583078290644515e-09,2.8277965836998024e-08,3.397094597404444e-08,10
3,2,50,4,0.0,em_ridge,46,2.9185617286179638e-08,7.058160239695083e-10,2.7588950511939266e-08,3.0782284060420013e-08,10
3,2,50,4,0.0,em_ridge,47,2.5567043434250575e-08,9.535937758559359e-10,2.3409864443798283e-08,2.7724222424702868e-08,10
3,2,50,4,0.0,em_ridge,48,2.5043072552309317e-08,8.5665186399699e-10,2.310519140214409e-08,2.6980953702474543e-08,10
3,2,50,4,0.0,em_ridge,49,2.439868955353923e-08,9.632175672061222e-10,2.2219740034550837e-08,2.6577639072527622e-08,10
3,2,50,4,0.0,known_pool,0,2.3735131180672805e-15,1.3087407037948122e-16,2.0774554023337808e-15,2.6695708338007803e-15,10
3,2,50,4,0.0,known_pool,1,2.1624918542250607e-15,9.120591553978459e-17,1.956169739097169e-15,2.3688139693529526e-15,10
3,2,50,4,0.0,known_pool,2,2.3901928897865573e-15,1.7014521166973306e-16,2.005297680492054e-15,2.7750880990810605e-15,10
3,2,50,4,0.0,known_pool,3,2.32285296287473e-15,1.0642472050127534e-16,2.082103519093973e-15,2.563602406655487e-15,10
3,2,50,4,0.0,known_pool,4,2.215444146990336e-15,1.0076326102309786e-16,1.98750181432003e-15,2.4433864796606418e-15,10
3,2,50,4,0.0,known_pool,5,2.2148432339329218e-15,1.223414645919054e-16,1.93808761349912e-15,2.4915988543667237e-15,10
3,2,50,4,0.0,known_pool,6,2.32069180289366e-15,1.5067772779786548e-16,1.9798351016815607e-15,2.6615485041057594e-15,10
3,2,50,4,0.0,known_pool,7,2.0915925900295697e-15,9.098292505573102e-17,1.8857749144224155e-15,2.297410265636724e-15,10
3,2,50,4,0.0,known_pool,8,2.2781409095339278e-15,1.543847771848477e-16,1.9288982799982197e-15,2.627383539069636e-15,10
3,2,50,4,0.0,known_pool,9,2.332201841265209e-15,1.6566839169189575e-16,1.9574339023501283e-15,2.7069697801802897e-15,10
3,2,50,4,0.0,known_pool,10,2.14275430899184e-15,1.424545971004433e-16,1.82049962178754e-15,2.4650089961961403e-15,10
3,2,50,4,0.0,known_pool,11,2.2201198885630744e-15,1.3978794700090218e-16,1.9038975829821278e-15,2.536342194144021e-15,10
3,2,50,4,0.0,known_pool,12,2.388875967810234e-15,5.955131905980207e-17,2.2541615248450216e-15,2.5235904107754463e-15,10
3,2,50,4,0.0,known_pool,13,2.5475318243691088e-15,1.4168391999122735e-16,2.227020529907626e-15,2.8680431188305916e-15,10
3,2,50,4,0.0,known_pool,14,2.0672892314526344e-15,9.68474411621306e-17,1.8482050987290427e-15,2.286373364176226e-15,10
3,2,50,4,0.0,known_pool,15,2.2681778854520564e-15,1.4192606092264426e-16,1.9471188301481625e-15,2.5892369407559504e-15,10
3,2,50,4,0.0,known_pool,16,2.15045143160881e-15,1.1444143348486768e-16,1.8915669231301222e-15,2.4093359400874975e-15,10
3,2,50,4,0.0,known_pool,17,2.3045706102003843e-15,1.560272201721631e-16,1.951612516496433e-15,2.6575287039043356e-15,10
3,2,50,4,0.0,known_pool,18,2.1819320298061165e-15,1.5057163501348555e-16,1.841315327146123e-15,2.52254873246611e-15,10
3,2,50,4,0.0,known_pool,19,2.2414325250135765e-15,9.385365219597649e-17,2.029120813443677e-15,2.453744236583476e-15,10
3,2,50,4,0.0,known_pool,20,2.200415500888633e-15,1.3632317911155081e-16,1.8920310448060155e-15,2.5087999569712503e-15,10
3,2,50,4,0.0,known_pool,21,2.145446961757681e-15,1.6451866163749302e-16,1.773279892920452e-15,2.51761403059491e-15,10
3,2,50,4,0.0,known_pool,22,2.179314955642144e-15,1.6819235764098862e-16,1.7988374090766643e-15,2.5597925022076238e-15,10
3,2,50,4,0.0,known_pool,23,2.19629230409123e-15,1.3496586411099654e-16,1.89097830785929e-15,2.5016063003231698e-15,10
3,2,50,4,0.0,known_pool,24,2.0761619625078155e-15,1.361455600422461e-16,1.7681793086750754e-15,2.3841446163405556e-15,10
3,2,50,4,0.0,known_pool,25,2.1501293393274643e-15,1.1204760267149708e-16,1.89666005236977e-15,2.4035986262851586e-15,10
3,2,50,4,0.0,known_pool,26,2.0173119363456303e-15,1.038898581023486e-16,1.7822967496973133e-15,2.2523271229939474e-15,10
3,2,50,4,0.0,known_pool,27,2.343822126249209e-15,1.1507935522430412e-16,2.0834945385383502e-15,2.6041497139600675e-15,10
3,2,50,4,0.0,known_pool,28,2.3956205079765086e-15,1.2835212700096814e-16,2.1052678245208837e-15,2.6859731914321335e-15,10
3,2,50,4,0.0,known_pool,29,2.442931773972237e-15,1.418908902583882e-16,2.12195228023841e-15,2.763911267706064e-15,10
3,2,50,4,0.0,known_pool,30,2.1060713904418545e-15,1.1507656623485199e-16,1.845750111863462e-15,2.366392669020247e-15,10
3,2,50,4,0.0,known_pool,31,2.1666770464716726e-15,8.39950773706852e-17,1.9766669805577878e-15,2.3566871123855574e-15,10
3,2,50,4,0.0,known_pool,32,2.432983714370731e-15,1.8110487214714009e-16,2.023296030625425e-15,2.8426713981160367e-15,10
3,2,50,4,0.0,known_pool,33,2.227082998715914e-15,1.0095075729576776e-16,1.99871652000939e-15,2.4554494774224382e-15,10
3,2,50,4,0.0,known_pool,34,2.0742322546194103e-15,1.0797577656158245e-16,1.829974078261928e-15,2.3184904309768925e-15,10
3,2,50,4,0.0,known_pool,35,2.2514186332736545e-15,1.3780837225372484e-16,1.9396744368863295e-15,2.5631628296609794e-15,10
3,2,50,4,0.0,known_pool,36,2.4923083022606213e-15,1.524064745021582e-16,2.147540904308742e-15,2.8370757002125005e-15,10
3,2,50,4,0.0,known_pool,37,2.2828633052522986e-15,6.708304727662743e-17,2.1311109093531454e-15,2.434615701151452e-15,10
3,2,50,4,0.0,known_pool,38,2.245738439221393e-15,1.3757941806656418e-16,1.9345121731885063e-15,2.55696470525428e-15,10
3,2,50,4,0.0,known_pool,39,2.3707913932073137e-15,1.384855124758662e-16,2.057515399216253e-15,2.6840673871983746e-15,10
3,2,50,4,0.0,known_pool,40,2.2128725471518417e-15,1.2865437786992767e-16,1.921836124728038e-15,2.5039089695756456e-15,10
3,2,50,4,0.0,known_pool,41,2.2628176736134503e-15,1.2445521538778825e-16,1.9812804166763717e-15,2.544354930550529e-15,10
3,2,50,4,0.0,known_pool,42,2.1880389592872608e-15,1.0627054520970423e-16,1.947638284246658e-15,2.4284396343278634e-15,10
3,2,50,4,0.0,known_pool,43,2.2586405267263214e-15,1.3698671606962684e-16,1.948755045761211e-15,2.5685260076914316e-15,10
3,2,50,4,0.0,known_pool,44,2.4079960835167644e-15,1.3256693763666664e-16,2.108108835991756e-15,2.7078833310417728e-15,10
3,2,50,4,0.0,known_pool,45,2.3981464165140185e-15,1.4466430919182337e-16,2.070893013274481e-15,2.725399819753556e-15,10
3,2,50,4,0.0,known_pool,46,2.478238991476702e-15,2.0241752207519768e-16,2.0203387440384297e-15,2.936139238914974e-15,10
3,2,50,4,0.0,known_pool,47,2.305024781497182e-15,1.4475907619908036e-16,1.977557000393381e-15,2.6324925626009827e-15,10
3,2,50,4,0.0,known_pool,48,2.274123819155643e-15,1.0264893659411462e-16,2.041915791985648e-15,2.5063318463256385e-15,10
3,2,50,4,0.0,known_pool,49,2.357729552467423e-15,1.2385096919052325e-16,2.077559195393581e-15,2.637899909541265e-15,10
3,2,50,4,0.0,ridge_current,0,0.24326869048426936,0.0075031840809157485,0.22629530887183233,0.26024207209670636,10
3,2,50,4,0.0,ridge_current,1,0.2462925845733795,0.012988965682196414,0.2169095028180588,0.27567566632870016,10
3,2,50,4,0.0,ridge_current,2,0.26118246738463496,0.015323712495273112,0.22651782140279253,0.2958471133664774,10
3,2,50,4,0.0,ridge_current,3,0.26096154195948496,0.01313925061012456,0.231238492077991,0.2906845918409789,10
3,2,50,4,0.0,ridge_current,4,0.26950972528867867,0.013750425650458203,0.2384041014119705,0.30061534916538685,10
3,2,50,4,0.0,ridge_current,5,0.2462554766666439,0.0111117111429228,0.22111903971373648,0.27139191361955134,10
3,2,50,4,0.0,ridge_current,6,0.24945498944990335,0.009676569836472733,0.2275650676830095,0.2713449112167972,10
3,2,50,4,0.0,ridge_current,7,0.2435485962605893,0.0049395181183525165,0.23237462996838665,0.25472256255279196,10
3,2,50,4,0.0,ridge_current,8,0.25310662685093316,0.02537099469239528,0.19571344948021593,0.31049980422165036,10
3,2,50,4,0.0,ridge_current,9,0.2439947911964487,0.005156486196767834,0.23233000901156028,0.25565957338133716,10
3,2,50,4,0.0,ridge_current,10,0.277084592407678,0.011521382885268869,0.2510214135884264,0.30314777122692965,10
3,2,50,4,0.0,ridge_current,11,0.24023554842837905,0.010969803504601477,0.21542012885595596,0.26505096800080213,10
3,2,50,4,0.0,ridge_current,12,0.23525174262493026,0.008367228861015062,0.21632375592421316,0.25417972932564736,10
3,2,50,4,0.0,ridge_current,13,0.2452733762739757,0.00987152521043478,0.2229424348114476,0.2676043177365038,10
3,2,50,4,0.0,ridge_current,14,0.254699680896369,0.0134621765230506,0.22424612184789627,0.28515323994484176,10
3,2,50,4,0.0,ridge_current,15,0.25551031779596584,0.01014259020833578,0.2325661847068521,0.2784544508850796,10
3,2,50,4,0.0,ridge_current,16,0.257277136622608,0.00835915868984393,0.23836740591741068,0.2761868673278053,10
3,2,50,4,0.0,ridge_current,17,0.2533556935334692,0.011714472653217239,0.22685571531259013,0.2798556717543483,10
3,2,50,4,0.0,ridge_current,18,0.23058101315362056,0.010343872148956892,0.20718154868078886,0.25398047762645226,10
3,2,50,4,0.0,ridge_current,19,0.2482335773215813,0.014894946563002337,0.21453886726458907,0.28192828737857356,10
3,2,50,4,0.0,ridge_current,20,0.23706725708152598,0.007776123485824941,0.21947644363926375,0.2546580705237882,10
3,2,50,4,0.0,ridge_current,21,0.26388822153738545,0.0069660107774221994,0.24813001036111032,0.2796464327136606,10
3,2,50,4,0.0,ridge_current,22,0.23729965712103987,0.007731892038718928,0.21980890216366944,0.2547904120784103,10
3,2,50,4,0.0,ridge_current,23,0.2638165190400251,0.009577460370988,0.24215079846037865,0.28548223961967156,10
3,2,50,4,0.0,ridge_current,24,0.25294019570406767,0.012624370489818326,0.22438188557470687,0.2814985058334285,10
3,2,50,4,0.0,ridge_current,25,0.22427540955639805,0.011944137746812663,0.19725589279899736,0.25129492631379874,10
3,2,50,4,0.0,ridge_current,26,0.2314423314126043,0.013827472191542843,0.2001624161511127,0.26272224667409594,10
3,2,50,4,0.0,ridge_current,27,0.2488719556086419,0.013038244520270489,0.21937739737679757,0.2783665138404862,10
3,2,50,4,0.0,ridge_current,28,0.27431308127456794,0.016029791861984246,0.2380511727958159,0.31057498975332,10
3,2,50,4,0.0,ridge_current,29,0.25803126257308007,0.011094083018945449,0.2329347032070947,0.28312782193906544,10
3,2,50,4,0.0,ridge_current,30,0.24431567705934093,0.013573223194277803,0.21361091298814666,0.2750204411305352,10
3,2,50,4,0.0,ridge_current,31,0.257637808703234,0.009270762391714591,0.2366658871542166,0.2786097302522514,10
3,2,50,4,0.0,ridge_current,32,0.2747663841244124,0.012164210887856703,0.24724902733465945,0.3022837409141654,10
3,2,50,4,0.0,ridge_current,33,0.2526465014294762,0.012801909233274077,0.22368657075993276,0.28160643209901964,10
3,2,50,4,0.0,ridge_current,34,0.2403565349283352,0.011822478581134988,0.21361223032399232,0.26710083953267805,10
3,2,50,4,0.0,ridge_current,35,0.2685571189625159,0.018305794233450925,0.2271465354166048,0.309967702508427,10
3,2,50,4,0.0,ridge_current,36,0.2625826367438992,0.014207786433342594,0.2304423908962061,0.2947228825915923,10
3,2,50,4,0.0,ridge_current,37,0.2557523708383841,0.01683767575658451,0.21766290202075275,0.2938418396560154,10
3,2,50,4,0.0,ridge_current,38,0.25167653736069523,0.010363376985340044,0.22823294988253018,0.2751201248388603,10
3,2,50,4,0.0,ridge_current,39,0.23977589657915788,0.00856446359288747,0.22040173391698303,0.2591500592413327,10
3,2,50,4,0.0,ridge_current,40,0.24151205216862226,0.012774557954911378,0.2126139943893387,0.2704101099479058,10
3,2,50,4,0.0,ridge_current,41,0.24830775426732532,0.012178842107342349,0.22075729935961244,0.2758582091750382,10
3,2,50,4,0.0,ridge_current,42,0.24603547581101828,0.007778746998153255,0.22843872757155087,0.2636322240504857,10
3,2,50,4,0.0,ridge_current,43,0.23385515927544911,0.011455231562785691,0.20794162514418138,0.2597686934067168,10
3,2,50,4,0.0,ridge_current,44,0.2431910443443268,0.01161124263495626,0.21692458864867262,0.26945750003998103,10
3,2,50,4,0.0,ridge_current,45,0.262868204796365,0.009681095073671467,0.2409680462317287,0.28476836336100136,10
3,2,50,4,0.0,ridge_current,46,0.2421605840506514,0.008880509750584223,0.222071475309068,0.2622496927922348,10
3,2,50,4,0.0,ridge_current,47,0.2526845357557058,0.014374353832035617,0.22016748827397062,0.285201583237441,10
3,2,50,4,0.0,ridge_current,48,0.22998335503973374,0.013845650603828766,0.1986623173526812,0.2613043927267863,10
3,2,50,4,0.0,ridge_current,49,0.25862541361025226,0.012745947750471978,0.22979207660987042,0.28745875061063414,10
3,2,50,4,0.0,ridge_history,1,0.8022664229348757,0.07088254519989658,0.6419189655935622,0.9626138802761892,10
3,2,50,4,0.0,ridge_history,2,0.7608782892877155,0.13273774038673702,0.4606046590982098,1.0611519194772212,10
3,2,50,4,0.0,ridge_history,3,0.6432027594623854,0.11544729451624693,0.38204283524678345,0.9043626836779872,10
3,2,50,4,0.0,ridge_history,4,0.6242890282333398,0.12500021715708187,0.34151889164011595,0.9070591648265636,10
3,2,50,4,0.0,ridge_history,5,0.6145356399203658,0.11791816678401434,0.34778621430587436,0.8812850655348572,10
3,2,50,4,0.0,ridge_history,6,0.5639156954603952,0.11085246399882763,0.31315000001161714,0.8146813909091732,10
3,2,50,4,0.0,ridge_history,7,0.538706364366726,0.11349925306855546,0.28195321606544715,0.7954595126680049,10
3,2,50,4,0.0,ridge_history,8,0.5496178388238249,0.10886472693649307,0.3033487170083664,0.7958869606392833,10
3,2,50,4,0.0,ridge_history,9,0.4926835060979847,0.09452032917466845,0.27886366642546434,0.7065033457705051,10
3,2,50,4,0.0,ridge_history,10,0.5294305144150928,0.10335682373268328,0.2956211352841318,0.7632398935460538,10
3,2,50,4,0.0,ridge_history,11,0.5050228831955429,0.10750515637217516,0.2618293236704858,0.7482164427206,10
3,2,50,4,0.0,ridge_history,12,0.5008737004638424,0.10144829093354175,0.2713817224748947,0.7303656784527901,10
3,2,50,4,0.0,ridge_history,13,0.46160413502036113,0.08846697993975129,0.26147792267852765,0.6617303473621946,10
3,2,50,4,0.0,ridge_history,14,0.4995258786878295,0.0997616198279656,0.2738494158216457,0.7252023415540133,10
3,2,50,4,0.0,ridge_history,15,0.49833725345494584,0.10842505655917296,0.25306273513281224,0.7436117717770794,10
3,2,50,4,0.0,ridge_history,16,0.41569471040313416,0.0761712815696815,0.24338330020076027,0.588006120605508,10
3,2,50,4,0.0,ridge_history,17,0.48959117840484334,0.10023587663041211,0.2628418721159994,0.7163404846936873,10
3,2,50,4,0.0,ridge_history,18,0.4850128776220418,0.0934663104984977,0.2735773938475442,0.6964483613965394,10
3,2,50,4,0.0,ridge_history,19,0.45245868694520874,0.08981922927716002,0.249273474078867,0.6556438998115505,10
3,2,50,4,0.0,ridge_history,20,0.45590967862229465,0.08508895608874008,0.26342508713112933,0.64839427011346,10
3,2,50,4,0.0,ridge_history,21,0.47218529382747076,0.09365549245854646,0.26032185072697667,0.6840487369279649,10
3,2,50,4,0.0,ridge_history,22,0.4501951986559547,0.0860540087321108,0.25552750641511096,0.6448628908967984,10
3,2,50,4,0.0,ridge_history,23,0.4611285313052019,0.0883867636429948,0.26118378083364924,0.6610732817767546,10
3,2,50,4,0.0,ridge_history,24,0.4600719712612622,0.09300173713097541,0.2496874254577504,0.670456517064774,10
3,2,50,4,0.0,ridge_history,25,0.42403311067138993,0.07907409291586563,0.2451550849899937,0.6029111363527861,10
3,2,50,4,0.0,ridge_history,26,0.43464028790304726,0.08268810263038939,0.24758680425951882,0.6216937715465757,10
3,2,50,4,0.0,ridge_history,27,0.4641435108083975,0.09667657058990708,0.2454459141736729,0.6828411074431221,10
3,2,50,4,0.0,ridge_history,28,0.4226634653347835,0.083375568411415,0.23405482605052932,0.6112721046190377,10
3,2,50,4,0.0,ridge_history,29,0.4722980903345005,0.09211185341502191,0.2639266013530904,0.6806695793159105,10
3,2,50,4,0.0,ridge_history,30,0.44729613484500613,0.08666162520291895,0.2512539186524896,0.6433383510375227,10
3,2,50,4,0.0,ridge_history,31,0.4602021443344369,0.09066666843698705,0.2550998909026567,0.6653043977662171,10
3,2,50,4,0.0,ridge_history,32,0.46185019858029797,0.09897456251948908,0.23795418304201701,0.685746214118579,10
3,2,50,4,0.0,ridge_history,33,0.44654371237260015,0.08935817237084498,0.24440148268933654,0.6486859420558637,10
3,2,50,4,0.0,ridge_history,34,0.4224823165530302,0.0811856338848378,0.23882765334413172,0.6061369797619287,10
3,2,50,4,0.0,ridge_history,35,0.4498990346236555,0.08505209191430096,0.2574978356887483,0.6423002335585627,10
3,2,50,4,0.0,ridge_history,36,0.4645891499890693,0.09335146048273474,0.25341347500037736,0.6757648249777612,10
3,2,50,4,0.0,ridge_history,37,0.46182066733070765,0.09959343868127017,0.23652465665016853,0.6871166780112468,10
3,2,50,4,0.0,ridge_history,38,0.4073207909551158,0.07958399099528302,0.22728929568106848,0.5873522862291631,10
3,2,50,4,0.0,ridge_history,39,0.44984884483741727,0.09340121906480134,0.23856060811589266,0.6611370815589419,10
3,2,50,4,0.0,ridge_history,40,0.4459355830260604,0.09814896136607898,0.22390720705058056,0.6679639590015403,10
3,2,50,4,0.0,ridge_history,41,0.4613035124367085,0.0892827864086921,0.2593318176477034,0.6632752072257135,10
3,2,50,4,0.0,ridge_history,42,0.43817149988262416,0.09134164850456208,0.2315423354562331,0.6448006643090152,10
3,2,50,4,0.0,ridge_history,43,0.45846634017505866,0.09122560316739749,0.25209968853934384,0.6648329918107735,10
3,2,50,4,0.0,ridge_history,44,0.47470908070441303,0.0943876003987101,0.2611894943831363,0.6882286670256897,10
3,2,50,4,0.0,ridge_history,45,0.42243456122236334,0.08264547974870086,0.23547749723594572,0.609391625208781,10
3,2,50,4,0.0,ridge_history,46,0.45084910339769185,0.09230239654003682,0.24204657592120732,0.6596516308741764,10
3,2,50,4,0.0,ridge_history,47,0.40529548395174864,0.06849944461230704,0.2503389746743193,0.560251993229178,10
3,2,50,4,0.0,ridge_history,48,0.3936760868167808,0.07296234722674963,0.22862379042321937,0.5587283832103422,10
3,2,50,4,0.0,ridge_history,49,0.40995242930321074,0.07089417999682816,0.2495786522226807,0.5703262063837408,10
3,2,50,4,0.0,transformer,0,0.28604944705575097,0.009240695637443046,0.26514554123027106,0.3069533528812309,10
3,2,50,4,0.0,transformer,1,0.15717628415102433,0.018693802390660534,0.1148879651730574,0.19946460312899128,10
3,2,50,4,0.0,transformer,2,0.11249492317021985,0.01583087860833017,0.07668298773299687,0.14830685860744283,10
3,2,50,4,0.0,transformer,3,0.08165334597400364,0.011353660743937274,0.05596958099812514,0.10733711094988214,10
3,2,50,4,0.0,transformer,4,0.057304454644616795,0.007635144610732675,0.040032557574447764,0.07457635171478583,10
3,2,50,4,0.0,transformer,5,0.03984667312289624,0.005675760848979616,0.027007210064047382,0.0526861361817451,10
3,2,50,4,0.0,transformer,6,0.03633967965060064,0.004827723583362121,0.025418610166488206,0.04726074913471308,10
3,2,50,4,0.0,transformer,7,0.030430862771322176,0.005897213758958912,0.017090438425941146,0.04377128711670321,10
3,2,50,4,0.0,transformer,8,0.016901218188539548,0.0021112123815311998,0.012125323977470487,0.02167711239960861,10
3,2,50,4,0.0,transformer,9,0.015482194962398674,0.0019032264207144286,0.011176797682352739,0.01978759224244461,10
3,2,50,4,0.0,transformer,10,0.016273136647415927,0.002575463267048385,0.010447033970338755,0.0220992393244931,10
3,2,50,4,0.0,transformer,11,0.01602883090183825,0.0017571075147102975,0.012053977551629798,0.020003684252046704,10
3,2,50,4,0.0,transformer,12,0.012143243666162738,0.0019861050454006816,0.007650361911639932,0.016636125420685544,10
3,2,50,4,0.0,transformer,13,0.01054017170886809,0.0013319589263467652,0.007527071283079749,0.013553272134656432,10
3,2,50,4,0.0,transformer,14,0.012195108010562,0.001949988261390199,0.007783928097685744,0.016606287923438257,10
3,2,50,4,0.0,transformer,15,0.00892724142447981,0.0008816007084688989,0.006932922067088918,0.0109215607818707,10
3,2,50,4,0.0,transformer,16,0.009788976376694082,0.0014412815152324975,0.006528571073402238,0.013049381679985926,10
3,2,50,4,0.0,transformer,17,0.00854885600304838,0.001291835586358176,0.005626520878210613,0.011471191127886146,10
3,2,50,4,0.0,transformer,18,0.01009828648274591,0.0024716242990499813,0.004507083870903903,0.01568948909458792,10
3,2,50,4,0.0,transformer,19,0.008009667339041824,0.0014363928955695281,0.004760320861736762,0.011259013816346886,10
3,2,50,4,0.0,transformer,20,0.0073918159607734265,0.0008777940473907382,0.005406107869006841,0.009377524052540012,10
3,2,50,4,0.0,transformer,21,0.00759735624709347,0.0006483291219657651,0.006130733879987944,0.009063978614198998,10
3,2,50,4,0.0,transformer,22,0.006967139885222617,0.001077912815307305,0.004528731689203218,0.009405548081242016,10
3,2,50,4,0.0,transformer,23,0.00604420379288056,0.0005469128374325762,0.004807001000256168,0.0072814065855049525,10
3,2,50,4,0.0,transformer,24,0.005626756010763907,0.0006321787147483975,0.004196668403027256,0.007056843618500558,10
3,2,50,4,0.0,transformer,25,0.005833342735752914,0.0006958345719599239,0.004259255574671149,0.0074074298968346795,10
3,2,50,4,0.0,transformer,26,0.006409867094462322,0.0013275706359361546,0.003406693671258782,0.009413040517665863,10
3,2,50,4,0.0,transformer,27,0.006498308282427668,0.0009883428543661023,0.004262521415122966,0.00873409514973237,10
3,2,50,4,0.0,transformer,28,0.0051670003239830025,0.0007959030295276347,0.003366542584844272,0.006967458063121733,10
3,2,50,4,0.0,transformer,29,0.004636758034153203,0.0005424932188428138,0.0034095531133784777,0.005863962954927929,10
3,2,50,4,0.0,transformer,30,0.006100255526791647,0.0014055279539968402,0.002920730398144589,0.009279780655438705,10
3,2,50,4,0.0,transformer,31,0.006387258346410779,0.001510827986882713,0.0029695279941280577,0.009804988698693501,10
3,2,50,4,0.0,transformer,32,0.00436569889231932,0.00030931949685575707,0.0036659695769139327,0.0050654282077247075,10
3,2,50,4,0.0,transformer,33,0.009625933459455251,0.00377172913945722,0.0010936893704973916,0.01815817754841311,10
3,2,50,4,0.0,transformer,34,0.00631211207718686,0.000876998671815505,0.004328203249974903,0.008296020904398817,10
3,2,50,4,0.0,transformer,35,0.005284356693607184,0.0007143477742064107,0.003668389759457198,0.006900323627757171,10
3,2,50,4,0.0,transformer,36,0.0044244120179725965,0.00036037298576433477,0.003609191686946831,0.005239632348998362,10
3,2,50,4,0.0,transformer,37,0.006201143004181405,0.0017683550181634955,0.002200846033472704,0.010201439974890106,10
3,2,50,4,0.0,transformer,38,0.004392365738972353,0.0004729039026257364,0.003322582788332319,0.005462148689612388,10
3,2,50,4,0.0,transformer,39,0.004400163024725632,0.0006982002507385648,0.0028207243264498846,0.005979601723001379,10
3,2,50,4,0.0,transformer,40,0.00793048000992037,0.002135324978866458,0.003100039314075687,0.012760920705765053,10
3,2,50,4,0.0,transformer,41,0.004238483020788687,0.00043229775640353795,0.0032605575546788305,0.005216408486898544,10
3,2,50,4,0.0,transformer,42,0.004480394209075336,0.0007890242636325283,0.0026954973194774335,0.006265291098673239,10
3,2,50,4,0.0,transformer,43,0.004138213723043299,0.0004511885011102803,0.003117554423484492,0.0051588730226021055,10
3,2,50,4,0.0,transformer,44,0.003886155999550194,0.00035132708979850974,0.003091398906877447,0.004680913092222941,10
3,2,50,4,0.0,transformer,45,0.0038835905360863044,0.00041449781705390717,0.0029459313302735886,0.00482124974189902,10
3,2,50,4,0.0,transformer,46,0.00340482497351837,0.0003216271683857787,0.0026772537708039763,0.004132396176232764,10
3,2,50,4,0.0,transformer,47,0.0038182621508737503,0.0002659801659770868,0.003216573213246428,0.004419951088501073,10
3,2,50,4,0.0,transformer,48,0.0035467852832308288,0.00027350672405003084,0.0029280700883475793,0.004165500478114078,10
3,2,50,4,0.0,transformer,49,0.0048387581167300174,0.000738008635673913,0.0031692665953333447,0.00650824963812669,10
3,2,50,4,0.2,em_ridge,1,0.755876343381966,0.07478533070848432,0.5867001718475355,0.9250525149163964,10
3,2,50,4,0.2,em_ridge,2,0.615197440772165,0.06392012947154643,0.4706000620411176,0.7597948195032124,10
3,2,50,4,0.2,em_ridge,3,0.40698668625362233,0.04645250072058787,0.3019038290186557,0.5120695434885889,10
3,2,50,4,0.2,em_ridge,4,0.3499430096721806,0.02941336741952172,0.2834053498820942,0.41648066946226703,10
3,2,50,4,0.2,em_ridge,5,0.20635201820045537,0.015524226383580688,0.17123377828993744,0.2414702581109733,10
3,2,50,4,0.2,em_ridge,6,0.1772599008376538,0.01703140466097667,0.1387321867913107,0.21578761488399692,10
3,2,50,4,0.2,em_ridge,7,0.1468244364420618,0.020958524744688775,0.09941295956918067,0.19423591331494294,10
3,2,50,4,0.2,em_ridge,8,0.10909669583827297,0.011735774626781822,0.08254852920531304,0.1356448624712329,10
3,2,50,4,0.2,em_ridge,9,0.09169499896773493,0.009197124547430149,0.07088965779561862,0.11250034013985125,10
3,2,50,4,0.2,em_ridge,10,0.07274663542395396,0.004935867833688622,0.061580926649349985,0.08391234419855793,10
3,2,50,4,0.2,em_ridge,11,0.07270287641224124,0.006609974641515416,0.057750074931022646,0.08765567789345984,10
3,2,50,4,0.2,em_ridge,12,0.06657926849956972,0.005424774947701445,0.05430757499505863,0.0788509620040808,10
3,2,50,4,0.2,em_ridge,13,0.06656680420403052,0.005204930739834118,0.05479243284904621,0.07834117555901483,10
3,2,50,4,0.2,em_ridge,14,0.06409355328922124,0.003132846847737683,0.05700656135266167,0.07118054522578082,10
3,2,50,4,0.2,em_ridge,15,0.06185782314863917,0.0029622541252094466,0.05515673876126809,0.06855890753601025,10
3,2,50,4,0.2,em_ridge,16,0.05842952143111517,0.0027653319646604255,0.05217390591974375,0.06468513694248658,10
3,2,50,4,0.2,em_ridge,17,0.05860546320332245,0.0030369833613271948,0.05173532953919717,0.06547559686744774,10
3,2,50,4,0.2,em_ridge,18,0.06230918228486978,0.011215241620084767,0.03693854312148248,0.08767982144825708,10
3,2,50,4,0.2,em_ridge,19,0.05733477472167686,0.003999977904391117,0.04828619605422395,0.06638335338912978,10
3,2,50,4,0.2,em_ridge,20,0.057733335743907085,0.002499661940832531,0.052078707579878716,0.06338796390793545,10
3,2,50,4,0.2,em_ridge,21,0.05069245945436951,0.002233030728796629,0.04564099299647372,0.0557439259122653,10
3,2,50,4,0.2,em_ridge,22,0.05061129185956298,0.002049008893018453,0.045976111715584064,0.055246472003541894,10
3,2,50,4,0.2,em_ridge,23,0.0544358173775875,0.004450274822379608,0.044368596311720965,0.06450303844345404,10
3,2,50,4,0.2,em_ridge,24,0.05459411989368653,0.002788845493478872,0.048285313084675804,0.06090292670269726,10
3,2,50,4,0.2,em_ridge,25,0.053361214822060576,0.000951339980953416,0.0512091342698905,0.05551329537423065,10
3,2,50,4,0.2,em_ridge,26,0.04927660151869613,0.0038365019301491677,0.04059783119732005,0.05795537184007221,10
3,2,50,4,0.2,em_ridge,27,0.052339412098356394,0.0032773747158513916,0.04492547540971944,0.05975334878699335,10
3,2,50,4,0.2,em_ridge,28,0.05260593347704525,0.002793932382238544,0.04628561932619048,0.058926247627900025,10
3,2,50,4,0.2,em_ridge,29,0.05377538261449213,0.0020209094481785537,0.049203767830928447,0.05834699739805581,10
3,2,50,4,0.2,em_ridge,30,0.04829706198986283,0.0024003175400749478,0.04286716647359212,0.053726957506133544,10
3,2,50,4,0.2,em_ridge,31,0.04621064483041185,0.0021487097988997866,0.04134992556805601,0.0510713640927677,10
3,2,50,4,0.2,em_ridge,32,0.048118955632259694,0.002696903186390127,0.04201813677179397,0.05421977449272542,10
3,2,50,4,0.2,em_ridge,33,0.061610378563251564,0.0061392741830047105,0.04772237549578536,0.07549838163071777,10
3,2,50,4,0.2,em_ridge,34,0.04792632254757835,0.001361031956923752,0.04484745435742603,0.051005190737730674,10
3,2,50,4,0.2,em_ridge,35,0.05410826214265115,0.0036631134539645027,0.04582172380462288,0.06239480048067943,10
3,2,50,4,0.2,em_ridge,36,0.05078964445880613,0.0025735378346203944,0.04496789741248742,0.056611391505124835,10
3,2,50,4,0.2,em_ridge,37,0.04927139398918697,0.002638748622681469,0.04330212989156419,0.05524065808680975,10
3,2,50,4,0.2,em_ridge,38,0.04821291979000188,0.0032605397488030684,0.04083706644265876,0.055588773137345004,10
3,2,50,4,0.2,em_ridge,39,0.048470722757876006,0.0033357188641860163,0.040924802436176515,0.0560166430795755,10
3,2,50,4,0.2,em_ridge,40,0.06137907816608701,0.0062961426736493995,0.04713621391889158,0.07562194241328243,10
3,2,50,4,0.2,em_ridge,41,0.04553954959304034,0.0016952185963127148,0.04170469870288281,0.04937440048319786,10
3,2,50,4,0.2,em_ridge,42,0.04844282557634368,0.002250355261364699,0.0433521683030069,0.053533482849680465,10
3,2,50,4,0.2,em_ridge,43,0.047735571752922444,0.0022637193305448857,0.04261468285476557,0.052856460651079316,10
3,2,50,4,0.2,em_ridge,44,0.045086581697863226,0.0014636508999691222,0.041775573330662036,0.048397590065064416,10
3,2,50,4,0.2,em_ridge,45,0.0460624028603086,0.0017473240036133912,0.04210968134980533,0.05001512437081187,10
3,2,50,4,0.2,em_ridge,46,0.056281341483252464,0.0043848554552031824,0.0463621093074298,0.06620057365907513,10
3,2,50,4,0.2,em_ridge,47,0.05037348104382892,0.00314142357285413,0.04326708720711382,0.05747987488054401,10
3,2,50,4,0.2,em_ridge,48,0.049912423797462656,0.0025893674584239867,0.04405486765427225,0.05576997994065306,10
3,2,50,4,0.2,em_ridge,49,0.04938759087142713,0.002381681546208034,0.04399985290216832,0.054775328840685936,10
3,2,50,4,0.2,known_pool,0,0.0459861468754648,0.0032290790584061043,0.03868146255424975,0.05329083119667986,10
3,2,50,4,0.2,known_pool,1,0.04645722491663938,0.0026167690732734265,0.04053768201414508,0.05237676781913368,10
3,2,50,4,0.2,known_pool,2,0.05076048134499881,0.0047433597547845005,0.04003025609998431,0.06149070659001331,10
3,2,50,4,0.2,known_pool,3,0.042571146736108414,0.0018550028617668334,0.038374838725351405,0.046767454746865424,10
3,2,50,4,0.2,known_pool,4,0.04423989024333216,0.0019987094176512218,0.03971849541784021,0.0487612850688241,10
3,2,50,4,0.2,known_pool,5,0.045599212684964426,0.00270424684138399,0.039481781322753214,0.05171664404717564,10
3,2,50,4,0.2,known_pool,6,0.04848849485989113,0.004822923267582068,0.03757828444450423,0.05939870527527803,10
3,2,50,4,0.2,known_pool,7,0.0465286450235048,0.0029050669937773807,0.039956926915122655,0.05310036313188695,10
3,2,50,4,0.2,known_pool,8,0.045075225763414765,0.0021528555352901186,0.04020512819378846,0.049945323333041074,10
3,2,50,4,0.2,known_pool,9,0.046653646282812364,0.0023925450389184026,0.04124133338570579,0.052065959179918936,10
3,2,50,4,0.2,known_pool,10,0.0434524914269234,0.002113531163884425,0.03867135176574502,0.04823363108810178,10
3,2,50,4,0.2,known_pool,11,0.04616052202348069,0.0027194598866283172,0.040008676362002046,0.05231236768495934,10
3,2,50,4,0.2,known_pool,12,0.0450314264384941,0.002106547604773944,0.04026608468557932,0.04979676819140888,10
3,2,50,4,0.2,known_pool,13,0.044748951888557494,0.0019050410723407381,0.04043944958133712,0.04905845419577787,10
3,2,50,4,0.2,known_pool,14,0.04587766983102583,0.0023263253777113142,0.04061515621483694,0.051140183447214715,10
3,2,50,4,0.2,known_pool,15,0.04828252024795125,0.0032716086378867053,0.04088162733388336,0.05568341316201914,10
3,2,50,4,0.2,known_pool,16,0.050294604873268,0.003652556623147508,0.042031947745688844,0.058557262000847154,10
3,2,50,4,0.2,known_pool,17,0.04434086748865963,0.0018024674170085523,0.04026340291056336,0.04841833206675591,10
3,2,50,4,0.2,known_pool,18,0.04519523715514297,0.0022794078469549907,0.0400388583672153,0.05035161594307063,10
3,2,50,4,0.2,known_pool,19,0.04305097805859896,0.0015935145922849668,0.039446197609638065,0.04665575850755986,10
3,2,50,4,0.2,known_pool,20,0.046405983743372084,0.0019511026909027878,0.04199228281579149,0.05081968467095268,10
3,2,50,4,0.2,known_pool,21,0.04390386517966342,0.001987877471988989,0.039406973917638345,0.0484007564416885,10
3,2,50,4,0.2,known_pool,22,0.04319060716943628,0.0017107169001426364,0.03932069668025868,0.04706051765861389,10
3,2,50,4,0.2,known_pool,23,0.04546940041351207,0.00284902765063641,0.039024452106614774,0.05191434872040937,10
3,2,50,4,0.2,known_pool,24,0.04728072958979251,0.002245283887216267,0.042201544561810835,0.05235991461777418,10
3,2,50,4,0.2,known_pool,25,0.04577497925665609,0.0014172426513996694,0.042568953641369214,0.04898100487194297,10
3,2,50,4,0.2,known_pool,26,0.042578944923603985,0.002556938442101556,0.03679474831196987,0.0483631415352381,10
3,2,50,4,0.2,known_pool,27,0.04582417182701064,0.0026628960722953543,0.0398002824032805,0.051848061250740776,10
3,2,50,4,0.2,known_pool,28,0.04527757588045293,0.0018310875942727405,0.04113536796335792,0.049419783797547946,10
3,2,50,4,0.2,known_pool,29,0.04613964366437408,0.0013468724039644646,0.04309280660837063,0.049186480720377526,10
3,2,50,4,0.2,known_pool,30,0.043400990487416066,0.0014477705201725775,0.04012590603511959,0.04667607493971254,10
3,2,50,4,0.2,known_pool,31,0.042179354227662794,0.0019143858767189507,0.037848712504283295,0.04650999595104229,10
3,2,50,4,0.2,known_pool,32,0.04364525718900775,0.0022510635772051064,0.038552997593919065,0.04873751678409643,10
3,2,50,4,0.2,known_pool,33,0.05650016080900511,0.0057144841023662254,0.04357309966514088,0.06942722195286934,10
3,2,50,4,0.2,known_pool,34,0.044138767948209576,0.001642440511514628,0.04042330938061681,0.04785422651580234,10
3,2,50,4,0.2,known_pool,35,0.047918696968426835,0.003268534193136328,0.04052475893157264,0.05531263500528103,10
3,2,50,4,0.2,known_pool,36,0.046315122902987164,0.0020866579528757627,0.041594774668579415,0.051035471137394914,10
3,2,50,4,0.2,known_pool,37,0.04476836279683809,0.0018948992165589654,0.040481802961318515,0.04905492263235766,10
3,2,50,4,0.2,known_pool,38,0.04536062776828407,0.002921380547393579,0.03875200583773834,0.051969249698829795,10
3,2,50,4,0.2,known_pool,39,0.04469172832622077,0.0031207181920552447,0.03763217331498834,0.051751283337453206,10
3,2,50,4,0.2,known_pool,40,0.05847752046781803,0.006139302866852182,0.04458945251298081,0.07236558842265525,10
3,2,50,4,0.2,known_pool,41,0.04323644829426541,0.0015537996005351067,0.03972150939836193,0.046751387190168886,10
3,2,50,4,0.2,known_pool,42,0.044246843010279834,0.0016271590928688085,0.04056595341333443,0.047927732607225236,10
3,2,50,4,0.2,known_pool,43,0.04460419679687093,0.0018659506320467146,0.040383123209158614,0.048825270384583244,10
3,2,50,4,0.2,known_pool,44,0.04225839168878623,0.0010934524620175383,0.039784830369653926,0.04473195300791853,10
3,2,50,4,0.2,known_pool,45,0.04304899069795283,0.001559372521585982,0.0395214449787764,0.046576536417129256,10
3,2,50,4,0.2,known_pool,46,0.052593556061769645,0.0050386688999514324,0.04119529511877596,0.06399181700476334,10
3,2,50,4,0.2,known_pool,47,0.047995322430004275,0.0029641960211968413,0.0412898451687159,0.05470079969129265,10
3,2,50,4,0.2,known_pool,48,0.046232381159039077,0.0022889554868907665,0.041054404109042875,0.05141035820903528,10
3,2,50,4,0.2,known_pool,49,0.046596490404118715,0.0025434010336013273,0.040842917538089114,0.052350063270148316,10
3,2,50,4,0.2,ridge_current,0,0.40126947512949884,0.007088334210852792,0.38523454912211064,0.41730440113688705,10
3,2,50,4,0.2,ridge_current,1,0.3760185225156697,0.01035295587533113,0.3525985092261556,0.3994385358051838,10
3,2,50,4,0.2,ridge_current,2,0.4193198654282681,0.023114229340394248,0.3670318459633348,0.4716078848932014,10
3,2,50,4,0.2,ridge_current,3,0.3894916825391138,0.019567477529603864,0.3452269730876275,0.4337563919906001,10
3,2,50,4,0.2,ridge_current,4,0.4065622653404778,0.015858458626566124,0.3706879395674523,0.4424365911135033,10
3,2,50,4,0.2,ridge_current,5,0.3922804437423649,0.010185920130858478,0.369238291558653,0.41532259592607684,10
3,2,50,4,0.2,ridge_current,6,0.4074945331347711,0.025652655703269845,0.349464194290823,0.46552487197871917,10
3,2,50,4,0.2,ridge_current,7,0.4090710560832654,0.02225043215297633,0.3587370816130545,0.45940503055347626,10
3,2,50,4,0.2,ridge_current,8,0.40251589223097106,0.02058927434014882,0.35593971780558614,0.449092066656356,10
3,2,50,4,0.2,ridge_current,9,0.39441858262198615,0.0134593226933808,0.36397147938474234,0.42486568585922996,10
3,2,50,4,0.2,ridge_current,10,0.36987855040372863,0.012037610073781402,0.3426475845523522,0.39710951625510504,10
3,2,50,4,0.2,ridge_current,11,0.38828827442128505,0.012552320462342873,0.35989295277765765,0.41668359606491245,10
3,2,50,4,0.2,ridge_current,12,0.3938980769291827,0.01253477072009678,0.3655424555606826,0.42225369829768283,10
3,2,50,4,0.2,ridge_current,13,0.41678754023312725,0.019604434516493914,0.3724392282690322,0.4611358521972223,10
3,2,50,4,0.2,ridge_current,14,0.38180601206047315,0.013210476591815755,0.3519218378143191,0.4116901863066272,10
3,2,50,4,0.2,ridge_current,15,0.40627223942642665,0.021593769118134945,0.357423739944027,0.4551207389088263,10
3,2,50,4,0.2,ridge_current,16,0.3894341301848109,0.014024324693798865,0.35770890362532604,0.4211593567442957,10
3,2,50,4,0.2,ridge_current,17,0.3862243725552622,0.015059441686725801,0.35215754867589355,0.42029119643463086,10
3,2,50,4,0.2,ridge_current,18,0.3695163881620139,0.014158571423168655,0.3374874744021029,0.40154530192192484,10
3,2,50,4,0.2,ridge_current,19,0.39165869636821016,0.010757936752074475,0.36732255268757485,0.41599484004884546,10
3,2,50,4,0.2,ridge_current,20,0.4014728465348938,0.013270713209190472,0.3714524075932828,0.4314932854765048,10
3,2,50,4,0.2,ridge_current,21,0.3724990885748104,0.011521109738126409,0.3464365276573236,0.3985616494922972,10
3,2,50,4,0.2,ridge_current,22,0.3921049868068148,0.012559999488865048,0.36369229399833697,0.4205176796152927,10
3,2,50,4,0.2,ridge_current,23,0.41837046056269,0.016961963653807977,0.37999983298810547,0.45674108813727454,10
3,2,50,4,0.2,ridge_current,24,0.393665384438741,0.01300926792816579,0.3642363758122798,0.4230943930652022,10
3,2,50,4,0.2,ridge_current,25,0.3841119943464098,0.017144532826376287,0.34532836661039373,0.42289562208242587,10
3,2,50,4,0.2,ridge_current,26,0.40612936246936127,0.018150078538797364,0.36507103229747084,0.4471876926412517,10
3,2,50,4,0.2,ridge_current,27,0.41155175512063175,0.021225777096647403,0.36353571142549274,0.45956779881577076,10
3,2,50,4,0.2,ridge_current,28,0.3939691787865275,0.018519351411343865,0.35207549534097893,0.43586286223207604,10
3,2,50,4,0.2,ridge_current,29,0.3892002776118307,0.016647930998751125,0.35154004125723554,0.4268605139664258,10
3,2,50,4,0.2,ridge_current,30,0.39255152969129037,0.020159005096544384,0.34694869191725697,0.43815436746532377,10
3,2,50,4,0.2,ridge_current,31,0.390806211865491,0.02018892962963159,0.345135680094591,0.43647674363639105,10
3,2,50,4,0.2,ridge_current,32,0.40090334247688186,0.014145727260720702,0.3689034842310527,0.43290320072271105,10
3,2,50,4,0.2,ridge_current,33,0.4048714498394229,0.016200145649219663,0.36822417432066645,0.4415187253581794,10
3,2,50,4,0.2,ridge_current,34,0.41673106466389187,0.013880901857895004,0.38533028309995576,0.448131846227828,10
3,2,50,4,0.2,ridge_current,35,0.37984309270142147,0.022458146509336967,0.3290392357121533,0.4306469496906896,10
3,2,50,4,0.2,ridge_current,36,0.4464891325862973,0.025325261194978133,0.38919941157434207,0.5037788535982525,10
3,2,50,4,0.2,ridge_current,37,0.4069678613542346,0.016909595397967582,0.36871569900470264,0.4452200237037665,10
3,2,50,4,0.2,ridge_current,38,0.41837849711698655,0.016682077434985104,0.3806410161570807,0.4561159780768924,10
3,2,50,4,0.2,ridge_current,39,0.3937034017418572,0.02239596049564227,0.3430402192888944,0.44436658419482,10
3,2,50,4,0.2,ridge_current,40,0.39843366857770907,0.013703039320961589,0.36743524002569034,0.4294320971297278,10
3,2,50,4,0.2,ridge_current,41,0.38453402837120926,0.02190646804883577,0.3349781547629254,0.4340899019794931,10
3,2,50,4,0.2,ridge_current,42,0.37220441915899305,0.012456224675797677,0.3440264812872136,0.4003823570307725,10
3,2,50,4,0.2,ridge_current,43,0.37391546758613287,0.015035259261780688,0.3399033481525676,0.4079275870196981,10
3,2,50,4,0.2,ridge_current,44,0.39691629246224547,0.022379920103964748,0.34628939589621005,0.4475431890282809,10
3,2,50,4,0.2,ridge_current,45,0.3949622129963067,0.024676846699100474,0.3391393074806633,0.4507851185119501,10
3,2,50,4,0.2,ridge_current,46,0.40979316416891204,0.007980684002300098,0.3917396026890798,0.42784672564874426,10
3,2,50,4,0.2,ridge_current,47,0.38795283783709167,0.01246525737430489,0.3597544665816847,0.41615120909249864,10
3,2,50,4,0.2,ridge_current,48,0.4036034737772335,0.01349276717432517,0.3730807138678653,0.4341262336866017,10
3,2,50,4,0.2,ridge_current,49,0.3886107097001645,0.01225433565756091,0.3608894765170796,0.4163319428832494,10
3,2,50,4,0.2,ridge_history,1,0.891699717986184,0.10590471477751674,0.6521266088781236,1.1312728270942443,10
3,2,50,4,0.2,ridge_history,2,0.9187943616887185,0.15189113421995654,0.5751927444475003,1.2623959789299368,10
3,2,50,4,0.2,ridge_history,3,0.8803545910108237,0.15450832358667915,0.5308324800972746,1.2298767019243728,10
3,2,50,4,0.2,ridge_history,4,0.8547137927496784,0.15463480677554506,0.5049055569844627,1.204522028514894,10
3,2,50,4,0.2,ridge_history,5,0.7352083743293887,0.1266500717336796,0.4487060073881389,1.0217107412706383,10
3,2,50,4,0.2,ridge_history,6,0.7362265776441437,0.13601062605833733,0.4285491656896077,1.0439039895986797,10
3,2,50,4,0.2,ridge_history,7,0.7165842099043032,0.13078550317191168,0.4207268471137958,1.0124415726948106,10
3,2,50,4,0.2,ridge_history,8,0.7210369230498355,0.14423607330261545,0.394752256694437,1.047321589405234,10
3,2,50,4,0.2,ridge_history,9,0.6984228903357615,0.12798829510272539,0.4088932518148009,0.9879525288567221,10
3,2,50,4,0.2,ridge_history,10,0.6568691378277303,0.12039951688875751,0.384506508300384,0.9292317673550765,10
3,2,50,4,0.2,ridge_history,11,0.6554619790443039,0.11784766798871388,0.3888720327845701,0.9220519253040378,10
3,2,50,4,0.2,ridge_history,12,0.6667803233243299,0.12108751783655657,0.3928613275249081,0.9406993191237517,10
3,2,50,4,0.2,ridge_history,13,0.6980498876820084,0.12313919367871305,0.41948967868051223,0.9766100966835045,10
3,2,50,4,0.2,ridge_history,14,0.662929943337568,0.11401090587044352,0.4050193559856323,0.9208405306895038,10
3,2,50,4,0.2,ridge_history,15,0.6431068867786716,0.11587774049006055,0.3809732261202095,0.9052405474371337,10
3,2,50,4,0.2,ridge_history,16,0.6287926817328053,0.1174225931422053,0.36316432158182627,0.8944210418837844,10
3,2,50,4,0.2,ridge_history,17,0.6200658846863197,0.11434768351104188,0.36139345338243417,0.8787383159902054,10
3,2,50,4,0.2,ridge_history,18,0.6181758332161335,0.11798972932589699,0.3512645218849342,0.8850871445473327,10
3,2,50,4,0.2,ridge_history,19,0.5991924251819388,0.10385654006838158,0.36425260916281066,0.834132241201067,10
3,2,50,4,0.2,ridge_history,20,0.6065021173642068,0.11386014596400461,0.3489325726144846,0.8640716621139289,10
3,2,50,4,0.2,ridge_history,21,0.6349461635148181,0.12324278769255452,0.35615160857288747,0.9137407184567488,10
3,2,50,4,0.2,ridge_history,22,0.6017417508819649,0.10636052785696466,0.36113752095133433,0.8423459808125955,10
3,2,50,4,0.2,ridge_history,23,0.6368234415671259,0.11247907355507712,0.382378099659602,0.8912687834746498,10
3,2,50,4,0.2,ridge_history,24,0.629586859092558,0.12035893174598047,0.357316039536648,0.901857678648468,10
3,2,50,4,0.2,ridge_history,25,0.6344648580280526,0.1142251220196025,0.3760696800799099,0.8928600359761953,10
3,2,50,4,0.2,ridge_history,26,0.6358768321573712,0.12573869515506073,0.35143614227145065,0.9203175220432918,10
3,2,50,4,0.2,ridge_history,27,0.6022625887140941,0.11813814349225575,0.3350155412134056,0.8695096362147826,10
3,2,50,4,0.2,ridge_history,28,0.6090598809247145,0.11330967902270395,0.3527355789091393,0.8653841829402897,10
3,2,50,4,0.2,ridge_history,29,0.6490371883834224,0.12953195421105063,0.3560155503536451,0.9420588264131997,10
3,2,50,4,0.2,ridge_history,30,0.5735094815334723,0.10597429590112063,0.33377896898825576,0.8132399940786887,10
3,2,50,4,0.2,ridge_history,31,0.553248858990853,0.09630777688340961,0.33538553168087654,0.7711121863008294,10
3,2,50,4,0.2,ridge_history,32,0.5764403697389828,0.09610254585818767,0.35904130726274064,0.793839432215225,10
3,2,50,4,0.2,ridge_history,33,0.6173250786435613,0.10970877546314792,0.3691465864077813,0.8655035708793414,10
3,2,50,4,0.2,ridge_history,34,0.6103807981450722,0.1140803221810315,0.3523131801889249,0.8684484161012195,10
3,2,50,4,0.2,ridge_history,35,0.5721634535976582,0.10147199068169013,0.34261786305368014,0.8017090441416362,10
3,2,50,4,0.2,ridge_history,36,0.6318322359723726,0.1267884928268157,0.3450167387638026,0.9186477331809426,10
3,2,50,4,0.2,ridge_history,37,0.5749574711034025,0.10499049706456332,0.3374524661430567,0.8124624760637482,10
3,2,50,4,0.2,ridge_history,38,0.578969909011974,0.10468516965258742,0.3421556026436281,0.8157842153803199,10
3,2,50,4,0.2,ridge_history,39,0.6034357314096876,0.1104070016257965,0.35367774185881906,0.8531937209605562,10
3,2,50,4,0.2,ridge_history,40,0.587060895506822,0.11149422324374691,0.33484343978535774,0.8392783512282862,10
3,2,50,4,0.2,ridge_history,41,0.5538181452960177,0.0991339076071251,0.3295616661263842,0.7780746244656511,10
3,2,50,4,0.2,ridge_history,42,0.5857742315520905,0.10735092519572241,0.3429295671875728,0.8286188959166083,10
3,2,50,4,0.2,ridge_history,43,0.568386208552994,0.10416687377858284,0.33274436890847636,0.8040280481975117,10
3,2,50,4,0.2,ridge_history,44,0.6048177275430635,0.10908407705411821,0.3580524012878587,0.8515830537982683,10
3,2,50,4,0.2,ridge_history,45,0.6132273073963485,0.11831248962611385,0.3455858615401467,0.8808687532525502,10
3,2,50,4,0.2,ridge_history,46,0.6099962952646649,0.12032209482080798,0.33780880662288937,0.8821837839064405,10
3,2,50,4,0.2,ridge_history,47,0.5737253337248207,0.1063451611744685,0.3331558656450672,0.8142948018045741,10
3,2,50,4,0.2,ridge_history,48,0.5846305148789559,0.10210718325384788,0.35364801890811504,0.8156130108497968,10
3,2,50,4,0.2,ridge_history,49,0.5925033216941435,0.10988825518921179,0.3439188181104711,0.841087825277816,10
3,2,50,4,0.2,transformer,0,0.41218935658284617,0.008281966026210334,0.3934542478146031,0.43092446535108925,10
3,2,50,4,0.2,transformer,1,0.29022706608702703,0.024953306116913355,0.23377876591915522,0.3466753662548988,10
3,2,50,4,0.2,transformer,2,0.2551166470381646,0.019127726042619222,0.21184672456281178,0.29838656951351744,10
3,2,50,4,0.2,transformer,3,0.17839652689770868,0.016111197294220315,0.14195046653733315,0.21484258725808422,10
3,2,50,4,0.2,transformer,4,0.16416217123004312,0.012668537912774457,0.13550394744847977,0.19282039501160647,10
3,2,50,4,0.2,transformer,5,0.12549855592979003,0.011401264881223939,0.09970710291376968,0.1512900089458104,10
3,2,50,4,0.2,transformer,6,0.12211815047976513,0.012019239215280194,0.09492874239753396,0.1493075585619963,10
3,2,50,4,0.2,transformer,7,0.10343904918978523,0.007813123381061325,0.08576453616949123,0.12111356221007924,10
3,2,50,4,0.2,transformer,8,0.10467740238145169,0.009347549555008904,0.08353177620097713,0.12582302856192626,10
3,2,50,4,0.2,transformer,9,0.08665428260610135,0.004061065741126593,0.07746751365121743,0.09584105156098527,10
3,2,50,4,0.2,transformer,10,0.07900281821562535,0.0059146544468569,0.06562294029319177,0.09238269613805894,10
3,2,50,4,0.2,transformer,11,0.08585491168078925,0.009105056304169227,0.06525784334463189,0.10645198001694661,10
3,2,50,4,0.2,transformer,12,0.0811612052941703,0.008909569723842273,0.061006358325930474,0.10131605226241013,10
3,2,50,4,0.2,transformer,13,0.07554225573927473,0.0052602710714494605,0.06364269585673514,0.08744181562181431,10
3,2,50,4,0.2,transformer,14,0.07280124484602073,0.004296826088977155,0.06308114893154286,0.0825213407604986,10
3,2,50,4,0.2,transformer,15,0.08043666234036682,0.005449230249663939,0.0681096470993529,0.09276367758138075,10
3,2,50,4,0.2,transformer,16,0.07210200488001935,0.005790293174413248,0.05900345170081886,0.08520055805921983,10
3,2,50,4,0.2,transformer,17,0.07791386817046445,0.008802474543033024,0.05800128733259344,0.09782644900833545,10
3,2,50,4,0.2,transformer,18,0.0642114301903268,0.0031026371914770743,0.057192777244062826,0.07123008313659077,10
3,2,50,4,0.2,transformer,19,0.06735978701841258,0.0031098228582550915,0.060324878964577236,0.07439469507224793,10
3,2,50,4,0.2,transformer,20,0.0718264443868973,0.00536406169858187,0.05969209379375881,0.08396079498003578,10
3,2,50,4,0.2,transformer,21,0.05778899413241641,0.0028555324678295525,0.05132933090671295,0.06424865735811987,10
3,2,50,4,0.2,transformer,22,0.06229437227861352,0.002746543942104776,0.056081258227041186,0.06850748633018586,10
3,2,50,4,0.2,transformer,23,0.06217629452034168,0.0030934602513846246,0.055178401254840415,0.06917418778584294,10
3,2,50,4,0.2,transformer,24,0.06300623350680586,0.0038892586746915817,0.05420811913787724,0.07180434787573448,10
3,2,50,4,0.2,transformer,25,0.05921749167638316,0.002951215596297502,0.052541378176256995,0.06589360517650933,10
3,2,50,4,0.2,transformer,26,0.05581649758195972,0.00362134338383708,0.047624449707260784,0.06400854545665866,10
3,2,50,4,0.2,transformer,27,0.06482715378149342,0.0077591746243960615,0.04727468132751381,0.08237962623547304,10
3,2,50,4,0.2,transformer,28,0.059021267769795625,0.003168839698841334,0.0518528543473024,0.06618968119228885,10
3,2,50,4,0.2,transformer,29,0.06045705785529519,0.0025986753384643546,0.054578445824601,0.06633566988598938,10
3,2,50,4,0.2,transformer,30,0.05417907553419192,0.003069260112403085,0.04723592678642846,0.06112222428195538,10
3,2,50,4,0.2,transformer,31,0.05684794423508506,0.00397059754646243,0.04786582855476609,0.06583005991540403,10
3,2,50,4,0.2,transformer,32,0.0518426946594577,0.0028653630005643534,0.04536079322371409,0.058324596095201305,10
3,2,50,4,0.2,transformer,33,0.06398408046599244,0.007431525981359129,0.04717280073673993,0.08079536019524494,10
3,2,50,4,0.2,transformer,34,0.055702718543045,0.0026738858982333787,0.049653968405851255,0.06175146868023875,10
3,2,50,4,0.2,transformer,35,0.06106773457806379,0.003499568475525852,0.05315116068445019,0.06898430847167739,10
3,2,50,4,0.2,transformer,36,0.053985240850665236,0.0020009882891325716,0.04945869085972866,0.05851179084160181,10
3,2,50,4,0.2,transformer,37,0.057022545148919745,0.0034911451976902793,0.04912502603359613,0.06492006426424336,10
3,2,50,4,0.2,transformer,38,0.05937060455482006,0.005803850526488701,0.04624138251451351,0.0724998265951266,10
3,2,50,4,0.2,transformer,39,0.059889592890162845,0.005011154377527372,0.04855357412115172,0.07122561165917397,10
3,2,50,4,0.2,transformer,40,0.0651958082049877,0.0034355839765853376,0.05742397730396044,0.07296763910601496,10
3,2,50,4,0.2,transformer,41,0.05455378518615324,0.0026223544011454913,0.04862160739420657,0.06048596297809991,10
3,2,50,4,0.2,transformer,42,0.05592038491976481,0.002615500370216382,0.050003712022978465,0.061837057816551154,10
3,2,50,4,0.2,transformer,43,0.05682684368553622,0.005259030388752974,0.04493009042224525,0.06872359694882718,10
3,2,50,4,0.2,transformer,44,0.055135959864110906,0.003533940121443018,0.047141631905488625,0.0631302878227332,10
3,2,50,4,0.2,transformer,45,0.05131360035137126,0.001897333557921007,0.047021533653102854,0.055605667049639665,10
3,2,50,4,0.2,transformer,46,0.057632747581451406,0.003545767777883437,0.049611663605093316,0.0656538315578095,10
3,2,50,4,0.2,transformer,47,0.06112670031226221,0.003555049307901263,0.05308462005629257,0.06916878056823185,10
3,2,50,4,0.2,transformer,48,0.05468451982504,0.002724769706304366,0.04852066251694802,0.06084837713313199,10
3,2,50,4,0.2,transformer,49,0.05804318561510811,0.0025197142347403575,0.05234319601078561,0.0637431752194306,10
3,3,50,4,0.0,em_ridge,1,0.7872823242270491,0.03381927017376398,0.7107778199628613,0.863786828491237,10
3,3,50,4,0.0,em_ridge,2,0.6261136736468215,0.032557128079625366,0.5524643331613583,0.6997630141322846,10
3,3,50,4,0.0,em_ridge,3,0.529249938487345,0.030316585271995586,0.4606690579627176,0.5978308190119724,10
3,3,50,4,0.0,em_ridge,4,0.4123493060855453,0.03838792034396443,0.3255097971145192,0.4991888150565714,10
3,3,50,4,0.0,em_ridge,5,0.3527795547147446,0.03088431902070307,0.28291437122391627,0.4226447382055729,10
3,3,50,4,0.0,em_ridge,6,0.22387535329448083,0.0297030168927792,0.15668246087376428,0.2910682457151974,10
3,3,50,4,0.0,em_ridge,7,0.18920269612393542,0.017894680576648076,0.14872211628148507,0.22968327596638577,10
3,3,50,4,0.0,em_ridge,8,0.12052008445790559,0.013102148498428865,0.09088096538413898,0.1501592035316722,10
3,3,50,4,0.0,em_ridge,9,0.10926240705787602,0.013438137661640438,0.07886322769192777,0.13966158642382426,10
3,3,50,4,0.0,em_ridge,10,0.059725247856285114,0.008150541508681292,0.041287442001737645,0.07816305371083258,10
3,3,50,4,0.0,em_ridge,11,0.046093734058103915,0.007093530676255183,0.030047052829284458,0.06214041528692337,10
3,3,50,4,0.0,em_ridge,12,0.0421331986570397,0.006571196385388454,0.027268119685679534,0.05699827762839986,10
3,3,50,4,0.0,em_ridge,13,0.025065856288063536,0.005484942790739264,0.012658053666454335,0.03747365890967273,10
3,3,50,4,0.0,em_ridge,14,0.016648486468248406,0.004578571382918365,0.006291038418996744,0.027005934517500066,10
3,3,50,4,0.0,em_ridge,15,0.0074669948442099175,0.002570951161871839,0.0016510992581771694,0.013282890430242666,10
3,3,50,4,0.0,em_ridge,16,0.0104566836522746,0.003013368572930934,0.0036399703508678835,0.017273396953681318,10
3,3,50,4,0.0,em_ridge,17,0.0027898082253031884,0.0007783431605413116,0.0010290736695696672,0.00455054278103671,10
3,3,50,4,0.0,em_ridge,18,0.0022604072990113004,0.0006572353073591726,0.0007736377408248684,0.0037471768571977326,10
3,3,50,4,0.0,em_ridge,19,0.007011691155009476,0.0030456385953998182,0.00012197799113111349,0.013901404318887839,10
3,3,50,4,0.0,em_ridge,20,0.006977436882539362,0.0030812208277649997,7.231116847753599e-06,0.01394764264823097,10
3,3,50,4,0.0,em_ridge,21,0.00429242095646681,0.0027567708238684955,0.0,0.010528669821874035,10
3,3,50,4,0.0,em_ridge,22,0.0019887879471437407,0.0009769177412322454,0.0,0.004198729412936908,10
3,3,50,4,0.0,em_ridge,23,0.006496710953974033,0.00590786903809227,0.0,0.019861239215368205,10
3,3,50,4,0.0,em_ridge,24,0.004558340722716011,0.004229304967148035,0.0,0.014125693247807965,10
3,3,50,4,0.0,em_ridge,25,0.00012963154850525037,0.0001203226538597588,0.0,0.00040182030178099277,10
3,3,50,4,0.0,em_ridge,26,0.00011538931935053414,4.888014768483029e-05,4.814743146661218e-06,0.00022596389555440706,10
3,3,50,4,0.0,em_ridge,27,2.004745356199994e-06,1.2063964011684435e-06,0.0,4.733803616277165e-06,10
3,3,50,4,0.0,em_ridge,28,4.2444187312178965e-07,5.8559732932367636e-08,2.919705538172843e-07,5.569131924262951e-07,10
3,3,50,4,0.0,em_ridge,29,4.6843059988344353e-07,5.754104996608291e-08,3.3826370154773967e-07,5.985974982191474e-07,10
3,3,50,4,0.0,em_ridge,30,6.10099345662925e-07,1.458795090287904e-07,2.8009696940796134e-07,9.401017219178886e-07,10
3,3,50,4,0.0,em_ridge,31,2.2120932735003813e-06,1.829885823546889e-06,0.0,6.351582596339868e-06,10
3,3,50,4,0.0,em_ridge,32,2.478701637479038e-07,1.8189028899442797e-08,2.0672372173868572e-07,2.890166057571219e-07,10
3,3,50,4,0.0,em_ridge,33,1.0792103100763655e-05,1.0431719691967733e-05,0.0,3.4390292522251547e-05,10
3,3,50,4,0.0,em_ridge,34,1.908381015074658e-07,9.24200185886453e-09,1.6993124080384108e-07,2.1174496221109053e-07,10
3,3,50,4,0.0,em_ridge,35,1.968002478584581e-07,7.2999516879077125e-09,1.8028660985957683e-07,2.1331388585733939e-07,10
3,3,50,4,0.0,em_ridge,36,1.761134912413312e-07,6.695467007398989e-09,1.609672925922645e-07,1.9125968989039787e-07,10
3,3,50,4,0.0,em_ridge,37,1.654691868221852e-07,9.927467312332462e-09,1.4301169553314728e-07,1.8792667811122314e-07,10
3,3,50,4,0.0,em_ridge,38,1.4226587222880533e-07,9.780032703204515e-09,1.2014190119685054e-07,1.6438984326076012e-07,10
3,3,50,4,0.0,em_ridge,39,4.5929750788448725e-05,4.579777646759218e-05,0.0,0.00014953151886484343,10
3,3,50,4,0.0,em_ridge,40,1.2258141392955817e-07,7.922884042827106e-09,1.0465860504205723e-07,1.405042228170591e-07,10
3,3,50,4,0.0,em_ridge,41,1.1257031319057311e-07,5.5667017651544116e-09,9.997755891936765e-08,1.2516306746177857e-07,10
3,3,50,4,0.0,em_ridge,42,0.00010084632559808329,0.000100740176085122,0.0,0.0003287364365105944,10
3,3,50,4,0.0,em_ridge,43,1.0455412748071142e-07,4.815900100119509e-09,9.365980457390548e-08,1.1544845038751736e-07,10
3,3,50,4,0.0,em_ridge,44,8.90969804329899e-08,5.844202374695775e-09,7.587647617022958e-08,1.0231748469575023e-07,10
3,3,50,4,0.0,em_ridge,45,9.74281744555471e-08,6.29218097947172e-09,8.319427218321253e-08,1.1166207672788168e-07,10
3,3,50,4,0.0,em_ridge,46,0.00046662890649936257,0.00046655077915794306,0.0,0.0015220400933805868,10
3,3,50,4,0.0,em_ridge,47,2.890769346450265e-05,2.8835091333682944e-05,0.0,9.413720186493397e-05,10
3,3,50,4,0.0,em_ridge,48,8.70144101631034e-08,1.0134162864380808e-08,6.408934105048079e-08,1.0993947927572601e-07,10
3,3,50,4,0.0,em_ridge,49,7.613145831538065e-08,2.687689626211676e-09,7.005148197606748e-08,8.221143465469382e-08,10
3,3,50,4,0.0,known_pool,0,2.289328164793604e-15,1.8462419418622235e-16,1.8716792214893945e-15,2.7069771080978136e-15,10
3,3,50,4,0.0,known_pool,1,2.264671879041149e-15,1.0458445622669728e-16,2.0280854022705703e-15,2.5012583558117275e-15,10
3,3,50,4,0.0,known_pool,2,2.381457891381212e-15,1.3256262500892475e-16,2.0815803996979405e-15,2.6813353830644836e-15,10
3,3,50,4,0.0,known_pool,3,2.2395899774840648e-15,7.986353423339982e-17,2.0589261114716e-15,2.4202538434965297e-15,10
3,3,50,4,0.0,known_pool,4,2.215966590968829e-15,8.443813968654004e-17,2.024954248463567e-15,2.406978933474091e-15,10
3,3,50,4,0.0,known_pool,5,2.430412417887937e-15,1.5555185114789871e-16,2.0785296836271978e-15,2.782295152148676e-15,10
3,3,50,4,0.0,known_pool,6,2.3702416492435685e-15,1.4291417523244322e-16,2.046947324076099e-15,2.693535974411038e-15,10
3,3,50,4,0.0,known_pool,7,2.2124730883212264e-15,1.1239862241347519e-16,1.9582097395399327e-15,2.46673643710252e-15,10
3,3,50,4,0.0,known_pool,8,2.211585311329844e-15,1.2330585628964808e-16,1.9326480853092507e-15,2.4905225373504375e-15,10
3,3,50,4,0.0,known_pool,9,2.5876940775247715e-15,1.4907484764939008e-16,2.2504633431216524e-15,2.9249248119278906e-15,10
3,3,50,4,0.0,known_pool,10,2.1825343686539934e-15,1.5664309541891919e-16,1.8281830683492027e-15,2.536885668958784e-15,10
3,3,50,4,0.0,known_pool,11,2.199460013353351e-15,7.164754657995998e-17,2.0373820026605766e-15,2.3615380240461256e-15,10
3,3,50,4,0.0,known_pool,12,2.267621195443158e-15,1.529837138360398e-16,1.9215479913974898e-15,2.6136943994888265e-15,10
3,3,50,4,0.0,known_pool,13,2.3262935899175766e-15,1.3019320613865319e-16,2.0317760961033592e-15,2.620811083731794e-15,10
3,3,50,4,0.0,known_pool,14,2.3928049593430177e-15,9.430046993675968e-17,2.17948247582034e-15,2.6061274428656955e-15,10
3,3,50,4,0.0,known_pool,15,2.175452558284326e-15,1.2535868989572678e-16,1.8918715000177086e-15,2.4590336165509433e-15,10
3,3,50,4,0.0,known_pool,16,2.302865176303743e-15,1.2895764381185228e-16,2.0111427186571817e-15,2.594587633950304e-15,10
3,3,50,4,0.0,known_pool,17,2.3464661449114468e-15,1.0207564244992471e-16,2.115554999196121e-15,2.5773772906267726e-15,10
3,3,50,4,0.0,known_pool,18,2.1254047525413064e-15,7.604550422053458e-17,1.9533778704702232e-15,2.2974316346123897e-15,10
3,3,50,4,0.0,known_pool,19,2.121540734216994e-15,9.519644147169617e-17,1.9061914222688965e-15,2.3368900461650915e-15,10
3,3,50,4,0.0,known_pool,20,2.2013279968010915e-15,1.2067512288059668e-16,1.928341903205196e-15,2.474314090396987e-15,10
3,3,50,4,0.0,known_pool,21,2.3663068046014227e-15,1.9040013333336523e-16,1.9355917791836174e-15,2.797021830019228e-15,10
3,3,50,4,0.0,known_pool,22,1.956081616456251e-15,1.1229714883342837e-16,1.702047816860895e-15,2.2101154160516073e-15,10
3,3,50,4,0.0,known_pool,23,2.2646535568286095e-15,9.675621770343672e-17,2.0457757859055175e-15,2.4835313277517016e-15,10
3,3,50,4,0.0,known_pool,24,2.408171922837204e-15,1.2638193346624522e-16,2.122276126798251e-15,2.694067718876157e-15,10
3,3,50,4,0.0,known_pool,25,2.201069548120605e-15,9.215394045767571e-17,1.9926028516341943e-15,2.4095362446070155e-15,10
3,3,50,4,0.0,known_pool,26,2.3734434239715683e-15,1.56094518923017e-16,2.0203330899163256e-15,2.726553758026811e-15,10
3,3,50,4,0.0,known_pool,27,2.1198204835133464e-15,4.9603816946106016e-17,2.0076088537065818e-15,2.232032113320111e-15,10
3,3,50,4,0.0,known_pool,28,2.0936012316511676e-15,8.124300300860647e-17,1.9098167904680124e-15,2.277385672834323e-15,10
3,3,50,4,0.0,known_pool,29,2.23293848342548e-15,1.614227486845107e-16,1.8677748562502395e-15,2.5981021106007205e-15,10
3,3,50,4,0.0,known_pool,30,2.3286697005991573e-15,1.997723177581754e-16,1.8767533210537018e-15,2.7805860801446128e-15,10
3,3,50,4,0.0,known_pool,31,2.414808457958109e-15,1.8214945034526537e-16,2.002757774159811e-15,2.826859141756407e-15,10
3,3,50,4,0.0,known_pool,32,2.3380141818151417e-15,9.772717671942707e-17,2.1169399489992436e-15,2.5590884146310397e-15,10
3,3,50,4,0.0,known_pool,33,2.268896179446145e-15,1.0473363805535947e-16,2.031972229933299e-15,2.505820128958991e-15,10
3,3,50,4,0.0,known_pool,34,2.2478973301925055e-15,1.3897303019854637e-16,1.9335184944930928e-15,2.5622761658919183e-15,10
3,3,50,4,0.0,known_pool,35,2.0902501385421507e-15,1.33389371731237e-16,1.7885024158391805e-15,2.391997861245121e-15,10
3,3,50,4,0.0,known_pool,36,2.2613987583052028e-15,1.1878859126695778e-16,1.992680295711946e-15,2.5301172208984596e-15,10
3,3,50,4,0.0,known_pool,37,2.547674770657439e-15,1.190075076408993e-16,2.2784610848208163e-15,2.8168884564940613e-15,10
3,3,50,4,0.0,known_pool,38,2.1937759341402993e-15,1.3320102438843417e-16,1.8924542827279443e-15,2.495097585552654e-15,10
3,3,50,4,0.0,known_pool,39,2.1093380256987296e-15,1.3940137532325267e-16,1.793990206007313e-15,2.4246858453901465e-15,10
3,3,50,4,0.0,known_pool,40,2.089381222642736e-15,1.2984099953983732e-16,1.7956604755088145e-15,2.3831019697766574e-15,10
3,3,50,4,0.0,known_pool,41,2.456818626315552e-15,1.5368489523149872e-16,2.1091592397537254e-15,2.8044780128773786e-15,10
3,3,50,4,0.0,known_pool,42,2.354842512395616e-15,1.3673661899492763e-16,2.0455227903194315e-15,2.6641622344718007e-15,10
3,3,50,4,0.0,known_pool,43,2.179021466901839e-15,1.333491780951913e-16,1.8773646685205483e-15,2.4806782652831295e-15,10
3,3,50,4,0.0,known_pool,44,2.2862983119335963e-15,1.504232321986349e-16,1.946017319764197e-15,2.6265793041029956e-15,10
3,3,50,4,0.0,known_pool,45,2.484120207695759e-15,1.3268235428926387e-16,2.1839718695633717e-15,2.7842685458281466e-15,10
3,3,50,4,0.0,known_pool,46,2.147515333500499e-15,1.328148677372854e-16,1.8470672291225026e-15,2.4479634378784957e-15,10
3,3,50,4,0.0,known_pool,47,2.122018710721092e-15,1.2276415171782495e-16,1.8443069055777688e-15,2.3997305158644156e-15,10
3,3,50,4,0.0,known_pool,48,2.253261274852355e-15,1.0155058046453472e-16,2.0235379018681924e-15,2.4829846478365173e-15,10
3,3,50,4,0.0,known_pool,49,2.1280168127970803e-15,7.774070198748398e-17,1.952155126955133e-15,2.3038784986390277e-15,10
3,3,50,4,0.0,ridge_current,0,0.2529594994106814,0.009162925497692105,0.2322315218638909,0.2736874769574719,10
3,3,50,4,0.0,ridge_current,1,0.25078191257797494,0.011764140292326652,0.22416957835152523,0.27739424680442465,10
3,3,50,4,0.0,ridge_current,2,0.2350947570960918,0.00933151457266702,0.21398540456577725,0.25620410962640633,10
3,3,50,4,0.0,ridge_current,3,0.24822967302842244,0.009273863506219006,0.22725073627101625,0.26920860978582867,10
3,3,50,4,0.0,ridge_current,4,0.2461921234512153,0.010082673616622887,0.22338353110921536,0.2690007157932153,10
3,3,50,4,0.0,ridge_current,5,0.24327698958817462,0.013829333358134462,0.2119928640753466,0.2745611151010027,10
3,3,50,4,0.0,ridge_current,6,0.2618370790231596,0.014896215996146659,0.22813949730888725,0.29553466073743195,10
3,3,50,4,0.0,ridge_current,7,0.22183651652075248,0.014089393289589393,0.18996409457122687,0.2537089384702781,10
3,3,50,4,0.0,ridge_current,8,0.2503344316056537,0.014140014559439706,0.2183474963879463,0.2823213668233612,10
3,3,50,4,0.0,ridge_current,9,0.24672715031768605,0.015133811291875637,0.21249209070333322,0.28096220993203885,10
3,3,50,4,0.0,ridge_current,10,0.25802142142716444,0.010304581908226989,0.23471083765382797,0.28133200520050095,10
3,3,50,4,0.0,ridge_current,11,0.2465113891705923,0.011232571865613862,0.2211015462681483,0.27192123207303626,10
3,3,50,4,0.0,ridge_current,12,0.2578645465284656,0.014313252088565912,0.22548572079337983,0.29024337226355135,10
3,3,50,4,0.0,ridge_current,13,0.23940072809092605,0.01474315308445818,0.20604939873868852,0.27275205744316355,10
3,3,50,4,0.0,ridge_current,14,0.24824472966797168,0.015162449839159702,0.21394488515874807,0.2825445741771953,10
3,3,50,4,0.0,ridge_current,15,0.26299108521069964,0.01559535742164933,0.22771193571291745,0.2982702347084818,10
3,3,50,4,0.0,ridge_current,16,0.238986579090797,0.008507287725890563,0.21974175722568842,0.2582314009559056,10
3,3,50,4,0.0,ridge_current,17,0.26100185369103573,0.01131538218299716,0.23540468083596952,0.2865990265461019,10
3,3,50,4,0.0,ridge_current,18,0.2431198457054271,0.009226214939060961,0.22224869749551454,0.26399099391533964,10
3,3,50,4,0.0,ridge_current,19,0.2598010930879405,0.014278961029038665,0.2274998391187843,0.29210234705709676,10
3,3,50,4,0.0,ridge_current,20,0.2602301301415165,0.008579099311621596,0.2408228591833746,0.27963740109965846,10
3,3,50,4,0.0,ridge_current,21,0.2357574509863966,0.009644898628549423,0.21393917446936095,0.2575757275034323,10
3,3,50,4,0.0,ridge_current,22,0.25534565255643005,0.0127366670671566,0.22653330992028575,0.28415799519257434,10
3,3,50,4,0.0,ridge_current,23,0.22969752926277048,0.012845830265319854,0.2006382423159872,0.25875681620955376,10
3,3,50,4,0.0,ridge_current,24,0.23614548940698565,0.014417315691870852,0.20353125544629705,0.2687597233676743,10
3,3,50,4,0.0,ridge_current,25,0.24562544808499162,0.013745062591234956,0.21453195629111982,0.2767189398788634,10
3,3,50,4,0.0,ridge_current,26,0.2437302958107423,0.007970163019196558,0.22570053444819743,0.26176005717328715,10
3,3,50,4,0.0,ridge_current,27,0.23470890733987776,0.011563078703917708,0.20855140602581093,0.2608664086539446,10
3,3,50,4,0.0,ridge_current,28,0.24298246539557766,0.012813037534497262,0.21399736075971243,0.2719675700314429,10
3,3,50,4,0.0,ridge_current,29,0.25024903208298255,0.01189067664851757,0.22335045273202117,0.27714761143394395,10
3,3,50,4,0.0,ridge_current,30,0.2526528548141464,0.009152640927806691,0.2319481425807885,0.2733575670475043,10
3,3,50,4,0.0,ridge_current,31,0.27783886784183337,0.01420366297755738,0.24570794989918027,0.3099697857844865,10
3,3,50,4,0.0,ridge_current,32,0.24509350010790495,0.007812502427756825,0.2274203917815765,0.26276660843423344,10
3,3,50,4,0.0,ridge_current,33,0.26609091907524574,0.009187724375450197,0.2453068425695054,0.28687499558098606,10
3,3,50,4,0.0,ridge_current,34,0.2547059111377026,0.011165073407213377,0.22944876035640707,0.27996306191899806,10
3,3,50,4,0.0,ridge_current,35,0.24593962564558733,0.010939122662142716,0.221193610960693,0.27068564033048165,10
3,3,50,4,0.0,ridge_current,36,0.2590943451107244,0.01402513496309511,0.22736728559474723,0.29082140462670153,10
3,3,50,4,0.0,ridge_current,37,0.24621975679227273,0.00955959298434297,0.2245944550493058,0.26784505853523966,10
3,3,50,4,0.0,ridge_current,38,0.24869291444253597,0.007756450454571336,0.23114660448883803,0.26623922439623393,10
3,3,50,4,0.0,ridge_current,39,0.2556293246518643,0.010196456183992118,0.23256333826008846,0.2786953110436401,10
3,3,50,4,0.0,ridge_current,40,0.24572753227103408,0.009586665782155914,0.22404098760457763,0.26741407693749053,10
3,3,50,4,0.0,ridge_current,41,0.24976206862336836,0.013953208786075706,0.21819771742392835,0.28132641982280837,10
3,3,50,4,0.0,ridge_current,42,0.23446729955998308,0.006213093981577599,0.22041230450641888,0.24852229461354727,10
3,3,50,4,0.0,ridge_current,43,0.2281711929901995,0.011921201963335798,0.2012035605796754,0.2551388254007236,10
3,3,50,4,0.0,ridge_current,44,0.23373400110215656,0.01303780422956904,0.2042404388770762,0.2632275633272369,10
3,3,50,4,0.0,ridge_current,45,0.2602880700922371,0.017016487912371734,0.2217941000755963,0.2987820401088779,10
3,3,50,4,0.0,ridge_current,46,0.2431574730647168,0.01719553099411706,0.20425847945825637,0.28205646667117723,10
3,3,50,4,0.0,ridge_current,47,0.23419826871675106,0.01336179978603629,0.20397177762289354,0.2644247598106086,10
3,3,50,4,0.0,ridge_current,48,0.26364444744274096,0.012009503276019446,0.23647706358524506,0.29081183130023686,10
3,3,50,4,0.0,ridge_current,49,0.2483756467853783,0.013250120638480878,0.21840179147509844,0.2783495020956581,10
3,3,50,4,0.0,ridge_history,1,1.1409777968547243,0.07536144995371113,0.9704983530430782,1.3114572406663705,10
3,3,50,4,0.0,ridge_history,2,1.1969309659552838,0.08792496949835577,0.9980308664157647,1.395831065494803,10
3,3,50,4,0.0,ridge_history,3,1.1596618308665372,0.09677245921652726,0.9407473190882729,1.3785763426448014,10
3,3,50,4,0.0,ridge_history,4,1.0925248259955875,0.10710995297248217,0.8502252786719081,1.3348243733192668,10
3,3,50,4,0.0,ridge_history,5,1.0771840722242683,0.0848101315843749,0.8853302255828163,1.2690379188657201,10
3,3,50,4,0.0,ridge_history,6,1.0312434758886506,0.07126188631891432,0.8700378893178071,1.1924490624594941,10
3,3,50,4,0.0,ridge_history,7,0.9415057823989208,0.08006454934249917,0.760387188617576,1.1226243761802657,10
3,3,50,4,0.0,ridge_history,8,0.9611780191356105,0.10056555505129093,0.7336829284455555,1.1886731098256655,10
3,3,50,4,0.0,ridge_history,9,0.9442558483527878,0.10080632502357095,0.7162160981453528,1.1722955985602228,10
3,3,50,4,0.0,ridge_history,10,0.8390839950820388,0.06826262371835881,0.6846632118861548,0.9935047782779228,10
3,3,50,4,0.0,ridge_history,11,0.8769634895573013,0.0747177078198313,0.7079402916248065,1.045986687489796,10
3,3,50,4,0.0,ridge_history,12,0.9030084622632367,0.09243787813925419,0.6938994541166552,1.1121174704098182,10
3,3,50,4,0.0,ridge_history,13,0.9153827665438925,0.06486228874614068,0.7686540754613249,1.06211145762646,10
3,3,50,4,0.0,ridge_history,14,0.9243778931161373,0.06540434894471925,0.7764229766726874,1.0723328095595872,10
3,3,50,4,0.0,ridge_history,15,0.8657333999303891,0.07285395061386774,0.7009263137110815,1.0305404861496967,10
3,3,50,4,0.0,ridge_history,16,0.8410669787257351,0.06777012391017101,0.6877603074986198,0.9943736499528504,10
3,3,50,4,0.0,ridge_history,17,0.9109227413041079,0.07845575003358853,0.7334435044029202,1.0884019782052956,10
3,3,50,4,0.0,ridge_history,18,0.8720570895790078,0.07115113047102745,0.7111020501427835,1.033012129015232,10
3,3,50,4,0.0,ridge_history,19,0.8038787277432359,0.07129525527674413,0.6425976553454227,0.9651598001410491,10
3,3,50,4,0.0,ridge_history,20,0.8937940942701905,0.08210556952068353,0.7080583920733503,1.0795297964670307,10
3,3,50,4,0.0,ridge_history,21,0.8236055060870726,0.07250578519431383,0.6595860247654475,0.9876249874086978,10
3,3,50,4,0.0,ridge_history,22,0.8007722639147723,0.08002321296113342,0.6197471795246182,0.9817973483049264,10
3,3,50,4,0.0,ridge_history,23,0.825246239999329,0.07868193880210307,0.6472553285553015,1.0032371514433565,10
3,3,50,4,0.0,ridge_history,24,0.8116030979197225,0.07788273332044855,0.6354201148805674,0.9877860809588777,10
3,3,50,4,0.0,ridge_history,25,0.800769265188341,0.06847778454401289,0.6458617543895501,0.955676775987132,10
3,3,50,4,0.0,ridge_history,26,0.8235953412174618,0.06474883569088874,0.6771232987764738,0.9700673836584498,10
3,3,50,4,0.0,ridge_history,27,0.8075049889079378,0.0659651792150144,0.6582813862514256,0.9567285915644499,10
3,3,50,4,0.0,ridge_history,28,0.7684980410618576,0.04981763411782909,0.6558027232085503,0.8811933589151649,10
3,3,50,4,0.0,ridge_history,29,0.7991506395922883,0.0715649397630162,0.6372594985021591,0.9610417806824174,10
3,3,50,4,0.0,ridge_history,30,0.7805988185659241,0.07001413215628145,0.6222158480114919,0.9389817891203562,10
3,3,50,4,0.0,ridge_history,31,0.8599503900666395,0.061292729351843496,0.7212966033359149,0.9986041767973641,10
3,3,50,4,0.0,ridge_history,32,0.8194344045106744,0.07881354786057002,0.6411457726923468,0.9977230363290019,10
3,3,50,4,0.0,ridge_history,33,0.8441945200016814,0.07811908442668,0.6674768736146295,1.0209121663887333,10
3,3,50,4,0.0,ridge_history,34,0.7814197488151258,0.056600510096042736,0.6533804994833305,0.909458998146921,10
3,3,50,4,0.0,ridge_history,35,0.8068069829243374,0.05649479477340514,0.6790068782668643,0.9346070875818104,10
3,3,50,4,0.0,ridge_history,36,0.8513302737096998,0.07007045387666147,0.6928198945720888,1.0098406528473107,10
3,3,50,4,0.0,ridge_history,37,0.7727187546357742,0.07432311334066237,0.6045881914307321,0.9408493178408164,10
3,3,50,4,0.0,ridge_history,38,0.8166439820789577,0.08320835698950853,0.6284136013104709,1.0048743628474446,10
3,3,50,4,0.0,ridge_history,39,0.7883939362888839,0.06235895988730537,0.6473281685151702,0.9294597040625976,10
3,3,50,4,0.0,ridge_history,40,0.7676753242666697,0.07112603913185252,0.6067770453830841,0.9285736031502554,10
3,3,50,4,0.0,ridge_history,41,0.8084750453682965,0.07250048509081784,0.6444675537137585,0.9724825370228345,10
3,3,50,4,0.0,ridge_history,42,0.8189876884847539,0.06726394935518289,0.6668260636528313,0.9711493133166765,10
3,3,50,4,0.0,ridge_history,43,0.7921970261097793,0.07306230406924517,0.6269186116289959,0.9574754405905627,10
3,3,50,4,0.0,ridge_history,44,0.8014150134759317,0.05803865671228517,0.6701224504750497,0.9327075764768137,10
3,3,50,4,0.0,ridge_history,45,0.8300440904464308,0.0856590740237593,0.636269802584922,1.0238183783079395,10
3,3,50,4,0.0,ridge_history,46,0.7761248812482437,0.07026898956794214,0.6171653831745311,0.9350843793219564,10
3,3,50,4,0.0,ridge_history,47,0.727356171997356,0.061535862992124296,0.5881523787607531,0.866559965233959,10
3,3,50,4,0.0,ridge_history,48,0.7913704447619049,0.06971161617595655,0.6336718128992256,0.9490690766245842,10
3,3,50,4,0.0,ridge_history,49,0.8408229279081517,0.07486811182044328,0.671459492488359,1.0101863633279444,10
3,3,50,4,0.0,transformer,0,0.30012048802061475,0.010408208705780572,0.2765754841449346,0.3236654918962949,10
3,3,50,4,0.0,transformer,1,0.20233209452994205,0.015039752312124786,0.1683098111103581,0.23635437794952602,10
3,3,50,4,0.0,transformer,2,0.1506331038205167,0.017914047786478073,0.110108712305626,0.1911574953354074,10
3,3,50,4,0.0,transformer,3,0.10720030395801672,0.007771567120637889,0.0896197977298987,0.12478081018613474,10
3,3,50,4,0.0,transformer,4,0.08238208577630483,0.007319614645990583,0.06582396707595459,0.09894020447665508,10
3,3,50,4,0.0,transformer,5,0.0524658561054037,0.0064404111440242735,0.03789663390458381,0.06703507830622359,10
3,3,50,4,0.0,transformer,6,0.05841589870379671,0.007238965310612116,0.04204022147514778,0.07479157593244565,10
3,3,50,4,0.0,transformer,7,0.03279014968785229,0.003278219017486421,0.025374303056224085,0.040205996319480485,10
3,3,50,4,0.0,transformer,8,0.031160372492228437,0.005335678972199299,0.019090228086876028,0.04323051689758085,10
3,3,50,4,0.0,transformer,9,0.026033577056585495,0.008481853044156176,0.006846292438945842,0.04522086167422515,10
3,3,50,4,0.0,transformer,10,0.016662895731924265,0.002549029494645903,0.010896590402427147,0.022429201061421385,10
3,3,50,4,0.0,transformer,11,0.018189403495784132,0.0026201280495339475,0.012262262061082423,0.02411654493048584,10
3,3,50,4,0.0,transformer,12,0.012760733986911858,0.002660049863994743,0.006743283133675759,0.018778184840147955,10
3,3,50,4,0.0,transformer,13,0.01311125295812422,0.0023957337002791395,0.007691726807880716,0.018530779108367722,10
3,3,50,4,0.0,transformer,14,0.013292714206750208,0.0024309781992994193,0.007793459460598744,0.018791968952901673,10
3,3,50,4,0.0,transformer,15,0.012339389345887297,0.0039343301108232115,0.003439316304875914,0.02123946238689868,10
3,3,50,4,0.0,transformer,16,0.01041647830157946,0.0040492377878136795,0.0012564660360035868,0.01957649056715533,10
3,3,50,4,0.0,transformer,17,0.006972208415649157,0.0007599615352336048,0.005253055985269338,0.008691360846028976,10
3,3,50,4,0.0,transformer,18,0.00800999512622139,0.0015481798570438287,0.004507768973309792,0.011512221279132987,10
3,3,50,4,0.0,transformer,19,0.01164412803294329,0.003843149769381616,0.0029503192544303985,0.02033793681145618,10
3,3,50,4,0.0,transformer,20,0.008081363702472205,0.0021796401721094305,0.0031506750748121447,0.013012052330132265,10
3,3,50,4,0.0,transformer,21,0.005674956690054285,0.0008664253340645326,0.0037149664145703747,0.007634946965538195,10
3,3,50,4,0.0,transformer,22,0.006332446447975218,0.0007250636130859376,0.004692238602148518,0.007972654293801918,10
3,3,50,4,0.0,transformer,23,0.006074886189761966,0.0011377335540776676,0.003501154081049312,0.00864861829847462,10
3,3,50,4,0.0,transformer,24,0.008642199939201558,0.002865895095057568,0.0021590948220888383,0.015125305056314278,10
3,3,50,4,0.0,transformer,25,0.006351430066832919,0.0017836529530624728,0.0023165267631164764,0.010386333370549363,10
3,3,50,4,0.0,transformer,26,0.005043252286147389,0.0003214357433104109,0.0043161141170383775,0.0057703904552564,10
3,3,50,4,0.0,transformer,27,0.007902156857928175,0.0018964710850821519,0.0036120412087699014,0.01219227250708645,10
3,3,50,4,0.0,transformer,28,0.005199315425018431,0.0006843021764488867,0.0036513163550461816,0.006747314494990681,10
3,3,50,4,0.0,transformer,29,0.0053783261404005385,0.0009188246199401589,0.00329980044504757,0.007456851835753507,10
3,3,50,4,0.0,transformer,30,0.005506481517814541,0.0006073553149484556,0.004132548341740332,0.00688041469388875,10
3,3,50,4,0.0,transformer,31,0.005148624944738676,0.0004892239513620214,0.004041923478952639,0.0062553264105247135,10
3,3,50,4,0.0,transformer,32,0.006044073406964461,0.0007878321977976859,0.004261873157633374,0.007826273656295547,10
3,3,50,4,0.0,transformer,33,0.004296478924294028,0.0004917984461578583,0.0031839535466650012,0.0054090043019230545,10
3,3,50,4,0.0,transformer,34,0.004720686606786284,0.0004441756955147589,0.0037158913756366978,0.005725481837935871,10
3,3,50,4,0.0,transformer,35,0.005381555594877439,0.0011761921764003023,0.002720824038206285,0.008042287151548592,10
3,3,50,4,0.0,transformer,36,0.004686944888928671,0.0007060481179827834,0.0030897530815537258,0.006284136696303616,10
3,3,50,4,0.0,transformer,37,0.004289929757535258,0.0002704722465911336,0.0036780790275710027,0.0049017804874995135,10
3,3,50,4,0.0,transformer,38,0.004483036569197795,0.00026830161073090723,0.003876096158692577,0.005089976979703013,10
3,3,50,4,0.0,transformer,39,0.004354097865644264,0.0005001632017870072,0.003222650096153702,0.005485545635134826,10
3,3,50,4,0.0,transformer,40,0.0037065024123326207,0.0003523849616901816,0.0029093522471828055,0.004503652577482436,10
3,3,50,4,0.0,transformer,41,0.0056232129157207655,0.001190652932215973,0.0029297688567017166,0.008316656974739815,10
3,3,50,4,0.0,transformer,42,0.004753252562163081,0.000811903105787538,0.002916600135907693,0.006589904988418469,10
3,3,50,4,0.0,transformer,43,0.005498430573712884,0.000855180612060954,0.0035638776266530437,0.007432983520772724,10
3,3,50,4,0.0,transformer,44,0.00591397067192823,0.001885328974321306,0.001649060228436295,0.010178881115420165,10
3,3,50,4,0.0,transformer,45,0.008259458001785371,0.003008235551373885,0.00145435640186073,0.015064559601710013,10
3,3,50,4,0.0,transformer,46,0.00417726358512447,0.00043367326514480475,0.003196226502063065,0.005158300668185876,10
3,3,50,4,0.0,transformer,47,0.005666853601892309,0.0009886867636045389,0.0034302887578405257,0.007903418445944093,10
3,3,50,4,0.0,transformer,48,0.006695613904601894,0.0011028932796140177,0.0042006959723210405,0.009190531836882747,10
3,3,50,4,0.0,transformer,49,0.008568780582603163,0.002917618164137392,0.0019686697542896136,0.015168891410916714,10
3,3,50,4,0.2,em_ridge,1,1.0137049973810055,0.051630736530477485,0.8969081569180389,1.1305018378439722,10
3,3,50,4,0.2,em_ridge,2,0.8319658525885663,0.05598135379997329,0.7053272321068162,0.9586044730703163,10
3,3,50,4,0.2,em_ridge,3,0.7047195770328027,0.051401763503002226,0.5884407095440269,0.8209984445215786,10
3,3,50,4,0.2,em_ridge,4,0.4927336921403887,0.03894123705055137,0.40464249381826106,0.5808248904625163,10
3,3,50,4,0.2,em_ridge,5,0.4564624855818214,0.0350029478814409,0.3772803163127676,0.5356446548508752,10
3,3,50,4,0.2,em_ridge,6,0.4085477692725873,0.03246102577503846,0.3351158273038069,0.4819797112413677,10
3,3,50,4,0.2,em_ridge,7,0.32944736163849686,0.02275383779936183,0.27797460447952194,0.3809201187974718,10
3,3,50,4,0.2,em_ridge,8,0.3073722168005908,0.01853407518129541,0.26544522587338293,0.34929920772779866,10
3,3,50,4,0.2,em_ridge,9,0.25595237961494605,0.016884578351839225,0.21775680975550543,0.29414794947438666,10
3,3,50,4,0.2,em_ridge,10,0.18169925419256958,0.005621936137212502,0.16898155109098023,0.19441695729415892,10
3,3,50,4,0.2,em_ridge,11,0.15937921298532248,0.01058845890045815,0.13542645484065668,0.18333197112998828,10
3,3,50,4,0.2,em_ridge,12,0.1484389303492258,0.015742377742576686,0.11282719777938092,0.18405066291907068,10
3,3,50,4,0.2,em_ridge,13,0.14737206485095128,0.015643077827218615,0.11198496429589891,0.18275916540600365,10
3,3,50,4,0.2,em_ridge,14,0.12895612059763886,0.012709932134557277,0.10020425658077103,0.1577079846145067,10
3,3,50,4,0.2,em_ridge,15,0.12051252546568494,0.009846674592857237,0.09823780000570985,0.14278725092566003,10
3,3,50,4,0.2,em_ridge,16,0.10204388955209225,0.006729955230255223,0.08681967312265915,0.11726810598152534,10
3,3,50,4,0.2,em_ridge,17,0.10160663963067802,0.007350070120911797,0.08497962585958833,0.11823365340176771,10
3,3,50,4,0.2,em_ridge,18,0.09064479932994815,0.007130109303884154,0.07451537149663248,0.10677422716326382,10
3,3,50,4,0.2,em_ridge,19,0.09735639506095418,0.005538566569272005,0.08482728702464083,0.10988550309726754,10
3,3,50,4,0.2,em_ridge,20,0.08864849011868396,0.01622883827627879,0.05193630736810622,0.1253606728692617,10
3,3,50,4,0.2,em_ridge,21,0.073766284397319,0.007101141146064298,0.057702387089708596,0.0898301817049294,10
3,3,50,4,0.2,em_ridge,22,0.08243782149717933,0.010795498181235775,0.05801670796052183,0.10685893503383684,10
3,3,50,4,0.2,em_ridge,23,0.07798833795424653,0.004863685156669154,0.0669859177394921,0.08899075816900097,10
3,3,50,4,0.2,em_ridge,24,0.07195388115885222,0.007126849707852812,0.055831827044046684,0.08807593527365776,10
3,3,50,4,0.2,em_ridge,25,0.06871111213925943,0.0033244918849442274,0.06119058900906834,0.07623163526945052,10
3,3,50,4,0.2,em_ridge,26,0.0666638396219457,0.004186695737141744,0.0571928758717138,0.07613480337217761,10
3,3,50,4,0.2,em_ridge,27,0.07013900649807706,0.006077382669448164,0.05639101176131922,0.08388700123483489,10
3,3,50,4,0.2,em_ridge,28,0.0696250961717306,0.003453916136952095,0.06181179504282011,0.07743839730064109,10
3,3,50,4,0.2,em_ridge,29,0.05854493780239743,0.0030138330571898055,0.0517271737645975,0.06536270184019737,10
3,3,50,4,0.2,em_ridge,30,0.070709723035364,0.004764503863852647,0.059931666492570014,0.08148777957815799,10
3,3,50,4,0.2,em_ridge,31,0.0616011788567535,0.0047694965591133535,0.05081182805261383,0.07239052966089317,10
3,3,50,4,0.2,em_ridge,32,0.05549923816955125,0.0029772846524725328,0.04876415236727134,0.06223432397183115,10
3,3,50,4,0.2,em_ridge,33,0.05537912868504576,0.0027597244591533805,0.04913619823242254,0.06162205913766899,10
3,3,50,4,0.2,em_ridge,34,0.05982634049762555,0.005581028457790907,0.04720117699605323,0.07245150399919786,10
3,3,50,4,0.2,em_ridge,35,0.055508895468057776,0.003877035855072092,0.04673843103808098,0.06427935989803457,10
3,3,50,4,0.2,em_ridge,36,0.06509614959866547,0.0079738718628737,0.04705799824883067,0.08313430094850027,10
3,3,50,4,0.2,em_ridge,37,0.056523866517523294,0.004082118002065939,0.04728947403976233,0.06575825899528426,10
3,3,50,4,0.2,em_ridge,38,0.05641842812022566,0.0034126755481781925,0.04869841968460807,0.06413843655584325,10
3,3,50,4,0.2,em_ridge,39,0.06413894635293813,0.007096526847730633,0.048085487313354505,0.08019240539252175,10
3,3,50,4,0.2,em_ridge,40,0.05361474987804451,0.0023619774146714603,0.04827158575107788,0.05895791400501114,10
3,3,50,4,0.2,em_ridge,41,0.05855542918521267,0.004545480522173496,0.048272837863618176,0.06883802050680717,10
3,3,50,4,0.2,em_ridge,42,0.05808694871519504,0.0052957969698704385,0.0461070236670776,0.07006687376331248,10
3,3,50,4,0.2,em_ridge,43,0.05242981927266312,0.003438547664519783,0.04465128404374665,0.06020835450157958,10
3,3,50,4,0.2,em_ridge,44,0.05537306981473474,0.004236025232977273,0.04579051499216127,0.06495562463730821,10
3,3,50,4,0.2,em_ridge,45,0.05991861242012932,0.004758243541212993,0.04915471771103606,0.0706825071292226,10
3,3,50,4,0.2,em_ridge,46,0.06812137482518901,0.006569460228058373,0.05326022331456884,0.08298252633580919,10
3,3,50,4,0.2,em_ridge,47,0.054290786903956244,0.003544583445370078,0.04627238207387638,0.06230919173403611,10
3,3,50,4,0.2,em_ridge,48,0.05886580632987433,0.004358447372265857,0.04900631338802411,0.06872529927172455,10
3,3,50,4,0.2,em_ridge,49,0.06110350365373922,0.004412459502364377,0.05112182678490864,0.07108518052256979,10
3,3,50,4,0.2,known_pool,0,0.06033360579773898,0.007871287857928075,0.04252751558948044,0.07813969600599752,10
3,3,50,4,0.2,known_pool,1,0.050433131721762704,0.0024582514658912772,0.04487218056023756,0.055994082883287846,10
3,3,50,4,0.2,known_pool,2,0.05489659505618938,0.005072215385262384,0.04342244669116282,0.06637074342121593,10
3,3,50,4,0.2,known_pool,3,0.05671059098922843,0.007491695491076583,0.03976319837258652,0.07365798360587034,10
3,3,50,4,0.2,known_pool,4,0.04904607264042221,0.0038968149021072615,0.040230864897521486,0.05786128038332294,10
3,3,50,4,0.2,known_pool,5,0.059009909310403307,0.007713163810892868,0.04156152054775611,0.0764582980730505,10
3,3,50,4,0.2,known_pool,6,0.04600232128660465,0.0027757566378257136,0.03972312352616255,0.05228151904704675,10
3,3,50,4,0.2,known_pool,7,0.05297500970195701,0.0032006693640291243,0.04573459257436975,0.06021542682954427,10
3,3,50,4,0.2,known_pool,8,0.05997803808277334,0.003163051539252243,0.052822718386953994,0.0671333577785927,10
3,3,50,4,0.2,known_pool,9,0.05525236316726477,0.006224213963463581,0.04117221296702703,0.06933251336750251,10
3,3,50,4,0.2,known_pool,10,0.04530414652150165,0.0017815451070773666,0.04127401149667849,0.04933428154632481,10
3,3,50,4,0.2,known_pool,11,0.055191481063534706,0.006052787768546174,0.04149912385802061,0.0688838382690488,10
3,3,50,4,0.2,known_pool,12,0.05290071588598155,0.0031145683466496945,0.045855072791583386,0.05994635898037972,10
3,3,50,4,0.2,known_pool,13,0.05229008042202974,0.003018705458897508,0.0454612942458067,0.05911886659825278,10
3,3,50,4,0.2,known_pool,14,0.0515615548854396,0.0032849698964605026,0.044130436704585,0.0589926730662942,10
3,3,50,4,0.2,known_pool,15,0.05152156993373207,0.0037644971333972467,0.043005685779084174,0.06003745408837996,10
3,3,50,4,0.2,known_pool,16,0.05746163924775475,0.0060221891041164636,0.04383850103015238,0.07108477746535712,10
3,3,50,4,0.2,known_pool,17,0.055125934178226754,0.0027224702170924433,0.0489672786761263,0.06128458968032721,10
3,3,50,4,0.2,known_pool,18,0.05060039347651487,0.002191971743471873,0.0456418088963687,0.05555897805666104,10
3,3,50,4,0.2,known_pool,19,0.05154856197086309,0.0024859254050459325,0.045925008009656404,0.05717211593206978,10
3,3,50,4,0.2,known_pool,20,0.048438677961332874,0.001831754836349179,0.044294960637795325,0.05258239528487042,10
3,3,50,4,0.2,known_pool,21,0.04777454087789557,0.003003650029848365,0.040979812448335054,0.05456926930745609,10
3,3,50,4,0.2,known_pool,22,0.05354924486593167,0.0036986305074840106,0.04518236137088276,0.06191612836098058,10
3,3,50,4,0.2,known_pool,23,0.05076053256090194,0.002108832268345802,0.0459900225399235,0.05553104258188038,10
3,3,50,4,0.2,known_pool,24,0.05406045028875729,0.005479404459465944,0.041665176242907984,0.0664557243346066,10
3,3,50,4,0.2,known_pool,25,0.052155299386076735,0.0028114187963510537,0.045795428218285694,0.058515170553867776,10
3,3,50,4,0.2,known_pool,26,0.0493508536141625,0.002613175634503526,0.043439439634920606,0.05526226759340439,10
3,3,50,4,0.2,known_pool,27,0.05466481245530036,0.0031381205616462975,0.04756589054904786,0.06176373436155286,10
3,3,50,4,0.2,known_pool,28,0.053176039875590574,0.0033867239472673235,0.04551473803985959,0.06083734171132156,10
3,3,50,4,0.2,known_pool,29,0.050763290415086836,0.0030268502484641665,0.04391607944480609,0.05761050138536758,10
3,3,50,4,0.2,known_pool,30,0.05706094601761671,0.0037827550697710965,0.0485037595414228,0.06561813249381061,10
3,3,50,4,0.2,known_pool,31,0.05286435347161996,0.004225168357999868,0.04330635860654223,0.06242234833669769,10
3,3,50,4,0.2,known_pool,32,0.048695620668058645,0.002380301305656358,0.0433110050198502,0.05408023631626709,10
3,3,50,4,0.2,known_pool,33,0.04560049257493666,0.001929160208325457,0.04123642899148795,0.04996455615838537,10
3,3,50,4,0.2,known_pool,34,0.047701104470586106,0.004232149975512915,0.038127316089443315,0.0572748928517289,10
3,3,50,4,0.2,known_pool,35,0.049230209082688436,0.0038041722291376023,0.0406245736260268,0.057835844539350076,10
3,3,50,4,0.2,known_pool,36,0.05771127911176503,0.009027604865499583,0.03728941810236322,0.07813314012116684,10
3,3,50,4,0.2,known_pool,37,0.04804834602244862,0.0024877174225693883,0.042420738235965386,0.05367595380893185,10
3,3,50,4,0.2,known_pool,38,0.054248536605263145,0.0035888147554754297,0.046130073600208515,0.062366999610317775,10
3,3,50,4,0.2,known_pool,39,0.0531847973568505,0.004831123967334267,0.04225603566977921,0.0641135590439218,10
3,3,50,4,0.2,known_pool,40,0.0471729006534727,0.0019831880752627603,0.042686617543841066,0.05165918376310434,10
3,3,50,4,0.2,known_pool,41,0.05087125370738179,0.0034770863229585357,0.043005537976233466,0.058736969438530115,10
3,3,50,4,0.2,known_pool,42,0.052664918727974595,0.004450087026815163,0.04259812248518931,0.06273171497075988,10
3,3,50,4,0.2,known_pool,43,0.04955409981467154,0.002948205101693326,0.042884796526477774,0.05622340310286531,10
3,3,50,4,0.2,known_pool,44,0.048338365194873126,0.0024451867670407293,0.04280696843543255,0.0538697619543137,10
3,3,50,4,0.2,known_pool,45,0.054326967351724334,0.0034913521210148337,0.04642898014331992,0.06222495456012875,10
3,3,50,4,0.2,known_pool,46,0.057678256121409956,0.004009441309474007,0.048608269744364316,0.0667482424984556,10
3,3,50,4,0.2,known_pool,47,0.052513828640455805,0.00414014295966769,0.04314817458923498,0.06187948269167663,10
3,3,50,4,0.2,known_pool,48,0.05456961131664713,0.004010029852348236,0.04549829356312294,0.06364092907017133,10
3,3,50,4,0.2,known_pool,49,0.055292484069294844,0.004551817972976554,0.044995556437972324,0.06558941170061736,10
3,3,50,4,0.2,ridge_current,0,0.40143011006626217,0.016245418672297895,0.3646804198540678,0.43817980027845654,10
3,3,50,4,0.2,ridge_current,1,0.3724846321738551,0.01937498082171007,0.3286553805289458,0.4163138838187644,10
3,3,50,4,0.2,ridge_current,2,0.41256065206825515,0.022182385377592158,0.3623806100983849,0.4627406940381254,10
3,3,50,4,0.2,ridge_current,3,0.39162664605337183,0.017625049519773322,0.35175601403754353,0.43149727806920013,10
3,3,50,4,0.2,ridge_current,4,0.38652220183762215,0.02142249675180118,0.33806114736551385,0.43498325630973045,10
3,3,50,4,0.2,ridge_current,5,0.404790527728088,0.024161911155891558,0.35013248733989405,0.45944856811628193,10
3,3,50,4,0.2,ridge_current,6,0.39016627701378565,0.017183526824151606,0.351294438726396,0.4290381153011753,10
3,3,50,4,0.2,ridge_current,7,0.38399333705925504,0.014351447202886657,0.3515281079727247,0.41645856614578536,10
3,3,50,4,0.2,ridge_current,8,0.39740557042381824,0.01122751434333873,0.37200716843161497,0.4228039724160215,10
3,3,50,4,0.2,ridge_current,9,0.4088485570840647,0.020660313214611578,0.3621116815599767,0.4555854326081527,10
3,3,50,4,0.2,ridge_current,10,0.35339429231073355,0.015065234949317358,0.31931436316089745,0.38747422146056965,10
3,3,50,4,0.2,ridge_current,11,0.39352278259729406,0.02140469825955229,0.3451019911119136,0.44194357408267454,10
3,3,50,4,0.2,ridge_current,12,0.4015225443915774,0.016561123865002848,0.36405867941637293,0.4389864093667819,10
3,3,50,4,0.2,ridge_current,13,0.3885141989664322,0.013005051210425894,0.3590947292182098,0.4179336687146546,10
3,3,50,4,0.2,ridge_current,14,0.3905368298807603,0.02882265750724368,0.3253354487498695,0.455738211011651,10
3,3,50,4,0.2,ridge_current,15,0.392538438395779,0.0178301893314089,0.3522037478856842,0.4328731289058738,10
3,3,50,4,0.2,ridge_current,16,0.4028874797014099,0.01831346403943955,0.3614595458489444,0.44431541355387544,10
3,3,50,4,0.2,ridge_current,17,0.3834944552083397,0.013610743128026561,0.35270481515026797,0.4142840952664114,10
3,3,50,4,0.2,ridge_current,18,0.39533901947401845,0.013221615005808885,0.36542964838486763,0.42524839056316927,10
3,3,50,4,0.2,ridge_current,19,0.38051487279866636,0.012079295019562232,0.35318960904861096,0.40784013654872175,10
3,3,50,4,0.2,ridge_current,20,0.40359715880497743,0.014717371334511198,0.37030415182305193,0.43689016578690293,10
3,3,50,4,0.2,ridge_current,21,0.38905802321721267,0.019265817488975896,0.34547571618736295,0.4326403302470624,10
3,3,50,4,0.2,ridge_current,22,0.40172055124637723,0.01712519215651711,0.3629806751452164,0.44046042734753804,10
3,3,50,4,0.2,ridge_current,23,0.38326988857936467,0.01189957234692761,0.35635118576052693,0.4101885913982024,10
3,3,50,4,0.2,ridge_current,24,0.39487168395579963,0.016940915536924006,0.3565486705295876,0.43319469738201166,10
3,3,50,4,0.2,ridge_current,25,0.41853966317284,0.010431494413956913,0.3949419833656179,0.44213734298006213,10
3,3,50,4,0.2,ridge_current,26,0.4138221453248524,0.01684851482329334,0.3757081568348276,0.4519361338148772,10
3,3,50,4,0.2,ridge_current,27,0.3972355656796851,0.013353362346414958,0.36702816140030264,0.42744296995906755,10
3,3,50,4,0.2,ridge_current,28,0.41963781653616683,0.01359742324299844,0.3888783081514191,0.45039732492091455,10
3,3,50,4,0.2,ridge_current,29,0.38052514407205024,0.01591331973320446,0.3445267138536837,0.41652357429041675,10
3,3,50,4,0.2,ridge_current,30,0.38818364158074403,0.023592811835485908,0.33481299329654934,0.4415542898649387,10
3,3,50,4,0.2,ridge_current,31,0.39892590890818064,0.020376171523041046,0.35283180654692853,0.44502001126943275,10
3,3,50,4,0.2,ridge_current,32,0.40620015804196863,0.01786158453170388,0.3657944466546491,0.44660586942928815,10
3,3,50,4,0.2,ridge_current,33,0.39791895320114556,0.010835819505568686,0.37340662649183487,0.42243127991045626,10
3,3,50,4,0.2,ridge_current,34,0.4219699577585937,0.01837638032191025,0.38039969738708046,0.46354021813010693,10
3,3,50,4,0.2,ridge_current,35,0.38813509022641435,0.01789398294481154,0.34765608853682,0.4286140919160087,10
3,3,50,4,0.2,ridge_current,36,0.3951830240708125,0.013117942913598538,0.36550817554763765,0.4248578725939874,10
3,3,50,4,0.2,ridge_current,37,0.3828233357126634,0.01676268016418247,0.34490351871156266,0.42074315271376417,10
3,3,50,4,0.2,ridge_current,38,0.4190783819961501,0.015973701473871352,0.3829433587906318,0.4552134052016684,10
3,3,50,4,0.2,ridge_current,39,0.3813073151957203,0.015576700240619893,0.3460703711736415,0.41654425921779914,10
3,3,50,4,0.2,ridge_current,40,0.37842748043433405,0.01429925576337384,0.3460803165865344,0.4107746442821337,10
3,3,50,4,0.2,ridge_current,41,0.3705770496008425,0.01402978910413386,0.33883946168637785,0.4023146375153071,10
3,3,50,4,0.2,ridge_current,42,0.3867594391715102,0.01645366370584936,0.3495386659650502,0.4239802123779702,10
3,3,50,4,0.2,ridge_current,43,0.38109597879876017,0.011116948368504458,0.35594769441849,0.40624426317903034,10
3,3,50,4,0.2,ridge_current,44,0.3890302227082446,0.015534209062241856,0.3538894004096894,0.4241710450067998,10
3,3,50,4,0.2,ridge_current,45,0.40453615206473154,0.01581492684284402,0.3687603020280623,0.44031200210140076,10
3,3,50,4,0.2,ridge_current,46,0.37303779618320676,0.017403247151074653,0.3336689159844558,0.4124066763819577,10
3,3,50,4,0.2,ridge_current,47,0.3948210477944328,0.012783116099946494,0.36590363014605776,0.4237384654428078,10
3,3,50,4,0.2,ridge_current,48,0.3731255785490141,0.010351613408081207,0.3497086021314053,0.39654255496662294,10
3,3,50,4,0.2,ridge_current,49,0.40357416615935293,0.018985332727624284,0.36062635974145046,0.4465219725772554,10
3,3,50,4,0.2,ridge_history,1,1.1397319686021743,0.055227599079942465,1.014798459759335,1.2646654774450137,10
3,3,50,4,0.2,ridge_history,2,1.1476376782820545,0.08350984999981645,0.958725272940766,1.336550083623343,10
3,3,50,4,0.2,ridge_history,3,1.0801949121332337,0.10852951032325607,0.8346841029804983,1.325705721285969,10
3,3,50,4,0.2,ridge_history,4,0.9701503321752603,0.08911377807502555,0.7685609607988316,1.171739703551689,10
3,3,50,4,0.2,ridge_history,5,0.9580126608834533,0.08666896547027482,0.7619538398525608,1.1540714819143458,10
3,3,50,4,0.2,ridge_history,6,0.9497216524007343,0.07589426299910913,0.7780369017420088,1.1214064030594597,10
3,3,50,4,0.2,ridge_history,7,0.8329237464652717,0.0623456886995862,0.6918880002039156,0.9739594927266277,10
3,3,50,4,0.2,ridge_history,8,0.8948714092240116,0.06801750136714696,0.7410051313106835,1.04873768713734,10
3,3,50,4,0.2,ridge_history,9,0.8635283444824097,0.06960402887300779,0.7060730920077221,1.0209835969570973,10
3,3,50,4,0.2,ridge_history,10,0.7899911479402204,0.06870511422356433,0.6345693816785155,0.9454129142019253,10
3,3,50,4,0.2,ridge_history,11,0.7712855476074638,0.06731517252568141,0.6190080479134967,0.9235630473014309,10
3,3,50,4,0.2,ridge_history,12,0.7969907343252379,0.06576599314475219,0.6482177218642992,0.9457637467861767,10
3,3,50,4,0.2,ridge_history,13,0.7335796856672306,0.05423860863074323,0.6108834286529863,0.856275942681475,10
3,3,50,4,0.2,ridge_history,14,0.7279568168930485,0.06617697098713217,0.5782541079622184,0.8776595258238785,10
3,3,50,4,0.2,ridge_history,15,0.732611876999002,0.06160745695891169,0.5932461269576178,0.8719776270403862,10
3,3,50,4,0.2,ridge_history,16,0.6982885626177738,0.06090021664696662,0.5605227013138758,0.8360544239216718,10
3,3,50,4,0.2,ridge_history,17,0.7073309134533724,0.07366781631664587,0.5406827351049694,0.8739790918017754,10
3,3,50,4,0.2,ridge_history,18,0.7193749157546041,0.06430573368411709,0.5739052396920848,0.8648445918171234,10
3,3,50,4,0.2,ridge_history,19,0.6988446823327937,0.06301186412824948,0.5563019425538069,0.8413874221117805,10
3,3,50,4,0.2,ridge_history,20,0.702749295180223,0.058472038541303006,0.5704763543706017,0.8350222359898443,10
3,3,50,4,0.2,ridge_history,21,0.7238600466731933,0.05550119627154551,0.5983076179836475,0.849412475362739,10
3,3,50,4,0.2,ridge_history,22,0.7007383057640244,0.054079976472882096,0.5784008996219357,0.8230757119061131,10
3,3,50,4,0.2,ridge_history,23,0.7161866437134686,0.07262624154259152,0.5518946712007826,0.8804786162261546,10
3,3,50,4,0.2,ridge_history,24,0.7097464021846351,0.07066844104870686,0.5498832820825202,0.86960952228675,10
3,3,50,4,0.2,ridge_history,25,0.6829146531819762,0.05686528590467505,0.5542764393581477,0.8115528670058046,10
3,3,50,4,0.2,ridge_history,26,0.6770309614291822,0.04567546101419625,0.573705890131808,0.7803560327265564,10
3,3,50,4,0.2,ridge_history,27,0.7228991331854324,0.06580102228915964,0.5740468792945657,0.8717513870762992,10
3,3,50,4,0.2,ridge_history,28,0.73987912650559,0.06805927152125739,0.5859183579389496,0.8938398950722303,10
3,3,50,4,0.2,ridge_history,29,0.7355905927165225,0.0658988650482615,0.5865170031273255,0.8846641823057195,10
3,3,50,4,0.2,ridge_history,30,0.6789003713955992,0.05502502942420688,0.5544251069504477,0.8033756358407508,10
3,3,50,4,0.2,ridge_history,31,0.7177775622246216,0.05855246496253069,0.5853226842101419,0.8502324402391014,10
3,3,50,4,0.2,ridge_history,32,0.700146001888946,0.06034465555198215,0.5636369070954391,0.836655096682453,10
3,3,50,4,0.2,ridge_history,33,0.7108522219560751,0.06876180619866253,0.5553022095368287,0.8664022343753215,10
3,3,50,4,0.2,ridge_history,34,0.6769067674935856,0.05436066002312851,0.5539344110478274,0.7998791239393438,10
3,3,50,4,0.2,ridge_history,35,0.6526352445936165,0.056741768137496124,0.5242764473715448,0.7809940418156883,10
3,3,50,4,0.2,ridge_history,36,0.6780869708139793,0.07004563007489067,0.519632747017352,0.8365411946106066,10
3,3,50,4,0.2,ridge_history,37,0.7009706567270132,0.06038875164618979,0.5643618096381431,0.8375795038158833,10
3,3,50,4,0.2,ridge_history,38,0.7207915735413233,0.07402500657337997,0.5533353746951676,0.888247772387479,10
3,3,50,4,0.2,ridge_history,39,0.7069766514116503,0.06631475599981018,0.5569622511274646,0.8569910516958361,10
3,3,50,4,0.2,ridge_history,40,0.6528788944145332,0.05144577383079115,0.5365004686475126,0.7692573201815538,10
3,3,50,4,0.2,ridge_history,41,0.6992251723550484,0.05859278301402305,0.5666790885715952,0.8317712561385017,10
3,3,50,4,0.2,ridge_history,42,0.7067781901162314,0.06698297520924947,0.5552521729610932,0.8583042072713697,10
3,3,50,4,0.2,ridge_history,43,0.6474791645547444,0.05426788798946827,0.5247166730294381,0.7702416560800507,10
3,3,50,4,0.2,ridge_history,44,0.6614518317554943,0.05713341276705356,0.5322070728293976,0.7906965906815909,10
3,3,50,4,0.2,ridge_history,45,0.6498030047029901,0.05198991562263581,0.5321936446839702,0.76741236472201,10
3,3,50,4,0.2,ridge_history,46,0.6502081847294227,0.05685240121052694,0.5215991181087518,0.7788172513500935,10
3,3,50,4,0.2,ridge_history,47,0.7197119655976454,0.0642844175313083,0.5742905100228858,0.865133421172405,10
3,3,50,4,0.2,ridge_history,48,0.6646040926455704,0.04966101640147033,0.5522630686811452,0.7769451166099957,10
3,3,50,4,0.2,ridge_history,49,0.6843852987389788,0.053607524063174795,0.5631166541995908,0.8056539432783668,10
3,3,50,4,0.2,transformer,0,0.4372414216370088,0.018191317572854287,0.3960898022888396,0.478393040985178,10
3,3,50,4,0.2,transformer,1,0.3373819839680457,0.020884378396962038,0.29013823778676995,0.38462573014932144,10
3,3,50,4,0.2,transformer,2,0.33768239034748115,0.024616997089114013,0.28199487405575935,0.39336990663920296,10
3,3,50,4,0.2,transformer,3,0.30150971066544674,0.024317177198904607,0.2465004340859115,0.356518987244982,10
3,3,50,4,0.2,transformer,4,0.233754725558354,0.012773141720369393,0.20485987152418378,0.2626495795925242,10
3,3,50,4,0.2,transformer,5,0.253073113291682,0.015033308475457072,0.21906540684337178,0.28708081973999217,10
3,3,50,4,0.2,transformer,6,0.21594202943266488,0.010786017083240543,0.1915423636297485,0.24034169523558127,10
3,3,50,4,0.2,transformer,7,0.2206752305587676,0.015993451173307402,0.1844955304292069,0.25685493068832826,10
3,3,50,4,0.2,transformer,8,0.21026893986110431,0.011024599978704992,0.1853295620522919,0.23520831766991673,10
3,3,50,4,0.2,transformer,9,0.18120508275140274,0.007233174390253803,0.16484250549472157,0.1975676600080839,10
3,3,50,4,0.2,transformer,10,0.17280884224879509,0.008835248062836617,0.15282212255835026,0.1927955619392399,10
3,3,50,4,0.2,transformer,11,0.1602092623594438,0.017244633692032375,0.1211991907331815,0.1992193339857061,10
3,3,50,4,0.2,transformer,12,0.17024700990414263,0.01227950778971755,0.14246883340199673,0.19802518640628852,10
3,3,50,4,0.2,transformer,13,0.153812705324456,0.009236695829210481,0.1329178476938192,0.17470756295509282,10
3,3,50,4,0.2,transformer,14,0.15808720410291355,0.015015652135695445,0.12411943907006392,0.19205496913576317,10
3,3,50,4,0.2,transformer,15,0.1488339746465553,0.01221664455748797,0.12119800465547417,0.1764699446376364,10
3,3,50,4,0.2,transformer,16,0.1488237601119892,0.0075361376984733235,0.13177583223755418,0.1658716879864242,10
3,3,50,4,0.2,transformer,17,0.15801764546069486,0.010311689946853367,0.13469098218686626,0.18134430873452345,10
3,3,50,4,0.2,transformer,18,0.12401620942733393,0.006819642637126795,0.10858910598803352,0.13944331286663436,10
3,3,50,4,0.2,transformer,19,0.14780243345485847,0.011848277936509994,0.12099976665395845,0.17460510025575848,10
3,3,50,4,0.2,transformer,20,0.13195789458223492,0.00897633792192827,0.11165200745644772,0.1522637817080221,10
3,3,50,4,0.2,transformer,21,0.1169249676624294,0.005884304187838714,0.10361374679582658,0.1302361885290322,10
3,3,50,4,0.2,transformer,22,0.12280096118042658,0.008576497421837363,0.10339957610589685,0.1422023462549563,10
3,3,50,4,0.2,transformer,23,0.12283959900032478,0.0072518498582892915,0.1064347748998585,0.13924442310079105,10
3,3,50,4,0.2,transformer,24,0.12805641521581718,0.01296133130963148,0.0987358467543337,0.15737698367730066,10
3,3,50,4,0.2,transformer,25,0.1303369657857589,0.009272848011627347,0.10936032623671701,0.1513136053348008,10
3,3,50,4,0.2,transformer,26,0.12407230049774882,0.012355164949524898,0.09612297560962775,0.15202162538586989,10
3,3,50,4,0.2,transformer,27,0.1144290879932675,0.008722010676914124,0.0946985290664838,0.1341596469200512,10
3,3,50,4,0.2,transformer,28,0.11687136081197151,0.0036801291241386736,0.10854633035377892,0.1251963912701641,10
3,3,50,4,0.2,transformer,29,0.11072700444600217,0.006654318898559141,0.09567388928608314,0.1257801196059212,10
3,3,50,4,0.2,transformer,30,0.10766103203254211,0.008619640730902163,0.08816205001238463,0.12716001405269958,10
3,3,50,4,0.2,transformer,31,0.10041484921561314,0.005880057567806469,0.08711323487093395,0.11371646356029233,10
3,3,50,4,0.2,transformer,32,0.10305066554523101,0.00768122097270068,0.08567453650280038,0.12042679458766165,10
3,3,50,4,0.2,transformer,33,0.0954271833864863,0.004961400705805672,0.08420371524233593,0.10665065153063667,10
3,3,50,4,0.2,transformer,34,0.11276474468736708,0.00836128929163188,0.0938501942260741,0.13167929514866006,10
3,3,50,4,0.2,transformer,35,0.10589123449591271,0.010278919800360529,0.08263870244369885,0.1291437665481266,10
3,3,50,4,0.2,transformer,36,0.1085373118191151,0.014760397808284692,0.07514697219135297,0.14192765144687725,10
3,3,50,4,0.2,transformer,37,0.10233467122390896,0.008303693785776398,0.08355041084873194,0.12111893159908599,10
3,3,50,4,0.2,transformer,38,0.09285959858448045,0.00539629049092544,0.08065234139789362,0.10506685577106728,10
3,3,50,4,0.2,transformer,39,0.09059780589070494,0.007779684553811113,0.07299893675299057,0.10819667502841931,10
3,3,50,4,0.2,transformer,40,0.08894675510190729,0.003162819664646346,0.08179195994288854,0.09610155026092604,10
3,3,50,4,0.2,transformer,41,0.08780791373025512,0.0049580692449485006,0.07659198187414538,0.09902384558636486,10
3,3,50,4,0.2,transformer,42,0.10263028613049492,0.008105074309094277,0.08429533422716559,0.12096523803382425,10
3,3,50,4,0.2,transformer,43,0.0908005261684208,0.0064876703075279285,0.07612439631237326,0.10547665602446833,10
3,3,50,4,0.2,transformer,44,0.09440048461234692,0.005943052490234658,0.08095636585267688,0.10784460337201696,10
3,3,50,4,0.2,transformer,45,0.09681060551168227,0.007357665935805297,0.08016640881352396,0.11345480220984058,10
3,3,50,4,0.2,transformer,46,0.10422308977521125,0.006632510072296325,0.08921930960783488,0.11922686994258762,10
3,3,50,4,0.2,transformer,47,0.09058689358677684,0.006668022854841363,0.07550277792399532,0.10567100924955836,10
3,3,50,4,0.2,transformer,48,0.09119659609105285,0.00460027948974248,0.08079004089245823,0.10160315128964748,10
3,3,50,4,0.2,transformer,49,0.10128212675078203,0.01146199617617944,0.07535329000087208,0.127210963500692,10
4,2,50,4,0.0,em_ridge,1,0.48972222677215776,0.05826659405132957,0.3579140336870873,0.6215304198572282,10
4,2,50,4,0.0,em_ridge,2,0.2953493257442471,0.04272931595686197,0.19868889759096417,0.39200975389753,10
4,2,50,4,0.0,em_ridge,3,0.15287274986152707,0.022088193413466895,0.1029057849179808,0.20283971480507335,10
4,2,50,4,0.0,em_ridge,4,0.08892196690324652,0.015266322668879362,0.05438714572825247,0.12345678807824058,10
4,2,50,4,0.0,em_ridge,5,0.04042196730398079,0.00884589607884134,0.020411160127861296,0.06043277448010028,10
4,2,50,4,0.0,em_ridge,6,0.01465277950967124,0.0048939920097367615,0.003581800430168043,0.025723758589174438,10
4,2,50,4,0.0,em_ridge,7,0.011094414883778476,0.004531604744103176,0.0008432127529351512,0.0213456170146218,10
4,2,50,4,0.0,em_ridge,8,0.00792902729123314,0.0029323688803094736,0.001295548024674512,0.014562506557791767,10
4,2,50,4,0.0,em_ridge,9,0.0024749232797211555,0.0014521988956535548,0.0,0.005760025413331487,10
4,2,50,4,0.0,em_ridge,10,0.0016885557200811846,0.0012447980688042141,0.0,0.00450448458766401,10
4,2,50,4,0.0,em_ridge,11,7.254889921406584e-05,5.2781863929575274e-05,0.0,0.00019194977076819473,10
4,2,50,4,0.0,em_ridge,12,1.1129840763647101e-05,7.1055223957656e-06,0.0,2.7203649146651313e-05,10
4,2,50,4,0.0,em_ridge,13,0.00019105783706747616,0.0001525947101468137,0.0,0.0005362510536312066,10
4,2,50,4,0.0,em_ridge,14,1.07776461351677e-05,9.401523434636242e-06,0.0,3.2045369714045256e-05,10
4,2,50,4,0.0,em_ridge,15,7.29293827564195e-06,5.46595483185478e-06,0.0,1.9657787150053697e-05,10
4,2,50,4,0.0,em_ridge,16,2.5250778098836545e-07,1.0735216475280282e-08,2.2822303414462085e-07,2.7679252783211e-07,10
4,2,50,4,0.0,em_ridge,17,2.1537027948541193e-07,1.7072678785264208e-08,1.7674919688317355e-07,2.539913620876503e-07,10
4,2,50,4,0.0,em_ridge,18,1.7254879242936815e-07,8.505800271415767e-09,1.5330733542005405e-07,1.9179024943868226e-07,10
4,2,50,4,0.0,em_ridge,19,1.399012605746623e-07,7.706845274366514e-09,1.2246716533467658e-07,1.57335355814648e-07,10
4,2,50,4,0.0,em_ridge,20,1.2084322926610954e-07,6.0381460196891835e-09,1.0718399399764818e-07,1.345024645345709e-07,10
4,2,50,4,0.0,em_ridge,21,1.0769789460278263e-07,9.428984745269952e-09,8.63680492233552e-08,1.2902773998221008e-07,10
4,2,50,4,0.0,em_ridge,22,9.674336107826039e-08,5.240670966889449e-09,8.488813971264282e-08,1.0859858244387795e-07,10
4,2,50,4,0.0,em_ridge,23,8.260218489271135e-08,3.094806919657387e-09,7.560124525193094e-08,8.960312453349176e-08,10
4,2,50,4,0.0,em_ridge,24,7.299731946398355e-08,3.4540211890622536e-09,6.51837806906896e-08,8.08108582372775e-08,10
4,2,50,4,0.0,em_ridge,25,6.520003563260205e-08,2.445142754719708e-09,5.966873843594873e-08,7.073133282925538e-08,10
4,2,50,4,0.0,em_ridge,26,6.046285242645668e-08,2.5246939524436784e-09,5.47515979180629e-08,6.617410693485046e-08,10
4,2,50,4,0.0,em_ridge,27,5.501261556832871e-08,2.293598078322113e-09,4.982413624687215e-08,6.020109488978528e-08,10
4,2,50,4,0.0,em_ridge,28,5.2725336058388706e-08,1.7497879142149485e-09,4.876704079486963e-08,5.668363132190778e-08,10
4,2,50,4,0.0,em_ridge,29,4.460571703019275e-08,2.7682329795295635e-09,3.834353896725573e-08,5.086789509312977e-08,10
4,2,50,4,0.0,em_ridge,30,4.449274646850683e-08,2.4928717839946057e-09,3.8853478706405894e-08,5.013201423060777e-08,10
4,2,50,4,0.0,em_ridge,31,4.204694487154272e-08,2.555504806872952e-09,3.626599136810983e-08,4.782789837497561e-08,10
4,2,50,4,0.0,em_ridge,32,3.598196648816201e-08,1.5180964969347415e-09,3.2547793623802216e-08,3.94161393525218e-08,10
4,2,50,4,0.0,em_ridge,33,3.34710423864779e-08,1.0366107853527593e-09,3.112606587335829e-08,3.5816018899597516e-08,10
4,2,50,4,0.0,em_ridge,34,3.072704630749224e-08,1.0668659598435912e-09,2.8313627834686477e-08,3.3140464780298e-08,10
4,2,50,4,0.0,em_ridge,35,2.949722525659599e-08,1.0756833969565145e-09,2.7063860355267706e-08,3.1930590157924275e-08,10
4,2,50,4,0.0,em_ridge,36,2.8333389775222653e-08,1.3376453911632589e-09,2.530742567231868e-08,3.1359353878126627e-08,10
4,2,50,4,0.0,em_ridge,37,2.3264123423655984e-08,7.021786036360252e-10,2.1675685065877108e-08,2.485256178143486e-08,10
4,2,50,4,0.0,em_ridge,38,2.3947847892195243e-08,1.1102201715198865e-09,2.143635537890848e-08,2.6459340405482005e-08,10
4,2,50,4,0.0,em_ridge,39,2.1785989895798914e-08,8.485658260920047e-10,1.986640063419911e-08,2.3705579157398718e-08,10
4,2,50,4,0.0,em_ridge,40,2.048912273206974e-08,1.1626299798091478e-09,1.7859070995560542e-08,2.3119174468578937e-08,10
4,2,50,4,0.0,em_ridge,41,1.937301740765577e-08,7.381823629340147e-10,1.7703132887893286e-08,2.1042901927418257e-08,10
4,2,50,4,0.0,em_ridge,42,1.87083285551676e-08,6.089670118291554e-10,1.733074946745046e-08,2.0085907642884744e-08,10
4,2,50,4,0.0,em_ridge,43,1.7127781271750724e-08,8.84038012904713e-10,1.5127948348672435e-08,1.9127614194829013e-08,10
4,2,50,4,0.0,em_ridge,44,1.634948889222639e-08,4.425132063062974e-10,1.53484544729478e-08,1.735052331150498e-08,10
4,2,50,4,0.0,em_ridge,45,1.5752251953846844e-08,7.607249111915828e-10,1.4031372647075776e-08,1.7473131260617912e-08,10
4,2,50,4,0.0,em_ridge,46,1.5430908351047476e-08,6.099951063542313e-10,1.4051003551936398e-08,1.6810813150158554e-08,10
4,2,50,4,0.0,em_ridge,47,1.3526373070739293e-08,3.159579696998153e-10,1.2811626486439677e-08,1.4241119655038909e-08,10
4,2,50,4,0.0,em_ridge,48,1.3459724785928928e-08,4.916701951678834e-10,1.2347489532195509e-08,1.4571960039662346e-08,10
4,2,50,4,0.0,em_ridge,49,1.411562022029079e-08,4.277955243994368e-10,1.314787951055759e-08,1.508336093002399e-08,10
4,2,50,4,0.0,known_pool,0,2.527896001922659e-15,1.7765344819365038e-16,2.126015981595593e-15,2.9297760222497248e-15,10
4,2,50,4,0.0,known_pool,1,2.1459940306175724e-15,1.1680293556529e-16,1.8817674332926946e-15,2.4102206279424502e-15,10
4,2,50,4,0.0,known_pool,2,2.262707829932433e-15,1.4657209037091547e-16,1.931138725833561e-15,2.594276934031305e-15,10
4,2,50,4,0.0,known_pool,3,2.383645170608678e-15,1.0863787715186156e-16,2.137889218658403e-15,2.629401122558953e-15,10
4,2,50,4,0.0,known_pool,4,2.3687224658841004e-15,1.2974330835034626e-16,2.0752227115742285e-15,2.6622222201939723e-15,10
4,2,50,4,0.0,known_pool,5,2.1738290835153707e-15,9.634445370946898e-17,1.9558827874606154e-15,2.391775379570126e-15,10
4,2,50,4,0.0,known_pool,6,2.212335657634164e-15,7.286728939659622e-17,2.0474983969919642e-15,2.3771729182763636e-15,10
4,2,50,4,0.0,known_pool,7,2.184814444580401e-15,1.342358908820466e-16,1.8811517625169813e-15,2.4884771266438207e-15,10
4,2,50,4,0.0,known_pool,8,2.3510098741167148e-15,1.0643448636309308e-16,2.1102383384216957e-15,2.591781409811734e-15,10
4,2,50,4,0.0,known_pool,9,2.2575083245237017e-15,1.6381386104503554e-16,1.886935625395045e-15,2.6280810236523587e-15,10
4,2,50,4,0.0,known_pool,10,2.0567647701837685e-15,9.966592937570443e-17,1.8313047741595787e-15,2.2822247662079584e-15,10
4,2,50,4,0.0,known_pool,11,2.284468339198079e-15,1.2664890558405336e-16,1.997968610270559e-15,2.5709680681255986e-15,10
4,2,50,4,0.0,known_pool,12,2.6080029396380123e-15,1.6341562180919547e-16,2.238331120249218e-15,2.9776747590268064e-15,10
4,2,50,4,0.0,known_pool,13,2.3119178349131877e-15,9.670020371752517e-17,2.0931667764295424e-15,2.530668893396833e-15,10
4,2,50,4,0.0,known_pool,14,2.1066518700309017e-15,1.248848359893594e-16,1.8241427437726934e-15,2.38916099628911e-15,10
4,2,50,4,0.0,known_pool,15,2.286260592615908e-15,1.2855846680064016e-16,1.9954411361044843e-15,2.5770800491273314e-15,10
4,2,50,4,0.0,known_pool,16,2.1039356398710213e-15,1.654239682349634e-16,1.729720625229796e-15,2.4781506545122466e-15,10
4,2,50,4,0.0,known_pool,17,2.2665078059172258e-15,1.3988285073038168e-16,1.9500708131848606e-15,2.582944798649591e-15,10
4,2,50,4,0.0,known_pool,18,2.3554905745538765e-15,1.6845265353859957e-16,1.974424197759169e-15,2.736556951348584e-15,10
4,2,50,4,0.0,known_pool,19,2.180383786901105e-15,7.54465476754397e-17,2.009711838668713e-15,2.351055735133497e-15,10
4,2,50,4,0.0,known_pool,20,2.3353328388301602e-15,1.2891155552119576e-16,2.043714640140429e-15,2.6269510375198916e-15,10
4,2,50,4,0.0,known_pool,21,2.1681077140559986e-15,1.3524478263492673e-16,1.8621627602873128e-15,2.4740526678246845e-15,10
4,2,50,4,0.0,known_pool,22,2.318846138297308e-15,1.098660712151243e-16,2.0703118183495168e-15,2.5673804582450995e-15,10
4,2,50,4,0.0,known_pool,23,2.3949940932540417e-15,2.0365964540277636e-16,1.9342839676332087e-15,2.8557042188748748e-15,10
4,2,50,4,0.0,known_pool,24,2.252554694039799e-15,1.38471809528693e-16,1.9393096982688376e-15,2.5657996898107606e-15,10
4,2,50,4,0.0,known_pool,25,2.4134740180192754e-15,9.932245502393551e-17,2.188791014960177e-15,2.6381570210783736e-15,10
4,2,50,4,0.0,known_pool,26,2.4066577575554005e-15,1.6138444988757905e-16,2.0415807682779657e-15,2.7717347468328352e-15,10
4,2,50,4,0.0,known_pool,27,2.18897416191296e-15,1.5967118151772909e-16,1.8277728549501767e-15,2.550175468875743e-15,10
4,2,50,4,0.0,known_pool,28,2.396886859266414e-15,1.1008931393695934e-16,2.147847529196381e-15,2.645926189336447e-15,10
4,2,50,4,0.0,known_pool,29,2.169043959964283e-15,1.5121362446330293e-16,1.8269749762719444e-15,2.5111129436566217e-15,10
4,2,50,4,0.0,known_pool,30,2.5103745589648577e-15,1.328311824858739e-16,2.2098895480614826e-15,2.8108595698682328e-15,10
4,2,50,4,0.0,known_pool,31,2.4888725279252182e-15,1.4031924873967065e-16,2.1714483343103093e-15,2.806296721540127e-15,10
4,2,50,4,0.0,known_pool,32,2.2244720642554195e-15,1.526858066545812e-16,1.8790727730741368e-15,2.569871355436702e-15,10
4,2,50,4,0.0,known_pool,33,2.311589312394536e-15,1.3232651981446515e-16,2.0122459277680848e-15,2.610932697020987e-15,10
4,2,50,4,0.0,known_pool,34,2.098906639635722e-15,1.3321101145183622e-16,1.797562395916357e-15,2.400250883355087e-15,10
4,2,50,4,0.0,known_pool,35,2.2891461237616967e-15,1.1802938705439294e-16,2.02214510041592e-15,2.5561471471074735e-15,10
4,2,50,4,0.0,known_pool,36,2.4213707202409883e-15,1.7202716639393812e-16,2.0322182335870626e-15,2.810523206894914e-15,10
4,2,50,4,0.0,known_pool,37,2.0955693541377667e-15,1.3027617030448706e-16,1.8008641823415524e-15,2.390274525933981e-15,10
4,2,50,4,0.0,known_pool,38,2.2868582293865007e-15,1.0226075698234968e-16,2.055528325505712e-15,2.5181881332672894e-15,10
4,2,50,4,0.0,known_pool,39,2.4254895126547974e-15,1.4613182993216675e-16,2.094916346860937e-15,2.7560626784486577e-15,10
4,2,50,4,0.0,known_pool,40,2.3235529293664326e-15,1.5470966998695058e-16,1.973575341251306e-15,2.6735305174815594e-15,10
4,2,50,4,0.0,known_pool,41,2.154376272693116e-15,1.1259764833589444e-16,1.8996626959958388e-15,2.409089849390393e-15,10
4,2,50,4,0.0,known_pool,42,2.2456086442028668e-15,1.1959186401593864e-16,1.9750730524068223e-15,2.5161442359989112e-15,10
4,2,50,4,0.0,known_pool,43,2.3250149384621573e-15,1.7074094071628984e-16,1.9387720964378987e-15,2.7112577804864158e-15,10
4,2,50,4,0.0,known_pool,44,2.147936603981238e-15,1.1639671859528042e-16,1.8846289332847172e-15,2.4112442746777587e-15,10
4,2,50,4,0.0,known_pool,45,2.2957155418595276e-15,1.270374895097228e-16,2.008336775021206e-15,2.583094308697849e-15,10
4,2,50,4,0.0,known_pool,46,2.512759452451144e-15,1.1928865330448852e-16,2.2429097709378432e-15,2.7826091339644444e-15,10
4,2,50,4,0.0,known_pool,47,2.167628731734677e-15,1.6545983222033504e-16,1.793332587122057e-15,2.541924876347297e-15,10
4,2,50,4,0.0,known_pool,48,2.137331944367447e-15,7.162214174541916e-17,1.975311403403099e-15,2.2993524853317954e-15,10
4,2,50,4,0.0,known_pool,49,2.3305009025949545e-15,1.2289704337076885e-16,2.052488475647048e-15,2.608513329542861e-15,10
4,2,50,4,0.0,ridge_current,0,0.00043041186655133043,0.0001698821986071095,4.6111634140350466e-05,0.0008147120989623103,10
4,2,50,4,0.0,ridge_current,1,8.81719530134341e-05,4.0792178411511196e-05,0.0,0.00018045027159317646,10
4,2,50,4,0.0,ridge_current,2,0.00012433917160993867,6.536628934819982e-05,0.0,0.00027220799126450885,10
4,2,50,4,0.0,ridge_current,3,0.0013023542012649005,0.001036440116477501,0.0,0.003646944634565885,10
4,2,50,4,0.0,ridge_current,4,2.8781484290448802e-05,2.2998278654601573e-05,0.0,8.080720508098481e-05,10
4,2,50,4,0.0,ridge_current,5,0.00018636526953264666,0.00011355274207795922,0.0,0.0004432394183796792,10
4,2,50,4,0.0,ridge_current,6,2.0382798619531284e-05,1.0752393409202708e-05,0.0,4.47064023873834e-05,10
4,2,50,4,0.0,ridge_current,7,0.00041597758629469865,0.000294653832873404,0.0,0.0010825308648752148,10
4,2,50,4,0.0,ridge_current,8,5.5106556907298655e-05,3.402862435483612e-05,0.0,0.00013208465323176063,10
4,2,50,4,0.0,ridge_current,9,0.0014563600280482676,0.0010779868056024055,0.0,0.003894935601743705,10
4,2,50,4,0.0,ridge_current,10,5.46833707699976e-05,4.1987503501323476e-05,0.0,0.00014966570256353122,10
4,2,50,4,0.0,ridge_current,11,0.00015636263560237683,0.00010981314501194723,0.0,0.00040477722816055126,10
4,2,50,4,0.0,ridge_current,12,6.993097795970501e-05,6.424594567757503e-05,0.0,0.00021526540415497573,10
4,2,50,4,0.0,ridge_current,13,1.7465269446337004e-05,9.603289597741732e-06,0.0,3.918941979629395e-05,10
4,2,50,4,0.0,ridge_current,14,0.00022709523754786665,9.737189566335945e-05,6.824706317758595e-06,0.0004473657687779747,10
4,2,50,4,0.0,ridge_current,15,0.000516844409463681,0.0004719840356732851,0.0,0.0015845464764884065,10
4,2,50,4,0.0,ridge_current,16,0.000260624325979491,6.64710469759725e-05,0.00011025637094409885,0.00041099228101488313,10
4,2,50,4,0.0,ridge_current,17,4.929315085627301e-05,3.241702563721169e-05,0.0,0.00012262555759810447,10
4,2,50,4,0.0,ridge_current,18,3.2217929249586614e-05,1.086228032952475e-05,7.645743997830153e-06,5.6790114501343076e-05,10
4,2,50,4,0.0,ridge_current,19,0.0003894700956285659,0.0002929691156003015,0.0,0.0010522122789624433,10
4,2,50,4,0.0,ridge_current,20,4.1678822436227306e-05,1.9972216612729816e-05,0.0,8.685911530367136e-05,10
4,2,50,4,0.0,ridge_current,21,0.0020443303284669832,0.001551196241920947,0.0,0.005553380018034111,10
4,2,50,4,0.0,ridge_current,22,0.0021569454318954807,0.001890957144331911,0.0,0.006434587680490352,10
4,2,50,4,0.0,ridge_current,23,5.499648974673535e-05,3.770728937263323e-05,0.0,0.00014029630449074226,10
4,2,50,4,0.0,ridge_current,24,0.00020882925931239854,0.00013213368639487276,0.0,0.0005077364244374916,10
4,2,50,4,0.0,ridge_current,25,0.00019526757767651098,0.00010668466189048277,0.0,0.00043660504973277124,10
4,2,50,4,0.0,ridge_current,26,5.086155071579878e-05,2.264522021526148e-05,0.0,0.00010208859782889524,10
4,2,50,4,0.0,ridge_current,27,0.00022963871662841947,9.781459039156833e-05,8.36674034796072e-06,0.00045091069290887823,10
4,2,50,4,0.0,ridge_current,28,0.00033910037850708337,0.00018089400056393897,0.0,0.0007483110375900205,10
4,2,50,4,0.0,ridge_current,29,0.0007550354325554071,0.0003185945148742141,3.43245687044844e-05,0.0014757462964063298,10
4,2,50,4,0.0,ridge_current,30,9.993175234889608e-05,6.213910831286251e-05,0.0,0.00024050018130873147,10
4,2,50,4,0.0,ridge_current,31,0.0003004418817472058,0.00012798837244896985,1.0912068256884214e-05,0.0005899716952375274,10
4,2,50,4,0.0,ridge_current,32,0.00015884163411373435,7.97329436864846e-05,0.0,0.0003392100837851014,10
4,2,50,4,0.0,ridge_current,33,0.00021149221434828988,0.00016656420110302395,0.0,0.0005882866149392561,10
4,2,50,4,0.0,ridge_current,34,8.665613987961072e-05,5.27215306969456e-05,0.0,0.00020592052817939167,10
4,2,50,4,0.0,ridge_current,35,0.000257016125211845,0.00015758769118591972,0.0,0.0006135042495969048,10
4,2,50,4,0.0,ridge_current,36,2.6810335512890215e-05,1.3716897338470917e-05,0.0,5.7840113078479836e-05,10
4,2,50,4,0.0,ridge_current,37,0.0002854807178287086,0.000153787184493502,0.0,0.0006333714987772532,10
4,2,50,4,0.0,ridge_current,38,0.00026027185877853756,0.00019297302720752064,0.0,0.0006968071745028833,10
4,2,50,4,0.0,ridge_current,39,0.0010023185021213977,0.0006195489754874827,0.0,0.0024038356547246963,10
4,2,50,4,0.0,ridge_current,40,8.151334434109648e-05,3.444899170260044e-05,3.5843110098829795e-06,0.00015944237767230997,10
4,2,50,4,0.0,ridge_current,41,0.00023965115831692106,9.727812850319697e-05,1.9592743139809805e-05,0.0004597095734940323,10
4,2,50,4,0.0,ridge_current,42,8.37144894109985e-05,2.741292708889338e-05,2.1702140043593397e-05,0.0001457268387784036,10
4,2,50,4,0.0,ridge_current,43,4.1082162273505963e-05,2.2641660208550866e-05,0.0,9.230115609192241e-05,10
4,2,50,4,0.0,ridge_current,44,5.0687388929710084e-05,3.3994587816948965e-05,0.0,0.00012758848925619378,10
4,2,50,4,0.0,ridge_current,45,0.00029469857229996813,0.00025445243340106293,0.0,0.0008703099671096158,10
4,2,50,4,0.0,ridge_current,46,0.0004718361306922521,0.00026847928091541036,0.0,0.001079178459077959,10
4,2,50,4,0.0,ridge_current,47,0.0005458086989248423,0.00031538185314641836,0.0,0.0012592520170365842,10
4,2,50,4,0.0,ridge_current,48,0.0004323273244313007,0.0003514160257400095,0.0,0.0012272856041811416,10
4,2,50,4,0.0,ridge_current,49,0.0003102615881645934,0.00024667420892868864,0.0,0.0008682774167702073,10
4,2,50,4,0.0,ridge_history,1,0.7706112175255797,0.10191104686124632,0.5400724129001478,1.0011500221510117,10
4,2,50,4,0.0,ridge_history,2,0.6924608080771704,0.12199845070432741,0.4164811389660924,0.9684404771882483,10
4,2,50,4,0.0,ridge_history,3,0.6994156921974104,0.1470954275745784,0.36666271709471326,1.0321686673001076,10
4,2,50,4,0.0,ridge_history,4,0.5330170503511765,0.09237463249983426,0.32405111378082463,0.7419829869215284,10
4,2,50,4,0.0,ridge_history,5,0.6117395535682184,0.12369948543585307,0.33191187655505117,0.8915672305813857,10
4,2,50,4,0.0,ridge_history,6,0.5467511553796683,0.10299727717341073,0.31375512707312525,0.7797471836862114,10
4,2,50,4,0.0,ridge_history,7,0.5554134422155299,0.10847529875225378,0.3100252681564438,0.800801616274616,10
4,2,50,4,0.0,ridge_history,8,0.5234236032611852,0.0968085521232897,0.304427443655362,0.7424197628670084,10
4,2,50,4,0.0,ridge_history,9,0.45616848990527714,0.09160813140948286,0.2489364992667563,0.663400480543798,10
4,2,50,4,0.0,ridge_history,10,0.4952462050911362,0.10094588817006672,0.2668907411121932,0.7236016690700793,10
4,2,50,4,0.0,ridge_history,11,0.4904260541215389,0.10372306140077646,0.25578818782641444,0.7250639204166633,10
4,2,50,4,0.0,ridge_history,12,0.5138034485626876,0.09932064275657718,0.2891245451371749,0.7384823519882002,10
4,2,50,4,0.0,ridge_history,13,0.48380636076422945,0.09015031061945446,0.2798721898679475,0.6877405316605114,10
4,2,50,4,0.0,ridge_history,14,0.48067382427008126,0.0969576814160236,0.2613403107665171,0.7000073377736454,10
4,2,50,4,0.0,ridge_history,15,0.48961936325284955,0.10639422990340917,0.24893889399645353,0.7302998325092456,10
4,2,50,4,0.0,ridge_history,16,0.4660946076692283,0.09662315419806063,0.24751784730793,0.6846713680305265,10
4,2,50,4,0.0,ridge_history,17,0.4649022573087696,0.08795767670680202,0.2659281689233886,0.6638763456941505,10
4,2,50,4,0.0,ridge_history,18,0.47310403277777746,0.0976015162464525,0.2523140637008996,0.6938940018546553,10
4,2,50,4,0.0,ridge_history,19,0.45553365163794923,0.08537961415544146,0.26239154591927033,0.6486757573566282,10
4,2,50,4,0.0,ridge_history,20,0.47105895873817427,0.09210539461141551,0.2627020805856055,0.679415836890743,10
4,2,50,4,0.0,ridge_history,21,0.39529517935224395,0.07115238221249519,0.2343373082800924,0.5562530504243955,10
4,2,50,4,0.0,ridge_history,22,0.5022545306716695,0.10426874497369666,0.2663822423734422,0.7381268189698967,10
4,2,50,4,0.0,ridge_history,23,0.4461742751456745,0.08578959507804548,0.25210472814631624,0.6402438221450327,10
4,2,50,4,0.0,ridge_history,24,0.4356605092060587,0.08288293988315942,0.2481662730755966,0.6231547453365208,10
4,2,50,4,0.0,ridge_history,25,0.4497909117096356,0.09025312903604521,0.24562414939579527,0.6539576740234759,10
4,2,50,4,0.0,ridge_history,26,0.4339595836996673,0.08305440033210211,0.2460774770864929,0.6218416903128416,10
4,2,50,4,0.0,ridge_history,27,0.4362635746867638,0.08516760047870436,0.2436010772255269,0.6289260721480007,10
4,2,50,4,0.0,ridge_history,28,0.46192432398516353,0.10101288839417408,0.233417294969347,0.69043135300098,10
4,2,50,4,0.0,ridge_history,29,0.43109682807200433,0.0768629880670392,0.25722066906207863,0.60497298708193,10
4,2,50,4,0.0,ridge_history,30,0.4195229927128179,0.08019606012591313,0.238106900870788,0.6009390845548478,10
4,2,50,4,0.0,ridge_history,31,0.45754712498934474,0.08625615070691167,0.26242215583230305,0.6526720941463864,10
4,2,50,4,0.0,ridge_history,32,0.44570858886646836,0.0909189003224477,0.24003574726830726,0.6513814304646295,10
4,2,50,4,0.0,ridge_history,33,0.43312260393659335,0.09689172090796248,0.21393830346880144,0.6523069044043852,10
4,2,50,4,0.0,ridge_history,34,0.435305302600509,0.09147998254659809,0.22836320483006736,0.6422474003709506,10
4,2,50,4,0.0,ridge_history,35,0.4402330406712195,0.091186126094224,0.23395569237935038,0.6465103889630885,10
4,2,50,4,0.0,ridge_history,36,0.42556977864500434,0.09546635268625649,0.20960988510956957,0.6415296721804391,10
4,2,50,4,0.0,ridge_history,37,0.424672978075055,0.08323853875122822,0.23637432141810813,0.6129716347320019,10
4,2,50,4,0.0,ridge_history,38,0.43796166058652286,0.08617759176114065,0.24301440411135897,0.6329089170616867,10
4,2,50,4,0.0,ridge_history,39,0.4658262871510367,0.09311999886698431,0.25517421471432744,0.6764783595877459,10
4,2,50,4,0.0,ridge_history,40,0.4252238473476305,0.08125254945346821,0.24141781060585205,0.6090298840894091,10
4,2,50,4,0.0,ridge_history,41,0.4434215941016603,0.08742816611182513,0.24564534190148382,0.6411978463018368,10
4,2,50,4,0.0,ridge_history,42,0.419771937304157,0.07940791865191002,0.2401387453428416,0.5994051292654724,10
4,2,50,4,0.0,ridge_history,43,0.4140995108746758,0.08139192683314353,0.22997818059513273,0.5982208411542188,10
4,2,50,4,0.0,ridge_history,44,0.4304501684118206,0.08951689412188907,0.22794888518254072,0.6329514516411004,10
4,2,50,4,0.0,ridge_history,45,0.41661053655502445,0.0796146641321077,0.23650965382480368,0.5967114192852452,10
4,2,50,4,0.0,ridge_history,46,0.43903600657431036,0.08685697283802193,0.2425518833298099,0.6355201298188108,10
4,2,50,4,0.0,ridge_history,47,0.4094907861791576,0.08126821569038943,0.22564930994731366,0.5933322624110015,10
4,2,50,4,0.0,ridge_history,48,0.41616386635295244,0.0817227910796581,0.23129406914824263,0.6010336635576623,10
4,2,50,4,0.0,ridge_history,49,0.41745316379418157,0.08329636403508461,0.22902369725716812,0.605882630331195,10
4,2,50,4,0.0,transformer,0,0.12082762182818603,0.009547795872988632,0.09922900700516965,0.1424262366512024,10
4,2,50,4,0.0,transformer,1,0.036469007522526534,0.0028397984426885726,0.03004493713449539,0.04289307791055767,10
4,2,50,4,0.0,transformer,2,0.027198197079927534,0.006225605319828993,0.013114899412921769,0.041281494746933295,10
4,2,50,4,0.0,transformer,3,0.017146321605181997,0.0025477738128136846,0.011382856825335828,0.022909786385028167,10
4,2,50,4,0.0,transformer,4,0.013252739689493582,0.00255084796498277,0.007482320694298584,0.01902315868468858,10
4,2,50,4,0.0,transformer,5,0.012982463797529603,0.0022709109441024587,0.007845306339251392,0.018119621255807815,10
4,2,50,4,0.0,transformer,6,0.007877605616878171,0.0010973640954311296,0.005395195568201068,0.010360015665555274,10
4,2,50,4,0.0,transformer,7,0.006779198173315218,0.00048404240901401614,0.005684218170666063,0.007874178175964374,10
4,2,50,4,0.0,transformer,8,0.007742978199164104,0.0018450441106721313,0.003569198448528498,0.01191675794979971,10
4,2,50,4,0.0,transformer,9,0.006014999215114127,0.0012138734300756568,0.003269026740538054,0.0087609716896902,10
4,2,50,4,0.0,transformer,10,0.0040831167699743095,0.000394495958900859,0.003190704910851785,0.0049755286290968335,10
4,2,50,4,0.0,transformer,11,0.004888123369201389,0.0009698880090788049,0.0026940842623516805,0.007082162476051098,10
4,2,50,4,0.0,transformer,12,0.004338460096394133,0.0006079283773507141,0.002963230563101925,0.0057136896296863405,10
4,2,50,4,0.0,transformer,13,0.00385144581484353,0.00045835157891003256,0.0028145825075323334,0.004888309122154727,10
4,2,50,4,0.0,transformer,14,0.004460699260604474,0.0007516005493850845,0.002760460694249939,0.006160937826959009,10
4,2,50,4,0.0,transformer,15,0.0040974738614334445,0.0006477952037107233,0.0026320593013329095,0.00556288842153398,10
4,2,50,4,0.0,transformer,16,0.003120699226461248,0.0002043305216783683,0.002658471473268233,0.003582926979654263,10
4,2,50,4,0.0,transformer,17,0.0038481928486872596,0.0008022086778880901,0.0020334707419438387,0.0056629149554306805,10
4,2,50,4,0.0,transformer,18,0.0035938173960074157,0.0005622554997413663,0.0023219070899447997,0.004865727702070032,10
4,2,50,4,0.0,transformer,19,0.0031672051046036445,0.00038064296322685753,0.002306130898871275,0.004028279310336014,10
4,2,50,4,0.0,transformer,20,0.00290888984183665,0.00028212668461854003,0.0022706749414103094,0.0035471047422629904,10
4,2,50,4,0.0,transformer,21,0.003347543588758303,0.0005398167410970184,0.002126393281287299,0.004568693896229307,10
4,2,50,4,0.0,transformer,22,0.003838982599266827,0.0009774900765352082,0.00162774642106854,0.006050218777465114,10
4,2,50,4,0.0,transformer,23,0.002966387250509365,0.0003609511141150419,0.0021498591022940305,0.0037829153987246995,10
4,2,50,4,0.0,transformer,24,0.003098887013920379,0.0003805223072260643,0.0022380857510244387,0.003959688276816319,10
4,2,50,4,0.0,transformer,25,0.0036035240852659244,0.000754933637694504,0.0018957455493179972,0.005311302621213852,10
4,2,50,4,0.0,transformer,26,0.0028961173324440308,0.00039030589269645926,0.0020131840615983877,0.003779050603289674,10
4,2,50,4,0.0,transformer,27,0.002666433343824233,0.0004207733173238127,0.0017145779701258081,0.0036182887175226584,10
4,2,50,4,0.0,transformer,28,0.0027309170018321467,0.00031052834858011027,0.0020284530738397524,0.003433380929824541,10
4,2,50,4,0.0,transformer,29,0.003989408500709854,0.0012243558394295514,0.0012197231687304851,0.006759093832689222,10
4,2,50,4,0.0,transformer,30,0.002735377746967576,0.0002435224910786743,0.002184491599471491,0.0032862638944636613,10
4,2,50,4,0.0,transformer,31,0.0031219241976598515,0.000648746841127299,0.001654356884161023,0.00458949151115868,10
4,2,50,4,0.0,transformer,32,0.0026557374048547995,0.00037670945408994894,0.00180356141499142,0.003507913394718179,10
4,2,50,4,0.0,transformer,33,0.0026533903652555695,0.00040211474893793166,0.0017437436056788255,0.0035630371248323136,10
4,2,50,4,0.0,transformer,34,0.0024744877987845524,0.00032535040914830873,0.0017384940403103793,0.0032104815572587255,10
4,2,50,4,0.0,transformer,35,0.0026477042432576986,0.0003893716860176713,0.0017668842947420097,0.0035285241917733874,10
4,2,50,4,0.0,transformer,36,0.0026417919161939823,0.0005257840542610751,0.0014523857517622113,0.0038311980806257535,10
4,2,50,4,0.0,transformer,37,0.0025125514112665373,0.0002775644032104736,0.0018846571084061554,0.0031404457141269194,10
4,2,50,4,0.0,transformer,38,0.003306736233328103,0.0005234103061261076,0.002122699860242528,0.0044907726064136785,10
4,2,50,4,0.0,transformer,39,0.0031074599004661703,0.0005049962463879684,0.0019650790245134206,0.00424984077641892,10
4,2,50,4,0.0,transformer,40,0.002526953809018458,0.00039265944334720835,0.0016386964367102147,0.003415211181326701,10
4,2,50,4,0.0,transformer,41,0.0028598251773586623,0.0005122412720836524,0.001701054914633764,0.0040185954400835605,10
4,2,50,4,0.0,transformer,42,0.0025807782085758733,0.00041975413105893366,0.00163122839438677,0.0035303280227649766,10
4,2,50,4,0.0,transformer,43,0.002871986161480335,0.0005360151190699413,0.0016594357205081346,0.0040845366024525355,10
4,2,50,4,0.0,transformer,44,0.0022690893669565825,0.00024970301912102143,0.0017042218936796267,0.0028339568402335385,10
4,2,50,4,0.0,transformer,45,0.0033583136806252046,0.0010577367588227606,0.0009655468952993393,0.00575108046595107,10
4,2,50,4,0.0,transformer,46,0.002527843892859652,0.0003339046863346636,0.0017724990149758052,0.0032831887707434992,10
4,2,50,4,0.0,transformer,47,0.0022888996188889185,0.00027568079499635997,0.0016652663338419993,0.0029125329039358374,10
4,2,50,4,0.0,transformer,48,0.002984378322876559,0.0008411443675212966,0.001081577566940892,0.004887179078812226,10
4,2,50,4,0.0,transformer,49,0.0022904256506519178,0.0003596399443446482,0.001476863574524324,0.0031039877267795115,10
4,2,50,4,0.2,em_ridge,1,0.6237843975132413,0.0476847228277952,0.5159140602122974,0.7316547348141853,10
4,2,50,4,0.2,em_ridge,2,0.47173839727425404,0.05149594649051179,0.3552464730656697,0.5882303214828384,10
4,2,50,4,0.2,em_ridge,3,0.3400498518865908,0.03775904511270794,0.254632957524458,0.4254667462487236,10
4,2,50,4,0.2,em_ridge,4,0.25622388524768663,0.02834122949446249,0.19211156994428058,0.3203362005510927,10
4,2,50,4,0.2,em_ridge,5,0.1400906386774138,0.01492099110959859,0.10633701176278702,0.17384426559204058,10
4,2,50,4,0.2,em_ridge,6,0.13036476297898572,0.014248566269879403,0.09813226673197313,0.16259725922599833,10
4,2,50,4,0.2,em_ridge,7,0.08091767287439829,0.00253509908499871,0.07518288032086527,0.0866524654279313,10
4,2,50,4,0.2,em_ridge,8,0.07105253568466077,0.0037846608159162877,0.06249103811117404,0.0796140332581475,10
4,2,50,4,0.2,em_ridge,9,0.06731077551511053,0.004064165586098396,0.058116994223720075,0.07650455680650098,10
4,2,50,4,0.2,em_ridge,10,0.06551934597863929,0.005813552695745582,0.052368176106653605,0.07867051585062497,10
4,2,50,4,0.2,em_ridge,11,0.060801126433618645,0.005014609558606576,0.04945729150198044,0.07214496136525686,10
4,2,50,4,0.2,em_ridge,12,0.05946623288747428,0.006790269907721677,0.04410557517838858,0.07482689059655998,10
4,2,50,4,0.2,em_ridge,13,0.05098845990034721,0.0013491962739255086,0.04793636588526597,0.05404055391542845,10
4,2,50,4,0.2,em_ridge,14,0.0652175203643099,0.011659929563827536,0.038840927183774895,0.09159411354484491,10
4,2,50,4,0.2,em_ridge,15,0.05946436223947958,0.0033408835974802864,0.05190675847936452,0.06702196599959465,10
4,2,50,4,0.2,em_ridge,16,0.049561146417232235,0.0027507994528632473,0.04333840573151626,0.05578388710294821,10
4,2,50,4,0.2,em_ridge,17,0.04781391434457066,0.0009179057471207253,0.045737467283947876,0.04989036140519345,10
4,2,50,4,0.2,em_ridge,18,0.04909429810140341,0.0017875539125069776,0.045050570214337796,0.05313802598846902,10
4,2,50,4,0.2,em_ridge,19,0.04960281849185677,0.0011149343079308938,0.04708066186112144,0.0521249751225921,10
4,2,50,4,0.2,em_ridge,20,0.045071653443662076,0.001571215856525633,0.0415173162395205,0.04862599064780365,10
4,2,50,4,0.2,em_ridge,21,0.04904383567943745,0.0026099427852928187,0.043139734913193804,0.0549479364456811,10
4,2,50,4,0.2,em_ridge,22,0.0480999000016052,0.0019054738296473662,0.04378941872934389,0.05241038127386652,10
4,2,50,4,0.2,em_ridge,23,0.04676323484605176,0.0008237488210822858,0.044899785550093885,0.04862668414200963,10
4,2,50,4,0.2,em_ridge,24,0.04729617529666503,0.00245543185436436,0.041741602539551816,0.05285074805377824,10
4,2,50,4,0.2,em_ridge,25,0.049599983838728566,0.0020780405002009355,0.04489912963661426,0.054300838040842875,10
4,2,50,4,0.2,em_ridge,26,0.04846960623705243,0.002255899462648408,0.043366407109069714,0.05357280536503515,10
4,2,50,4,0.2,em_ridge,27,0.047495837097620855,0.001727628107840796,0.043587670798817285,0.051404003396424425,10
4,2,50,4,0.2,em_ridge,28,0.046518859948180426,0.003182104006590544,0.03932044057690276,0.05371727931945809,10
4,2,50,4,0.2,em_ridge,29,0.04595353541605921,0.003758630184731532,0.037450923221359234,0.05445614761075919,10
4,2,50,4,0.2,em_ridge,30,0.04210548565310797,0.001304137658687566,0.03915532130723301,0.04505564999898293,10
4,2,50,4,0.2,em_ridge,31,0.04567074481705434,0.0019168557603567763,0.04133451582871226,0.05000697380539642,10
4,2,50,4,0.2,em_ridge,32,0.04646561260003129,0.0010937173997357193,0.043991451950142105,0.04893977324992048,10
4,2,50,4,0.2,em_ridge,33,0.04678155314506759,0.0036443257337795045,0.03853751558282846,0.055025590707306726,10
4,2,50,4,0.2,em_ridge,34,0.04702881332373583,0.001731576598763728,0.04311171491790871,0.050945911729562955,10
4,2,50,4,0.2,em_ridge,35,0.04260372657960013,0.0018419153708380276,0.03843702453019078,0.046770428629009486,10
4,2,50,4,0.2,em_ridge,36,0.04763949070938234,0.002972941816851326,0.0409142290838098,0.05436475233495487,10
4,2,50,4,0.2,em_ridge,37,0.04318479161618074,0.0016781146745466307,0.0393886324851583,0.046980950747203175,10
4,2,50,4,0.2,em_ridge,38,0.04420551921886835,0.0014846248239161058,0.04084706453937851,0.047563973898358196,10
4,2,50,4,0.2,em_ridge,39,0.04172947361915789,0.0016705597617005688,0.03795040488834448,0.045508542349971294,10
4,2,50,4,0.2,em_ridge,40,0.0503349753653633,0.003158826165457396,0.04318921412913947,0.05748073660158713,10
4,2,50,4,0.2,em_ridge,41,0.04335237696230765,0.0020196270707535735,0.0387836631180213,0.047921090806594,10
4,2,50,4,0.2,em_ridge,42,0.04436679803466328,0.0015855298988410322,0.04078008021716932,0.047953515852157236,10
4,2,50,4,0.2,em_ridge,43,0.04251413781885872,0.0017373446220365432,0.03858399123786981,0.04644428439984762,10
4,2,50,4,0.2,em_ridge,44,0.0447979509200426,0.0015263057340698077,0.041345207471096615,0.048250694368988586,10
4,2,50,4,0.2,em_ridge,45,0.04502262311158821,0.0021676892035909223,0.04011896945296467,0.04992627677021175,10
4,2,50,4,0.2,em_ridge,46,0.04554304290176504,0.0017737916179615238,0.04153044748788197,0.04955563831564812,10
4,2,50,4,0.2,em_ridge,47,0.04400661321352887,0.0024299848410367655,0.03850960559988649,0.049503620827171246,10
4,2,50,4,0.2,em_ridge,48,0.05558685022036334,0.005562831792045048,0.04300285043654706,0.06817085000417962,10
4,2,50,4,0.2,em_ridge,49,0.04540265032382084,0.0014132411880158234,0.0422056766475894,0.04859962400005228,10
4,2,50,4,0.2,known_pool,0,0.04401338169934913,0.0018933873716873988,0.039730241894534814,0.04829652150416345,10
4,2,50,4,0.2,known_pool,1,0.04377464130195413,0.0021545084202316904,0.03890080464681797,0.04864847795709029,10
4,2,50,4,0.2,known_pool,2,0.0418236384584225,0.0013842488704761497,0.03869224996097955,0.044955026955865444,10
4,2,50,4,0.2,known_pool,3,0.042516340474821016,0.002131053635438528,0.0376955622291066,0.047337118720535434,10
4,2,50,4,0.2,known_pool,4,0.041281595825875775,0.0016966103498442773,0.03744359657049798,0.04511959508125357,10
4,2,50,4,0.2,known_pool,5,0.04131393277667063,0.0018079112907623436,0.037224153300568844,0.04540371225277241,10
4,2,50,4,0.2,known_pool,6,0.04509840812053353,0.004002173076410648,0.03604486362897305,0.054151952612094004,10
4,2,50,4,0.2,known_pool,7,0.04251819598191982,0.0018399121211094894,0.03835602559823275,0.046680366365606886,10
4,2,50,4,0.2,known_pool,8,0.04244965144910002,0.00084174969897658,0.040545481338276915,0.04435382155992312,10
4,2,50,4,0.2,known_pool,9,0.04332497207906083,0.002660938414479791,0.037305511184980475,0.049344432973141186,10
4,2,50,4,0.2,known_pool,10,0.041535265324424656,0.001626442107252865,0.03785599766162598,0.04521453298722333,10
4,2,50,4,0.2,known_pool,11,0.04555998456536248,0.003905452035066455,0.03672523827027207,0.054394730860452885,10
4,2,50,4,0.2,known_pool,12,0.04716991071760405,0.0047875291676779995,0.03633976731883593,0.058000054116372164,10
4,2,50,4,0.2,known_pool,13,0.04209207915112124,0.0011875887924918762,0.03940556665772687,0.04477859164451561,10
4,2,50,4,0.2,known_pool,14,0.053616244862701404,0.01019003065919901,0.03056479401786105,0.07666769570754176,10
4,2,50,4,0.2,known_pool,15,0.045957236301909156,0.0019457615055950338,0.041555617974930334,0.05035885462888798,10
4,2,50,4,0.2,known_pool,16,0.04406515567434315,0.0029734638597050133,0.03733871310578986,0.050791598242896446,10
4,2,50,4,0.2,known_pool,17,0.0406470477901389,0.0011948041462435028,0.037944213032573164,0.04334988254770463,10
4,2,50,4,0.2,known_pool,18,0.04203417248074645,0.0012684730465830293,0.03916468709260219,0.04490365786889071,10
4,2,50,4,0.2,known_pool,19,0.043521514626423154,0.00074342600415055,0.04183976816612354,0.04520326108672277,10
4,2,50,4,0.2,known_pool,20,0.03932017038928347,0.0014540103221064732,0.03603097052434778,0.04260937025421915,10
4,2,50,4,0.2,known_pool,21,0.0436604061278902,0.002361494051061654,0.038318335445375724,0.04900247681040467,10
4,2,50,4,0.2,known_pool,22,0.041644321109649295,0.0016009430136975221,0.0380227364039817,0.04526590581531689,10
4,2,50,4,0.2,known_pool,23,0.04308461538976001,0.0008568568014771097,0.04114627063880621,0.04502296014071381,10
4,2,50,4,0.2,known_pool,24,0.042540790391194204,0.001989065556674882,0.03804121149488692,0.047040369287501486,10
4,2,50,4,0.2,known_pool,25,0.0441558765490055,0.0015014720351084214,0.040759310830043784,0.04755244226796721,10
4,2,50,4,0.2,known_pool,26,0.04388478942076986,0.0013156506663345021,0.04090858084218103,0.04686099799935868,10
4,2,50,4,0.2,known_pool,27,0.04369950950418768,0.001699321587976277,0.039855377002049525,0.04754364200632584,10
4,2,50,4,0.2,known_pool,28,0.04208484647135893,0.002160491941831578,0.037197474149976824,0.04697221879274104,10
4,2,50,4,0.2,known_pool,29,0.04279813857841984,0.003338695682318077,0.03524548422626056,0.05035079293057912,10
4,2,50,4,0.2,known_pool,30,0.03919024016598207,0.0012174440560504343,0.03643619037428148,0.04194428995768266,10
4,2,50,4,0.2,known_pool,31,0.04235996802707645,0.0016054251263189895,0.03872824407823774,0.04599169197591516,10
4,2,50,4,0.2,known_pool,32,0.04287713496412626,0.0010387978613730833,0.04052721094132169,0.045227058986930836,10
4,2,50,4,0.2,known_pool,33,0.04344496516650923,0.003405943318164402,0.035740186093238945,0.05114974423977952,10
4,2,50,4,0.2,known_pool,34,0.043824810393343065,0.0012924000225642356,0.04090119842509882,0.04674842236158731,10
4,2,50,4,0.2,known_pool,35,0.039184467228930334,0.0013529093408134161,0.036123973672992665,0.042244960784868,10
4,2,50,4,0.2,known_pool,36,0.04283971849415065,0.0017117610545911604,0.03896744596350825,0.04671199102479305,10
4,2,50,4,0.2,known_pool,37,0.040462942000047776,0.0015969148034385467,0.03685046973907078,0.04407541426102477,10
4,2,50,4,0.2,known_pool,38,0.0420319466332404,0.001241626872131667,0.039223191510925015,0.04484070175555578,10
4,2,50,4,0.2,known_pool,39,0.03960058037971896,0.0015206123047106295,0.036160716362778726,0.043040444396659196,10
4,2,50,4,0.2,known_pool,40,0.04872778237888148,0.0031771496028149505,0.041540570647592166,0.05591499411017079,10
4,2,50,4,0.2,known_pool,41,0.043895481083586894,0.0031406724911881303,0.036790786311642384,0.051000175855531404,10
4,2,50,4,0.2,known_pool,42,0.04236104707085804,0.0014311602658724943,0.039123537624302394,0.04559855651741369,10
4,2,50,4,0.2,known_pool,43,0.040274162558320295,0.0019991840990621966,0.03575169392887447,0.04479663118776612,10
4,2,50,4,0.2,known_pool,44,0.04195986484224425,0.0015031698238978648,0.038559458458211585,0.04536027122627692,10
4,2,50,4,0.2,known_pool,45,0.042985146062185314,0.0017206448926354913,0.03909277689367779,0.04687751523069284,10
4,2,50,4,0.2,known_pool,46,0.043775773325758514,0.0017428361495304917,0.03983320404651447,0.04771834260500256,10
4,2,50,4,0.2,known_pool,47,0.0424840310597216,0.00342246917746481,0.034741867895463505,0.0502261942239797,10
4,2,50,4,0.2,known_pool,48,0.05079786062592935,0.0038810806460254214,0.04201824624312546,0.05957747500873324,10
4,2,50,4,0.2,known_pool,49,0.042833961143276846,0.0011630984819362387,0.04020284958132506,0.04546507270522863,10
4,2,50,4,0.2,ridge_current,0,0.24790829237858397,0.009492427717520223,0.22643492902505138,0.2693816557321166,10
4,2,50,4,0.2,ridge_current,1,0.2505701568519296,0.013815705549672026,0.21931685958362815,0.28182345412023113,10
4,2,50,4,0.2,ridge_current,2,0.24872632434537464,0.010485405392521133,0.22500668943184005,0.27244595925890924,10
4,2,50,4,0.2,ridge_current,3,0.255734678582324,0.01517979946591197,0.2213955864906709,0.29007377067397716,10
4,2,50,4,0.2,ridge_current,4,0.25584433847790905,0.012610493733192214,0.22731741975294642,0.2843712572028717,10
4,2,50,4,0.2,ridge_current,5,0.2645384641390614,0.015129157505986696,0.23031393211979137,0.29876299615833146,10
4,2,50,4,0.2,ridge_current,6,0.23631153817071565,0.011137805519498311,0.21111607163692916,0.26150700470450217,10
4,2,50,4,0.2,ridge_current,7,0.24922795723666039,0.015731176024898604,0.21364156471269663,0.28481434976062414,10
4,2,50,4,0.2,ridge_current,8,0.24605829714636812,0.011852133089549131,0.21924690938340693,0.2728696849093293,10
4,2,50,4,0.2,ridge_current,9,0.2610575669867562,0.011195119356645482,0.2357324475457398,0.2863826864277726,10
4,2,50,4,0.2,ridge_current,10,0.2568574800046151,0.012985096645783964,0.22748315061772797,0.2862318093915023,10
4,2,50,4,0.2,ridge_current,11,0.26682925991418127,0.004469544170857721,0.2567184485536325,0.27694007127473,10
4,2,50,4,0.2,ridge_current,12,0.25637516690007084,0.008417575984093343,0.23733328709425594,0.27541704670588574,10
4,2,50,4,0.2,ridge_current,13,0.2526456607573719,0.009784487369600268,0.23051161256992206,0.2747797089448217,10
4,2,50,4,0.2,ridge_current,14,0.2816306510230462,0.006962168017310754,0.2658811327740821,0.2973801692720103,10
4,2,50,4,0.2,ridge_current,15,0.25041938957281984,0.008363763458769529,0.23149924215661447,0.26933953698902524,10
4,2,50,4,0.2,ridge_current,16,0.27676653919188016,0.013647405902990078,0.24589396217481665,0.3076391162089437,10
4,2,50,4,0.2,ridge_current,17,0.2581040523633459,0.008778925369085283,0.23824474345799873,0.27796336126869303,10
4,2,50,4,0.2,ridge_current,18,0.261935429177785,0.01405666407100769,0.23013704586450678,0.29373381249106323,10
4,2,50,4,0.2,ridge_current,19,0.24934995734462917,0.009800077038203972,0.22718064287668183,0.2715192718125765,10
4,2,50,4,0.2,ridge_current,20,0.26227333045351475,0.011647748263346254,0.23592429328911568,0.2886223676179138,10
4,2,50,4,0.2,ridge_current,21,0.24810685433506272,0.012919242880799535,0.21888149651433234,0.2773322121557931,10
4,2,50,4,0.2,ridge_current,22,0.26068296003074043,0.01099498560342829,0.23581057459308197,0.2855553454683989,10
4,2,50,4,0.2,ridge_current,23,0.23855126922732905,0.006911958470888019,0.222915332863446,0.2541872055912121,10
4,2,50,4,0.2,ridge_current,24,0.2675422354362153,0.012903317693673772,0.23835290289161037,0.29673156798082023,10
4,2,50,4,0.2,ridge_current,25,0.25115136914939473,0.00764248197253101,0.23386287381367754,0.2684398644851119,10
4,2,50,4,0.2,ridge_current,26,0.25182024691680555,0.009569827887730538,0.23017179221382988,0.2734687016197812,10
4,2,50,4,0.2,ridge_current,27,0.26181279280054437,0.015422990622629668,0.22692356409179312,0.2967020215092956,10
4,2,50,4,0.2,ridge_current,28,0.22658829891062088,0.0071421197688146774,0.2104317015180341,0.24274489630320767,10
4,2,50,4,0.2,ridge_current,29,0.24920931432869028,0.011897253614688172,0.2222958568465966,0.276122771810784,10
4,2,50,4,0.2,ridge_current,30,0.24682825533408193,0.008429316730051054,0.2277598161157022,0.2658966945524617,10
4,2,50,4,0.2,ridge_current,31,0.25013232113855727,0.016444683697233405,0.21293186212290985,0.28733278015420466,10
4,2,50,4,0.2,ridge_current,32,0.2523043279185718,0.01337853763233382,0.22203997318582253,0.2825686826513211,10
4,2,50,4,0.2,ridge_current,33,0.2552581333064552,0.011415861713885039,0.22943365996087636,0.28108260665203405,10
4,2,50,4,0.2,ridge_current,34,0.2677241225896231,0.014960589875059849,0.23388091704407016,0.301567328135176,10
4,2,50,4,0.2,ridge_current,35,0.255119365200094,0.010546577372671038,0.23126134965350073,0.27897738074668726,10
4,2,50,4,0.2,ridge_current,36,0.25194242514979037,0.010037552933466937,0.229235902884382,0.27464894741519874,10
4,2,50,4,0.2,ridge_current,37,0.2673795321281929,0.015005446351630172,0.2334348541828685,0.3013242100735173,10
4,2,50,4,0.2,ridge_current,38,0.25644077031054036,0.01442125007033341,0.22381763616743153,0.2890639044536492,10
4,2,50,4,0.2,ridge_current,39,0.26321927177832627,0.012617859497272982,0.23467569053738885,0.2917628530192637,10
4,2,50,4,0.2,ridge_current,40,0.27127296097658904,0.011939872202895278,0.2442630935499143,0.29828282840326376,10
4,2,50,4,0.2,ridge_current,41,0.2529321049876222,0.009975114337711878,0.2303668286388362,0.2754973813364082,10
4,2,50,4,0.2,ridge_current,42,0.23574094108653826,0.010042608554370117,0.21302298221209137,0.25845889996098514,10
4,2,50,4,0.2,ridge_current,43,0.24097445746039078,0.009881228129306868,0.21862156647043615,0.26332734845034544,10
4,2,50,4,0.2,ridge_current,44,0.24218896801996137,0.012811776979819701,0.2132067149568891,0.27117122108303365,10
4,2,50,4,0.2,ridge_current,45,0.24825056113023575,0.010877622531194675,0.22364366940707858,0.2728574528533929,10
4,2,50,4,0.2,ridge_current,46,0.2720582981721102,0.014911676433307552,0.23832574251917432,0.30579085382504606,10
4,2,50,4,0.2,ridge_current,47,0.2579116713640187,0.012759641189783575,0.22904735765181478,0.28677598507622265,10
4,2,50,4,0.2,ridge_current,48,0.25155472878377516,0.010673308284052966,0.22741002799825133,0.275699429569299,10
4,2,50,4,0.2,ridge_current,49,0.2487987134150337,0.01171219738755264,0.22230388220267508,0.2752935446273923,10
4,2,50,4,0.2,ridge_history,1,0.8632241541152477,0.09947881577525905,0.6381874384625623,1.088260869767933,10
4,2,50,4,0.2,ridge_history,2,0.8553255296151351,0.14358444815053106,0.5305149417649837,1.1801361174652865,10
4,2,50,4,0.2,ridge_history,3,0.8425582944706569,0.17265527853167428,0.4519849194453108,1.233131669496003,10
4,2,50,4,0.2,ridge_history,4,0.880179016692194,0.13781560306086552,0.5684184630827029,1.191939570301685,10
4,2,50,4,0.2,ridge_history,5,0.7799842110485902,0.131962294567524,0.4814647611733791,1.0785036609238012,10
4,2,50,4,0.2,ridge_history,6,0.7848533968957445,0.15605440215304478,0.43183381327904263,1.1378729805124463,10
4,2,50,4,0.2,ridge_history,7,0.750526941476692,0.1505154318870189,0.4100373791218068,1.0910165038315771,10
4,2,50,4,0.2,ridge_history,8,0.6488426999747811,0.11455103943065653,0.3897102456207418,0.9079751543288204,10
4,2,50,4,0.2,ridge_history,9,0.6929077508219127,0.13336953254218525,0.39120490748256004,0.9946105941612653,10
4,2,50,4,0.2,ridge_history,10,0.6544919922489875,0.12187006428451314,0.3788027533970984,0.9301812311008766,10
4,2,50,4,0.2,ridge_history,11,0.6439031134308711,0.11297795243672176,0.3883292290878661,0.8994769977738761,10
4,2,50,4,0.2,ridge_history,12,0.6595524063340967,0.12168166275769929,0.38428936134557173,0.9348154513226217,10
4,2,50,4,0.2,ridge_history,13,0.6331403487998675,0.11792017820182493,0.3663863730421685,0.8998943245575665,10
4,2,50,4,0.2,ridge_history,14,0.659961365547371,0.12695057065321969,0.37277922282287046,0.9471435082718714,10
4,2,50,4,0.2,ridge_history,15,0.6836508310969613,0.1287873001054024,0.3923137176860833,0.9749879445078393,10
4,2,50,4,0.2,ridge_history,16,0.6276361243235178,0.11597100578177888,0.36529148291735464,0.889980765729681,10
4,2,50,4,0.2,ridge_history,17,0.6114423169933938,0.11259739571315014,0.35672931176846734,0.8661553222183203,10
4,2,50,4,0.2,ridge_history,18,0.6252068879016974,0.12049346703807928,0.352631728371117,0.8977820474322779,10
4,2,50,4,0.2,ridge_history,19,0.5628118638916716,0.10048865089071396,0.33549074249931476,0.7901329852840284,10
4,2,50,4,0.2,ridge_history,20,0.6341063590695437,0.1117162185542018,0.3813867150664264,0.886826003072661,10
4,2,50,4,0.2,ridge_history,21,0.6279506331264839,0.11414583824596844,0.3697348075347611,0.8861664587182068,10
4,2,50,4,0.2,ridge_history,22,0.6106462815106101,0.11463688788670282,0.35131962445681053,0.8699729385644096,10
4,2,50,4,0.2,ridge_history,23,0.6303771547161503,0.11622068155402984,0.3674677074734125,0.8932866019588881,10
4,2,50,4,0.2,ridge_history,24,0.6551690132380175,0.12751853619441733,0.36670204319627414,0.9436359832797607,10
4,2,50,4,0.2,ridge_history,25,0.6196156391407968,0.11775134260058574,0.35324359604777633,0.8859876822338172,10
4,2,50,4,0.2,ridge_history,26,0.6093524817608298,0.10509029428117184,0.3716217198121057,0.8470832437095539,10
4,2,50,4,0.2,ridge_history,27,0.6213974034275986,0.1212742685925312,0.3470559480678908,0.8957388587873065,10
4,2,50,4,0.2,ridge_history,28,0.6322056333884245,0.11770889349047839,0.3659296168538878,0.8984816499229612,10
4,2,50,4,0.2,ridge_history,29,0.6018588383595403,0.12462581130138918,0.31993566665456535,0.8837820100645153,10
4,2,50,4,0.2,ridge_history,30,0.5833801110647261,0.10228525652967368,0.3519947853574729,0.8147654367719792,10
4,2,50,4,0.2,ridge_history,31,0.6427350991212634,0.12560671076377772,0.3585929786714612,0.9268772195710655,10
4,2,50,4,0.2,ridge_history,32,0.6181730386160469,0.12798369788813152,0.3286537997170087,0.9076922775150851,10
4,2,50,4,0.2,ridge_history,33,0.6166484918570002,0.11779292426141687,0.3501823845120896,0.8831145992019108,10
4,2,50,4,0.2,ridge_history,34,0.5917078929088043,0.09718191537673783,0.37186712694486784,0.8115486588727407,10
4,2,50,4,0.2,ridge_history,35,0.5776497715041391,0.1144835122718949,0.31867007419597587,0.8366294688123024,10
4,2,50,4,0.2,ridge_history,36,0.5610425685415938,0.10162089242045001,0.33116013886272705,0.7909249982204607,10
4,2,50,4,0.2,ridge_history,37,0.614296684921877,0.1241084619613474,0.3335438387321464,0.8950495311116076,10
4,2,50,4,0.2,ridge_history,38,0.6254488562687481,0.11628804072264917,0.362387032000238,0.8885106805372582,10
4,2,50,4,0.2,ridge_history,39,0.5515463959889461,0.09603707134420737,0.33429544715348514,0.768797344824407,10
4,2,50,4,0.2,ridge_history,40,0.5557505834998423,0.095769807116388,0.33910422835170273,0.7723969386479819,10
4,2,50,4,0.2,ridge_history,41,0.5874205632897279,0.11144626965556262,0.3353115861212567,0.839529540458199,10
4,2,50,4,0.2,ridge_history,42,0.5585967553052933,0.09559738200963133,0.3423404528474495,0.7748530577631371,10
4,2,50,4,0.2,ridge_history,43,0.5693097620772611,0.10216414702130978,0.3381984051118363,0.800421119042686,10
4,2,50,4,0.2,ridge_history,44,0.5994081944055797,0.11158311538780365,0.34698965068372106,0.8518267381274383,10
4,2,50,4,0.2,ridge_history,45,0.6210160820398699,0.1335516326486293,0.31890129964037855,0.9231308644393612,10
4,2,50,4,0.2,ridge_history,46,0.5769188489004147,0.11398007559141135,0.31907800448502266,0.8347596933158067,10
4,2,50,4,0.2,ridge_history,47,0.5574572587102065,0.10313974039060131,0.3241389562164604,0.7907755612039525,10
4,2,50,4,0.2,ridge_history,48,0.5839959263273464,0.10705180461934756,0.3418279197172154,0.8261639329374775,10
4,2,50,4,0.2,ridge_history,49,0.5975680290384606,0.10264988177719693,0.36535786371578566,0.8297781943611355,10
4,2,50,4,0.2,transformer,0,0.2850572910271084,0.007655572065345181,0.26773918384416995,0.3023753982100469,10
4,2,50,4,0.2,transformer,1,0.19781184735811566,0.016304032337194695,0.16092956382403711,0.2346941308921942,10
4,2,50,4,0.2,transformer,2,0.15505671951225936,0.013291511282603315,0.12498923205990511,0.1851242069646136,10
4,2,50,4,0.2,transformer,3,0.1368296922803893,0.006582807900354556,0.12193834623727763,0.15172103832350098,10
4,2,50,4,0.2,transformer,4,0.12519326607582826,0.011099643605154069,0.10008412778992169,0.1503024043617348,10
4,2,50,4,0.2,transformer,5,0.09578103615658073,0.007624544525588498,0.07853311814494687,0.1130289541682146,10
4,2,50,4,0.2,transformer,6,0.09800510343760953,0.01088271447383575,0.07338669293993429,0.12262351393528477,10
4,2,50,4,0.2,transformer,7,0.07987103208603256,0.0045432367147719655,0.06959351660942338,0.09014854756264175,10
4,2,50,4,0.2,transformer,8,0.0774935338360773,0.0050367031350523235,0.0660997197622305,0.08888734790992409,10
4,2,50,4,0.2,transformer,9,0.06977711838731315,0.003724707558094509,0.06135124450544105,0.07820299226918526,10
4,2,50,4,0.2,transformer,10,0.06509670803311991,0.0033155110883802547,0.057596500876203646,0.07259691519003618,10
4,2,50,4,0.2,transformer,11,0.07121731467443668,0.006038754973912529,0.05755670185581716,0.0848779274930562,10
4,2,50,4,0.2,transformer,12,0.06912484051954759,0.004976341949339351,0.0578675729343164,0.08038210810477879,10
4,2,50,4,0.2,transformer,13,0.061715327903343956,0.0026566839987321646,0.05570549116632061,0.0677251646403673,10
4,2,50,4,0.2,transformer,14,0.08119261756460099,0.013154685382837967,0.05143465180145723,0.11095058332774474,10
4,2,50,4,0.2,transformer,15,0.06395519612944929,0.0032297896681670614,0.05664890429727353,0.07126148796162504,10
4,2,50,4,0.2,transformer,16,0.06631890590419583,0.010340548415857412,0.042926960238002354,0.0897108515703893,10
4,2,50,4,0.2,transformer,17,0.06626245332925779,0.00782762092486983,0.048555144586394386,0.08396976207212119,10
4,2,50,4,0.2,transformer,18,0.05880104408835528,0.0023292469582823707,0.053531921397750884,0.06407016677895967,10
4,2,50,4,0.2,transformer,19,0.05909123510594102,0.002054268597241563,0.054444156684379595,0.06373831352750244,10
4,2,50,4,0.2,transformer,20,0.061480387533178624,0.0070586401959435215,0.045512634054309664,0.07744814101204758,10
4,2,50,4,0.2,transformer,21,0.05891717626299427,0.003274500493090002,0.05150974151796447,0.06632461100802407,10
4,2,50,4,0.2,transformer,22,0.05957884825464307,0.004465670580793018,0.04947679956360492,0.06968089694568122,10
4,2,50,4,0.2,transformer,23,0.05548530541619885,0.002032256827185453,0.050888021077935726,0.06008258975446198,10
4,2,50,4,0.2,transformer,24,0.052896181683759105,0.0030747914502392442,0.04594052018048972,0.05985184318702849,10
4,2,50,4,0.2,transformer,25,0.06202982248153914,0.0039637323913925895,0.053063236860935135,0.07099640810214314,10
4,2,50,4,0.2,transformer,26,0.052943719203085673,0.0018841645574093839,0.04868144285365153,0.05720599555251982,10
4,2,50,4,0.2,transformer,27,0.055994367656326816,0.0024186545309203616,0.05052299098487099,0.061465744327782644,10
4,2,50,4,0.2,transformer,28,0.053678432457524496,0.002923543013615936,0.047064918688524554,0.06029194622652444,10
4,2,50,4,0.2,transformer,29,0.052613169350391106,0.003958076919011584,0.0436593772971428,0.06156696140363941,10
4,2,50,4,0.2,transformer,30,0.04965600905779974,0.001690426014439305,0.045831999741055444,0.05348001837454403,10
4,2,50,4,0.2,transformer,31,0.052830937327210156,0.002727372595903402,0.04666119187376774,0.05900068278065257,10
4,2,50,4,0.2,transformer,32,0.05855478863839435,0.0043172336150483085,0.04878852769263963,0.06832104958414907,10
4,2,50,4,0.2,transformer,33,0.055412548504929174,0.004397257001743604,0.04546526208177032,0.06535983492808803,10
4,2,50,4,0.2,transformer,34,0.054451563045462656,0.0027006069905264087,0.04834236559794044,0.06056076049298487,10
4,2,50,4,0.2,transformer,35,0.04759852718993013,0.0018517034007669204,0.04340968307850744,0.051787371301352816,10
4,2,50,4,0.2,transformer,36,0.05436592540900213,0.0027614701546913906,0.048119045918713535,0.06061280489929073,10
4,2,50,4,0.2,transformer,37,0.04940005240089251,0.0025286519690389084,0.04367984423690736,0.055120260564877656,10
4,2,50,4,0.2,transformer,38,0.0541243893309171,0.0034975942323790567,0.046212281485579126,0.062036497176255076,10
4,2,50,4,0.2,transformer,39,0.05105504958714522,0.003568147046349068,0.042983340188329416,0.05912675898596102,10
4,2,50,4,0.2,transformer,40,0.053982905295627284,0.003459572863601829,0.04615680776200811,0.06180900282924646,10
4,2,50,4,0.2,transformer,41,0.05402107138586516,0.0029346073760235683,0.047382528290193,0.060659614481537324,10
4,2,50,4,0.2,transformer,42,0.05022355276288406,0.002803200953676918,0.04388227164676106,0.056564833879007057,10
4,2,50,4,0.2,transformer,43,0.04856462382481261,0.0014608630416815464,0.045259922031205525,0.05186932561841969,10
4,2,50,4,0.2,transformer,44,0.05057384581661205,0.0019387683683416404,0.046188047065161414,0.05495964456806268,10
4,2,50,4,0.2,transformer,45,0.05062522347296304,0.002263500358929465,0.045504829923014446,0.055745617022911635,10
4,2,50,4,0.2,transformer,46,0.05391567446684801,0.0025503944884519812,0.04814628130683529,0.059685067626860724,10
4,2,50,4,0.2,transformer,47,0.051436584674538356,0.0029912672487859954,0.04466986804185344,0.058203301307223274,10
4,2,50,4,0.2,transformer,48,0.05923580395700828,0.003907303381001517,0.050396869626450055,0.06807473828756651,10
4,2,50,4,0.2,transformer,49,0.05247569763177599,0.0013973805666233855,0.04931460317383388,0.05563679208971809,10
4,3,50,4,0.0,em_ridge,1,0.745828292773559,0.0445029525221222,0.6451556199599718,0.8465009655871462,10
4,3,50,4,0.0,em_ridge,2,0.5125865697667975,0.030406388967215727,0.44380253916978213,0.5813706003638128,10
4,3,50,4,0.0,em_ridge,3,0.34448937939565344,0.022019644460927353,0.2946774829560968,0.3943012758352101,10
4,3,50,4,0.0,em_ridge,4,0.2448173642742056,0.026948855807169658,0.18385481708080076,0.30577991146761047,10
4,3,50,4,0.0,em_ridge,5,0.2032814672107146,0.01747491315189071,0.16375046725488848,0.24281246716654073,10
4,3,50,4,0.0,em_ridge,6,0.12018587735313402,0.010136255635695743,0.09725607406289122,0.14311568064337682,10
4,3,50,4,0.0,em_ridge,7,0.07848360830909937,0.009686431309932901,0.05657137833938186,0.10039583827881687,10
4,3,50,4,0.0,em_ridge,8,0.05181768528259918,0.00705826337463515,0.03585078423275205,0.06778458633244631,10
4,3,50,4,0.0,em_ridge,9,0.031278053630089314,0.004694153046715364,0.020659141692191137,0.04189696556798749,10
4,3,50,4,0.0,em_ridge,10,0.023861288342806392,0.006993674939589107,0.00804049648393259,0.039682080201680195,10
4,3,50,4,0.0,em_ridge,11,0.03814459073883191,0.009715420098201644,0.016166783574091424,0.0601223979035724,10
4,3,50,4,0.0,em_ridge,12,0.007082299645847455,0.003389110031508064,0.0,0.014748999179134671,10
4,3,50,4,0.0,em_ridge,13,0.010099298176395367,0.002841322766126262,0.0036717795291812344,0.0165268168236095,10
4,3,50,4,0.0,em_ridge,14,0.005451131472516893,0.0022307912842289617,0.0004047309901905414,0.010497531954843245,10
4,3,50,4,0.0,em_ridge,15,0.00524178341323765,0.002763633426946966,0.0,0.01149355656535428,10
4,3,50,4,0.0,em_ridge,16,0.00397679597419731,0.002013535711667253,0.0,0.008531730206895367,10
4,3,50,4,0.0,em_ridge,17,0.0013621159185473557,0.0005749619172074747,6.146169920027826e-05,0.002662770137894433,10
4,3,50,4,0.0,em_ridge,18,0.00030120278166847553,0.00017566317183652494,0.0,0.0006985804840783223,10
4,3,50,4,0.0,em_ridge,19,0.00031015928668086694,0.00017250687894665944,0.0,0.0007003969585220155,10
4,3,50,4,0.0,em_ridge,20,0.0004801310186506497,0.0004748166899154153,0.0,0.0015542409947589407,10
4,3,50,4,0.0,em_ridge,21,0.0008713705099413681,0.0008472986675204111,0.0,0.002788093259702041,10
4,3,50,4,0.0,em_ridge,22,2.795171716933288e-05,1.7192368942811395e-05,0.0,6.684355771878307e-05,10
4,3,50,4,0.0,em_ridge,23,0.0017715358682467517,0.0017709820031011926,0.0,0.005777775491748827,10
4,3,50,4,0.0,em_ridge,24,0.0002461724166156052,0.00024455935828982477,0.0,0.0007994041207002649,10
4,3,50,4,0.0,em_ridge,25,8.292848970254825e-05,8.207224611933304e-05,0.0,0.0002685888091283347,10
4,3,50,4,0.0,em_ridge,26,3.4631076381883755e-07,1.2703123682258957e-07,5.8946141541501505e-08,6.336753860961736e-07,10
4,3,50,4,0.0,em_ridge,27,0.0005077565398663309,0.0005075300574436357,0.0,0.001655869294647836,10
4,3,50,4,0.0,em_ridge,28,3.179626942461709e-07,8.088365197682747e-08,1.3499116157351346e-07,5.009342269188283e-07,10
4,3,50,4,0.0,em_ridge,29,1.5413346443289486e-07,1.04364532342264e-08,1.3052456699488112e-07,1.777423618709086e-07,10
4,3,50,4,0.0,em_ridge,30,3.3874728128997046e-05,3.372248178194975e-05,0.0,0.00011016028183936664,10
4,3,50,4,0.0,em_ridge,31,4.685155593062342e-05,4.669187632384535e-05,0.0,0.0001524759184010981,10
4,3,50,4,0.0,em_ridge,32,1.1407037633646561e-05,1.1296304811497521e-05,0.0,3.696105447612751e-05,10
4,3,50,4,0.0,em_ridge,33,1.2926338061679276e-07,2.8117578591391295e-08,6.565699880573548e-08,1.9286976242785004e-07,10
4,3,50,4,0.0,em_ridge,34,9.183390728846422e-08,4.179568104608038e-09,8.237906736322224e-08,1.0128874721370621e-07,10
4,3,50,4,0.0,em_ridge,35,0.0002090572025955338,0.00020896953314859256,0.0,0.0006817791288142194,10
4,3,50,4,0.0,em_ridge,36,7.594823704874252e-08,2.7062001358985778e-09,6.982638702735408e-08,8.207008707013097e-08,10
4,3,50,4,0.0,em_ridge,37,7.476001052585609e-08,3.432720549492588e-09,6.699465714693684e-08,8.252536390477534e-08,10
4,3,50,4,0.0,em_ridge,38,1.695775314620421e-05,1.689037975614986e-05,0.0,5.516644669396041e-05,10
4,3,50,4,0.0,em_ridge,39,6.520447394162473e-08,4.017493109416604e-09,5.611627312766553e-08,7.429267475558393e-08,10
4,3,50,4,0.0,em_ridge,40,2.564847330580174e-05,2.5588009121293876e-05,0.0,8.353257142128248e-05,10
4,3,50,4,0.0,em_ridge,41,5.620657060468958e-08,1.7235964977064528e-09,5.2307524441629024e-08,6.010561676775013e-08,10
4,3,50,4,0.0,em_ridge,42,5.154494861913579e-08,2.7220698525615172e-09,4.5387198804526695e-08,5.770269843374488e-08,10
4,3,50,4,0.0,em_ridge,43,4.9664064058949425e-08,2.1884871273820457e-09,4.471336222805046e-08,5.461476588984839e-08,10
4,3,50,4,0.0,em_ridge,44,4.9611342731295255e-08,1.4973074117279657e-09,4.6224198044944e-08,5.299848741764651e-08,10
4,3,50,4,0.0,em_ridge,45,4.6114835842642144e-08,2.1137788541271864e-09,4.1333135867206946e-08,5.089653581807734e-08,10
4,3,50,4,0.0,em_ridge,46,4.418324704631968e-08,2.2119212889752147e-09,3.9179533458918564e-08,4.91869606337208e-08,10
4,3,50,4,0.0,em_ridge,47,3.934777700552012e-08,1.796654869912603e-09,3.528346132247105e-08,4.341209268856919e-08,10
4,3,50,4,0.0,em_ridge,48,3.900367828479256e-08,1.4806712636979573e-09,3.5654167179868756e-08,4.2353189389716365e-08,10
4,3,50,4,0.0,em_ridge,49,3.4284157277669614e-08,9.667062091960199e-10,3.2097315902215335e-08,3.6470998653123894e-08,10
4,3,50,4,0.0,known_pool,0,2.286128332477545e-15,1.4697720616070786e-16,1.9536427927930313e-15,2.6186138721620586e-15,10
4,3,50,4,0.0,known_pool,1,2.2814574285894665e-15,1.2493928585359818e-16,1.998825128180857e-15,2.564089728998076e-15,10
4,3,50,4,0.0,known_pool,2,2.2190590755362467e-15,6.528430452526871e-17,2.071375718436111e-15,2.3667424326363824e-15,10
4,3,50,4,0.0,known_pool,3,2.235612850916635e-15,1.4594133707538816e-16,1.9054706099031985e-15,2.5657550919300715e-15,10
4,3,50,4,0.0,known_pool,4,2.1422223384898803e-15,1.1903866786493987e-16,1.87293816332925e-15,2.4115065136505105e-15,10
4,3,50,4,0.0,known_pool,5,2.2095103632960196e-15,1.3225155178822303e-16,1.9103365681271133e-15,2.508684158464926e-15,10
4,3,50,4,0.0,known_pool,6,2.464651756959097e-15,1.0984989661504466e-16,2.2161540264987316e-15,2.7131494874194624e-15,10
4,3,50,4,0.0,known_pool,7,2.453471695246091e-15,9.89874897390753e-17,2.2295464363054283e-15,2.677396954186754e-15,10
4,3,50,4,0.0,known_pool,8,2.23940580644513e-15,1.6059969750312945e-16,1.8761040503952007e-15,2.602707562495059e-15,10
4,3,50,4,0.0,known_pool,9,2.246981433614656e-15,1.634907768840038e-16,1.8771396016350638e-15,2.616823265594248e-15,10
4,3,50,4,0.0,known_pool,10,2.19594544787744e-15,1.483047415279948e-16,1.8604568145529502e-15,2.53143408120193e-15,10
4,3,50,4,0.0,known_pool,11,2.237054217979575e-15,1.4803925729633438e-16,1.9021661517113456e-15,2.5719422842478043e-15,10
4,3,50,4,0.0,known_pool,12,2.519460056310131e-15,2.0002697379651535e-16,2.066967604783495e-15,2.9719525078367667e-15,10
4,3,50,4,0.0,known_pool,13,2.0374119277624826e-15,1.2377296885456854e-16,1.7574180197073212e-15,2.317405835817644e-15,10
4,3,50,4,0.0,known_pool,14,2.0862810917167194e-15,8.387641166311953e-17,1.8965394662831828e-15,2.276022717150256e-15,10
4,3,50,4,0.0,known_pool,15,2.177125285435807e-15,1.1718573732474648e-16,1.912032730368843e-15,2.442217840502771e-15,10
4,3,50,4,0.0,known_pool,16,2.310435426581081e-15,1.793630114805993e-16,1.9046881054191866e-15,2.7161827477429753e-15,10
4,3,50,4,0.0,known_pool,17,2.3375332799625048e-15,9.838577203559159e-17,2.1149692010347598e-15,2.56009735889025e-15,10
4,3,50,4,0.0,known_pool,18,2.281932441406721e-15,1.0033553626384777e-16,2.0549576893642588e-15,2.5089071934491836e-15,10
4,3,50,4,0.0,known_pool,19,2.0465667369929804e-15,1.797757032460935e-16,1.6398858421977454e-15,2.4532476317882153e-15,10
4,3,50,4,0.0,known_pool,20,2.2350966988499818e-15,8.892515973897915e-17,2.0339340117934756e-15,2.436259385906488e-15,10
4,3,50,4,0.0,known_pool,21,2.4179891719245203e-15,1.7217637637259032e-16,2.0284991488486254e-15,2.807479195000415e-15,10
4,3,50,4,0.0,known_pool,22,2.1294491888254134e-15,7.36838719808748e-17,1.9627646900411714e-15,2.2961336876096554e-15,10
4,3,50,4,0.0,known_pool,23,2.0219363916640636e-15,3.966496664171174e-17,1.9322080032633636e-15,2.1116647800647635e-15,10
4,3,50,4,0.0,known_pool,24,2.2251524849189246e-15,1.1628250692105326e-16,1.9621031789793322e-15,2.488201790858517e-15,10
4,3,50,4,0.0,known_pool,25,2.1423550052185023e-15,8.951032022372866e-17,1.9398685931800336e-15,2.344841417256971e-15,10
4,3,50,4,0.0,known_pool,26,2.0631341340565457e-15,1.2943157411050737e-16,1.7703395715902148e-15,2.3559286965228765e-15,10
4,3,50,4,0.0,known_pool,27,2.083445650367765e-15,1.2288697520932384e-16,1.8054559991833876e-15,2.3614353015521422e-15,10
4,3,50,4,0.0,known_pool,28,2.1635273492219453e-15,1.4384328489692634e-16,1.8381312319719404e-15,2.48892346647195e-15,10
4,3,50,4,0.0,known_pool,29,2.077757481559216e-15,1.0659665404526468e-16,1.836619097080398e-15,2.318895866038034e-15,10
4,3,50,4,0.0,known_pool,30,2.359491773761688e-15,2.0037194387870782e-16,1.9062189456926694e-15,2.8127646018307067e-15,10
4,3,50,4,0.0,known_pool,31,2.1430193508711907e-15,2.1093862628946628e-16,1.665843026499661e-15,2.6201956752427205e-15,10
4,3,50,4,0.0,known_pool,32,2.1114281898859583e-15,1.5244919821976693e-16,1.766564144170269e-15,2.4562922356016476e-15,10
4,3,50,4,0.0,known_pool,33,2.2554339487836133e-15,1.5198460557176184e-16,1.911620884654392e-15,2.5992470129128345e-15,10
4,3,50,4,0.0,known_pool,34,2.1074276256421466e-15,1.570251108317583e-16,1.7522121464349026e-15,2.4626431048493906e-15,10
4,3,50,4,0.0,known_pool,35,2.193680926459017e-15,1.5175194368306194e-16,1.8503941800878287e-15,2.5369676728302056e-15,10
4,3,50,4,0.0,known_pool,36,2.0588653803889214e-15,1.1676990165528665e-16,1.7947135109601728e-15,2.32301724981767e-15,10
4,3,50,4,0.0,known_pool,37,2.3140380117387958e-15,8.754747976626702e-17,2.115991853300604e-15,2.5120841701769877e-15,10
4,3,50,4,0.0,known_pool,38,2.3559349862154417e-15,1.2736228273865929e-16,2.0678214860478533e-15,2.64404848638303e-15,10
4,3,50,4,0.0,known_pool,39,2.193159435756444e-15,8.858769578632678e-17,1.9927601451976164e-15,2.3935587263152714e-15,10
4,3,50,4,0.0,known_pool,40,2.3403529961464047e-15,9.570309253821625e-17,2.1238575598591392e-15,2.5568484324336702e-15,10
4,3,50,4,0.0,known_pool,41,2.235271113309996e-15,7.095038575607297e-17,2.0747701899685997e-15,2.3957720366513923e-15,10
4,3,50,4,0.0,known_pool,42,2.287422945980993e-15,1.7452257747165049e-16,1.892625447283494e-15,2.6822204446784918e-15,10
4,3,50,4,0.0,known_pool,43,2.341863367966545e-15,1.1045458495706742e-16,2.091997737442012e-15,2.5917289984910777e-15,10
4,3,50,4,0.0,known_pool,44,2.366701239008748e-15,1.1396290532211018e-16,2.1088992364410427e-15,2.624503241576453e-15,10
4,3,50,4,0.0,known_pool,45,2.1612642152424485e-15,1.6568536743368833e-16,1.786457874531478e-15,2.536070555953419e-15,10
4,3,50,4,0.0,known_pool,46,2.2222885393984134e-15,1.528904922875865e-16,1.876426217146306e-15,2.568150861650521e-15,10
4,3,50,4,0.0,known_pool,47,2.284877409627772e-15,1.499888547046792e-16,1.9455790476176824e-15,2.6241757716378614e-15,10
4,3,50,4,0.0,known_pool,48,2.289940290999969e-15,1.4560115701231069e-16,1.9605675907528643e-15,2.6193129912470737e-15,10
4,3,50,4,0.0,known_pool,49,2.1800518304618596e-15,1.525007326655699e-16,1.8350712057304665e-15,2.5250324551932527e-15,10
4,3,50,4,0.0,ridge_current,0,0.00035387931055759085,0.00011850810171236112,8.579535941935496e-05,0.0006219632616958268,10
4,3,50,4,0.0,ridge_current,1,0.000361391444624839,0.00019128619900066044,0.0,0.0007941108898386257,10
4,3,50,4,0.0,ridge_current,2,0.00021867144868954232,9.937089401771802e-05,0.0,0.00044346402836538444,10
4,3,50,4,0.0,ridge_current,3,8.029279718993108e-05,4.719684915338758e-05,0.0,0.00018705948756377318,10
4,3,50,4,0.0,ridge_current,4,0.0005205251577482789,0.0003457704403149146,0.0,0.0013027122359905523,10
4,3,50,4,0.0,ridge_current,5,0.0002580530873634468,0.00018846957861548934,0.0,0.0006844008945980353,10
4,3,50,4,0.0,ridge_current,6,5.483701706449462e-05,2.284665668863048e-05,3.1542889903176557e-06,0.00010651974513867158,10
4,3,50,4,0.0,ridge_current,7,8.387171324612785e-05,3.363671486295944e-05,7.780177785883315e-06,0.0001599632487063724,10
4,3,50,4,0.0,ridge_current,8,0.00010314711622672903,8.716978652831373e-05,0.0,0.0003003388732013444,10
4,3,50,4,0.0,ridge_current,9,0.00025752198126177597,0.00013732713262376833,0.0,0.0005681775379731725,10
4,3,50,4,0.0,ridge_current,10,9.43128024417831e-05,6.671149228250913e-05,0.0,0.0002452246825496183,10
4,3,50,4,0.0,ridge_current,11,0.00017632904633174101,5.7963525663560525e-05,4.5206441570879986e-05,0.00030745165109260207,10
4,3,50,4,0.0,ridge_current,12,0.00043458177900435144,0.0003523954191310146,0.0,0.0012317556005288516,10
4,3,50,4,0.0,ridge_current,13,0.00029577765120198854,0.0001581102370364906,0.0,0.0006534478564258078,10
4,3,50,4,0.0,ridge_current,14,7.372997706445606e-05,3.202133833904612e-05,1.2926771783981008e-06,0.000146167276950514,10
4,3,50,4,0.0,ridge_current,15,0.0004217427689743736,0.00029099623152741894,0.0,0.0010800219784714092,10
4,3,50,4,0.0,ridge_current,16,0.0006712105965934508,0.00048344246290230047,0.0,0.0017648334268486952,10
4,3,50,4,0.0,ridge_current,17,0.00010635236780188553,9.055504663017478e-05,0.0,0.0003112021151638609,10
4,3,50,4,0.0,ridge_current,18,0.0005431237821920045,0.0003517534486295816,0.0,0.001338845365548383,10
4,3,50,4,0.0,ridge_current,19,3.471719057759939e-05,1.2859588216363562e-05,5.6267809833171675e-06,6.380760017188162e-05,10
4,3,50,4,0.0,ridge_current,20,0.0001454871466401206,0.0001275642568136399,0.0,0.0004340575439081258,10
4,3,50,4,0.0,ridge_current,21,0.0008993158393724946,0.0005924403925140919,0.0,0.0022395091168292275,10
4,3,50,4,0.0,ridge_current,22,0.00039193363021361406,0.0002463454999433067,0.0,0.0009492058674334702,10
4,3,50,4,0.0,ridge_current,23,0.00024782857570688815,0.00023775119851703015,0.0,0.0007856591523960458,10
4,3,50,4,0.0,ridge_current,24,0.00015679195316372827,9.585110599783677e-05,0.0,0.00037362221915886466,10
4,3,50,4,0.0,ridge_current,25,0.000438474610419695,0.00023611314196261065,0.0,0.000972599645741204,10
4,3,50,4,0.0,ridge_current,26,0.00014015407871628512,6.257857292418113e-05,0.0,0.00028171664569441124,10
4,3,50,4,0.0,ridge_current,27,0.0003280740462014955,0.00021509274767196149,0.0,0.00081464764601357,10
4,3,50,4,0.0,ridge_current,28,0.00011084452573197014,4.7224698783247934e-05,4.014835118458157e-06,0.00021767421634548211,10
4,3,50,4,0.0,ridge_current,29,0.00026089362151779084,0.00018182018535011405,0.0,0.0006721994561488486,10
4,3,50,4,0.0,ridge_current,30,0.0001556758645105928,9.721221886725108e-05,0.0,0.0003755851817326516,10
4,3,50,4,0.0,ridge_current,31,0.0009231193391212956,0.0006783611687699631,0.0,0.0024576789160184295,10
4,3,50,4,0.0,ridge_current,32,0.00010466432886923936,6.310133887609131e-05,0.0,0.00024740947458994615,10
4,3,50,4,0.0,ridge_current,33,0.0003861710810282856,0.0002944603554404899,0.0,0.0010522866832480952,10
4,3,50,4,0.0,ridge_current,34,0.00042048288694397846,0.00019198365872543803,0.0,0.0008547800956699342,10
4,3,50,4,0.0,ridge_current,35,6.618755504875255e-05,4.138652465276304e-05,0.0,0.00015981037823532495,10
4,3,50,4,0.0,ridge_current,36,0.00010229538628395516,4.733589874332519e-05,0.0,0.00020937662868365878,10
4,3,50,4,0.0,ridge_current,37,0.00042559488474117545,0.00020621898649835835,0.0,0.0008920946421534231,10
4,3,50,4,0.0,ridge_current,38,0.0003267925278344396,0.0002170557966248101,0.0,0.0008178068528961242,10
4,3,50,4,0.0,ridge_current,39,2.8205459559734744e-05,1.2844356807829303e-05,0.0,5.7261413314101686e-05,10
4,3,50,4,0.0,ridge_current,40,0.000105159921796246,5.093020727547021e-05,0.0,0.0002203720549872482,10
4,3,50,4,0.0,ridge_current,41,0.0002152684195449662,0.00013540537532478642,0.0,0.0005215766592173111,10
4,3,50,4,0.0,ridge_current,42,0.0015646431220418238,0.001073214034757332,0.0,0.003992421937983684,10
4,3,50,4,0.0,ridge_current,43,0.001266173450671796,0.0008816647896983153,0.0,0.003260637769874813,10
4,3,50,4,0.0,ridge_current,44,7.741111535611753e-05,3.313307373781007e-05,2.45889527460938e-06,0.00015236333543762568,10
4,3,50,4,0.0,ridge_current,45,8.855744311026749e-05,5.179561562431352e-05,0.0,0.00020572726599635093,10
4,3,50,4,0.0,ridge_current,46,0.00038332888138995,0.00023067384398880824,0.0,0.0009051493698394282,10
4,3,50,4,0.0,ridge_current,47,0.0001128875041854819,0.00010964141890154095,0.0,0.0003609136252929612,10
4,3,50,4,0.0,ridge_current,48,0.0016220011937536564,0.0009012575781592047,0.0,0.003660787479712664,10
4,3,50,4,0.0,ridge_current,49,0.0002889922069973804,0.00012618388325850137,3.5444316544690235e-06,0.0005744399823402917,10
4,3,50,4,0.0,ridge_history,1,1.1623711680660072,0.07772953578153344,0.986534741936832,1.3382075941951823,10
4,3,50,4,0.0,ridge_history,2,1.231137515044621,0.10806272031067286,0.9866826582623734,1.4755923718268689,10
4,3,50,4,0.0,ridge_history,3,1.1443662150092835,0.09937461774030357,0.9195652116877222,1.3691672183308448,10
4,3,50,4,0.0,ridge_history,4,1.061526881657,0.09922098447760515,0.837073420921096,1.2859803423929042,10
4,3,50,4,0.0,ridge_history,5,1.0171314325994092,0.10308067497828,0.7839467453512194,1.250316119847599,10
4,3,50,4,0.0,ridge_history,6,1.013292579375004,0.08571849973024866,0.8193838612259061,1.207201297524102,10
4,3,50,4,0.0,ridge_history,7,0.9354992661206285,0.08531982288046572,0.7424924176629089,1.1285061145783482,10
4,3,50,4,0.0,ridge_history,8,0.9158762278801212,0.07331094369706068,0.7500353514843195,1.081717104275923,10
4,3,50,4,0.0,ridge_history,9,0.9423512451429022,0.09062342871323482,0.7373468067619255,1.147355683523879,10
4,3,50,4,0.0,ridge_history,10,0.8975552971472729,0.07557734234897465,0.7265874708072878,1.068523123487258,10
4,3,50,4,0.0,ridge_history,11,0.8795746940386792,0.06767202281994512,0.7264899428954967,1.0326594451818616,10
4,3,50,4,0.0,ridge_history,12,0.907974855149981,0.07132282235076239,0.7466314216982199,1.069318288601742,10
4,3,50,4,0.0,ridge_history,13,0.8493777995493577,0.09442213034301795,0.6357801010672339,1.0629754980314814,10
4,3,50,4,0.0,ridge_history,14,0.863818134211441,0.06913423411630079,0.7074256313106833,1.0202106371121988,10
4,3,50,4,0.0,ridge_history,15,0.8735870940542185,0.07490097035406483,0.7041493274672348,1.0430248606412023,10
4,3,50,4,0.0,ridge_history,16,0.793810654284202,0.07897448112839993,0.6151579661213205,0.9724633424470837,10
4,3,50,4,0.0,ridge_history,17,0.8299665599476438,0.08474145927736922,0.6382680608573706,1.021665059037917,10
4,3,50,4,0.0,ridge_history,18,0.8653408135685954,0.08707316526601915,0.6683676290745583,1.0623139980626324,10
4,3,50,4,0.0,ridge_history,19,0.8769289375146758,0.08104292196743,0.6935971110919581,1.0602607639373935,10
4,3,50,4,0.0,ridge_history,20,0.8425885520469564,0.08153146461553937,0.6581515653734856,1.0270255387204272,10
4,3,50,4,0.0,ridge_history,21,0.7733800652426919,0.07099440932481592,0.6127795536699319,0.9339805768154519,10
4,3,50,4,0.0,ridge_history,22,0.8020857515638562,0.07059131921410507,0.6423970931722939,0.9617744099554185,10
4,3,50,4,0.0,ridge_history,23,0.8488661589954963,0.06325726996206399,0.7057682726517536,0.9919640453392391,10
4,3,50,4,0.0,ridge_history,24,0.7991692276379135,0.0769118473053061,0.6251825413521735,0.9731559139236535,10
4,3,50,4,0.0,ridge_history,25,0.8018363482339949,0.06324639293734909,0.6587630674296208,0.944909629038369,10
4,3,50,4,0.0,ridge_history,26,0.7872178487784497,0.06734554453498276,0.634871642826093,0.9395640547308064,10
4,3,50,4,0.0,ridge_history,27,0.7993427435614687,0.06372214107714766,0.6551932456949614,0.943492241427976,10
4,3,50,4,0.0,ridge_history,28,0.8131972663516173,0.07214581775371454,0.649992087954118,0.9764024447491165,10
4,3,50,4,0.0,ridge_history,29,0.7960675880024223,0.05564477425581943,0.6701903633473312,0.9219448126575134,10
4,3,50,4,0.0,ridge_history,30,0.7960864116490576,0.06360708719460913,0.6521971837470426,0.9399756395510726,10
4,3,50,4,0.0,ridge_history,31,0.8337232649341514,0.07883263147040723,0.6553914629911385,1.0120550668771644,10
4,3,50,4,0.0,ridge_history,32,0.8068123292270855,0.06965038502369067,0.6492522118540908,0.9643724466000801,10
4,3,50,4,0.0,ridge_history,33,0.7339327459163313,0.06286986593577248,0.5917112283655607,0.8761542634671019,10
4,3,50,4,0.0,ridge_history,34,0.8273496507191928,0.06296575847963505,0.6849112091634645,0.969788092274921,10
4,3,50,4,0.0,ridge_history,35,0.7550832168986642,0.06664732637011696,0.6043164901691545,0.905849943628174,10
4,3,50,4,0.0,ridge_history,36,0.7614316617826956,0.06859767264969817,0.6062529452468943,0.9166103783184969,10
4,3,50,4,0.0,ridge_history,37,0.7896955369870757,0.06835755603960376,0.6350600019607064,0.944331072013445,10
4,3,50,4,0.0,ridge_history,38,0.7934023424088854,0.06553135675085038,0.6451601143470647,0.9416445704707062,10
4,3,50,4,0.0,ridge_history,39,0.7581312498604991,0.06462188545888192,0.6119463887961641,0.904316110924834,10
4,3,50,4,0.0,ridge_history,40,0.7893444017211083,0.0803314508115111,0.6076220348698769,0.9710667685723398,10
4,3,50,4,0.0,ridge_history,41,0.7826241862414685,0.07494023962788302,0.613097586385439,0.9521507860974979,10
4,3,50,4,0.0,ridge_history,42,0.791853244700654,0.07473608871701698,0.6227884662899319,0.9609180231113761,10
4,3,50,4,0.0,ridge_history,43,0.8225895193584563,0.09076516991785016,0.6172644400961953,1.0279145986207172,10
4,3,50,4,0.0,ridge_history,44,0.807797864389104,0.0669712856517147,0.6562982908502729,0.959297437927935,10
4,3,50,4,0.0,ridge_history,45,0.8319126537711506,0.07941054317400031,0.6522735247283897,1.0115517828139116,10
4,3,50,4,0.0,ridge_history,46,0.8104392164549715,0.08478612458227545,0.6186396774252761,1.002238755484667,10
4,3,50,4,0.0,ridge_history,47,0.7641961479455895,0.07273618133617679,0.5996554743413681,0.928736821549811,10
4,3,50,4,0.0,ridge_history,48,0.7751226948847904,0.06795135183340509,0.6214060576130321,0.9288393321565486,10
4,3,50,4,0.0,ridge_history,49,0.7653380457359158,0.069481886346129,0.6081590988532893,0.9225169926185423,10
4,3,50,4,0.0,transformer,0,0.1325619107648654,0.012573837814727245,0.10411791348841723,0.16100590804131357,10
4,3,50,4,0.0,transformer,1,0.043800155403648136,0.0035959256529388742,0.03566560643096265,0.05193470437633362,10
4,3,50,4,0.0,transformer,2,0.02851192676667037,0.0038752819655808062,0.019745429910369042,0.03727842362297169,10
4,3,50,4,0.0,transformer,3,0.02666806399100701,0.004573919781755114,0.016321138594645276,0.037014989387368746,10
4,3,50,4,0.0,transformer,4,0.01969571100554819,0.0026117267389119524,0.013787574655846922,0.02560384735524946,10
4,3,50,4,0.0,transformer,5,0.019552322895286377,0.003137154474359588,0.012455586430309397,0.026649059360263357,10
4,3,50,4,0.0,transformer,6,0.016615823025186837,0.0017226928652124365,0.01271882102084516,0.020512825029528513,10
4,3,50,4,0.0,transformer,7,0.012847257928185096,0.0009617851454676549,0.010671548772292526,0.015022967084077665,10
4,3,50,4,0.0,transformer,8,0.014526463347862766,0.0025393553759293854,0.00878204239531398,0.020270884300411553,10
4,3,50,4,0.0,transformer,9,0.011146599685476362,0.001229513098484605,0.008365247822985197,0.013927951547967526,10
4,3,50,4,0.0,transformer,10,0.010244682007474682,0.001052981301820783,0.00786267281326822,0.012626691201681145,10
4,3,50,4,0.0,transformer,11,0.009999814725411373,0.0009339451775484704,0.007887083952359259,0.012112545498463486,10
4,3,50,4,0.0,transformer,12,0.008082494802785802,0.00046138706161027385,0.007038764756541705,0.0091262248490299,10
4,3,50,4,0.0,transformer,13,0.006630825130135079,0.00047145126582544473,0.005564328272237768,0.0076973219880323894,10
4,3,50,4,0.0,transformer,14,0.009812641900737292,0.002599856452656174,0.003931358004113997,0.015693925797360588,10
4,3,50,4,0.0,transformer,15,0.01200107613679235,0.0018474779787202903,0.007821790594118295,0.016180361679466404,10
4,3,50,4,0.0,transformer,16,0.006627515936210584,0.0004239524930609843,0.0056684687673465226,0.007586563105074646,10
4,3,50,4,0.0,transformer,17,0.007478821011468677,0.0007731430093805439,0.00572985001493112,0.009227792008006233,10
4,3,50,4,0.0,transformer,18,0.0072873802539773795,0.0008738592856963055,0.005310573211561758,0.009264187296393,10
4,3,50,4,0.0,transformer,19,0.008347458494816482,0.001214271657731212,0.00560058516669697,0.011094331822935993,10
4,3,50,4,0.0,transformer,20,0.006344730207500812,0.0004805908734142952,0.005257558120831219,0.007431902294170406,10
4,3,50,4,0.0,transformer,21,0.006744375922308481,0.0006635766210125317,0.0052432613160195525,0.00824549052859741,10
4,3,50,4,0.0,transformer,22,0.006407735486998073,0.00044486259197479636,0.005401386388101313,0.007414084585894834,10
4,3,50,4,0.0,transformer,23,0.006698731602349919,0.0007964528844472506,0.004897030004966281,0.008500433199733558,10
4,3,50,4,0.0,transformer,24,0.007782968329479197,0.0013918491911241793,0.0046343867122427464,0.010931549946715647,10
4,3,50,4,0.0,transformer,25,0.00762097873115915,0.0008273903257719408,0.005749291779284214,0.009492665683034087,10
4,3,50,4,0.0,transformer,26,0.005740328836824593,0.0004098535111339402,0.004813175780914957,0.00666748189273423,10
4,3,50,4,0.0,transformer,27,0.006127905466384581,0.0006843061541507008,0.00457989739822568,0.007675913534543481,10
4,3,50,4,0.0,transformer,28,0.005476218721042486,0.0004577780879273671,0.0044406527404655255,0.006511784701619446,10
4,3,50,4,0.0,transformer,29,0.006873751904943023,0.000891708258472993,0.004856567680912029,0.008890936128974018,10
4,3,50,4,0.0,transformer,30,0.007344354797290375,0.0015277743999035245,0.003888288995408888,0.010800420599171863,10
4,3,50,4,0.0,transformer,31,0.005890919738997349,0.000613980441935558,0.00450199948445482,0.007279839993539879,10
4,3,50,4,0.0,transformer,32,0.005763736874672034,0.0005016202489880966,0.004628993035418992,0.0068984807139250755,10
4,3,50,4,0.0,transformer,33,0.005705923470853315,0.0004686692863935645,0.004645719887654589,0.00676612705405204,10
4,3,50,4,0.0,transformer,34,0.007541759573440644,0.001194019643772626,0.004840699483758638,0.01024281966312265,10
4,3,50,4,0.0,transformer,35,0.005498471360281323,0.0003585608615072807,0.004687350339123532,0.006309592381439113,10
4,3,50,4,0.0,transformer,36,0.0059187291058329684,0.0005526517797282904,0.0046685439237874405,0.007168914287878496,10
4,3,50,4,0.0,transformer,37,0.005611423676974958,0.0005345826570264789,0.004402113690274812,0.006820733663675103,10
4,3,50,4,0.0,transformer,38,0.006196042510176484,0.0006844958600192256,0.004647605297528275,0.007744479722824693,10
4,3,50,4,0.0,transformer,39,0.008129070942493637,0.001684981687944707,0.004317377547925709,0.011940764337061566,10
4,3,50,4,0.0,transformer,40,0.0050316726551314596,0.0004759214270171333,0.003955063590075508,0.006108281720187411,10
4,3,50,4,0.0,transformer,41,0.005601653473434449,0.00045163110484700247,0.004579992934662335,0.006623314012206562,10
4,3,50,4,0.0,transformer,42,0.006418196213324458,0.0012265595080609602,0.0036435258365661144,0.009192866590082801,10
4,3,50,4,0.0,transformer,43,0.005037260938930402,0.0004309902249272476,0.004062293314515219,0.006012228563345585,10
4,3,50,4,0.0,transformer,44,0.006753841937947737,0.0007309236852791407,0.005100377687834667,0.008407306188060806,10
4,3,50,4,0.0,transformer,45,0.0053583589353224225,0.0004979045314772155,0.004232020633051555,0.00648469723759329,10
4,3,50,4,0.0,transformer,46,0.006378093485419909,0.000985575941346752,0.004148565810220771,0.008607621160619047,10
4,3,50,4,0.0,transformer,47,0.005923833939513515,0.0007336220127184342,0.004264265648656073,0.007583402230370956,10
4,3,50,4,0.0,transformer,48,0.005254591348881151,0.00041261817656416185,0.004321184185265798,0.006187998512496504,10
4,3,50,4,0.0,transformer,49,0.006090130408148946,0.0008206921691077032,0.00423359573934956,0.007946665076948332,10
4,3,50,4,0.2,em_ridge,1,0.8916838352749998,0.051251706252671794,0.7757444208698888,1.007623249680111,10
4,3,50,4,0.2,em_ridge,2,0.599960106350878,0.030670963833290654,0.5305775658254749,0.6693426468762812,10
4,3,50,4,0.2,em_ridge,3,0.5853257524280446,0.05699806105251208,0.45638718035249504,0.7142643245035942,10
4,3,50,4,0.2,em_ridge,4,0.4301020666189993,0.045052841228115204,0.3281854591304082,0.5320186741075904,10
4,3,50,4,0.2,em_ridge,5,0.32189333863265307,0.0246561531213455,0.266117245242152,0.3776694320231541,10
4,3,50,4,0.2,em_ridge,6,0.2613139199269712,0.01791921270307973,0.22077784455899482,0.3018499952949476,10
4,3,50,4,0.2,em_ridge,7,0.20300605669868016,0.021185619935424536,0.1550808548134391,0.25093125858392124,10
4,3,50,4,0.2,em_ridge,8,0.16626114240608275,0.016202550410035838,0.12960842694042118,0.20291385787174432,10
4,3,50,4,0.2,em_ridge,9,0.1438010537744679,0.012894031314011362,0.11463272848013274,0.17296937906880305,10
4,3,50,4,0.2,em_ridge,10,0.1256663671650888,0.011950119918355526,0.09863331779548336,0.15269941653469427,10
4,3,50,4,0.2,em_ridge,11,0.10933108359024064,0.007079300439781318,0.09331659339278886,0.12534557378769243,10
4,3,50,4,0.2,em_ridge,12,0.11020303053107858,0.00958576800873858,0.0885185167691887,0.13188754429296845,10
4,3,50,4,0.2,em_ridge,13,0.07779490545236294,0.0036519070836600557,0.06953371768518785,0.08605609321953803,10
4,3,50,4,0.2,em_ridge,14,0.0741763328125423,0.006566192329891473,0.05932257380116766,0.08903009182391693,10
4,3,50,4,0.2,em_ridge,15,0.06824388492033583,0.005875953269792767,0.054951555142806585,0.08153621469786507,10
4,3,50,4,0.2,em_ridge,16,0.06651154497495147,0.004952050116709336,0.05530922933290176,0.07771386061700118,10
4,3,50,4,0.2,em_ridge,17,0.06363937246096639,0.004002084523597508,0.05458602828978645,0.07269271663214633,10
4,3,50,4,0.2,em_ridge,18,0.06056407912100805,0.002021263071722911,0.05599166438541057,0.06513649385660554,10
4,3,50,4,0.2,em_ridge,19,0.06142811340996383,0.0045284127650913365,0.05118413203730564,0.07167209478262203,10
4,3,50,4,0.2,em_ridge,20,0.06323118552103689,0.0044994395501770715,0.05305274611402629,0.07340962492804748,10
4,3,50,4,0.2,em_ridge,21,0.06062076256587086,0.0032482657197632336,0.05327267500123659,0.06796885013050512,10
4,3,50,4,0.2,em_ridge,22,0.05915469373175951,0.0028894473803947785,0.05261830964367095,0.06569107781984806,10
4,3,50,4,0.2,em_ridge,23,0.05248559037880318,0.004597376239277096,0.042085602789044226,0.06288557796856215,10
4,3,50,4,0.2,em_ridge,24,0.056330278452829764,0.003229123229331924,0.04902549421003848,0.06363506269562105,10
4,3,50,4,0.2,em_ridge,25,0.0512952026066996,0.00221708936820682,0.04627979801184679,0.056310607201552405,10
4,3,50,4,0.2,em_ridge,26,0.053084209188556275,0.0029255673988033506,0.04646611594210436,0.05970230243500819,10
4,3,50,4,0.2,em_ridge,27,0.053766306233277626,0.00326983314097767,0.04636942977226004,0.061163182694295215,10
4,3,50,4,0.2,em_ridge,28,0.05849568062889051,0.006177470792006923,0.04452127082877535,0.07247009042900567,10
4,3,50,4,0.2,em_ridge,29,0.048297557578447024,0.001658317216941534,0.04454618340795115,0.0520489317489429,10
4,3,50,4,0.2,em_ridge,30,0.052980238827239255,0.0035057277096194376,0.0450497317781035,0.06091074587637501,10
4,3,50,4,0.2,em_ridge,31,0.05757137530150014,0.004312260212156405,0.04781636497472082,0.06732638562827946,10
4,3,50,4,0.2,em_ridge,32,0.0567150933107628,0.004940641482707701,0.04553858579183763,0.06789160082968797,10
4,3,50,4,0.2,em_ridge,33,0.05130818025167696,0.0012929665534770099,0.048383286701470435,0.05423307380188348,10
4,3,50,4,0.2,em_ridge,34,0.0465708082864209,0.002290764983349063,0.041388737871050504,0.051752878701791294,10
4,3,50,4,0.2,em_ridge,35,0.04808707005839573,0.0020999632660974187,0.04333662311438034,0.052837517002411113,10
4,3,50,4,0.2,em_ridge,36,0.04736565423273004,0.0010203478487436479,0.045057467038148856,0.04967384142731122,10
4,3,50,4,0.2,em_ridge,37,0.0493908376706048,0.002178206017510463,0.044463393326043356,0.054318282015166246,10
4,3,50,4,0.2,em_ridge,38,0.045448683235755696,0.0023191235257397926,0.0402024613405896,0.05069490513092179,10
4,3,50,4,0.2,em_ridge,39,0.04881097855627544,0.0015959365005084887,0.045200719370279065,0.052421237742271816,10
4,3,50,4,0.2,em_ridge,40,0.05082838453492221,0.0031945699741509933,0.043601765185836465,0.05805500388400795,10
4,3,50,4,0.2,em_ridge,41,0.04725561405503807,0.0015858179418470452,0.04366824463899487,0.05084298347108127,10
4,3,50,4,0.2,em_ridge,42,0.05131503192813895,0.003396985583357761,0.043630516658823955,0.05899954719745395,10
4,3,50,4,0.2,em_ridge,43,0.04729861311753829,0.002866660981492796,0.04081377544494023,0.05378345079013635,10
4,3,50,4,0.2,em_ridge,44,0.053416039960710204,0.0042288251722698384,0.04384977280703864,0.06298230711438177,10
4,3,50,4,0.2,em_ridge,45,0.04937636265166853,0.0024492652508563643,0.043835739720851065,0.054916985582486,10
4,3,50,4,0.2,em_ridge,46,0.0469962320525296,0.0022810046017366983,0.041836241154335256,0.05215622295072394,10
4,3,50,4,0.2,em_ridge,47,0.048754385369807154,0.001979313666169281,0.044276866782457944,0.053231903957156365,10
4,3,50,4,0.2,em_ridge,48,0.052132105703635044,0.004099673488351666,0.04285799995682642,0.06140621145044367,10
4,3,50,4,0.2,em_ridge,49,0.04795570860082166,0.002262242758551754,0.042838159940575445,0.05307325726106788,10
4,3,50,4,0.2,known_pool,0,0.04370962596830325,0.002637579047458629,0.03774300763364825,0.04967624430295826,10
4,3,50,4,0.2,known_pool,1,0.04326187100844479,0.0016347879188133355,0.03956372380824523,0.046960018208644344,10
4,3,50,4,0.2,known_pool,2,0.0425488939176829,0.0023472197700676167,0.03723911390216288,0.047858673933202915,10
4,3,50,4,0.2,known_pool,3,0.05157423103425759,0.004055971839475674,0.04239898528547988,0.06074947678303529,10
4,3,50,4,0.2,known_pool,4,0.048389725487780505,0.004099576300113333,0.03911583959604137,0.05766361137951964,10
4,3,50,4,0.2,known_pool,5,0.04428456490961757,0.002351894613515839,0.038964209663506194,0.04960492015572894,10
4,3,50,4,0.2,known_pool,6,0.04284991598291049,0.0019458575610058308,0.038448080363496104,0.04725175160232488,10
4,3,50,4,0.2,known_pool,7,0.04580349872804538,0.0028243330710539757,0.039414413441232775,0.05219258401485798,10
4,3,50,4,0.2,known_pool,8,0.04614478189314043,0.0015573454389289432,0.04262182175351621,0.04966774203276465,10
4,3,50,4,0.2,known_pool,9,0.04757585147734277,0.0036788476060999314,0.03925372001436078,0.05589798294032476,10
4,3,50,4,0.2,known_pool,10,0.04393437381848942,0.0018174057411371556,0.039823116403465426,0.048045631233513415,10
4,3,50,4,0.2,known_pool,11,0.04335099071645805,0.0011762714994089985,0.0406900797186746,0.0460119017142415,10
4,3,50,4,0.2,known_pool,12,0.046212156586019605,0.0027805999580223424,0.03992200247410298,0.05250231069793623,10
4,3,50,4,0.2,known_pool,13,0.044808038336966324,0.001276162667018985,0.041921157818873664,0.047694918855058985,10
4,3,50,4,0.2,known_pool,14,0.039741051446068085,0.0010610039284115835,0.03734089380965479,0.04214120908248138,10
4,3,50,4,0.2,known_pool,15,0.04216340929127363,0.001418324833367917,0.038954935610295824,0.045371882972251434,10
4,3,50,4,0.2,known_pool,16,0.040791522715643576,0.0009783271788617828,0.03857839288042123,0.04300465255086592,10
4,3,50,4,0.2,known_pool,17,0.04799138764136653,0.0029461390997686026,0.04132675797422514,0.05465601730850793,10
4,3,50,4,0.2,known_pool,18,0.04565751596188325,0.0017752006875013326,0.04164173301124781,0.04967329891251869,10
4,3,50,4,0.2,known_pool,19,0.043752359803811404,0.0018030844748339616,0.03967349934393552,0.04783122026368729,10
4,3,50,4,0.2,known_pool,20,0.044176914029072395,0.001591205496749787,0.04057735711711599,0.0477764709410288,10
4,3,50,4,0.2,known_pool,21,0.04652190035857055,0.0021783318691120713,0.04159417131790708,0.051449629399234025,10
4,3,50,4,0.2,known_pool,22,0.0462166447814964,0.001959758528440991,0.04178336298902874,0.050649926573964055,10
4,3,50,4,0.2,known_pool,23,0.04144452771584143,0.0020335998826395973,0.03684420517506268,0.04604485025662018,10
4,3,50,4,0.2,known_pool,24,0.041944966189851676,0.0013591609459588545,0.03887033052055527,0.045019601859148085,10
4,3,50,4,0.2,known_pool,25,0.04390661835266071,0.0020183374774964185,0.039340821770998124,0.04847241493432329,10
4,3,50,4,0.2,known_pool,26,0.04313549996502234,0.0027030026355513758,0.03702088319194737,0.04925011673809731,10
4,3,50,4,0.2,known_pool,27,0.044816220376621294,0.002948582433388897,0.03814606350482964,0.05148637724841295,10
4,3,50,4,0.2,known_pool,28,0.05325799491244112,0.007228585023935146,0.0369057995236504,0.06961019030123183,10
4,3,50,4,0.2,known_pool,29,0.04269605709637813,0.0018857027045072637,0.03843030121646908,0.04696181297628718,10
4,3,50,4,0.2,known_pool,30,0.04414113834548948,0.0013002137550555395,0.04119985048632184,0.04708242620465712,10
4,3,50,4,0.2,known_pool,31,0.04883584825572129,0.00344010336781185,0.041053793781459486,0.0566179027299831,10
4,3,50,4,0.2,known_pool,32,0.04962953778845383,0.00431336456763307,0.0398720292360227,0.059387046340884965,10
4,3,50,4,0.2,known_pool,33,0.044978315566674816,0.0012017328989689217,0.04225980688150202,0.04769682425184761,10
4,3,50,4,0.2,known_pool,34,0.04181055783314597,0.0018575234025242989,0.03760854796306033,0.0460125677032316,10
4,3,50,4,0.2,known_pool,35,0.04381246328079992,0.0016901989150712963,0.03998896769851763,0.04763595886308221,10
4,3,50,4,0.2,known_pool,36,0.042832655682809674,0.0007600995397036678,0.041113191064629406,0.04455212030098994,10
4,3,50,4,0.2,known_pool,37,0.04537603811777025,0.0023593126464758517,0.040038902115264514,0.05071317412027599,10
4,3,50,4,0.2,known_pool,38,0.04118565255340915,0.0025250593194102856,0.03547357152751481,0.046897733579303484,10
4,3,50,4,0.2,known_pool,39,0.04346106629794542,0.0016613410071349751,0.03970285183880465,0.04721928075708619,10
4,3,50,4,0.2,known_pool,40,0.046072842405933234,0.0024591344929163735,0.04050989369849833,0.05163579111336814,10
4,3,50,4,0.2,known_pool,41,0.04415965834620469,0.0018274033073573275,0.04002578486514518,0.048293531827264195,10
4,3,50,4,0.2,known_pool,42,0.044330203617640805,0.0014148483154980084,0.04112959436646401,0.0475308128688176,10
4,3,50,4,0.2,known_pool,43,0.04256460664496188,0.0018836219931222073,0.03830355766121625,0.04682565562870751,10
4,3,50,4,0.2,known_pool,44,0.05041182039405404,0.004378130766678907,0.04050780052054416,0.060315840267563925,10
4,3,50,4,0.2,known_pool,45,0.04580280092481715,0.0015111270516344655,0.04238439404106411,0.04922120780857019,10
4,3,50,4,0.2,known_pool,46,0.04312219197433777,0.0024992214483104,0.03746856027362349,0.048775823675052045,10
4,3,50,4,0.2,known_pool,47,0.045215761964138686,0.0019014636899345088,0.04091435225815263,0.04951717167012474,10
4,3,50,4,0.2,known_pool,48,0.04798298820660514,0.004221201305037934,0.03843396743880045,0.05753200897440983,10
4,3,50,4,0.2,known_pool,49,0.044669919560930124,0.0026122292335540075,0.038760646489375064,0.050579192632485184,10
4,3,50,4,0.2,ridge_current,0,0.2594834236901763,0.010662074548669883,0.2353641353796143,0.28360271200073833,10
4,3,50,4,0.2,ridge_current,1,0.22210739855499279,0.010125979233168441,0.1992008421023349,0.24501395500765066,10
4,3,50,4,0.2,ridge_current,2,0.24695280441153605,0.010722647976683186,0.2226964894869185,0.2712091193361536,10
4,3,50,4,0.2,ridge_current,3,0.26127788663200735,0.00920273194081783,0.24045986065477448,0.2820959126092402,10
4,3,50,4,0.2,ridge_current,4,0.2538032231799233,0.013101133438611613,0.224166400330993,0.28344004602885364,10
4,3,50,4,0.2,ridge_current,5,0.24856047577036042,0.014300181102814622,0.21621121865931678,0.28090973288140403,10
4,3,50,4,0.2,ridge_current,6,0.22533027989964155,0.009423579704294657,0.2040126615723716,0.2466478982269115,10
4,3,50,4,0.2,ridge_current,7,0.2674122051312694,0.008759350599177715,0.24759717743187878,0.28722723283066004,10
4,3,50,4,0.2,ridge_current,8,0.2577840924728094,0.010780722668047284,0.23339640346914528,0.28217178147647354,10
4,3,50,4,0.2,ridge_current,9,0.24846834324320216,0.01588129758118806,0.2125423521653878,0.2843943343210165,10
4,3,50,4,0.2,ridge_current,10,0.27754695976312294,0.009507304847500913,0.25603994200344266,0.2990539775228032,10
4,3,50,4,0.2,ridge_current,11,0.23511354202579496,0.010531734023569226,0.21128910446769228,0.25893797958389764,10
4,3,50,4,0.2,ridge_current,12,0.24888264079094907,0.006234498823372456,0.2347792246212001,0.26298605696069804,10
4,3,50,4,0.2,ridge_current,13,0.24147675336393942,0.013618668010253625,0.21066918597677342,0.2722843207511054,10
4,3,50,4,0.2,ridge_current,14,0.23672766408373827,0.012272250295220347,0.20896590517475316,0.2644894229927234,10
4,3,50,4,0.2,ridge_current,15,0.2543841600394886,0.008158723102402414,0.23592784613410178,0.27284047394487543,10
4,3,50,4,0.2,ridge_current,16,0.22742828199952808,0.003947259644075306,0.21849896032225882,0.23635760367679734,10
4,3,50,4,0.2,ridge_current,17,0.24943183914773837,0.014426983598342168,0.2167957348631764,0.28206794343230035,10
4,3,50,4,0.2,ridge_current,18,0.2651111249875206,0.01530516699506809,0.23048843184180465,0.2997338181332366,10
4,3,50,4,0.2,ridge_current,19,0.25481900330083884,0.010567968248551983,0.23091259823115298,0.27872540837052473,10
4,3,50,4,0.2,ridge_current,20,0.2526250815089093,0.011164039334610512,0.2273702699623592,0.27787989305545935,10
4,3,50,4,0.2,ridge_current,21,0.24667682610976902,0.015776339708866362,0.21098826623461922,0.2823653859849188,10
4,3,50,4,0.2,ridge_current,22,0.25130826979446325,0.01227692331583651,0.2235359397784194,0.2790805998105071,10
4,3,50,4,0.2,ridge_current,23,0.26029917775310557,0.016235122586139718,0.2235727789059627,0.2970255766002484,10
4,3,50,4,0.2,ridge_current,24,0.2365879997301791,0.011787845182456977,0.20992204131672773,0.26325395814363045,10
4,3,50,4,0.2,ridge_current,25,0.2604671994087614,0.0050863075422134885,0.2489611723699486,0.27197322644757416,10
4,3,50,4,0.2,ridge_current,26,0.2577492097222045,0.008391307644282519,0.23876675302944747,0.27673166641496155,10
4,3,50,4,0.2,ridge_current,27,0.23647262056675458,0.012452504132941909,0.2083030991476458,0.2646421419858634,10
4,3,50,4,0.2,ridge_current,28,0.24590020818957195,0.01272118795790683,0.21712288173129074,0.27467753464785316,10
4,3,50,4,0.2,ridge_current,29,0.2516388172284031,0.0076497229767020815,0.23433394160323448,0.2689436928535717,10
4,3,50,4,0.2,ridge_current,30,0.22687581365905657,0.008802902877483554,0.20696226386134023,0.2467893634567729,10
4,3,50,4,0.2,ridge_current,31,0.23944713228251852,0.010175293094888337,0.21642902012434576,0.2624652444406913,10
4,3,50,4,0.2,ridge_current,32,0.25503928692265837,0.012501666522075256,0.2267585524528313,0.2833200213924854,10
4,3,50,4,0.2,ridge_current,33,0.24379709924650506,0.007959908715329008,0.22579053473090369,0.26180366376210645,10
4,3,50,4,0.2,ridge_current,34,0.2705847438636987,0.009091059685323569,0.25001933807911797,0.2911501496482794,10
4,3,50,4,0.2,ridge_current,35,0.26053640320957056,0.010533748803608236,0.23670740790237116,0.28436539851676995,10
4,3,50,4,0.2,ridge_current,36,0.24745147005039853,0.010845688456739036,0.2229168182225085,0.2719861218782885,10
4,3,50,4,0.2,ridge_current,37,0.2574624643103661,0.009631490011071128,0.2356745201934022,0.27925040842733007,10
4,3,50,4,0.2,ridge_current,38,0.24656966746964168,0.008990344901100011,0.22623209435559197,0.26690724058369136,10
4,3,50,4,0.2,ridge_current,39,0.2541328166735984,0.010100145439747556,0.23128470032176981,0.2769809330254269,10
4,3,50,4,0.2,ridge_current,40,0.24388554926543668,0.012473681147027581,0.2156681221122273,0.27210297641864606,10
4,3,50,4,0.2,ridge_current,41,0.2593140893368685,0.014473895291209567,0.22657186343026758,0.2920563152434694,10
4,3,50,4,0.2,ridge_current,42,0.24763607436762164,0.008166780482384912,0.22916153340239404,0.26611061533284924,10
4,3,50,4,0.2,ridge_current,43,0.2616254671732926,0.014535333261394886,0.22874425892236916,0.29450667542421605,10
4,3,50,4,0.2,ridge_current,44,0.2732954163939605,0.011521381919970724,0.24723223975836497,0.299358593029556,10
4,3,50,4,0.2,ridge_current,45,0.24518648946440552,0.013924781195707765,0.21368644594213745,0.2766865329866736,10
4,3,50,4,0.2,ridge_current,46,0.2464928973688067,0.014518758620388898,0.21364918356075577,0.2793366111768576,10
4,3,50,4,0.2,ridge_current,47,0.24966929223254897,0.009546809541602752,0.22807290864614205,0.2712656758189559,10
4,3,50,4,0.2,ridge_current,48,0.26734882090677986,0.02099126496176823,0.21986328051732087,0.3148343612962389,10
4,3,50,4,0.2,ridge_current,49,0.24016586719574756,0.011369326373880833,0.2144466641028825,0.26588507028861263,10
4,3,50,4,0.2,ridge_history,1,1.1043793514840619,0.08367894082605085,0.9150844361190438,1.29367426684908,10
4,3,50,4,0.2,ridge_history,2,1.0114693895840763,0.08438061319325889,0.820587181047641,1.2023515981205115,10
4,3,50,4,0.2,ridge_history,3,1.0636662459805781,0.11307286963879566,0.8078776440090288,1.3194548479521275,10
4,3,50,4,0.2,ridge_history,4,0.9888259734186826,0.10078232889201212,0.760840506232133,1.2168114406052324,10
4,3,50,4,0.2,ridge_history,5,0.858340481016483,0.07802152745665222,0.6818435238279603,1.0348374382050056,10
4,3,50,4,0.2,ridge_history,6,0.8191268716498794,0.055814852403153474,0.6928649034955612,0.9453888398041976,10
4,3,50,4,0.2,ridge_history,7,0.8155052583849747,0.057213013063097014,0.6860804310790225,0.9449300856909268,10
4,3,50,4,0.2,ridge_history,8,0.8506922506193243,0.06791583337545014,0.6970559616816404,1.0043285395570083,10
4,3,50,4,0.2,ridge_history,9,0.7638336485724794,0.076921673691004,0.5898247334579485,0.9378425636870102,10
4,3,50,4,0.2,ridge_history,10,0.7818166197391225,0.0664618803286918,0.6314694011005353,0.9321638383777098,10
4,3,50,4,0.2,ridge_history,11,0.7978449152746332,0.08350536107105028,0.6089426645957065,0.9867471659535599,10
4,3,50,4,0.2,ridge_history,12,0.762394155002702,0.053227109646956566,0.6419860676597938,0.8828022423456102,10
4,3,50,4,0.2,ridge_history,13,0.7488569587894165,0.06170865916444821,0.6092622734538868,0.8884516441249461,10
4,3,50,4,0.2,ridge_history,14,0.7270063033429512,0.05600141882830697,0.6003222926136343,0.8536903140722681,10
4,3,50,4,0.2,ridge_history,15,0.7306096745164464,0.07811116874710969,0.553909934640633,0.9073094143922599,10
4,3,50,4,0.2,ridge_history,16,0.7239050332928152,0.06733672609679217,0.571578776033576,0.8762312905520544,10
4,3,50,4,0.2,ridge_history,17,0.7807543122008407,0.07850622265754531,0.6031608982918438,0.9583477261098375,10
4,3,50,4,0.2,ridge_history,18,0.7218564365580743,0.07491645991715593,0.5523836301449954,0.8913292429711532,10
4,3,50,4,0.2,ridge_history,19,0.7445582712979034,0.08249532108941972,0.5579408897981348,0.931175652797672,10
4,3,50,4,0.2,ridge_history,20,0.7237477245413034,0.06356693558977927,0.5799493258797521,0.8675461232028547,10
4,3,50,4,0.2,ridge_history,21,0.7500231622013386,0.06558925730587242,0.6016499539842448,0.8983963704184323,10
4,3,50,4,0.2,ridge_history,22,0.6692924940860173,0.0577682830942978,0.5386115587016971,0.7999734294703376,10
4,3,50,4,0.2,ridge_history,23,0.6721615317115013,0.05513887414992779,0.5474287326046133,0.7968943308183892,10
4,3,50,4,0.2,ridge_history,24,0.6590428005621813,0.05240056611300345,0.5405044845949697,0.777581116529393,10
4,3,50,4,0.2,ridge_history,25,0.7088636231516928,0.048017784014765634,0.6002398491009936,0.817487397202392,10
4,3,50,4,0.2,ridge_history,26,0.6829130851723058,0.053485345623671465,0.5619208274649797,0.8039053428796318,10
4,3,50,4,0.2,ridge_history,27,0.6179268622587448,0.04220020385139672,0.5224633688447633,0.7133903556727264,10
4,3,50,4,0.2,ridge_history,28,0.7748675383730446,0.07343018870524105,0.6087569110278597,0.9409781657182295,10
4,3,50,4,0.2,ridge_history,29,0.6803833012424508,0.044307971546401585,0.5801517060396995,0.7806148964452022,10
4,3,50,4,0.2,ridge_history,30,0.681307531466784,0.045690678710459856,0.5779480353488058,0.7846670275847623,10
4,3,50,4,0.2,ridge_history,31,0.6580561574952863,0.05202249615851444,0.5403730951836608,0.7757392198069119,10
4,3,50,4,0.2,ridge_history,32,0.6911530912688734,0.055213926691940474,0.5662505115164852,0.8160556710212615,10
4,3,50,4,0.2,ridge_history,33,0.67084128417664,0.06539014922013864,0.52291848974186,0.8187640786114201,10
4,3,50,4,0.2,ridge_history,34,0.65523264568342,0.048974888961474373,0.544443749821974,0.766021541544866,10
4,3,50,4,0.2,ridge_history,35,0.6713141083419863,0.056977276340943114,0.5424225545505892,0.8002056621333835,10
4,3,50,4,0.2,ridge_history,36,0.6691770712989875,0.05595809316644938,0.5425910700259747,0.7957630725720003,10
4,3,50,4,0.2,ridge_history,37,0.6966549788761103,0.06220183759658103,0.5559446464177938,0.8373653113344267,10
4,3,50,4,0.2,ridge_history,38,0.6779430877500582,0.060237442698231024,0.5416765252816085,0.8142096502185079,10
4,3,50,4,0.2,ridge_history,39,0.6701201335405333,0.059573514195745046,0.5353554816895681,0.8048847853914985,10
4,3,50,4,0.2,ridge_history,40,0.6735013457587801,0.0612818882376102,0.5348720833322711,0.812130608185289,10
4,3,50,4,0.2,ridge_history,41,0.6612564409637056,0.051000064274783596,0.5458862802613351,0.7766266016660761,10
4,3,50,4,0.2,ridge_history,42,0.6583707654378319,0.058365358088570504,0.52633915257849,0.7904023782971739,10
4,3,50,4,0.2,ridge_history,43,0.6515009834845065,0.05940803131862697,0.5171106799093343,0.7858912870596786,10
4,3,50,4,0.2,ridge_history,44,0.6490971962569004,0.04888801396294488,0.538504825295646,0.7596895672181548,10
4,3,50,4,0.2,ridge_history,45,0.6875273323294327,0.06391354906960327,0.5429448395017752,0.8321098251570903,10
4,3,50,4,0.2,ridge_history,46,0.6684913431082983,0.050703748157814685,0.5537914960323815,0.783191190184215,10
4,3,50,4,0.2,ridge_history,47,0.6674584395041496,0.06762203205164576,0.5144867753355494,0.8204301036727498,10
4,3,50,4,0.2,ridge_history,48,0.6729476890782405,0.06112031293314598,0.5346839353840566,0.8112114427724245,10
4,3,50,4,0.2,ridge_history,49,0.659295884221665,0.05578084982906411,0.5331108352338766,0.7854809332094533,10
4,3,50,4,0.2,transformer,0,0.252884358915957,0.006737191569756019,0.23764377274928974,0.26812494508262424,10
4,3,50,4,0.2,transformer,1,0.1823504614159092,0.015146793153508186,0.14808603479027782,0.21661488804154055,10
4,3,50,4,0.2,transformer,2,0.18960338929338286,0.012833029768279755,0.16057305908266623,0.2186337195040995,10
4,3,50,4,0.2,transformer,3,0.18355843118339343,0.006870205847658591,0.16801694581521445,0.19909991655157241,10
4,3,50,4,0.2,transformer,4,0.14765099851773797,0.008563824083436497,0.12827828252644832,0.16702371450902762,10
4,3,50,4,0.2,transformer,5,0.1257036413115874,0.00689351076708728,0.11010943655299436,0.14129784607018045,10
4,3,50,4,0.2,transformer,6,0.11526700750428716,0.008964447438437653,0.0949880185208974,0.1355459964876769,10
4,3,50,4,0.2,transformer,7,0.11512237604650606,0.011746830692170283,0.08854919885603527,0.14169555323697686,10
4,3,50,4,0.2,transformer,8,0.09954795051292695,0.007482153334807441,0.08262214375343782,0.11647375727241607,10
4,3,50,4,0.2,transformer,9,0.10329260819399348,0.010887817323331137,0.07866265424878158,0.1279225621392054,10
4,3,50,4,0.2,transformer,10,0.09481992718440521,0.008753906888600569,0.07501721401388889,0.11462264035492153,10
4,3,50,4,0.2,transformer,11,0.0868662700250999,0.00461961716565333,0.07641596996443169,0.09731657008576812,10
4,3,50,4,0.2,transformer,12,0.08697107297340957,0.004669212476668996,0.07640858052468606,0.09753356542213308,10
4,3,50,4,0.2,transformer,13,0.07888126359965576,0.0053463495663753245,0.06678698063325675,0.09097554656605478,10
4,3,50,4,0.2,transformer,14,0.07099577944355308,0.003564613232533117,0.06293206408697302,0.07905949480013313,10
4,3,50,4,0.2,transformer,15,0.07420911559328087,0.007278973732562631,0.05774293302634433,0.09067529816021741,10
4,3,50,4,0.2,transformer,16,0.0693473542785595,0.00452177280032208,0.05911839354976481,0.07957631500735418,10
4,3,50,4,0.2,transformer,17,0.06765263277136067,0.0033446492579371784,0.06008651049547038,0.07521875504725097,10
4,3,50,4,0.2,transformer,18,0.06605541968035442,0.0021895698349537504,0.061102268594766904,0.07100857076594193,10
4,3,50,4,0.2,transformer,19,0.06681746553603737,0.0036254219303604195,0.058616191348106854,0.07501873972396789,10
4,3,50,4,0.2,transformer,20,0.06497560044062996,0.0029899764064176587,0.05821180389625461,0.0717393969850053,10
4,3,50,4,0.2,transformer,21,0.06562429578688737,0.0028820713820859913,0.059104597366205824,0.07214399420756892,10
4,3,50,4,0.2,transformer,22,0.05935399088155815,0.002558790711971005,0.05356560414437142,0.06514237761874488,10
4,3,50,4,0.2,transformer,23,0.055763443730841966,0.0023660977418393583,0.0504109587762594,0.06111592868542453,10
4,3,50,4,0.2,transformer,24,0.06198425163718187,0.007036432619124243,0.04606673518728303,0.07790176808708071,10
4,3,50,4,0.2,transformer,25,0.06062552074517613,0.0024512730827639887,0.05508035578302714,0.06617068570732512,10
4,3,50,4,0.2,transformer,26,0.05928597873106536,0.0033484904334960125,0.05171116711237109,0.06686079034975963,10
4,3,50,4,0.2,transformer,27,0.058554766186960816,0.003064788135034025,0.05162173375483464,0.06548779861908699,10
4,3,50,4,0.2,transformer,28,0.0640200707202145,0.0050083891880050415,0.05269030724448781,0.07534983419594118,10
4,3,50,4,0.2,transformer,29,0.05932160609122526,0.0035490582708073396,0.051293078502730224,0.0673501336797203,10
4,3,50,4,0.2,transformer,30,0.060131216245965444,0.005144977203658781,0.04849246921227525,0.07176996327965564,10
4,3,50,4,0.2,transformer,31,0.05968088103504434,0.0028742521581875155,0.05317887092771225,0.06618289114237642,10
4,3,50,4,0.2,transformer,32,0.06197519981731318,0.004358884453801292,0.052114718128336845,0.07183568150628951,10
4,3,50,4,0.2,transformer,33,0.05879872911524214,0.0025677960489027345,0.052989970890611894,0.0646074873398724,10
4,3,50,4,0.2,transformer,34,0.05604279261766378,0.0037294849839268327,0.04760611144772535,0.06447947378760222,10
4,3,50,4,0.2,transformer,35,0.05698057504653982,0.002124148464454147,0.05217541738282806,0.061785732710251576,10
4,3,50,4,0.2,transformer,36,0.05094119998650972,0.0014810225247794487,0.04759089427381441,0.05429150569920503,10
4,3,50,4,0.2,transformer,37,0.05459812808677034,0.002480532033813297,0.04898677477892919,0.060209481394611485,10
4,3,50,4,0.2,transformer,38,0.05348589861798485,0.002877801880551817,0.04697585848078041,0.059995938755189285,10
4,3,50,4,0.2,transformer,39,0.05669696488232088,0.002661065165668712,0.05067721725713061,0.06271671250751115,10
4,3,50,4,0.2,transformer,40,0.05691647610018495,0.005177407517712573,0.04520436659926618,0.06862858560110371,10
4,3,50,4,0.2,transformer,41,0.057366568886099,0.0038695470113322915,0.04861304539762927,0.06612009237456873,10
4,3,50,4,0.2,transformer,42,0.05891079874866979,0.006574800125507837,0.0440375675507857,0.07378402994655388,10
4,3,50,4,0.2,transformer,43,0.05599159000920471,0.0038566954232140556,0.04726713883284998,0.06471604118555943,10
4,3,50,4,0.2,transformer,44,0.062388277346396716,0.005052551107894507,0.05095861266726915,0.07381794202552427,10
4,3,50,4,0.2,transformer,45,0.05490488563658347,0.002490709267573401,0.049270509826494426,0.06053926144667251,10
4,3,50,4,0.2,transformer,46,0.05470135495058891,0.0039031634934828365,0.04587178569623424,0.06353092420494356,10
4,3,50,4,0.2,transformer,47,0.05509544992368336,0.0026977234628039375,0.04899277546905265,0.06119812437831406,10
4,3,50,4,0.2,transformer,48,0.05934257726152958,0.004493168150014313,0.049178324747317946,0.06950682977574121,10
4,3,50,4,0.2,transformer,49,0.05601190078696958,0.004266669100691639,0.04636002471955022,0.06566377685438896,10
5,2,50,4,0.0,em_ridge,1,0.5139733891820438,0.06522459412547961,0.3664251063904844,0.6615216719736032,10
5,2,50,4,0.0,em_ridge,2,0.23317280777632304,0.0330314905065908,0.15845038492893776,0.3078952306237083,10
5,2,50,4,0.0,em_ridge,3,0.1222352284323625,0.01910200654032005,0.07902348751335933,0.16544696935136566,10
5,2,50,4,0.0,em_ridge,4,0.07086618726758442,0.016677012542635053,0.033140163890187035,0.10859221064498181,10
5,2,50,4,0.0,em_ridge,5,0.039371804995500644,0.014376778397298338,0.006849272766089709,0.07189433722491158,10
5,2,50,4,0.0,em_ridge,6,0.010614326013294054,0.0030546972351226894,0.0037041207826813893,0.017524531243906717,10
5,2,50,4,0.0,em_ridge,7,0.004980710437514321,0.0027692238437204576,0.0,0.01124512999097813,10
5,2,50,4,0.0,em_ridge,8,0.009866360218866155,0.0036829711238446678,0.001534900710681986,0.018197819727050327,10
5,2,50,4,0.0,em_ridge,9,0.0007192599128258725,0.00044933824697245407,0.0,0.0017357336467337982,10
5,2,50,4,0.0,em_ridge,10,0.000314810794348082,0.0001297338803831084,2.1332367581827815e-05,0.0006082892211143362,10
5,2,50,4,0.0,em_ridge,11,7.1024747980458605e-06,5.7001780614094845e-06,0.0,1.999717342888851e-05,10
5,2,50,4,0.0,em_ridge,12,0.00053191807737535,0.0005312666006548311,0.0,0.0017337266234021295,10
5,2,50,4,0.0,em_ridge,13,2.913331833029143e-07,2.6143422168010057e-08,2.3219265358549295e-07,3.5047371302033563e-07,10
5,2,50,4,0.0,em_ridge,14,0.00010690166527020119,0.00010190779676942585,0.0,0.0003374331176771416,10
5,2,50,4,0.0,em_ridge,15,1.157425360784944e-06,7.942555737719797e-07,0.0,2.954156296085626e-06,10
5,2,50,4,0.0,em_ridge,16,1.4152317163627874e-07,1.00115874077925e-08,1.1887538747076062e-07,1.6417095580179685e-07,10
5,2,50,4,0.0,em_ridge,17,1.1420383956274164e-07,4.039443730405945e-09,1.0506598299428353e-07,1.2334169613119974e-07,10
5,2,50,4,0.0,em_ridge,18,9.519623925604594e-08,5.145972708153703e-09,8.355524023473197e-08,1.0683723827735992e-07,10
5,2,50,4,0.0,em_ridge,19,8.17721860608516e-08,3.725825759427446e-09,7.334378263182475e-08,9.020058948987845e-08,10
5,2,50,4,0.0,em_ridge,20,6.697831025849911e-08,3.5770267380350274e-09,5.8886513601532475e-08,7.507010691546574e-08,10
5,2,50,4,0.0,em_ridge,21,5.800000248058878e-08,3.184075433013954e-09,5.0797123432906473e-08,6.52028815282711e-08,10
5,2,50,4,0.0,em_ridge,22,1.9388402155030742e-07,1.3726739452634292e-07,0.0,5.044044412967212e-07,10
5,2,50,4,0.0,em_ridge,23,4.786163937937579e-08,2.708880903672455e-09,4.173372503996587e-08,5.398955371878571e-08,10
5,2,50,4,0.0,em_ridge,24,4.4803615297788344e-08,2.316068863850762e-09,3.956430352789444e-08,5.004292706768225e-08,10
5,2,50,4,0.0,em_ridge,25,4.400101288282087e-08,4.003171151193371e-09,3.494521058924165e-08,5.305681517640009e-08,10
5,2,50,4,0.0,em_ridge,26,3.4702842905608365e-08,2.028473522121491e-09,3.011411699799473e-08,3.9291568813222e-08,10
5,2,50,4,0.0,em_ridge,27,3.2149817112614147e-08,1.2649032156270116e-09,2.928840724313702e-08,3.501122698209127e-08,10
5,2,50,4,0.0,em_ridge,28,3.129234166163217e-08,8.454433602068853e-10,2.9379815908599983e-08,3.320486741466436e-08,10
5,2,50,4,0.0,em_ridge,29,2.8116156766582213e-08,1.1268175401449089e-09,2.5567118396976752e-08,3.0665195136187674e-08,10
5,2,50,4,0.0,em_ridge,30,2.399926549823447e-08,1.0786359974167775e-09,2.155922135062612e-08,2.643930964584282e-08,10
5,2,50,4,0.0,em_ridge,31,2.5340697261760446e-08,1.0531437145552476e-09,2.2958320664423383e-08,2.772307385909751e-08,10
5,2,50,4,0.0,em_ridge,32,2.1468813557209678e-08,5.022905744336625e-10,2.033255333644854e-08,2.2605073777970814e-08,10
5,2,50,4,0.0,em_ridge,33,1.926038698102147e-08,1.096058825172751e-09,1.6780929658808744e-08,2.1739844303234193e-08,10
5,2,50,4,0.0,em_ridge,34,1.8470131263252504e-08,9.983496650217377e-10,1.6211707417546393e-08,2.0728555108958616e-08,10
5,2,50,4,0.0,em_ridge,35,1.8273814139612585e-08,6.780997785127342e-10,1.6739845868558126e-08,1.9807782410667044e-08,10
5,2,50,4,0.0,em_ridge,36,1.5959172048780547e-08,7.659602200854597e-10,1.4226449650495736e-08,1.769189444706536e-08,10
5,2,50,4,0.0,em_ridge,37,1.5389443705597254e-08,5.037219265857938e-10,1.4249945541312688e-08,1.652894186988182e-08,10
5,2,50,4,0.0,em_ridge,38,1.3925969358976534e-08,5.419050688856518e-10,1.2700094925840203e-08,1.5151843792112865e-08,10
5,2,50,4,0.0,em_ridge,39,1.369425955839353e-08,4.726748167735604e-10,1.2624994835954891e-08,1.4763524280832168e-08,10
5,2,50,4,0.0,em_ridge,40,1.2499685785300352e-08,3.3994923339071697e-10,1.1730667191997783e-08,1.3268704378602922e-08,10
5,2,50,4,0.0,em_ridge,41,1.2539178460851308e-08,7.129917898637119e-10,1.0926278976394799e-08,1.4152077945307817e-08,10
5,2,50,4,0.0,em_ridge,42,1.1742487767757727e-08,3.0510218927047054e-10,1.1052298664914118e-08,1.2432676870601337e-08,10
5,2,50,4,0.0,em_ridge,43,1.1065960523446024e-08,5.41301935175577e-10,9.841450473552063e-09,1.2290470573339986e-08,10
5,2,50,4,0.0,em_ridge,44,9.955858618383766e-09,4.226386272401303e-10,8.999783620497306e-09,1.0911933616270226e-08,10
5,2,50,4,0.0,em_ridge,45,9.783150772256773e-09,2.347892807601695e-10,9.252020519036917e-09,1.031428102547663e-08,10
5,2,50,4,0.0,em_ridge,46,9.224868189776116e-09,4.982484086420366e-10,8.097751983313727e-09,1.0351984396238506e-08,10
5,2,50,4,0.0,em_ridge,47,8.767094887505652e-09,2.357233408917425e-10,8.233851643468674e-09,9.300338131542631e-09,10
5,2,50,4,0.0,em_ridge,48,8.866096994023667e-09,4.590137123068475e-10,7.827735836906138e-09,9.904458151141197e-09,10
5,2,50,4,0.0,em_ridge,49,7.782616900860193e-09,2.1181399646040624e-10,7.3034603515863716e-09,8.261773450134014e-09,10
5,2,50,4,0.0,known_pool,0,2.348403141024577e-15,1.1973344459304177e-16,2.0775472717119257e-15,2.6192590103372286e-15,10
5,2,50,4,0.0,known_pool,1,2.221258448922112e-15,7.035828169003332e-17,2.0620969580348294e-15,2.3804199398093944e-15,10
5,2,50,4,0.0,known_pool,2,2.1289585330813034e-15,1.6694100860003858e-16,1.7513117347119693e-15,2.5066053314506375e-15,10
5,2,50,4,0.0,known_pool,3,2.345271412010318e-15,1.6280060641451822e-16,1.976990854101824e-15,2.7135519699188117e-15,10
5,2,50,4,0.0,known_pool,4,2.0796484466212615e-15,1.0013884104273405e-16,1.8531186500821298e-15,2.306178243160393e-15,10
5,2,50,4,0.0,known_pool,5,2.295239998371218e-15,1.193918377886785e-16,2.0251568973379176e-15,2.5653230994045188e-15,10
5,2,50,4,0.0,known_pool,6,2.256602211573896e-15,1.3545606756179133e-16,1.950179298094512e-15,2.56302512505328e-15,10
5,2,50,4,0.0,known_pool,7,2.1740414805844693e-15,1.252990459570896e-16,1.8905953462808577e-15,2.457487614888081e-15,10
5,2,50,4,0.0,known_pool,8,2.2636241923480014e-15,1.4454784671647238e-16,1.9366342455312766e-15,2.5906141391647262e-15,10
5,2,50,4,0.0,known_pool,9,2.3221855290799243e-15,1.140619825226755e-16,2.06415939831329e-15,2.5802116598465585e-15,10
5,2,50,4,0.0,known_pool,10,2.3505924948355404e-15,1.160912905618663e-16,2.087975750352527e-15,2.613209239318554e-15,10
5,2,50,4,0.0,known_pool,11,2.2966226023295916e-15,1.2559549221068017e-16,2.0125058600100355e-15,2.5807393446491477e-15,10
5,2,50,4,0.0,known_pool,12,2.2957260553199133e-15,1.5933034401442877e-16,1.935295776356571e-15,2.6561563342832556e-15,10
5,2,50,4,0.0,known_pool,13,2.216779827970984e-15,7.332495706355132e-17,2.0509072511378006e-15,2.3826524048041674e-15,10
5,2,50,4,0.0,known_pool,14,2.392636266729622e-15,1.8592923353790287e-16,1.9720351193082748e-15,2.8132374141509695e-15,10
5,2,50,4,0.0,known_pool,15,1.9942167886027562e-15,1.1981008624956428e-16,1.7231875438178337e-15,2.265246033387679e-15,10
5,2,50,4,0.0,known_pool,16,2.3621441209264168e-15,1.4212500449858923e-16,2.040635023987206e-15,2.6836532178656275e-15,10
5,2,50,4,0.0,known_pool,17,2.20191946559894e-15,1.0627516685239645e-16,1.961508335676217e-15,2.442330595521663e-15,10
5,2,50,4,0.0,known_pool,18,2.3714587032607845e-15,1.2303918854533733e-16,2.0931247215880708e-15,2.649792684933498e-15,10
5,2,50,4,0.0,known_pool,19,2.2849888619350745e-15,1.497579922409036e-16,1.9462127471010364e-15,2.6237649767691126e-15,10
5,2,50,4,0.0,known_pool,20,2.1983090496967684e-15,1.1189139144834638e-16,1.945193137076434e-15,2.4514249623171028e-15,10
5,2,50,4,0.0,known_pool,21,2.123067705458155e-15,8.613009622961644e-17,1.9282278913398295e-15,2.3179075195764806e-15,10
5,2,50,4,0.0,known_pool,22,2.2128584698920405e-15,8.748237820198348e-17,2.014959581423802e-15,2.410757358360279e-15,10
5,2,50,4,0.0,known_pool,23,2.22127625339486e-15,1.1816414178663279e-16,1.953970393666326e-15,2.488582113123394e-15,10
5,2,50,4,0.0,known_pool,24,2.4283804224198e-15,2.2535193241997667e-16,1.9185989343455324e-15,2.938161910494067e-15,10
5,2,50,4,0.0,known_pool,25,2.2958558887581063e-15,1.4671285474460978e-16,1.9639683535230147e-15,2.627743423993198e-15,10
5,2,50,4,0.0,known_pool,26,2.0078887553005175e-15,8.288090439403701e-17,1.8203991237663536e-15,2.1953783868346815e-15,10
5,2,50,4,0.0,known_pool,27,2.2299468394388746e-15,1.562880924493672e-16,1.8763986116444706e-15,2.5834950672332786e-15,10
5,2,50,4,0.0,known_pool,28,2.250485588298681e-15,1.3013872215504425e-16,1.9560913458182424e-15,2.5448798307791197e-15,10
5,2,50,4,0.0,known_pool,29,2.4933569174492716e-15,1.9695721210070007e-16,2.0478087493309078e-15,2.9389050855676355e-15,10
5,2,50,4,0.0,known_pool,30,2.2523526561964692e-15,1.172902215785303e-16,1.9870237413264083e-15,2.51768157106653e-15,10
5,2,50,4,0.0,known_pool,31,2.5910198789967473e-15,2.1498371359866393e-16,2.1046929313945717e-15,3.077346826598923e-15,10
5,2,50,4,0.0,known_pool,32,2.2849288409900367e-15,1.3367897669599316e-16,1.9825259863416613e-15,2.587331695638412e-15,10
5,2,50,4,0.0,known_pool,33,2.168199925709795e-15,1.0628636107168803e-16,1.9277634727037195e-15,2.4086363787158704e-15,10
5,2,50,4,0.0,known_pool,34,2.174258875873345e-15,1.4257234706652854e-16,1.851737819739846e-15,2.496779932006844e-15,10
5,2,50,4,0.0,known_pool,35,2.33075770441173e-15,1.8441899339068067e-16,1.9135729575569667e-15,2.747942451266493e-15,10
5,2,50,4,0.0,known_pool,36,2.282659532067665e-15,1.0172577601952586e-16,2.0525398392038887e-15,2.5127792249314416e-15,10
5,2,50,4,0.0,known_pool,37,2.324881072418857e-15,1.1320284582079767e-16,2.0687984438961985e-15,2.580963700941515e-15,10
5,2,50,4,0.0,known_pool,38,2.1099673057867944e-15,8.859200063693771e-17,1.9095582769793227e-15,2.310376334594266e-15,10
5,2,50,4,0.0,known_pool,39,2.3012418826946865e-15,1.9451058991247928e-16,1.8612283584840673e-15,2.7412554069053057e-15,10
5,2,50,4,0.0,known_pool,40,2.220239724317506e-15,1.4354688150284647e-16,1.895514118128497e-15,2.544965330506515e-15,10
5,2,50,4,0.0,known_pool,41,2.2639059146211323e-15,1.1114909471397068e-16,2.0124691938753876e-15,2.515342635366877e-15,10
5,2,50,4,0.0,known_pool,42,2.319892809701044e-15,1.581539724438472e-16,1.962123668112205e-15,2.677661951289883e-15,10
5,2,50,4,0.0,known_pool,43,2.3334562922503245e-15,1.881275891184911e-16,1.9078821190059723e-15,2.7590304654946766e-15,10
5,2,50,4,0.0,known_pool,44,1.9662791423749733e-15,7.903362938200818e-17,1.787492651566525e-15,2.1450656331834217e-15,10
5,2,50,4,0.0,known_pool,45,2.2334057268407857e-15,9.017721336923841e-17,2.029410697696381e-15,2.4374007559851906e-15,10
5,2,50,4,0.0,known_pool,46,2.284073293799716e-15,1.1305599000084225e-16,2.0283228762220687e-15,2.5398237113773634e-15,10
5,2,50,4,0.0,known_pool,47,2.3432301567382372e-15,1.6344666859572647e-16,1.9734881046389104e-15,2.712972208837564e-15,10
5,2,50,4,0.0,known_pool,48,2.228073605674231e-15,1.6047573325732175e-16,1.8650522762308863e-15,2.5910949351175753e-15,10
5,2,50,4,0.0,known_pool,49,2.1426314172969803e-15,1.1727365431758482e-16,1.8773399801749353e-15,2.4079228544190254e-15,10
5,2,50,4,0.0,ridge_current,0,1.8105242350877e-09,1.1360939134521192e-09,0.0,4.380547219014855e-09,10
5,2,50,4,0.0,ridge_current,1,2.4860534361163193e-09,1.0950062070902185e-09,8.97730143868719e-12,4.963129570793951e-09,10
5,2,50,4,0.0,ridge_current,2,3.9970574628859654e-09,2.602694124854241e-09,0.0,9.884760619997791e-09,10
5,2,50,4,0.0,ridge_current,3,1.3336779302893474e-08,1.0783626324439993e-08,0.0,3.773103683366468e-08,10
5,2,50,4,0.0,ridge_current,4,8.521058783871412e-07,8.508362292527476e-07,0.0,2.77683114875946e-06,10
5,2,50,4,0.0,ridge_current,5,9.255658661607179e-10,4.307423587733772e-10,0.0,1.8999727783805073e-09,10
5,2,50,4,0.0,ridge_current,6,3.0127880512429978e-09,2.4394157559428594e-09,0.0,8.531129876591936e-09,10
5,2,50,4,0.0,ridge_current,7,3.3995926237723027e-10,1.5286860285326352e-10,0.0,6.857720672886944e-10,10
5,2,50,4,0.0,ridge_current,8,8.539305038047535e-09,4.2388047539490865e-09,0.0,1.8128147573896545e-08,10
5,2,50,4,0.0,ridge_current,9,8.5704984983113e-10,4.0613180130844595e-10,0.0,1.7757838132011684e-09,10
5,2,50,4,0.0,ridge_current,10,4.7239086182186435e-08,3.9259751190303606e-08,0.0,1.360508135470071e-07,10
5,2,50,4,0.0,ridge_current,11,6.534427785501394e-10,2.233842796492125e-10,1.4811243028515603e-10,1.1587731268151228e-09,10
5,2,50,4,0.0,ridge_current,12,2.470251078910585e-08,1.8087826557121396e-08,0.0,6.562001719474961e-08,10
5,2,50,4,0.0,ridge_current,13,2.729853607715462e-08,2.33933730536335e-08,0.0,8.021802249244215e-08,10
5,2,50,4,0.0,ridge_current,14,3.7141016794369064e-08,2.474539985805982e-08,0.0,9.311900032958477e-08,10
5,2,50,4,0.0,ridge_current,15,6.073966298554107e-10,1.7596880174978963e-10,2.0932754454810675e-10,1.0054657151627146e-09,10
5,2,50,4,0.0,ridge_current,16,3.955618034701211e-09,3.4720757417112046e-09,0.0,1.1809999043591102e-08,10
5,2,50,4,0.0,ridge_current,17,9.383353648221595e-10,4.915525452855673e-10,0.0,2.0503044760315943e-09,10
5,2,50,4,0.0,ridge_current,18,3.375257688052669e-10,1.7798901985858872e-10,0.0,7.401649049778053e-10,10
5,2,50,4,0.0,ridge_current,19,1.0298292292958746e-10,1.511687595039606e-11,6.878617371926708e-11,1.3717967213990783e-10,10
5,2,50,4,0.0,ridge_current,20,4.415277546423916e-09,3.258008030552883e-09,0.0,1.1785403749193193e-08,10
5,2,50,4,0.0,ridge_current,21,7.127913597085998e-09,5.1738966237872724e-09,0.0,1.8832080904163826e-08,10
5,2,50,4,0.0,ridge_current,22,2.6813266875019034e-08,2.3337579614245065e-08,0.0,7.960653976175687e-08,10
5,2,50,4,0.0,ridge_current,23,2.115685096238528e-09,1.1813795794968758e-09,0.0,4.788151373980916e-09,10
5,2,50,4,0.0,ridge_current,24,1.402163180226486e-09,9.772541965314098e-10,0.0,3.612865760784619e-09,10
5,2,50,4,0.0,ridge_current,25,4.534426058450058e-09,3.17995429279599e-09,0.0,1.1727982439269406e-08,10
5,2,50,4,0.0,ridge_current,26,5.077994986499013e-10,3.02877876052285e-10,0.0,1.1929568554146848e-09,10
5,2,50,4,0.0,ridge_current,27,4.179410126522395e-09,1.8609566071266179e-09,0.0,8.389186444990519e-09,10
5,2,50,4,0.0,ridge_current,28,1.8256446567086687e-08,1.554030905865971e-08,0.0,5.341106801623158e-08,10
5,2,50,4,0.0,ridge_current,29,4.546243995091012e-10,2.1246631324882596e-10,0.0,9.3525659187826e-10,10
5,2,50,4,0.0,ridge_current,30,1.343671012585123e-09,8.17918873510745e-10,0.0,3.1939320508852935e-09,10
5,2,50,4,0.0,ridge_current,31,4.5245336793132494e-10,1.3074203203458164e-10,1.5669434368550369e-10,7.482123921771461e-10,10
5,2,50,4,0.0,ridge_current,32,5.622328270561171e-08,5.333586566112065e-08,0.0,1.768773932449586e-07,10
5,2,50,4,0.0,ridge_current,33,1.906763968896691e-09,1.024670329946459e-09,0.0,4.224729295291873e-09,10
5,2,50,4,0.0,ridge_current,34,9.809101506500892e-10,7.940740176322619e-10,0.0,2.7772303774288588e-09,10
5,2,50,4,0.0,ridge_current,35,1.0353246748293593e-08,5.637143916341833e-09,0.0,2.3105352236370593e-08,10
5,2,50,4,0.0,ridge_current,36,2.9731111878384927e-09,1.8588211107513608e-09,0.0,7.178056677885199e-09,10
5,2,50,4,0.0,ridge_current,37,1.9804150025218625e-09,1.2413697870112746e-09,0.0,4.788588557890699e-09,10
5,2,50,4,0.0,ridge_current,38,9.509107464469938e-09,8.212186065907557e-09,0.0,2.8086362995694327e-08,10
5,2,50,4,0.0,ridge_current,39,6.093540435490662e-10,3.1405398953825683e-10,0.0,1.3197935254883864e-09,10
5,2,50,4,0.0,ridge_current,40,5.225563420247738e-09,2.0754689078494354e-09,5.305265641911705e-10,9.920600276304306e-09,10
5,2,50,4,0.0,ridge_current,41,1.2486499164731635e-09,9.805714635981386e-10,0.0,3.466856676487212e-09,10
5,2,50,4,0.0,ridge_current,42,2.1275657946450348e-09,1.0008997355588131e-09,0.0,4.391758300682233e-09,10
5,2,50,4,0.0,ridge_current,43,7.029744707450072e-08,6.675075295445384e-08,0.0,2.212981409925919e-07,10
5,2,50,4,0.0,ridge_current,44,5.115592392846683e-10,2.2876430974884748e-10,0.0,1.029060061175611e-09,10
5,2,50,4,0.0,ridge_current,45,7.532740162076032e-08,7.439683548529669e-08,0.0,2.436247359033439e-07,10
5,2,50,4,0.0,ridge_current,46,4.247936504220312e-08,4.1551449734346894e-08,0.0,1.3647527468340553e-07,10
5,2,50,4,0.0,ridge_current,47,3.315114017352133e-08,2.4693268025356084e-08,0.0,8.901119330997649e-08,10
5,2,50,4,0.0,ridge_current,48,4.256211402317574e-10,1.643856470576129e-10,5.375497127916069e-11,7.974873091843541e-10,10
5,2,50,4,0.0,ridge_current,49,4.512871113899341e-09,2.459815055280971e-09,0.0,1.0077359360362051e-08,10
5,2,50,4,0.0,ridge_history,1,0.7811980737950596,0.1300284929038951,0.48705318720465773,1.0753429603854614,10
5,2,50,4,0.0,ridge_history,2,0.6617985639499917,0.12191337064683025,0.3860113593003922,0.9375857685995912,10
5,2,50,4,0.0,ridge_history,3,0.6236405878127762,0.11946305429354814,0.3533963838528754,0.893884791772677,10
5,2,50,4,0.0,ridge_history,4,0.5740648430059273,0.10534048990335029,0.33576809923839146,0.8123615867734632,10
5,2,50,4,0.0,ridge_history,5,0.5626289702641245,0.1131684994939976,0.3066240385306528,0.8186339019975962,10
5,2,50,4,0.0,ridge_history,6,0.49709336933690035,0.09566940668785695,0.28067413573731026,0.7135126029364904,10
5,2,50,4,0.0,ridge_history,7,0.5308490146254548,0.1027427457880999,0.2984287763153495,0.76326925293556,10
5,2,50,4,0.0,ridge_history,8,0.5504687568181224,0.11295553936965445,0.2949455743553239,0.8059919392809207,10
5,2,50,4,0.0,ridge_history,9,0.5066169156608176,0.09903587204997694,0.2825822083289957,0.7306516229926394,10
5,2,50,4,0.0,ridge_history,10,0.5055887839429267,0.11019527342366545,0.25630975686107527,0.7548678110247782,10
5,2,50,4,0.0,ridge_history,11,0.4947189353434579,0.10337768517379095,0.2608623643540689,0.728575506332847,10
5,2,50,4,0.0,ridge_history,12,0.4510320118953223,0.09007766372084475,0.24726217970108538,0.6548018440895593,10
5,2,50,4,0.0,ridge_history,13,0.46717756499686003,0.0926651837120053,0.2575543559207357,0.6768007740729843,10
5,2,50,4,0.0,ridge_history,14,0.4473176608637794,0.08544541359446331,0.2540267064728091,0.6406086152547497,10
5,2,50,4,0.0,ridge_history,15,0.4419703618538796,0.08528538150598135,0.24904142519814634,0.6348992985096129,10
5,2,50,4,0.0,ridge_history,16,0.441509858329307,0.08272072468776381,0.25438257846502377,0.6286371381935902,10
5,2,50,4,0.0,ridge_history,17,0.45423018185705155,0.08944671591043625,0.25188765277148206,0.656572710942621,10
5,2,50,4,0.0,ridge_history,18,0.48014436832298096,0.10410495151300146,0.24464260657508488,0.7156461300708771,10
5,2,50,4,0.0,ridge_history,19,0.45571929285830903,0.09425105585692893,0.24250859175026354,0.6689299939663546,10
5,2,50,4,0.0,ridge_history,20,0.42076397399641585,0.08298694591176753,0.23303445988336374,0.6084934881094679,10
5,2,50,4,0.0,ridge_history,21,0.4497945419026682,0.08776224842409465,0.25126254300682704,0.6483265407985094,10
5,2,50,4,0.0,ridge_history,22,0.4528044297974449,0.08726941655981207,0.25538729403344573,0.6502215655614441,10
5,2,50,4,0.0,ridge_history,23,0.43877103127989436,0.08779864930168105,0.24015668787808897,0.6373853746816998,10
5,2,50,4,0.0,ridge_history,24,0.42727229708310155,0.08041408040887184,0.24536300909634132,0.6091815850698618,10
5,2,50,4,0.0,ridge_history,25,0.4559044502944555,0.09760958897432828,0.23509621943839007,0.6767126811505209,10
5,2,50,4,0.0,ridge_history,26,0.4257942645966106,0.07815127688360649,0.24900379381253446,0.6025847353806868,10
5,2,50,4,0.0,ridge_history,27,0.4504963881656547,0.08482590497095695,0.2586068596447646,0.6423859166865448,10
5,2,50,4,0.0,ridge_history,28,0.4766128490321691,0.08846075380048131,0.27650072119588176,0.6767249768684565,10
5,2,50,4,0.0,ridge_history,29,0.4697596150857685,0.09388255113365859,0.25738252957699403,0.682136700594543,10
5,2,50,4,0.0,ridge_history,30,0.4227936872940964,0.08162441002902171,0.23814644348776728,0.6074409311004255,10
5,2,50,4,0.0,ridge_history,31,0.4409548991965542,0.08393466574166747,0.251081493881968,0.6308283045111404,10
5,2,50,4,0.0,ridge_history,32,0.4378028731000579,0.08627416923699971,0.24263714319611446,0.6329686030040014,10
5,2,50,4,0.0,ridge_history,33,0.4300331718806105,0.08248703394395943,0.24343453720630404,0.616631806554917,10
5,2,50,4,0.0,ridge_history,34,0.43774521084688195,0.08119393342768799,0.25407177276767695,0.6214186489260869,10
5,2,50,4,0.0,ridge_history,35,0.4166491603492529,0.07656912458708728,0.24343776671538528,0.5898605539831205,10
5,2,50,4,0.0,ridge_history,36,0.391295989416331,0.07434178113226915,0.22312319673279188,0.55946878209987,10
5,2,50,4,0.0,ridge_history,37,0.43444353192561025,0.09106839792375813,0.2284325032578236,0.6404545605933969,10
5,2,50,4,0.0,ridge_history,38,0.40867194241548227,0.07858297317073669,0.2309049067833211,0.5864389780476434,10
5,2,50,4,0.0,ridge_history,39,0.4087430623218351,0.07932743705423582,0.2292919323831718,0.5881941922604984,10
5,2,50,4,0.0,ridge_history,40,0.4181929331810652,0.07513679689507445,0.2482216898951586,0.5881641764669718,10
5,2,50,4,0.0,ridge_history,41,0.43747885531566694,0.0965570628005743,0.2190516040825917,0.6559061065487422,10
5,2,50,4,0.0,ridge_history,42,0.44915916734806655,0.08827547038511227,0.24946617971700402,0.6488521549791291,10
5,2,50,4,0.0,ridge_history,43,0.4600187939370188,0.09739281760136775,0.23970093399498563,0.680336653879052,10
5,2,50,4,0.0,ridge_history,44,0.4040182596704803,0.07449932628470858,0.23548907509188619,0.5725474442490743,10
5,2,50,4,0.0,ridge_history,45,0.4545417798115727,0.0947346398713354,0.24023713566152288,0.6688464239616225,10
5,2,50,4,0.0,ridge_history,46,0.40123455853748957,0.07989229357198051,0.2205056343812569,0.5819634826937222,10
5,2,50,4,0.0,ridge_history,47,0.42998193689366015,0.08042754300114624,0.24804219440735656,0.6119216793799638,10
5,2,50,4,0.0,ridge_history,48,0.41859645068316986,0.0784442350677821,0.24114326244436046,0.5960496389219793,10
5,2,50,4,0.0,ridge_history,49,0.39754478095863843,0.0763688679432166,0.2247863993261008,0.5703031625911761,10
5,2,50,4,0.0,transformer,0,0.0408606793108847,0.0023921398051312812,0.035449283116292266,0.04627207550547713,10
5,2,50,4,0.0,transformer,1,0.02079620982972944,0.00476234414328609,0.010023038914284731,0.03156938074517415,10
5,2,50,4,0.0,transformer,2,0.009456884886785278,0.0013750993468152342,0.006346194049828063,0.012567575723742492,10
5,2,50,4,0.0,transformer,3,0.00753516695390688,0.0022285358782809426,0.0024938685543008576,0.012576465353512901,10
5,2,50,4,0.0,transformer,4,0.006611405182626431,0.001217289399444344,0.0038577052484750833,0.009365105116777779,10
5,2,50,4,0.0,transformer,5,0.004637117103668401,0.0005594711645983185,0.003371505401293261,0.00590272880604354,10
5,2,50,4,0.0,transformer,6,0.003689813177647879,0.0008849428879790337,0.0016879332849387787,0.00569169307035698,10
5,2,50,4,0.0,transformer,7,0.0037520788133147713,0.0004989262959918849,0.0026234291191283513,0.004880728507501191,10
5,2,50,4,0.0,transformer,8,0.0024849080759949873,0.00022418211164950755,0.001977772906355827,0.002992043245634148,10
5,2,50,4,0.0,transformer,9,0.0027277335254659646,0.000248627950255183,0.0021652980269243668,0.0032901690240075623,10
5,2,50,4,0.0,transformer,10,0.0022005522265403604,0.00020631624876102703,0.0017338324466039468,0.002667272006476774,10
5,2,50,4,0.0,transformer,11,0.0019727841363833994,0.0002191699769241378,0.0014769872032141438,0.002468581069552655,10
5,2,50,4,0.0,transformer,12,0.0018226839071428587,0.00029202902690795044,0.001162068352178049,0.0024832994621076685,10
5,2,50,4,0.0,transformer,13,0.0019081164271171909,0.0001487492047632435,0.0015716223481014827,0.002244610506132899,10
5,2,50,4,0.0,transformer,14,0.0017844807388633904,0.0002233826443082906,0.0012791540899965872,0.0022898073877301935,10
5,2,50,4,0.0,transformer,15,0.0015699217168063124,0.0002026694378288195,0.0011114515963415628,0.002028391837271062,10
5,2,50,4,0.0,transformer,16,0.0014543941551227184,0.00010586800651651134,0.0012149040858702252,0.0016938842243752117,10
5,2,50,4,0.0,transformer,17,0.0018201195354692046,0.00022803235856684668,0.0013042745021874438,0.0023359645687509654,10
5,2,50,4,0.0,transformer,18,0.0015163491603552757,0.00021507268878704814,0.0010298209368933857,0.0020028773838171657,10
5,2,50,4,0.0,transformer,19,0.0017223557865699568,0.0003233506870434655,0.0009908857137788606,0.002453825859361053,10
5,2,50,4,0.0,transformer,20,0.0014769299684302254,0.0002019244526793806,0.0010201451214574575,0.0019337148154029934,10
5,2,50,4,0.0,transformer,21,0.0015923231542212424,0.00037931718746317226,0.0007342480616289579,0.002450398246813527,10
5,2,50,4,0.0,transformer,22,0.001902498819891733,0.00039545420251063716,0.0010079192631236432,0.002797078376659823,10
5,2,50,4,0.0,transformer,23,0.0012626342435944282,0.00016101526487590512,0.0008983924088355492,0.001626876078353307,10
5,2,50,4,0.0,transformer,24,0.0013188715873669553,0.0001865285760562928,0.0008969146329746629,0.0017408285417592477,10
5,2,50,4,0.0,transformer,25,0.0011877136385458134,0.00011266497057082551,0.0009328477683725715,0.0014425795087190554,10
5,2,50,4,0.0,transformer,26,0.0012845073505846326,0.00019430043818250716,0.0008449692226152442,0.001724045478554021,10
5,2,50,4,0.0,transformer,27,0.0012862216949526,0.00018720572496405477,0.0008627329233083327,0.0017097104665968672,10
5,2,50,4,0.0,transformer,28,0.0012352909453299513,0.0001659759462447579,0.0008598272696801624,0.0016107546209797401,10
5,2,50,4,0.0,transformer,29,0.0013702540636690175,0.00022549777848286296,0.0008601426488789262,0.0018803654784591089,10
5,2,50,4,0.0,transformer,30,0.0013179224206224575,0.0002165603953585409,0.000828028771083723,0.0018078160701611918,10
5,2,50,4,0.0,transformer,31,0.0013221365687260498,0.00023007082875451296,0.0008016801955081091,0.0018425929419439904,10
5,2,50,4,0.0,transformer,32,0.001204174476512184,0.00019204581039181472,0.0007697366709489544,0.0016386122820754136,10
5,2,50,4,0.0,transformer,33,0.001057573357627401,0.00016194081556843374,0.0006912377817398856,0.0014239089335149164,10
5,2,50,4,0.0,transformer,34,0.0013356113369591312,0.00024588455802136065,0.0007793818228096393,0.001891840851108623,10
5,2,50,4,0.0,transformer,35,0.0012393338090523486,0.00024274079802642128,0.0006902159740935273,0.0017884516440111698,10
5,2,50,4,0.0,transformer,36,0.0010524118987009835,0.00015411983369964695,0.0007037686129680589,0.001401055184433908,10
5,2,50,4,0.0,transformer,37,0.0011691809166923953,0.000197918983425904,0.0007214570706817473,0.0016169047627030433,10
5,2,50,4,0.0,transformer,38,0.0011284723082058941,0.00018871619334294147,0.0007015666196991482,0.00155537799671264,10
5,2,50,4,0.0,transformer,39,0.0011699869636789158,0.00020092204319502343,0.0007154697245012432,0.0016245042028565884,10
5,2,50,4,0.0,transformer,40,0.0014358935512629233,0.00036496065108989755,0.0006102952002604151,0.0022614919022654317,10
5,2,50,4,0.0,transformer,41,0.0011201783902281843,0.00020572415459428725,0.0006547980203521122,0.0015855587601042564,10
5,2,50,4,0.0,transformer,42,0.0011537451634755862,0.00023761469563853864,0.0006162233777507507,0.0016912669492004217,10
5,2,50,4,0.0,transformer,43,0.001154980259905255,0.00024476132032372037,0.0006012916859590051,0.0017086688338515048,10
5,2,50,4,0.0,transformer,44,0.0010536550658626852,0.00018918589600579584,0.0006256868361127778,0.0014816232956125926,10
5,2,50,4,0.0,transformer,45,0.0010339405456383274,0.00017801212257331864,0.0006312491474941826,0.0014366319437824722,10
5,2,50,4,0.0,transformer,46,0.0009485499882323338,0.00018821526061293465,0.0005227774882888528,0.0013743224881758147,10
5,2,50,4,0.0,transformer,47,0.0011178754241916858,0.00019081330053062447,0.0006862257496391672,0.0015495250987442046,10
5,2,50,4,0.0,transformer,48,0.0011793513606946973,0.00023973884348590103,0.0006370244187021086,0.0017216783026872862,10
5,2,50,4,0.0,transformer,49,0.0013163079053154917,0.00021493947586622683,0.0008300810304166148,0.0018025347802143685,10
5,2,50,4,0.2,em_ridge,1,0.571078855842327,0.05580662839817691,0.4448354916797734,0.6973222200048805,10
5,2,50,4,0.2,em_ridge,2,0.4737519843143955,0.06133159658648097,0.3350102737904377,0.6124936948383534,10
5,2,50,4,0.2,em_ridge,3,0.28802924386361917,0.03612699196578065,0.20630431021787526,0.36975417750936307,10
5,2,50,4,0.2,em_ridge,4,0.18577731459436692,0.018794863856374616,0.143260378697852,0.22829425049088184,10
5,2,50,4,0.2,em_ridge,5,0.14909590656126132,0.028427001168237633,0.08478956225165962,0.213402250870863,10
5,2,50,4,0.2,em_ridge,6,0.1022908405444551,0.012805162017282793,0.07332355156626733,0.13125812952264287,10
5,2,50,4,0.2,em_ridge,7,0.08101566594048654,0.007391050992437402,0.06429594699733748,0.09773538488363559,10
5,2,50,4,0.2,em_ridge,8,0.06479099215381356,0.008356929812595431,0.04588630351924895,0.08369568078837818,10
5,2,50,4,0.2,em_ridge,9,0.06101924635146026,0.004756619737355543,0.050259024941894104,0.07177946776102642,10
5,2,50,4,0.2,em_ridge,10,0.055145512298163966,0.0033159870925586507,0.04764422834498602,0.06264679625134191,10
5,2,50,4,0.2,em_ridge,11,0.05366868909586161,0.0022785560135550097,0.04851423728896122,0.058823140902762,10
5,2,50,4,0.2,em_ridge,12,0.05048973318080251,0.002232813959179177,0.04543875708984951,0.0555407092717555,10
5,2,50,4,0.2,em_ridge,13,0.04518000381013004,0.0007811650554784627,0.04341288568455178,0.046947121935708304,10
5,2,50,4,0.2,em_ridge,14,0.045503066609045524,0.0016606406961864994,0.041746436363333035,0.04925969685475801,10
5,2,50,4,0.2,em_ridge,15,0.04513347534185949,0.0012828855810189893,0.04223138653570685,0.04803556414801213,10
5,2,50,4,0.2,em_ridge,16,0.051835027629728726,0.003086251427264539,0.04485344185734606,0.05881661340211139,10
5,2,50,4,0.2,em_ridge,17,0.0474051226661889,0.0013620884204808411,0.044323864589433666,0.05048638074294413,10
5,2,50,4,0.2,em_ridge,18,0.046337956567461557,0.0013412975919073263,0.043303730612484416,0.0493721825224387,10
5,2,50,4,0.2,em_ridge,19,0.04744795322441361,0.0012286110579442597,0.04466864191939192,0.050227264529435295,10
5,2,50,4,0.2,em_ridge,20,0.04548562326388271,0.002626463450603718,0.03954415015627182,0.0514270963714936,10
5,2,50,4,0.2,em_ridge,21,0.046682675413421776,0.0014054317709703689,0.04350336786589699,0.049861982960946565,10
5,2,50,4,0.2,em_ridge,22,0.04641785659771604,0.0015231824071906387,0.042972178605041524,0.04986353459039055,10
5,2,50,4,0.2,em_ridge,23,0.044598826829450176,0.0010820537029597674,0.04215105129476742,0.04704660236413293,10
5,2,50,4,0.2,em_ridge,24,0.04602161745911467,0.0008902322092485908,0.0440077722904093,0.04803546262782004,10
5,2,50,4,0.2,em_ridge,25,0.044307580140676026,0.002230647921746142,0.03926150396681706,0.04935365631453499,10
5,2,50,4,0.2,em_ridge,26,0.04494682120109507,0.0019224855144783913,0.040597856824141985,0.04929578557804815,10
5,2,50,4,0.2,em_ridge,27,0.044875017993427115,0.0022812941733115597,0.03971437203882056,0.050035663948033667,10
5,2,50,4,0.2,em_ridge,28,0.04382571262370219,0.001858419806802994,0.03962167494625674,0.04802975030114764,10
5,2,50,4,0.2,em_ridge,29,0.04473211729785668,0.002233023639840088,0.03968066687629471,0.04978356771941865,10
5,2,50,4,0.2,em_ridge,30,0.04351263385381264,0.001741531043398546,0.03957301692975319,0.047452250777872095,10
5,2,50,4,0.2,em_ridge,31,0.043442405254565435,0.0020220842975369794,0.03886813277711038,0.04801667773202049,10
5,2,50,4,0.2,em_ridge,32,0.041468168684506986,0.0014851570269612878,0.038108510078086424,0.04482782729092755,10
5,2,50,4,0.2,em_ridge,33,0.041757177572015705,0.0017711967035813152,0.03775045226228466,0.04576390288174675,10
5,2,50,4,0.2,em_ridge,34,0.04700629081443424,0.0033198036597357505,0.03949637318647932,0.054516208442389164,10
5,2,50,4,0.2,em_ridge,35,0.04431481786620491,0.0013426237773749292,0.041277591871273035,0.04735204386113679,10
5,2,50,4,0.2,em_ridge,36,0.04264452275486599,0.0016166938217186512,0.03898730724601354,0.046301738263718445,10
5,2,50,4,0.2,em_ridge,37,0.042798038914281876,0.0017614590919436013,0.038813341612465635,0.04678273621609812,10
5,2,50,4,0.2,em_ridge,38,0.04521890103001542,0.0016147954048772004,0.04156598003841883,0.048871822021612006,10
5,2,50,4,0.2,em_ridge,39,0.042053745671229076,0.002301653617422819,0.036847043454295646,0.047260447888162506,10
5,2,50,4,0.2,em_ridge,40,0.042869836404041226,0.0013801060671531449,0.039747819578809476,0.045991853229272975,10
5,2,50,4,0.2,em_ridge,41,0.04675608668444149,0.003118048329401063,0.0397025713221359,0.05380960204674708,10
5,2,50,4,0.2,em_ridge,42,0.04355471486363546,0.0010520231782012294,0.04117487309563782,0.04593455663163311,10
5,2,50,4,0.2,em_ridge,43,0.04339093196093034,0.0015943995903416734,0.039784149507276406,0.04699771441458428,10
5,2,50,4,0.2,em_ridge,44,0.04688025200246629,0.001998345747423724,0.04235967985618438,0.0514008241487482,10
5,2,50,4,0.2,em_ridge,45,0.04233439178721362,0.001293723562867258,0.039407785762792635,0.045260997811634604,10
5,2,50,4,0.2,em_ridge,46,0.04097392329631725,0.0021501570723174664,0.03610993007403308,0.045837916518601425,10
5,2,50,4,0.2,em_ridge,47,0.04191247423731866,0.001373583812827963,0.03880521177642622,0.045019736698211105,10
5,2,50,4,0.2,em_ridge,48,0.04300472506156423,0.0018058862306082671,0.03891952658979509,0.047089923533333376,10
5,2,50,4,0.2,em_ridge,49,0.04141958846738505,0.0016467601010882516,0.03769435830929796,0.045144818625472136,10
5,2,50,4,0.2,known_pool,0,0.04203440701428819,0.0017727920606123442,0.03802407275622219,0.046044741272354195,10
5,2,50,4,0.2,known_pool,1,0.03968109569588712,0.0018288810835441767,0.03554387925284152,0.04381831213893272,10
5,2,50,4,0.2,known_pool,2,0.041511121518806815,0.0015816735793560141,0.03793312730205793,0.0450891157355557,10
5,2,50,4,0.2,known_pool,3,0.040097960676308254,0.0013571165326809493,0.03702794979115218,0.043167971561464326,10
5,2,50,4,0.2,known_pool,4,0.040206332789889145,0.001129066729574504,0.03765220640030503,0.042760459179473256,10
5,2,50,4,0.2,known_pool,5,0.040948285249118345,0.001267007823637162,0.038082114425556174,0.043814456072680516,10
5,2,50,4,0.2,known_pool,6,0.038255460602555524,0.0013244073194286694,0.03525944309844759,0.04125147810666346,10
5,2,50,4,0.2,known_pool,7,0.0417860316932668,0.0010034010582175526,0.039516180802260666,0.04405588258427293,10
5,2,50,4,0.2,known_pool,8,0.03903218566676072,0.001264602541370763,0.036171455969706036,0.041892915363815404,10
5,2,50,4,0.2,known_pool,9,0.04078385870154129,0.0017762315630224343,0.03676574374846184,0.04480197365462074,10
5,2,50,4,0.2,known_pool,10,0.041432141223270366,0.0012341782097232852,0.03864023614597537,0.04422404630056536,10
5,2,50,4,0.2,known_pool,11,0.04301215570672386,0.0018385991368035774,0.038852955499889055,0.04717135591355867,10
5,2,50,4,0.2,known_pool,12,0.041410749037895225,0.0011753691525215504,0.038751879290586544,0.04406961878520391,10
5,2,50,4,0.2,known_pool,13,0.03689856248631439,0.0008755354920934372,0.03491796360159117,0.038879161371037606,10
5,2,50,4,0.2,known_pool,14,0.03816716762636198,0.0008452047386524668,0.036255181672788316,0.04007915357993564,10
5,2,50,4,0.2,known_pool,15,0.038567478177474517,0.001377676949693767,0.03545095639770278,0.041683999957246254,10
5,2,50,4,0.2,known_pool,16,0.04470642442714656,0.0031475900322749865,0.03758608109008347,0.05182676776420966,10
5,2,50,4,0.2,known_pool,17,0.042731741868366833,0.0013897335147974583,0.039587946243487035,0.04587553749324663,10
5,2,50,4,0.2,known_pool,18,0.04044781178996701,0.0009331563815225048,0.03833686539749502,0.042558758182439,10
5,2,50,4,0.2,known_pool,19,0.0421490164662795,0.0008841116289701583,0.04014901701209147,0.04414901592046753,10
5,2,50,4,0.2,known_pool,20,0.04303289042272802,0.0023766621684175797,0.03765650707489068,0.048409273770565364,10
5,2,50,4,0.2,known_pool,21,0.04212354271701109,0.0012791858226449298,0.03922982334576495,0.04501726208825723,10
5,2,50,4,0.2,known_pool,22,0.04203618486465103,0.0015286177779870944,0.03857821120899685,0.04549415852030521,10
5,2,50,4,0.2,known_pool,23,0.04165836776637928,0.0007081347859841322,0.040056455588038706,0.04326027994471986,10
5,2,50,4,0.2,known_pool,24,0.0421442576279021,0.0006702372339401606,0.04062807566837031,0.043660439587433895,10
5,2,50,4,0.2,known_pool,25,0.04077711925836043,0.0017374359555692143,0.03684676606656639,0.044707472450154474,10
5,2,50,4,0.2,known_pool,26,0.041723518279769924,0.0018726752877178735,0.03748723246406375,0.0459598040954761,10
5,2,50,4,0.2,known_pool,27,0.04131193939463444,0.001841708541608616,0.03714570522544788,0.04547817356382101,10
5,2,50,4,0.2,known_pool,28,0.04031492283571577,0.0016523285499704923,0.03657709597110405,0.04405274970032749,10
5,2,50,4,0.2,known_pool,29,0.04128490212690059,0.0017359573974122895,0.03735789366603185,0.045211910587769334,10
5,2,50,4,0.2,known_pool,30,0.040141760767919935,0.0016258839839645887,0.03646375566771556,0.04381976586812431,10
5,2,50,4,0.2,known_pool,31,0.04109281191482757,0.0019168864944563348,0.03675651340112203,0.04542911042853311,10
5,2,50,4,0.2,known_pool,32,0.039751041688640285,0.0015574982130822119,0.03622773594987096,0.04327434742740961,10
5,2,50,4,0.2,known_pool,33,0.04003016505063391,0.0017045552718074788,0.03617419313312918,0.043886136968138645,10
5,2,50,4,0.2,known_pool,34,0.04147620613305492,0.002199692744928785,0.03650015543415903,0.04645225683195082,10
5,2,50,4,0.2,known_pool,35,0.04212075376888903,0.0012999371709640575,0.03918009158640506,0.04506141595137301,10
5,2,50,4,0.2,known_pool,36,0.040361006138315295,0.0016319322309225935,0.036669318952932496,0.04405269332369809,10
5,2,50,4,0.2,known_pool,37,0.040383450652287024,0.0018166280327306652,0.03627395253590534,0.04449294876866871,10
5,2,50,4,0.2,known_pool,38,0.04276170524045212,0.0016856240135213634,0.03894855880448011,0.04657485167642413,10
5,2,50,4,0.2,known_pool,39,0.04001208356890163,0.0017842044832770292,0.03597593261715983,0.04404823452064343,10
5,2,50,4,0.2,known_pool,40,0.04118686485951476,0.001378652860796187,0.03806813541545243,0.04430559430357709,10
5,2,50,4,0.2,known_pool,41,0.044813566713749246,0.0032017041866909826,0.037570808654665236,0.05205632477283326,10
5,2,50,4,0.2,known_pool,42,0.04151221743404079,0.0010189003510849854,0.03920730470665629,0.0438171301614253,10
5,2,50,4,0.2,known_pool,43,0.041489987738903784,0.0013738338787219018,0.038382159589658196,0.04459781588814937,10
5,2,50,4,0.2,known_pool,44,0.04496369890621091,0.0018009175950994493,0.04088974026884737,0.04903765754357445,10
5,2,50,4,0.2,known_pool,45,0.04064458714495021,0.0011678401003267806,0.03800274929699301,0.043286424992907406,10
5,2,50,4,0.2,known_pool,46,0.03927315696805758,0.002174891233512118,0.03435321118586112,0.044193102750254044,10
5,2,50,4,0.2,known_pool,47,0.04060047840540279,0.001541182069084506,0.03711408234864712,0.04408687446215846,10
5,2,50,4,0.2,known_pool,48,0.041473911195334535,0.001854245167137724,0.03727931720890998,0.04566850518175909,10
5,2,50,4,0.2,known_pool,49,0.03919988791147224,0.0017073422342730813,0.035337611446863496,0.043062164376080986,10
5,2,50,4,0.2,ridge_current,0,0.17762815937509208,0.00778705366622343,0.16001262014695072,0.19524369860323343,10
5,2,50,4,0.2,ridge_current,1,0.16248251491594234,0.007998744570070215,0.14438809759336477,0.18057693223851992,10
5,2,50,4,0.2,ridge_current,2,0.15375046044036397,0.004620511592227281,0.14329813704621489,0.16420278383451306,10
5,2,50,4,0.2,ridge_current,3,0.17432493680620023,0.008695413621264698,0.15465454459936323,0.19399532901303723,10
5,2,50,4,0.2,ridge_current,4,0.17167329315331128,0.007323678818441143,0.15510598065614117,0.1882406056504814,10
5,2,50,4,0.2,ridge_current,5,0.1729274307633079,0.008191932147164011,0.15439599277944396,0.19145886874717186,10
5,2,50,4,0.2,ridge_current,6,0.17097185276122087,0.008262309935950646,0.15228120915835133,0.1896624963640904,10
5,2,50,4,0.2,ridge_current,7,0.18188615801563057,0.007285750573990515,0.1654046451683168,0.19836767086294435,10
5,2,50,4,0.2,ridge_current,8,0.1728213077741812,0.007803148785354954,0.1551693588570104,0.190473256691352,10
5,2,50,4,0.2,ridge_current,9,0.16040432327488283,0.004481825012775835,0.15026573071982383,0.17054291582994183,10
5,2,50,4,0.2,ridge_current,10,0.16327747070518922,0.005893213795901653,0.1499460949048891,0.17660884650548933,10
5,2,50,4,0.2,ridge_current,11,0.16049473266776348,0.008673254171327702,0.14087446861932512,0.18011499671620185,10
5,2,50,4,0.2,ridge_current,12,0.17671593607160177,0.010611632526759578,0.15271075554221017,0.20072111660099337,10
5,2,50,4,0.2,ridge_current,13,0.16819271502326633,0.009736436871839461,0.14616736461350213,0.19021806543303052,10
5,2,50,4,0.2,ridge_current,14,0.18862011175484988,0.011349230338849405,0.162946369051575,0.21429385445812477,10
5,2,50,4,0.2,ridge_current,15,0.1502907825889382,0.005099654208032094,0.13875456329444438,0.161827001883432,10
5,2,50,4,0.2,ridge_current,16,0.1583529779759961,0.005641280836229202,0.14559151412496396,0.17111444182702823,10
5,2,50,4,0.2,ridge_current,17,0.17542073575296774,0.008654997628955382,0.15584177087262485,0.19499970063331062,10
5,2,50,4,0.2,ridge_current,18,0.1704372074003326,0.008531105350397767,0.1511385063253442,0.189735908475321,10
5,2,50,4,0.2,ridge_current,19,0.1803225587168491,0.0073221112790385675,0.16375879224016648,0.19688632519353172,10
5,2,50,4,0.2,ridge_current,20,0.17443320486004305,0.01058027620263344,0.1504989572638724,0.19836745245621368,10
5,2,50,4,0.2,ridge_current,21,0.16710028559210938,0.00827570400163179,0.14837934250762025,0.1858212286765985,10
5,2,50,4,0.2,ridge_current,22,0.1602209296462605,0.005956830926550036,0.14674564189818748,0.17369621739433352,10
5,2,50,4,0.2,ridge_current,23,0.1718850332051251,0.006611113402830907,0.15692965566683995,0.18684041074341026,10
5,2,50,4,0.2,ridge_current,24,0.17806359163435106,0.0069143681279388,0.1624222042475107,0.19370497902119144,10
5,2,50,4,0.2,ridge_current,25,0.17551712176639986,0.00911210535615641,0.15490410736679874,0.19613013616600097,10
5,2,50,4,0.2,ridge_current,26,0.16894220786185393,0.0076908763830753225,0.15154423676368453,0.18634017896002333,10
5,2,50,4,0.2,ridge_current,27,0.1701865158373872,0.004473447546956239,0.16006687442663808,0.1803061572481363,10
5,2,50,4,0.2,ridge_current,28,0.17874367854108747,0.005462165857082272,0.166387400923097,0.19109995615907793,10
5,2,50,4,0.2,ridge_current,29,0.1670967658948263,0.009385367344104627,0.14586558993186766,0.18832794185778495,10
5,2,50,4,0.2,ridge_current,30,0.16805550941289177,0.009684012746635568,0.146148750613461,0.18996226821232254,10
5,2,50,4,0.2,ridge_current,31,0.16116640402504817,0.004900978437321482,0.15007962054834184,0.1722531875017545,10
5,2,50,4,0.2,ridge_current,32,0.16808819337044761,0.008787263429735329,0.14821002246147713,0.1879663642794181,10
5,2,50,4,0.2,ridge_current,33,0.15941776393541016,0.006228752988997388,0.145327345746049,0.17350818212477132,10
5,2,50,4,0.2,ridge_current,34,0.17940355049510706,0.00610541255389622,0.16559214775447265,0.19321495323574148,10
5,2,50,4,0.2,ridge_current,35,0.16595119583654233,0.005265724887336983,0.1540392985653282,0.17786309310775647,10
5,2,50,4,0.2,ridge_current,36,0.17457875906103035,0.00969300952970248,0.15265164812434262,0.19650586999771807,10
5,2,50,4,0.2,ridge_current,37,0.18280294526463553,0.009598068219818526,0.16109060649214724,0.20451528403712382,10
5,2,50,4,0.2,ridge_current,38,0.16444854213219726,0.008791565449304895,0.14456063937884298,0.18433644488555154,10
5,2,50,4,0.2,ridge_current,39,0.16638048326976634,0.008130482936290854,0.1479880530584274,0.18477291348110528,10
5,2,50,4,0.2,ridge_current,40,0.1822807606337669,0.008857210922895709,0.16224435750212385,0.20231716376540992,10
5,2,50,4,0.2,ridge_current,41,0.1742981887038369,0.006971542376384375,0.15852746418134778,0.19006891322632602,10
5,2,50,4,0.2,ridge_current,42,0.16916521082389321,0.0069181874158799,0.1535151836074801,0.18481523804030633,10
5,2,50,4,0.2,ridge_current,43,0.1678731007250464,0.00963009056719975,0.14608832237006006,0.18965787908003276,10
5,2,50,4,0.2,ridge_current,44,0.1813168978727578,0.00665241979386226,0.16626807878613173,0.19636571695938385,10
5,2,50,4,0.2,ridge_current,45,0.16688969870159315,0.005409620972680536,0.15465228587022048,0.17912711153296582,10
5,2,50,4,0.2,ridge_current,46,0.15871155964364533,0.007185506729764165,0.14245681412657463,0.17496630516071604,10
5,2,50,4,0.2,ridge_current,47,0.16857511495774474,0.004443511011171128,0.15852319469585127,0.1786270352196382,10
5,2,50,4,0.2,ridge_current,48,0.1761910541827949,0.009298275516608579,0.15515689362122764,0.19722521474436217,10
5,2,50,4,0.2,ridge_current,49,0.17333737052693027,0.009378408976250452,0.15212193548565434,0.1945528055682062,10
5,2,50,4,0.2,ridge_history,1,0.8806452583696002,0.13224489925268956,0.5814865122816015,1.1798040044575988,10
5,2,50,4,0.2,ridge_history,2,0.9656144208027797,0.16638647461994863,0.5892220654485212,1.3420067761570382,10
5,2,50,4,0.2,ridge_history,3,0.8115334523545675,0.15439788112420605,0.46226117964857905,1.160805725060556,10
5,2,50,4,0.2,ridge_history,4,0.8341776895471759,0.16121408683767743,0.46948608826335203,1.1988692908309997,10
5,2,50,4,0.2,ridge_history,5,0.8019495718518979,0.15895601590480418,0.4423660819029797,1.161533061800816,10
5,2,50,4,0.2,ridge_history,6,0.7204603263425019,0.14657537152581712,0.38888379975556664,1.052036852929437,10
5,2,50,4,0.2,ridge_history,7,0.7834403693633417,0.15480326229674274,0.43325106073423586,1.1336296779924475,10
5,2,50,4,0.2,ridge_history,8,0.6141564288355197,0.11017637212855504,0.3649201594537884,0.863392698217251,10
5,2,50,4,0.2,ridge_history,9,0.673284757052996,0.11745850168869268,0.4075751661263748,0.9389943479796171,10
5,2,50,4,0.2,ridge_history,10,0.6456303374209795,0.12597291531567553,0.3606598047210524,0.9306008701209066,10
5,2,50,4,0.2,ridge_history,11,0.6227830347512475,0.11225800105133764,0.36883779359155566,0.8767282759109394,10
5,2,50,4,0.2,ridge_history,12,0.676126703835543,0.13023778228645932,0.3815083717692758,0.9707450359018102,10
5,2,50,4,0.2,ridge_history,13,0.6349643483157168,0.11880913807436318,0.3661994056149152,0.9037292910165184,10
5,2,50,4,0.2,ridge_history,14,0.6286914187274985,0.11334415690791372,0.3722891223169378,0.8850937151380591,10
5,2,50,4,0.2,ridge_history,15,0.6235298554099654,0.10688392028185124,0.3817416295564233,0.8653180812635075,10
5,2,50,4,0.2,ridge_history,16,0.6276874588086563,0.11781672612253576,0.36116750791312763,0.894207409704185,10
5,2,50,4,0.2,ridge_history,17,0.6249702082054982,0.11235749899553737,0.3707998870586512,0.8791405293523452,10
5,2,50,4,0.2,ridge_history,18,0.624239112409038,0.11836675328138403,0.35647491363638717,0.8920033111816887,10
5,2,50,4,0.2,ridge_history,19,0.6398618002688515,0.12484831132412531,0.3574352985437212,0.9222883019939818,10
5,2,50,4,0.2,ridge_history,20,0.584694078282853,0.10338363460339571,0.35082404874866907,0.8185641078170369,10
5,2,50,4,0.2,ridge_history,21,0.5883456477347963,0.09853785872995534,0.3654375248020302,0.8112537706675623,10
5,2,50,4,0.2,ridge_history,22,0.5861652205135821,0.10483482011232804,0.3490123812858179,0.8233180597413463,10
5,2,50,4,0.2,ridge_history,23,0.5733548201565555,0.10137952496845037,0.34401840158809605,0.8026912387250149,10
5,2,50,4,0.2,ridge_history,24,0.6026699540428868,0.1183357404538711,0.334975911160133,0.8703639969256407,10
5,2,50,4,0.2,ridge_history,25,0.6123236205530123,0.11412578862955308,0.3541531503446748,0.8704940907613496,10
5,2,50,4,0.2,ridge_history,26,0.5807277559606691,0.10511816229440712,0.3429339521861918,0.8185215597351463,10
5,2,50,4,0.2,ridge_history,27,0.595590264517367,0.10534925987313354,0.3572736816998684,0.8339068473348655,10
5,2,50,4,0.2,ridge_history,28,0.5673344230135443,0.1012803908440448,0.3382222614146866,0.796446584612402,10
5,2,50,4,0.2,ridge_history,29,0.6169406255193726,0.11210037419804418,0.36335196107490786,0.8705292899638373,10
5,2,50,4,0.2,ridge_history,30,0.6039476629073093,0.11208990630871297,0.35038267847367455,0.857512647340944,10
5,2,50,4,0.2,ridge_history,31,0.5668283475988628,0.09815739980312893,0.34478088255256756,0.788875812645158,10
5,2,50,4,0.2,ridge_history,32,0.534992377202093,0.09994724979955219,0.3088959901660546,0.7610887642381314,10
5,2,50,4,0.2,ridge_history,33,0.5526668188615568,0.09616195813033244,0.33513335648832415,0.7702002812347895,10
5,2,50,4,0.2,ridge_history,34,0.5183963628185719,0.08491930267429189,0.32629555401409377,0.7104971716230501,10
5,2,50,4,0.2,ridge_history,35,0.6088394199660024,0.1169115070870835,0.34436721679542337,0.8733116231365815,10
5,2,50,4,0.2,ridge_history,36,0.5747858550386927,0.1051980186924239,0.33681140354144656,0.8127603065359389,10
5,2,50,4,0.2,ridge_history,37,0.5808219855271033,0.10281119154013701,0.34824691216876413,0.8133970588854424,10
5,2,50,4,0.2,ridge_history,38,0.5484554665936205,0.09338915858389198,0.3371945125753718,0.7597164206118693,10
5,2,50,4,0.2,ridge_history,39,0.5865478697212374,0.11132834141211745,0.3347056647733719,0.8383900746691029,10
5,2,50,4,0.2,ridge_history,40,0.5881007643675364,0.10559253673154617,0.3492338510622367,0.8269676776728362,10
5,2,50,4,0.2,ridge_history,41,0.5797263259095697,0.10440164326802889,0.3435534007828952,0.8158992510362443,10
5,2,50,4,0.2,ridge_history,42,0.5900126909545196,0.10283923775071398,0.3573741726600344,0.8226512092490048,10
5,2,50,4,0.2,ridge_history,43,0.5885726482731608,0.10772677383344742,0.3448777552206855,0.8322675413256362,10
5,2,50,4,0.2,ridge_history,44,0.5681304114358303,0.10156645638248739,0.338371124630155,0.7978896982415056,10
5,2,50,4,0.2,ridge_history,45,0.6148253388782752,0.11707980331708832,0.3499724231855188,0.8796782545710315,10
5,2,50,4,0.2,ridge_history,46,0.5603038668161736,0.09837702039512188,0.3377595854746036,0.7828481481577436,10
5,2,50,4,0.2,ridge_history,47,0.5676475117939317,0.10766694562742288,0.32408795954625214,0.8112070640416112,10
5,2,50,4,0.2,ridge_history,48,0.5792722790519667,0.10780741174518373,0.335394970369864,0.8231495877340693,10
5,2,50,4,0.2,ridge_history,49,0.549824152637418,0.10200910481386732,0.3190635255120952,0.7805847797627408,10
5,2,50,4,0.2,transformer,0,0.189812905120767,0.012195512504139638,0.16222473915553245,0.21740107108600157,10
5,2,50,4,0.2,transformer,1,0.12716233454353298,0.011487374935704325,0.10117608705098088,0.15314858203608508,10
5,2,50,4,0.2,transformer,2,0.09092979983376341,0.0055794122973786215,0.07830829234104397,0.10355130732648285,10
5,2,50,4,0.2,transformer,3,0.08791660169385543,0.004640872266784951,0.07741821925391631,0.09841498413379454,10
5,2,50,4,0.2,transformer,4,0.0847956487635556,0.004352210126300095,0.07495026545234296,0.09464103207476823,10
5,2,50,4,0.2,transformer,5,0.07054049740591192,0.0021764270722799085,0.065617077315046,0.07546391749677785,10
5,2,50,4,0.2,transformer,6,0.057416483484072176,0.0016091687488509442,0.05377629087270799,0.061056676095436364,10
5,2,50,4,0.2,transformer,7,0.06370835050862866,0.004249960927616105,0.05409427095460939,0.07332243006264794,10
5,2,50,4,0.2,transformer,8,0.05447301615228347,0.0019021773801605102,0.050169991966840646,0.05877604033772629,10
5,2,50,4,0.2,transformer,9,0.05492799936648511,0.002907401855381784,0.04835099943420042,0.061504999298769805,10
5,2,50,4,0.2,transformer,10,0.05266913525553265,0.0020543633343569146,0.048021842523727154,0.057316427987338145,10
5,2,50,4,0.2,transformer,11,0.05377034804414812,0.0020382550823614823,0.049159494709974244,0.05838120137832199,10
5,2,50,4,0.2,transformer,12,0.05159159935163712,0.0024986690144938447,0.045939217343037936,0.0572439813602363,10
5,2,50,4,0.2,transformer,13,0.04737453218016054,0.0009774388682773226,0.045163411843089626,0.04958565251723146,10
5,2,50,4,0.2,transformer,14,0.04689349216161455,0.002065713123949712,0.042220524421985456,0.051566459901243644,10
5,2,50,4,0.2,transformer,15,0.04594923148834742,0.001579828480272263,0.042375411175706916,0.04952305180098792,10
5,2,50,4,0.2,transformer,16,0.052571769215632315,0.002543489912693008,0.046817995291128844,0.058325543140135785,10
5,2,50,4,0.2,transformer,17,0.050697901803889535,0.0022232132686719687,0.04566864398373523,0.05572715962404384,10
5,2,50,4,0.2,transformer,18,0.05417552880973218,0.006346722648112458,0.03981824471101099,0.06853281290845337,10
5,2,50,4,0.2,transformer,19,0.04883199262588306,0.0013762755570333005,0.04571864101655609,0.05194534423521003,10
5,2,50,4,0.2,transformer,20,0.04805655217605864,0.003263130210419997,0.040674838797413834,0.05543826555470345,10
5,2,50,4,0.2,transformer,21,0.04916071683928779,0.0015143798826715911,0.04573495154050475,0.052586482138070836,10
5,2,50,4,0.2,transformer,22,0.04730726779900989,0.00218152938709934,0.042372305470128345,0.05224223012789144,10
5,2,50,4,0.2,transformer,23,0.04741916284016019,0.0011669880798949267,0.04477925239632576,0.05005907328399462,10
5,2,50,4,0.2,transformer,24,0.04834074204128856,0.0013614219107244954,0.04526099171435272,0.0514204923682244,10
5,2,50,4,0.2,transformer,25,0.04607463165436616,0.002181372332021569,0.041140024608753746,0.05100923869997858,10
5,2,50,4,0.2,transformer,26,0.04686440520411879,0.002118035228270882,0.042073076641426885,0.051655733766810694,10
5,2,50,4,0.2,transformer,27,0.0488395778380121,0.003248134270443195,0.041491787632398705,0.056187368043625494,10
5,2,50,4,0.2,transformer,28,0.04616580912241543,0.0025346981753692696,0.04043192348947229,0.051899694755358564,10
5,2,50,4,0.2,transformer,29,0.04585894024795525,0.00251713156429615,0.04016479305007726,0.051553087445833236,10
5,2,50,4,0.2,transformer,30,0.044707305082510244,0.001626301482846804,0.041028355534219005,0.048386254630801484,10
5,2,50,4,0.2,transformer,31,0.04453051728074138,0.0023098985503275803,0.03930516372978066,0.049755870831702104,10
5,2,50,4,0.2,transformer,32,0.0435678693662015,0.0016935975243526804,0.03973668559558978,0.047399053136813224,10
5,2,50,4,0.2,transformer,33,0.04547010008525234,0.0022226344539508546,0.04044215163496534,0.05049804853553934,10
5,2,50,4,0.2,transformer,34,0.046406260900493115,0.0018147393273851902,0.04230103533243711,0.05051148646854912,10
5,2,50,4,0.2,transformer,35,0.04606191891327351,0.0017897768241452497,0.04201316245072311,0.050110675375823914,10
5,2,50,4,0.2,transformer,36,0.04479729270877667,0.0022610996941008913,0.03968232983996551,0.049912255577587834,10
5,2,50,4,0.2,transformer,37,0.04555464130918533,0.0025038389009379896,0.03989056420493567,0.05121871841343499,10
5,2,50,4,0.2,transformer,38,0.04861552693810732,0.0021719946427188955,0.043702133699521445,0.053528920176693195,10
5,2,50,4,0.2,transformer,39,0.04368547576230533,0.0022447797439565085,0.038607431185609796,0.04876352033900087,10
5,2,50,4,0.2,transformer,40,0.04529731197361439,0.0017594959152197095,0.04131705568608594,0.04927756826114284,10
5,2,50,4,0.2,transformer,41,0.0462761359277324,0.0014973920084310284,0.04288879987034336,0.04966347198512144,10
5,2,50,4,0.2,transformer,42,0.045799407833620985,0.0014145882505135054,0.042599386890311675,0.048999428776930296,10
5,2,50,4,0.2,transformer,43,0.04411675999357791,0.0014200869889048485,0.040904300039830276,0.04732921994732555,10
5,2,50,4,0.2,transformer,44,0.050901519808357686,0.0022918956274138556,0.04571689169841755,0.05608614791829782,10
5,2,50,4,0.2,transformer,45,0.04634148100116102,0.0021115327483432525,0.04156486207001335,0.05111809993230869,10
5,2,50,4,0.2,transformer,46,0.04184581847264522,0.002627687348687854,0.035901576715216765,0.04779006023007368,10
5,2,50,4,0.2,transformer,47,0.04362791304109787,0.001557129143855594,0.040105442194923104,0.04715038388727264,10
5,2,50,4,0.2,transformer,48,0.044065474155498705,0.0018216908215562112,0.03994452321511158,0.04818642509588583,10
5,2,50,4,0.2,transformer,49,0.04335035716047981,0.0013398798478795801,0.04031933836531005,0.04638137595564957,10
5,3,50,4,0.0,em_ridge,1,0.6685616332217078,0.028343014224554045,0.6044452805783415,0.7326779858650742,10
5,3,50,4,0.0,em_ridge,2,0.47505326999058106,0.030611998495632627,0.40580411832611785,0.5443024216550443,10
5,3,50,4,0.0,em_ridge,3,0.3718404016986721,0.0385453583477559,0.2846447432196725,0.45903606017767173,10
5,3,50,4,0.0,em_ridge,4,0.22276637375293068,0.017150082548423633,0.18397019167343368,0.2615625558324277,10
5,3,50,4,0.0,em_ridge,5,0.16213931027694337,0.012364671963374629,0.1341684790293453,0.19011014152454142,10
5,3,50,4,0.0,em_ridge,6,0.10734042281352159,0.013903392849405893,0.0758887630920407,0.13879208253500247,10
5,3,50,4,0.0,em_ridge,7,0.06701287937438694,0.013299120077508051,0.03692817963213868,0.09709757911663519,10
5,3,50,4,0.0,em_ridge,8,0.04587991497271657,0.004826479191812341,0.03496166049786179,0.056798169447571344,10
5,3,50,4,0.0,em_ridge,9,0.034638366416243196,0.006771899144105963,0.019319266261656858,0.049957466570829535,10
5,3,50,4,0.0,em_ridge,10,0.025506718933546252,0.010287608505097816,0.0022345316656754953,0.048778906201417005,10
5,3,50,4,0.0,em_ridge,11,0.017349384449293966,0.005411118994047341,0.005108582858156355,0.029590186040431576,10
5,3,50,4,0.0,em_ridge,12,0.004724716160865239,0.0017039012697662912,0.000870223698762467,0.008579208622968012,10
5,3,50,4,0.0,em_ridge,13,0.006446149541380362,0.0026681971436401273,0.0004102682611371372,0.012482030821623587,10
5,3,50,4,0.0,em_ridge,14,0.005032369638971059,0.0023119524488067612,0.0,0.010262369431088124,10
5,3,50,4,0.0,em_ridge,15,0.004304064577992875,0.0022408560499427833,0.0,0.009373233142170635,10
5,3,50,4,0.0,em_ridge,16,0.0021228099747107364,0.0012107501617383226,0.0,0.004861717125446168,10
5,3,50,4,0.0,em_ridge,17,0.0008635319967673449,0.0005321424273583829,0.0,0.0020673218004449343,10
5,3,50,4,0.0,em_ridge,18,1.548597179470836e-05,1.2801939549786858e-05,0.0,4.4445971044968324e-05,10
5,3,50,4,0.0,em_ridge,19,0.00038507463274933124,0.00027457871477952906,0.0,0.0010062148391397682,10
5,3,50,4,0.0,em_ridge,20,0.0017763518819477017,0.0013506963220216057,0.0,0.004831839241574067,10
5,3,50,4,0.0,em_ridge,21,8.948321892507814e-05,6.964001522217454e-05,0.0,0.0002470198781772963,10
5,3,50,4,0.0,em_ridge,22,0.0003325416090050078,0.00024648313967274936,0.0,0.0008901252089247081,10
5,3,50,4,0.0,em_ridge,23,0.0002582857952060128,0.0002580812897221342,0.0,0.0008421062333351375,10
5,3,50,4,0.0,em_ridge,24,2.8977397053378847e-05,2.00691645914185e-05,0.0,7.437700148523232e-05,10
5,3,50,4,0.0,em_ridge,25,2.515846717967562e-05,2.453510538455869e-05,0.0,8.066073156536387e-05,10
5,3,50,4,0.0,em_ridge,26,1.433065477604018e-07,1.2615147564069918e-08,1.1476910133858471e-07,1.7184399418221888e-07,10
5,3,50,4,0.0,em_ridge,27,0.0002684898975773264,0.00024188507420460316,0.0,0.0008156719507632447,10
5,3,50,4,0.0,em_ridge,28,0.001263844243836985,0.0012637363728243433,0.0,0.004122614531510195,10
5,3,50,4,0.0,em_ridge,29,1.1302459769252065e-07,1.3495929937035544e-08,8.249468311683296e-08,1.4355451226820834e-07,10
5,3,50,4,0.0,em_ridge,30,0.00012016063324333543,0.00012002042463153528,0.0,0.00039166569650564507,10
5,3,50,4,0.0,em_ridge,31,7.30681158572263e-08,6.5709897192199326e-09,5.8203504397219565e-08,8.793272731723303e-08,10
5,3,50,4,0.0,em_ridge,32,3.4335938663233284e-05,3.42758841269076e-05,0.0,0.0001118733754521586,10
5,3,50,4,0.0,em_ridge,33,0.0012836737703095526,0.0012131837630095586,0.0,0.0040280861095921055,10
5,3,50,4,0.0,em_ridge,34,5.530678522558693e-08,3.7981409157558995e-09,4.671479354769279e-08,6.389877690348107e-08,10
5,3,50,4,0.0,em_ridge,35,1.141548236062725e-06,1.0893557883808495e-06,0.0,3.6058422355841493e-06,10
5,3,50,4,0.0,em_ridge,36,5.400773132650445e-06,5.3545313693826e-06,0.0,1.7513564623326975e-05,10
5,3,50,4,0.0,em_ridge,37,0.00012464414777764142,9.429764428262256e-05,0.0,0.0003379602392265732,10
5,3,50,4,0.0,em_ridge,38,4.462791824098544e-08,1.3317830886316874e-09,4.161521558774375e-08,4.764062089422713e-08,10
5,3,50,4,0.0,em_ridge,39,4.222343854991302e-08,1.7898543979006823e-09,3.8174506603336126e-08,4.6272370496489915e-08,10
5,3,50,4,0.0,em_ridge,40,3.43790949713636e-08,1.9052884943249265e-09,3.0069032956729464e-08,3.868915698599774e-08,10
5,3,50,4,0.0,em_ridge,41,0.00015084408296611778,0.0001508075659752508,0.0,0.0004919944985411942,10
5,3,50,4,0.0,em_ridge,42,3.971798532187966e-06,3.936987966060921e-06,0.0,1.2877884059463014e-05,10
5,3,50,4,0.0,em_ridge,43,3.030675534877775e-08,1.3977249089662814e-09,2.714488193433821e-08,3.34686287632173e-08,10
5,3,50,4,0.0,em_ridge,44,2.693790109014215e-08,1.024544838017623e-09,2.4620219646212657e-08,2.9255582534071644e-08,10
5,3,50,4,0.0,em_ridge,45,3.0787988325380054e-05,3.0761624847536206e-05,0.0,0.00010037561831354532,10
5,3,50,4,0.0,em_ridge,46,2.5287674005278124e-08,1.2822664174834983e-09,2.2386985844352233e-08,2.8188362166204014e-08,10
5,3,50,4,0.0,em_ridge,47,2.4871764971757626e-08,1.4749139798168028e-09,2.1535277747803838e-08,2.8208252195711414e-08,10
5,3,50,4,0.0,em_ridge,48,2.290798056706342e-08,6.728930527113128e-10,2.1385790728075375e-08,2.4430170406051467e-08,10
5,3,50,4,0.0,em_ridge,49,2.1013485764456086e-08,6.910756206257388e-10,1.9450164099222357e-08,2.2576807429689814e-08,10
5,3,50,4,0.0,known_pool,0,2.169199351510954e-15,1.6638985508859352e-16,1.792799349005337e-15,2.545599354016571e-15,10
5,3,50,4,0.0,known_pool,1,2.1056403681710267e-15,5.475177186681024e-17,1.9817832552666285e-15,2.229497481075425e-15,10
5,3,50,4,0.0,known_pool,2,2.0844384855037586e-15,9.850704199100396e-17,1.8616000748777456e-15,2.3072768961297715e-15,10
5,3,50,4,0.0,known_pool,3,2.265293242739124e-15,1.185577774621142e-16,1.9970969172477667e-15,2.533489568230481e-15,10
5,3,50,4,0.0,known_pool,4,2.2261761173625916e-15,1.028875598776164e-16,1.9934282868226123e-15,2.458923947902571e-15,10
5,3,50,4,0.0,known_pool,5,2.138493269260603e-15,1.2170842210780688e-16,1.8631696904165603e-15,2.4138168481046457e-15,10
5,3,50,4,0.0,known_pool,6,2.1381883288007615e-15,1.6499964560283013e-16,1.7649331986411538e-15,2.511443458960369e-15,10
5,3,50,4,0.0,known_pool,7,2.119236703199772e-15,1.017278236638133e-16,1.889112378242804e-15,2.34936102815674e-15,10
5,3,50,4,0.0,known_pool,8,2.220770818393656e-15,9.411214712213533e-17,2.007874350674999e-15,2.4336672861123133e-15,10
5,3,50,4,0.0,known_pool,9,2.345425556239259e-15,1.674289676459557e-16,1.9666749178190516e-15,2.7241761946594664e-15,10
5,3,50,4,0.0,known_pool,10,2.363807911638931e-15,1.6442318265371355e-16,1.9918568312687555e-15,2.7357589920091067e-15,10
5,3,50,4,0.0,known_pool,11,2.2107242615180226e-15,1.0349617058179629e-16,1.976599657914227e-15,2.444848865121818e-15,10
5,3,50,4,0.0,known_pool,12,2.450901154479563e-15,8.848396444671859e-17,2.250736520513637e-15,2.651065788445489e-15,10
5,3,50,4,0.0,known_pool,13,2.4262173708605016e-15,1.456168355057743e-16,2.0968092033971064e-15,2.7556255383238968e-15,10
5,3,50,4,0.0,known_pool,14,2.128201868861568e-15,1.466157901722673e-16,1.7965339089440546e-15,2.459869828779081e-15,10
5,3,50,4,0.0,known_pool,15,2.3883480845926833e-15,1.2037659575195604e-16,2.116037306279132e-15,2.6606588629062345e-15,10
5,3,50,4,0.0,known_pool,16,2.1918872269828073e-15,1.4915760494861826e-16,1.8544692825624656e-15,2.529305171403149e-15,10
5,3,50,4,0.0,known_pool,17,2.2300520487485065e-15,1.2357408123809772e-16,1.9505080557395364e-15,2.5095960417574767e-15,10
5,3,50,4,0.0,known_pool,18,2.1980236145738513e-15,8.248953043013355e-17,2.011419332455464e-15,2.3846278966922386e-15,10
5,3,50,4,0.0,known_pool,19,2.3278162413002087e-15,1.4218644304973552e-16,2.0061681607024506e-15,2.649464321897967e-15,10
5,3,50,4,0.0,known_pool,20,2.187444269932645e-15,1.4945264630072653e-16,1.84935889560431e-15,2.52552964426098e-15,10
5,3,50,4,0.0,known_pool,21,2.1852627856957495e-15,9.781592691998946e-17,1.9639877859779495e-15,2.4065377854135495e-15,10
5,3,50,4,0.0,known_pool,22,2.2911933758499174e-15,1.0846735858039842e-16,2.045823163707468e-15,2.536563587992367e-15,10
5,3,50,4,0.0,known_pool,23,2.4108568516740493e-15,2.059403056540836e-16,1.9449875141298124e-15,2.876726189218286e-15,10
5,3,50,4,0.0,known_pool,24,2.4049769967187082e-15,9.247027443497125e-17,2.195794703059722e-15,2.6141592903776944e-15,10
5,3,50,4,0.0,known_pool,25,2.2273447983810065e-15,6.281275940804998e-17,2.0852524647709657e-15,2.3694371319910473e-15,10
5,3,50,4,0.0,known_pool,26,2.2528872221594873e-15,1.7789045869845123e-16,1.8504710468213277e-15,2.655303397497647e-15,10
5,3,50,4,0.0,known_pool,27,2.4139180532639305e-15,1.5754485406172495e-16,2.0575268331862016e-15,2.7703092733416593e-15,10
5,3,50,4,0.0,known_pool,28,2.2190455999216697e-15,9.013385900647027e-17,2.0151486451595395e-15,2.4229425546838e-15,10
5,3,50,4,0.0,known_pool,29,2.1343533608647807e-15,1.209312157781074e-16,1.86078794488644e-15,2.4079187768431215e-15,10
5,3,50,4,0.0,known_pool,30,2.333845539298579e-15,1.8127128384072675e-16,1.9237814061486525e-15,2.7439096724485056e-15,10
5,3,50,4,0.0,known_pool,31,2.2051983846361102e-15,1.3519214235616085e-16,1.8993725114510862e-15,2.511024257821134e-15,10
5,3,50,4,0.0,known_pool,32,2.287173985441972e-15,1.0889129218721212e-16,2.0408447688543178e-15,2.5335032020296264e-15,10
5,3,50,4,0.0,known_pool,33,2.1047313779036632e-15,1.2802154430793174e-16,1.8151265244549876e-15,2.3943362313523388e-15,10
5,3,50,4,0.0,known_pool,34,2.0930581673252354e-15,1.1775369350081515e-16,1.826680806126422e-15,2.3594355285240487e-15,10
5,3,50,4,0.0,known_pool,35,2.3389595038249212e-15,1.4720597882860655e-16,2.005956444411068e-15,2.6719625632387746e-15,10
5,3,50,4,0.0,known_pool,36,2.1418370001225533e-15,8.081424919881696e-17,1.9590224674412906e-15,2.324651532803816e-15,10
5,3,50,4,0.0,known_pool,37,2.394515741410236e-15,1.514211087880794e-16,2.051977395566436e-15,2.737054087254036e-15,10
5,3,50,4,0.0,known_pool,38,2.1259922435935912e-15,1.7527534800039462e-16,1.7294918596525504e-15,2.5224926275346318e-15,10
5,3,50,4,0.0,known_pool,39,2.363728031420379e-15,1.038840691258133e-16,2.1287259403467964e-15,2.5987301224939616e-15,10
5,3,50,4,0.0,known_pool,40,2.0768256362669748e-15,1.0691627025346361e-16,1.8349642296934334e-15,2.318687042840516e-15,10
5,3,50,4,0.0,known_pool,41,2.3629075349629228e-15,1.0286566290841545e-16,2.130209238808665e-15,2.5956058311171804e-15,10
5,3,50,4,0.0,known_pool,42,2.3218047628581976e-15,1.478247823835473e-16,1.9874018725501703e-15,2.656207653166225e-15,10
5,3,50,4,0.0,known_pool,43,2.146751420549067e-15,1.136306556429434e-16,1.8897010189729265e-15,2.4038018221252076e-15,10
5,3,50,4,0.0,known_pool,44,2.3337091372713762e-15,1.1100277010705323e-16,2.0826034257832633e-15,2.5848148487594892e-15,10
5,3,50,4,0.0,known_pool,45,2.1183902456358006e-15,1.3166532507685643e-16,1.820542587421036e-15,2.4162379038505653e-15,10
5,3,50,4,0.0,known_pool,46,2.2099068372379217e-15,1.0090586321078198e-16,1.9816419160073155e-15,2.438171758468528e-15,10
5,3,50,4,0.0,known_pool,47,2.1879283304096097e-15,1.3247414374279871e-16,1.8882509972562784e-15,2.487605663562941e-15,10
5,3,50,4,0.0,known_pool,48,2.173281899443727e-15,7.447615204420946e-17,2.0048051386392706e-15,2.3417586602481834e-15,10
5,3,50,4,0.0,known_pool,49,2.335073573330927e-15,1.4620543511456323e-16,2.0043339010464895e-15,2.6658132456153644e-15,10
5,3,50,4,0.0,ridge_current,0,5.036809861637526e-09,3.692303656251348e-09,0.0,1.3389381024852513e-08,10
5,3,50,4,0.0,ridge_current,1,5.393310960341931e-10,1.0121252145696925e-10,3.103724656554431e-10,7.68289726412943e-10,10
5,3,50,4,0.0,ridge_current,2,5.2034854690593045e-08,5.158770697379857e-08,0.0,1.6873435553370638e-07,10
5,3,50,4,0.0,ridge_current,3,5.992351416268513e-07,5.962610576103217e-07,0.0,1.9480713639976735e-06,10
5,3,50,4,0.0,ridge_current,4,1.5244859282015508e-09,9.312002660343155e-10,0.0,3.6310072800106716e-09,10
5,3,50,4,0.0,ridge_current,5,6.502654263308514e-10,1.6983086593672585e-10,2.660813164878653e-10,1.0344495361738375e-09,10
5,3,50,4,0.0,ridge_current,6,1.509288505193443e-09,7.094135723059617e-10,0.0,3.1140934991716363e-09,10
5,3,50,4,0.0,ridge_current,7,4.0087206386963574e-07,3.978182575976012e-07,0.0,1.3007994847859506e-06,10
5,3,50,4,0.0,ridge_current,8,4.917983056211584e-10,2.577284420448801e-10,0.0,1.0748205468498059e-09,10
5,3,50,4,0.0,ridge_current,9,1.1541622939730241e-08,8.530752801772154e-09,0.0,3.0839526494319976e-08,10
5,3,50,4,0.0,ridge_current,10,5.8591792263326634e-08,4.891837405406692e-08,0.0,1.6925284252217598e-07,10
5,3,50,4,0.0,ridge_current,11,2.3164687171152366e-09,1.5034627906012864e-09,0.0,5.717537837874514e-09,10
5,3,50,4,0.0,ridge_current,12,7.505236420087604e-10,4.2074689578888757e-10,0.0,1.7023192460427023e-09,10
5,3,50,4,0.0,ridge_current,13,1.9649774401207995e-09,1.2832089164521832e-09,0.0,4.8677976818396295e-09,10
5,3,50,4,0.0,ridge_current,14,2.8966288260569743e-08,2.8781164604711258e-08,0.0,9.407380592479148e-08,10
5,3,50,4,0.0,ridge_current,15,5.869053938377769e-10,2.1302928762280186e-10,1.0499966495605666e-10,1.068811122719497e-09,10
5,3,50,4,0.0,ridge_current,16,1.1967158151644696e-09,7.732190439549643e-10,0.0,2.945858813859172e-09,10
5,3,50,4,0.0,ridge_current,17,2.550408566131816e-09,2.1702801449213056e-09,0.0,7.459923341244273e-09,10
5,3,50,4,0.0,ridge_current,18,1.10931002454344e-09,6.902339673068115e-10,0.0,2.6707277376931655e-09,10
5,3,50,4,0.0,ridge_current,19,6.1523145007718245e-09,4.628026924542726e-09,0.0,1.6621638757749102e-08,10
5,3,50,4,0.0,ridge_current,20,2.8505987823962622e-08,2.614546995114524e-08,0.0,8.765114994867106e-08,10
5,3,50,4,0.0,ridge_current,21,9.237675919022796e-08,9.201332085916871e-08,0.0,3.005253520446459e-07,10
5,3,50,4,0.0,ridge_current,22,5.912436357463213e-08,4.326679774862448e-08,0.0,1.5700066001302424e-07,10
5,3,50,4,0.0,ridge_current,23,3.660733953233753e-10,1.2679822601102e-10,7.923588012244075e-11,6.529109105243098e-10,10
5,3,50,4,0.0,ridge_current,24,1.3639141024383944e-09,6.474477126120734e-10,0.0,2.8285425830611102e-09,10
5,3,50,4,0.0,ridge_current,25,3.3193629833444484e-09,3.0506462614620573e-09,0.0,1.0220404274874407e-08,10
5,3,50,4,0.0,ridge_current,26,2.3630454985378328e-09,1.1305184424890657e-09,0.0,4.920455890889943e-09,10
5,3,50,4,0.0,ridge_current,27,6.345826047932201e-09,4.782517274575239e-09,0.0,1.7164631756818727e-08,10
5,3,50,4,0.0,ridge_current,28,4.561648634868725e-09,2.2965593973964134e-09,0.0,9.756826925480551e-09,10
5,3,50,4,0.0,ridge_current,29,1.2678262241812281e-08,8.348847274534325e-09,0.0,3.156466690500837e-08,10
5,3,50,4,0.0,ridge_current,30,8.956568161111571e-09,4.567594697768297e-09,0.0,1.9289185223427225e-08,10
5,3,50,4,0.0,ridge_current,31,2.457421827028194e-09,1.3518580944822238e-09,0.0,5.515537298547889e-09,10
5,3,50,4,0.0,ridge_current,32,9.782989926330835e-10,5.564933728573408e-10,0.0,2.237174462092049e-09,10
5,3,50,4,0.0,ridge_current,33,1.5689997260189522e-07,1.5259590351278458e-07,0.0,5.020958887470046e-07,10
5,3,50,4,0.0,ridge_current,34,3.1702336983789477e-09,1.3473183745373523e-09,1.223877868496416e-10,6.218079609908254e-09,10
5,3,50,4,0.0,ridge_current,35,8.13005300891786e-10,3.902900140451596e-10,0.0,1.6959026517326559e-09,10
5,3,50,4,0.0,ridge_current,36,3.509975540804023e-09,2.9233527462299315e-09,0.0,1.0123058895073866e-08,10
5,3,50,4,0.0,ridge_current,37,9.136881068777023e-08,7.394210668311321e-08,0.0,2.586374769533638e-07,10
5,3,50,4,0.0,ridge_current,38,3.9350658860658775e-09,3.4131312049685705e-09,0.0,1.1656105088955598e-08,10
5,3,50,4,0.0,ridge_current,39,3.819942065828375e-09,2.3185520781497647e-09,0.0,9.064871256735528e-09,10
5,3,50,4,0.0,ridge_current,40,5.641933885174158e-10,3.079346203438557e-10,0.0,1.2607898956018148e-09,10
5,3,50,4,0.0,ridge_current,41,6.329360704438908e-10,2.557539945614484e-10,5.4380339732457155e-11,1.2114918011553245e-09,10
5,3,50,4,0.0,ridge_current,42,2.776391413849578e-09,1.71090861937275e-09,0.0,6.646735602056832e-09,10
5,3,50,4,0.0,ridge_current,43,5.150990758067277e-08,4.695445138183602e-08,0.0,1.577282560993532e-07,10
5,3,50,4,0.0,ridge_current,44,2.7741107253932167e-09,2.198260459649552e-09,0.0,7.746921369885525e-09,10
5,3,50,4,0.0,ridge_current,45,2.756245238188289e-10,7.866809547391954e-11,9.766492815880878e-11,4.5358411947884907e-10,10
5,3,50,4,0.0,ridge_current,46,8.391910470185062e-10,3.7591666240091555e-10,0.0,1.689573617483932e-09,10
5,3,50,4,0.0,ridge_current,47,4.057073494894197e-10,1.75356875144224e-10,9.022538336002874e-12,8.023921606428364e-10,10
5,3,50,4,0.0,ridge_current,48,8.430206210516688e-09,7.220618404098959e-09,0.0,2.4764379853181693e-08,10
5,3,50,4,0.0,ridge_current,49,8.231526747007879e-10,4.4444476115105473e-10,0.0,1.8285565746067837e-09,10
5,3,50,4,0.0,ridge_history,1,1.1699080575248169,0.09416194501729062,0.9568989391409422,1.3829171759086916,10
5,3,50,4,0.0,ridge_history,2,1.190100069156069,0.10052298575327089,0.9627012769084454,1.4174988614036927,10
5,3,50,4,0.0,ridge_history,3,1.1267259976697086,0.10611818520077,0.8866699849146402,1.366782010424777,10
5,3,50,4,0.0,ridge_history,4,1.048760195686602,0.10402835402238328,0.8134317095007602,1.2840886818724437,10
5,3,50,4,0.0,ridge_history,5,1.038568669256347,0.10541236355976087,0.8001093359821454,1.2770280025305485,10
5,3,50,4,0.0,ridge_history,6,0.9697254271485717,0.08830730132251857,0.7699604329344569,1.1694904213626864,10
5,3,50,4,0.0,ridge_history,7,0.9256755794998952,0.07409626058486432,0.7580581928812821,1.0932929661185082,10
5,3,50,4,0.0,ridge_history,8,0.8807468523807647,0.07642747727066368,0.7078558872383358,1.0536378175231935,10
5,3,50,4,0.0,ridge_history,9,0.8696764799261316,0.07682260630510779,0.6958916708082055,1.0434612890440578,10
5,3,50,4,0.0,ridge_history,10,0.8622019449867361,0.06972003197903037,0.7044842752548526,1.0199196147186196,10
5,3,50,4,0.0,ridge_history,11,0.8675494608873817,0.0729039433862604,0.7026292831599179,1.0324696386148455,10
5,3,50,4,0.0,ridge_history,12,0.863982117822804,0.07694282994896348,0.689925343927792,1.038038891717816,10
5,3,50,4,0.0,ridge_history,13,0.8827702160429889,0.059543462107714655,0.7480735467382187,1.017466885347759,10
5,3,50,4,0.0,ridge_history,14,0.8643246868814284,0.08533392827898062,0.6712859297954241,1.0573634439674326,10
5,3,50,4,0.0,ridge_history,15,0.8589150601856718,0.06970265775016501,0.7012366936900641,1.0165934266812793,10
5,3,50,4,0.0,ridge_history,16,0.8264921729955376,0.07709889754530262,0.6520823496695863,1.000901996321489,10
5,3,50,4,0.0,ridge_history,17,0.8579530702000524,0.055012695604429326,0.7335057067936552,0.9824004336064496,10
5,3,50,4,0.0,ridge_history,18,0.8386333237634849,0.06836349835806801,0.683984346278838,0.9932823012481318,10
5,3,50,4,0.0,ridge_history,19,0.8172638016777454,0.08958460905243189,0.6146093366333096,1.019918266722181,10
5,3,50,4,0.0,ridge_history,20,0.8365027177526037,0.08227604372245591,0.6503813761191517,1.0226240593860556,10
5,3,50,4,0.0,ridge_history,21,0.779874895619976,0.07026311004788185,0.6209286979446815,0.9388210932952705,10
5,3,50,4,0.0,ridge_history,22,0.8257599692166858,0.08046409977560795,0.6437375295611849,1.0077824088721867,10
5,3,50,4,0.0,ridge_history,23,0.7764357056602191,0.06856064100284096,0.6213407605296062,0.9315306507908321,10
5,3,50,4,0.0,ridge_history,24,0.7718225719495978,0.06463551587086587,0.6256068767511616,0.918038267148034,10
5,3,50,4,0.0,ridge_history,25,0.8944061692696991,0.06469713742939436,0.7480510764212548,1.0407612621181435,10
5,3,50,4,0.0,ridge_history,26,0.8310598980127493,0.07105188896511984,0.6703293584599607,0.9917904375655379,10
5,3,50,4,0.0,ridge_history,27,0.792935070126546,0.06636460326412968,0.6428079074963339,0.943062232756758,10
5,3,50,4,0.0,ridge_history,28,0.7609468565054265,0.0747029887404792,0.5919569554437178,0.9299367575671351,10
5,3,50,4,0.0,ridge_history,29,0.744854877327448,0.06396471476665773,0.6001566396517092,0.8895531150031869,10
5,3,50,4,0.0,ridge_history,30,0.7615953869802927,0.06506480283199946,0.6144085772078323,0.9087821967527532,10
5,3,50,4,0.0,ridge_history,31,0.7649992610179073,0.06833660872029833,0.6104111121199461,0.9195874099158684,10
5,3,50,4,0.0,ridge_history,32,0.7584387741161038,0.06969941950650752,0.6007677330365809,0.9161098151956267,10
5,3,50,4,0.0,ridge_history,33,0.7459266271343539,0.06159973848048591,0.6065783375042264,0.8852749167644813,10
5,3,50,4,0.0,ridge_history,34,0.7296554640526566,0.05916714525262392,0.5958100826171115,0.8635008454882016,10
5,3,50,4,0.0,ridge_history,35,0.7742373383862117,0.06841978111833588,0.6194610404522828,0.9290136363201406,10
5,3,50,4,0.0,ridge_history,36,0.7369939672858608,0.05984086076906796,0.6016245354691035,0.872363399102618,10
5,3,50,4,0.0,ridge_history,37,0.8029197873518605,0.07797980648068485,0.6265172095679614,0.9793223651357597,10
5,3,50,4,0.0,ridge_history,38,0.8075050963760135,0.08202819208813801,0.6219444340924452,0.9930657586595819,10
5,3,50,4,0.0,ridge_history,39,0.8228696908493758,0.0814853275150441,0.6385370735482612,1.0072023081504904,10
5,3,50,4,0.0,ridge_history,40,0.7666218548112839,0.07883202978343636,0.5882914139787618,0.9449522956438059,10
5,3,50,4,0.0,ridge_history,41,0.8220500115373817,0.07496479257832539,0.6524678690486412,0.9916321540261221,10
5,3,50,4,0.0,ridge_history,42,0.8151323504294723,0.08057758237981962,0.632853195288001,0.9974115055709436,10
5,3,50,4,0.0,ridge_history,43,0.8025476550257873,0.07978104805060714,0.6220703857225586,0.983024924329016,10
5,3,50,4,0.0,ridge_history,44,0.7900374569136568,0.06722806989940013,0.6379569970496304,0.9421179167776832,10
5,3,50,4,0.0,ridge_history,45,0.7710308923416982,0.07204522588258604,0.6080532685659916,0.9340085161174048,10
5,3,50,4,0.0,ridge_history,46,0.782216478526101,0.07901987979185066,0.6034610914515129,0.960971865600689,10
5,3,50,4,0.0,ridge_history,47,0.7423577653967597,0.06431280017324097,0.596872103825253,0.8878434269682663,10
5,3,50,4,0.0,ridge_history,48,0.7311171901089927,0.05368537069338235,0.609672444257481,0.8525619359605043,10
5,3,50,4,0.0,ridge_history,49,0.7703379145636708,0.05777261278437209,0.6396471847399363,0.9010286443874054,10
5,3,50,4,0.0,transformer,0,0.04003598525415844,0.0035691235492881623,0.03196206685222447,0.04810990365609241,10
5,3,50,4,0.0,transformer,1,0.011785374037705033,0.0010303629972877486,0.009454531003108325,0.014116217072301741,10
5,3,50,4,0.0,transformer,2,0.00898939626241396,0.000981315397162906,0.006769506607757728,0.011209285917070193,10
5,3,50,4,0.0,transformer,3,0.011246969639839077,0.0036220166440370793,0.0030533987447562815,0.01944054053492187,10
5,3,50,4,0.0,transformer,4,0.00661315003213449,0.0012702754986631854,0.003739587214106504,0.009486712850162476,10
5,3,50,4,0.0,transformer,5,0.007173521845742284,0.001980340827065909,0.002693679659013417,0.01165336403247115,10
5,3,50,4,0.0,transformer,6,0.004334431845950089,0.00037944493636253763,0.0034760677652700654,0.005192795926630113,10
5,3,50,4,0.0,transformer,7,0.004251516349855485,0.0006426220843555316,0.002797804198758307,0.005705228500952663,10
5,3,50,4,0.0,transformer,8,0.00887400760758624,0.005388230094073585,0.0,0.021063030909699645,10
5,3,50,4,0.0,transformer,9,0.0034944572566682737,0.0005459033984365407,0.0022595379736991706,0.004729376539637377,10
5,3,50,4,0.0,transformer,10,0.0027541742233356337,0.00024260646807235778,0.0022053602638445755,0.003302988182826692,10
5,3,50,4,0.0,transformer,11,0.002507227494581491,0.00019827081117785423,0.002058707758901698,0.0029557472302612843,10
5,3,50,4,0.0,transformer,12,0.0025167900017273905,0.00018480649659450123,0.0020987286617244975,0.0029348513417302834,10
5,3,50,4,0.0,transformer,13,0.0029317211120629795,0.0004632665857377604,0.001883739286851236,0.003979702937274723,10
5,3,50,4,0.0,transformer,14,0.002196804842323561,0.00011416694047084609,0.0019385412801826802,0.0024550684044644415,10
5,3,50,4,0.0,transformer,15,0.002382547156238258,0.0003271571146908882,0.0016424663458798716,0.0031226279665966445,10
5,3,50,4,0.0,transformer,16,0.0023758621455537534,0.000226745512684611,0.0018629281599019092,0.0028887961312055975,10
5,3,50,4,0.0,transformer,17,0.003056340800984319,0.0005368881420823818,0.0018418154447512388,0.0042708661572174,10
5,3,50,4,0.0,transformer,18,0.002147581772788191,0.00024311725899377854,0.0015976123239555486,0.0026975512216208335,10
5,3,50,4,0.0,transformer,19,0.0019646107939438632,0.0001442877060099966,0.0016382093262896278,0.0022910122615980985,10
5,3,50,4,0.0,transformer,20,0.004231031557800107,0.002021197956064803,0.0,0.008803298991545193,10
5,3,50,4,0.0,transformer,21,0.0020301346081934247,0.00016920876608887816,0.0016473577859772229,0.0024129114304096266,10
5,3,50,4,0.0,transformer,22,0.0018854410577751088,0.0001623377731158257,0.0015182075015284337,0.0022526746140217836,10
5,3,50,4,0.0,transformer,23,0.001899013797840234,0.000134493795699268,0.0015947676945472166,0.0022032599011332513,10
5,3,50,4,0.0,transformer,24,0.0020790439942001185,0.00020417208496659934,0.0016171746497494822,0.002540913338650755,10
5,3,50,4,0.0,transformer,25,0.0021891310305090323,0.00019961795359633321,0.0017375638469579674,0.0026406982140600973,10
5,3,50,4,0.0,transformer,26,0.0016710486226359593,9.989467372721532e-05,0.0014450711709385496,0.0018970260743333691,10
5,3,50,4,0.0,transformer,27,0.002501491411645019,0.0007145332720390001,0.0008851048522443567,0.004117877971045681,10
5,3,50,4,0.0,transformer,28,0.0016478786424235815,0.00012188849933468899,0.0013721477005908906,0.0019236095842562724,10
5,3,50,4,0.0,transformer,29,0.001674797038873475,7.468045255395275e-05,0.0015058581182075394,0.0018437359595394106,10
5,3,50,4,0.0,transformer,30,0.002096626267765327,0.00038520558833710154,0.001225230686958656,0.002968021848571998,10
5,3,50,4,0.0,transformer,31,0.002004240751878678,0.0002444017129357797,0.0014513656663608532,0.0025571158373965024,10
5,3,50,4,0.0,transformer,32,0.0015836331284232164,5.598807234063649e-05,0.0014569793095465815,0.0017102869472998513,10
5,3,50,4,0.0,transformer,33,0.0017231775241448738,0.0001592036253672936,0.0013630339026768086,0.002083321145612939,10
5,3,50,4,0.0,transformer,34,0.0017215926616984667,0.00011530125027329036,0.0014607631125131545,0.001982422210883779,10
5,3,50,4,0.0,transformer,35,0.0016298908990507951,9.877931701042047e-05,0.0014064365595393578,0.0018533452385622324,10
5,3,50,4,0.0,transformer,36,0.0018903885167715264,0.0001632308461500619,0.001521134688963552,0.002259642344579501,10
5,3,50,4,0.0,transformer,37,0.0019139273930279407,0.0002480517792496284,0.0013527952838535545,0.0024750595022023265,10
5,3,50,4,0.0,transformer,38,0.0018250476199768377,0.00021811174250454008,0.0013316445793797947,0.002318450660573881,10
5,3,50,4,0.0,transformer,39,0.0016795844647217023,0.00012626926167467486,0.0013939435499830959,0.001965225379460309,10
5,3,50,4,0.0,transformer,40,0.003131279238811578,0.0013119126517140579,0.00016352663677103542,0.00609903184085212,10
5,3,50,4,0.0,transformer,41,0.002001317405668478,0.00030328039441198355,0.0013152494891131446,0.002687385322223811,10
5,3,50,4,0.0,transformer,42,0.0018807523257165712,0.0001610523111946275,0.001516426686362439,0.0022450779650707033,10
5,3,50,4,0.0,transformer,43,0.002382930543648129,0.00045177073942029994,0.001360954129525856,0.0034049069577704017,10
5,3,50,4,0.0,transformer,44,0.0037146877261610505,0.0015181939444292702,0.00028029442025351726,0.007149081032068584,10
5,3,50,4,0.0,transformer,45,0.003174384271210346,0.0011533363028676108,0.0005653562925631802,0.005783412249857511,10
5,3,50,4,0.0,transformer,46,0.0020572626826551327,0.0004735132318460421,0.0009861013335548815,0.0031284240317553842,10
5,3,50,4,0.0,transformer,47,0.0018488185111732495,0.00016669483471981467,0.001471728596810358,0.002225908425536141,10
5,3,50,4,0.0,transformer,48,0.0020187876747263934,0.00033510887399687664,0.0012607187350971178,0.002776856614355669,10
5,3,50,4,0.0,transformer,49,0.001571017618664062,9.079637324476554e-05,0.0013656219525723162,0.0017764132847558076,10
5,3,50,4,0.2,em_ridge,1,0.8897182321794199,0.05883910146356663,0.7566149373510023,1.0228215270078376,10
5,3,50,4,0.2,em_ridge,2,0.6020780220552149,0.052196933829368936,0.484000354317004,0.7201556897934257,10
5,3,50,4,0.2,em_ridge,3,0.43920484383217984,0.044964686189055074,0.3374876568966354,0.5409220307677243,10
5,3,50,4,0.2,em_ridge,4,0.3145885636543454,0.017020614415977495,0.27608525883801555,0.35309186847067525,10
5,3,50,4,0.2,em_ridge,5,0.28339140107089705,0.019976531489409047,0.23820134727426648,0.3285814548675276,10
5,3,50,4,0.2,em_ridge,6,0.23112526876825285,0.022638323620953395,0.17991382283536933,0.28233671470113636,10
5,3,50,4,0.2,em_ridge,7,0.17958035064197714,0.014184879566113577,0.1474919237280634,0.21166877755589086,10
5,3,50,4,0.2,em_ridge,8,0.14468220831082731,0.011355217800307843,0.11899492102872725,0.17036949559292738,10
5,3,50,4,0.2,em_ridge,9,0.10764462003028649,0.010803140617274032,0.08320621810220383,0.13208302195836916,10
5,3,50,4,0.2,em_ridge,10,0.09960670933012518,0.008564097415288425,0.08023337501922888,0.11898004364102148,10
5,3,50,4,0.2,em_ridge,11,0.08502419174303641,0.008435595163042717,0.06594154972249344,0.10410683376357938,10
5,3,50,4,0.2,em_ridge,12,0.07445959768694131,0.005602800472030361,0.06178518246740867,0.08713401290647396,10
5,3,50,4,0.2,em_ridge,13,0.0704666468616482,0.0049678062644198055,0.05922868833719715,0.08170460538609926,10
5,3,50,4,0.2,em_ridge,14,0.062235075355696313,0.004431357965824878,0.052210647192382685,0.07225950351900995,10
5,3,50,4,0.2,em_ridge,15,0.060616950529943606,0.0041598653722561205,0.0512066812818182,0.07002721977806901,10
5,3,50,4,0.2,em_ridge,16,0.057543520502790255,0.005999677554735479,0.043971306947865774,0.07111573405771474,10
5,3,50,4,0.2,em_ridge,17,0.049221175872487866,0.0011164383397471481,0.04669561688540632,0.05174673485956941,10
5,3,50,4,0.2,em_ridge,18,0.05247398916777416,0.0024981986525494373,0.04682267119181663,0.058125307143731694,10
5,3,50,4,0.2,em_ridge,19,0.050133606668877964,0.0021312976001854255,0.045312276536563875,0.05495493680119205,10
5,3,50,4,0.2,em_ridge,20,0.05255983613758317,0.0023097537668763063,0.0473348101095438,0.05778486216562254,10
5,3,50,4,0.2,em_ridge,21,0.050403310450026696,0.002763391960105851,0.044152083533854275,0.05665453736619912,10
5,3,50,4,0.2,em_ridge,22,0.047120518400193184,0.0024857863909756345,0.04149727891066135,0.05274375788972502,10
5,3,50,4,0.2,em_ridge,23,0.04542201499503422,0.0013408385593624078,0.04238882744381652,0.048455202546251915,10
5,3,50,4,0.2,em_ridge,24,0.04638924040515331,0.0014629400607785545,0.043079840067918665,0.04969864074238796,10
5,3,50,4,0.2,em_ridge,25,0.04938667521254588,0.0025161913925460674,0.043694654830926605,0.05507869559416516,10
5,3,50,4,0.2,em_ridge,26,0.04530620060224825,0.0011450787934859069,0.042715852407595775,0.04789654879690072,10
5,3,50,4,0.2,em_ridge,27,0.0504472833079667,0.0018905338115119716,0.0461705987047427,0.054723967911190705,10
5,3,50,4,0.2,em_ridge,28,0.04602629304647508,0.0012914488169632643,0.04310483285479436,0.04894775323815579,10
5,3,50,4,0.2,em_ridge,29,0.04602606251985219,0.0015600667794251836,0.04249694628033198,0.0495551787593724,10
5,3,50,4,0.2,em_ridge,30,0.04900120469039873,0.0034612378046386663,0.04117134079848744,0.056831068582310025,10
5,3,50,4,0.2,em_ridge,31,0.04578091449073395,0.0016791914492467301,0.041982319526110964,0.04957950945535694,10
5,3,50,4,0.2,em_ridge,32,0.04547788292333417,0.0021517393038150224,0.04061031044473459,0.05034545540193375,10
5,3,50,4,0.2,em_ridge,33,0.043988856330194795,0.0012008238887892659,0.041272403968910965,0.046705308691478625,10
5,3,50,4,0.2,em_ridge,34,0.04570714891619702,0.0016818772789876236,0.04190247818258761,0.04951181964980642,10
5,3,50,4,0.2,em_ridge,35,0.048421265018992354,0.0022043961761476294,0.04343457441947502,0.05340795561850969,10
5,3,50,4,0.2,em_ridge,36,0.04603954090897067,0.001394334466325899,0.042885337208635126,0.04919374460930622,10
5,3,50,4,0.2,em_ridge,37,0.04292780743735366,0.0013887532851290683,0.0397862292460394,0.04606938562866792,10
5,3,50,4,0.2,em_ridge,38,0.044424653040730885,0.0010128860548933429,0.042133345596555495,0.046715960484906276,10
5,3,50,4,0.2,em_ridge,39,0.04495078959413516,0.0016579266017927256,0.04120029905649606,0.048701280131774265,10
5,3,50,4,0.2,em_ridge,40,0.04404078220898902,0.0012000660301305123,0.04132604424309848,0.046755520174879564,10
5,3,50,4,0.2,em_ridge,41,0.04447946200329731,0.0018712117875592199,0.04024648685495779,0.04871243715163683,10
5,3,50,4,0.2,em_ridge,42,0.04204661951840995,0.0016895931976114247,0.03822449416421814,0.04586874487260176,10
5,3,50,4,0.2,em_ridge,43,0.0447022287682369,0.0010778299551727328,0.042264008014864435,0.04714044952160937,10
5,3,50,4,0.2,em_ridge,44,0.04467203319590632,0.001991311694652107,0.04016737318248522,0.04917669320932742,10
5,3,50,4,0.2,em_ridge,45,0.04501393437523454,0.001728400810199345,0.041104020102255875,0.04892384864821321,10
5,3,50,4,0.2,em_ridge,46,0.04319937243076161,0.0007737475803973567,0.04144903379956795,0.044949711061955264,10
5,3,50,4,0.2,em_ridge,47,0.0445286267090009,0.0020197542863445972,0.0399596250830541,0.049097628334947706,10
5,3,50,4,0.2,em_ridge,48,0.046442220808725995,0.004441840542292099,0.03639407940997246,0.05649036220747953,10
5,3,50,4,0.2,em_ridge,49,0.05280203249933846,0.007794119297037683,0.03517050970384095,0.07043355529483597,10
5,3,50,4,0.2,known_pool,0,0.04141736677186063,0.001661720683207876,0.037658293425772,0.04517644011794925,10
5,3,50,4,0.2,known_pool,1,0.042896514323260346,0.0011830176889997576,0.04022034238437257,0.045572686262148124,10
5,3,50,4,0.2,known_pool,2,0.044081077708731056,0.00322000231759138,0.03679692640176489,0.05136522901569722,10
5,3,50,4,0.2,known_pool,3,0.042672267311061565,0.001698830881933219,0.038829244863113545,0.046515289759009586,10
5,3,50,4,0.2,known_pool,4,0.04308067161023545,0.0013457431974255678,0.04003638899689225,0.04612495422357866,10
5,3,50,4,0.2,known_pool,5,0.04179175762641789,0.0013740979283672827,0.038683332155375665,0.04490018309746011,10
5,3,50,4,0.2,known_pool,6,0.040928501112838696,0.0011808429608564193,0.03825724875079751,0.04359975347487988,10
5,3,50,4,0.2,known_pool,7,0.04260983130184853,0.0016816417851592226,0.03880569329228984,0.046413969311407226,10
5,3,50,4,0.2,known_pool,8,0.041215959191008913,0.0012929010492231995,0.038291213821719336,0.04414070456029849,10
5,3,50,4,0.2,known_pool,9,0.04072611238935707,0.0016910555094942071,0.03690067905586538,0.04455154572284876,10
5,3,50,4,0.2,known_pool,10,0.04160174461064608,0.0025691814291436263,0.0357898524381807,0.04741363678311146,10
5,3,50,4,0.2,known_pool,11,0.04041497604671186,0.0018480028908290924,0.03623450307035104,0.044595449023072685,10
5,3,50,4,0.2,known_pool,12,0.03829808536569433,0.000904244034886148,0.03625254324525908,0.04034362748612958,10
5,3,50,4,0.2,known_pool,13,0.038419788405906,0.0005827612807894596,0.03710149080036667,0.03973808601144533,10
5,3,50,4,0.2,known_pool,14,0.04175976808148538,0.0011431911641257308,0.039173690001110734,0.04434584616186002,10
5,3,50,4,0.2,known_pool,15,0.04191517965761597,0.0012745709158633448,0.03903189993080144,0.04479845938443051,10
5,3,50,4,0.2,known_pool,16,0.04066042094189978,0.0011271200832191118,0.03811069817231196,0.043210143711487604,10
5,3,50,4,0.2,known_pool,17,0.03960506699904405,0.000869737189514105,0.03763758478603274,0.04157254921205536,10
5,3,50,4,0.2,known_pool,18,0.039860458004330065,0.0016021834139511573,0.03623606731834397,0.04348484869031616,10
5,3,50,4,0.2,known_pool,19,0.040700088951907396,0.0012779890882241452,0.037809076782003195,0.043591101121811596,10
5,3,50,4,0.2,known_pool,20,0.042145796778445196,0.0013563860910142875,0.03907743826713737,0.045214155289753026,10
5,3,50,4,0.2,known_pool,21,0.040969351144073254,0.0012238855207246909,0.03820072974692088,0.04373797254122563,10
5,3,50,4,0.2,known_pool,22,0.040596019340240076,0.002106763791508112,0.0358301885389561,0.04536185014152405,10
5,3,50,4,0.2,known_pool,23,0.0390277092553801,0.0012376484262581235,0.03622795400289436,0.04182746450786584,10
5,3,50,4,0.2,known_pool,24,0.03999338301176662,0.0014440970494429464,0.03672660852759351,0.043260157495939734,10
5,3,50,4,0.2,known_pool,25,0.04293326127520241,0.0018757012830927905,0.03869013018238427,0.04717639236802055,10
5,3,50,4,0.2,known_pool,26,0.03996632488690112,0.0011611659573882876,0.03733958499919777,0.04259306477460447,10
5,3,50,4,0.2,known_pool,27,0.04293836646262495,0.0009640397608979513,0.04075755701228738,0.04511917591296252,10
5,3,50,4,0.2,known_pool,28,0.041864480731759586,0.0011555369284108397,0.039250474592277165,0.04447848687124201,10
5,3,50,4,0.2,known_pool,29,0.04177215068002114,0.0012401774706419751,0.038966674331667436,0.04457762702837484,10
5,3,50,4,0.2,known_pool,30,0.043686549830803854,0.0025807351536074608,0.03784852131778561,0.049524578343822095,10
5,3,50,4,0.2,known_pool,31,0.041624313192091145,0.0011902205085378788,0.03893184734339286,0.04431677904078943,10
5,3,50,4,0.2,known_pool,32,0.041911763468839416,0.0020536376837296416,0.037266112272798094,0.04655741466488074,10
5,3,50,4,0.2,known_pool,33,0.040630046283532326,0.0010363778219904744,0.03828559677015137,0.04297449579691328,10
5,3,50,4,0.2,known_pool,34,0.04230799090661544,0.0012480931951567766,0.039484607945351836,0.04513137386787904,10
5,3,50,4,0.2,known_pool,35,0.04447191652053108,0.001947964675216489,0.040065314277612216,0.04887851876344994,10
5,3,50,4,0.2,known_pool,36,0.04362724041347078,0.0017346218617990499,0.039703253144055706,0.04755122768288586,10
5,3,50,4,0.2,known_pool,37,0.04041383068128542,0.0014270395964111947,0.03718564283666718,0.043642018525903666,10
5,3,50,4,0.2,known_pool,38,0.04067987033746453,0.0010250324167982675,0.03836108591370397,0.04299865476122509,10
5,3,50,4,0.2,known_pool,39,0.04216897100830331,0.0013432992343705224,0.03913021702349069,0.04520772499311593,10
5,3,50,4,0.2,known_pool,40,0.04150342449946889,0.0008180884840840583,0.03965277977539541,0.04335406922354237,10
5,3,50,4,0.2,known_pool,41,0.04272180209309271,0.00202755481500264,0.038135154445368497,0.047308449740816924,10
5,3,50,4,0.2,known_pool,42,0.03865289175973551,0.0016271351592855683,0.034972056304316865,0.04233372721515416,10
5,3,50,4,0.2,known_pool,43,0.04117757284417731,0.001218536090198443,0.03842105269960678,0.043934092988747835,10
5,3,50,4,0.2,known_pool,44,0.041529639367811566,0.0018000871704937258,0.03745755928141803,0.0456017194542051,10
5,3,50,4,0.2,known_pool,45,0.042903874482524126,0.001805512559415968,0.03881952131371917,0.04698822765132908,10
5,3,50,4,0.2,known_pool,46,0.04033944637233057,0.0007579612655569183,0.0386248188663274,0.04205407387833374,10
5,3,50,4,0.2,known_pool,47,0.04307542710710589,0.0019343478900785398,0.038699628172221126,0.04745122604199066,10
5,3,50,4,0.2,known_pool,48,0.04362026049773049,0.004363087951857802,0.033750269835516815,0.053490251159944165,10
5,3,50,4,0.2,known_pool,49,0.05121713232601216,0.008142521193613026,0.03279746968464427,0.06963679496738005,10
5,3,50,4,0.2,ridge_current,0,0.16602036682825377,0.005629016616428016,0.15328664656989102,0.17875408708661653,10
5,3,50,4,0.2,ridge_current,1,0.17816662239588413,0.009973428115332165,0.15560516054713247,0.20072808424463578,10
5,3,50,4,0.2,ridge_current,2,0.18536779648790466,0.007487567159887967,0.16842974280523149,0.20230585017057784,10
5,3,50,4,0.2,ridge_current,3,0.15716392396247897,0.005143060287517235,0.14552951329436886,0.16879833463058908,10
5,3,50,4,0.2,ridge_current,4,0.16576626738734132,0.01135963810620567,0.14006898067859272,0.19146355409608992,10
5,3,50,4,0.2,ridge_current,5,0.16528217849309854,0.005551939339997022,0.15272281914770314,0.17784153783849393,10
5,3,50,4,0.2,ridge_current,6,0.16778484781735542,0.007771796856137873,0.15020382189143056,0.18536587374328028,10
5,3,50,4,0.2,ridge_current,7,0.1893735568774439,0.011452415310203233,0.16346639355212783,0.21528072020275996,10
5,3,50,4,0.2,ridge_current,8,0.17437947839068785,0.006118303755069362,0.16053891372698254,0.18822004305439316,10
5,3,50,4,0.2,ridge_current,9,0.16381677947184764,0.005244024308689449,0.1519539723200579,0.1756795866236374,10
5,3,50,4,0.2,ridge_current,10,0.17904181789588955,0.007311413002810123,0.1625022526014067,0.1955813831903724,10
5,3,50,4,0.2,ridge_current,11,0.1818728038953623,0.004015791789075401,0.17278845173539917,0.19095715605532546,10
5,3,50,4,0.2,ridge_current,12,0.16872588233697838,0.008797607524655629,0.14882431145959127,0.1886274532143655,10
5,3,50,4,0.2,ridge_current,13,0.17046715841147536,0.007508832936198768,0.15348099820059824,0.18745331862235248,10
5,3,50,4,0.2,ridge_current,14,0.16610957767560733,0.004161492280084695,0.1566956281062843,0.17552352724493037,10
5,3,50,4,0.2,ridge_current,15,0.16223675850238573,0.007961145307080902,0.14422739662189535,0.1802461203828761,10
5,3,50,4,0.2,ridge_current,16,0.16145417389105302,0.0096349419163707,0.13965842102179038,0.18324992676031565,10
5,3,50,4,0.2,ridge_current,17,0.15293255791060206,0.005797452687395995,0.13981780878782551,0.1660473070333786,10
5,3,50,4,0.2,ridge_current,18,0.1732713025925086,0.007313123072515828,0.15672786885159212,0.1898147363334251,10
5,3,50,4,0.2,ridge_current,19,0.1795074019453704,0.007750598554758137,0.16197432990875088,0.19704047398198993,10
5,3,50,4,0.2,ridge_current,20,0.17733618689448205,0.008922453962123062,0.15715219375432815,0.19752018003463595,10
5,3,50,4,0.2,ridge_current,21,0.19002388232601297,0.011947305092472492,0.16299720053494085,0.2170505641170851,10
5,3,50,4,0.2,ridge_current,22,0.16593362058713,0.007303366480968464,0.14941225778966685,0.18245498338459312,10
5,3,50,4,0.2,ridge_current,23,0.168958666573534,0.00874604612300563,0.14917373569021336,0.18874359745685465,10
5,3,50,4,0.2,ridge_current,24,0.17583917892766426,0.007362817501154624,0.15918332857905135,0.19249502927627718,10
5,3,50,4,0.2,ridge_current,25,0.1649423823765313,0.007907083699526416,0.1470553163488027,0.1828294484042599,10
5,3,50,4,0.2,ridge_current,26,0.1698932702649641,0.006699991652774247,0.15473683615695263,0.18504970437297555,10
5,3,50,4,0.2,ridge_current,27,0.167345846685878,0.006120158536863383,0.15350108621425193,0.1811906071575041,10
5,3,50,4,0.2,ridge_current,28,0.17045258676568045,0.008883717410900643,0.15035622179233643,0.19054895173902447,10
5,3,50,4,0.2,ridge_current,29,0.17772471830531383,0.008133324995050907,0.15932585891039375,0.19612357770023392,10
5,3,50,4,0.2,ridge_current,30,0.15162216699407755,0.006350154054546524,0.13725712051471306,0.16598721347344203,10
5,3,50,4,0.2,ridge_current,31,0.16629558335371697,0.007411047996014728,0.14953062804569098,0.18306053866174296,10
5,3,50,4,0.2,ridge_current,32,0.17024960559278274,0.0077399683724477565,0.15274058069921848,0.187758630486347,10
5,3,50,4,0.2,ridge_current,33,0.17058029475166872,0.005526624461464466,0.1580782016400711,0.18308238786326633,10
5,3,50,4,0.2,ridge_current,34,0.15811161987406902,0.0064001415294088326,0.14363349387039456,0.17258974587774348,10
5,3,50,4,0.2,ridge_current,35,0.1818143063866818,0.010022411625190906,0.1591420361402442,0.20448657663311942,10
5,3,50,4,0.2,ridge_current,36,0.17399778513803602,0.00814741718826259,0.1555670469873026,0.19242852328876944,10
5,3,50,4,0.2,ridge_current,37,0.17139619014964175,0.009277486928010207,0.15040905664267673,0.19238332365660676,10
5,3,50,4,0.2,ridge_current,38,0.1802538555335817,0.010513321819873326,0.1564710692739526,0.2040366417932108,10
5,3,50,4,0.2,ridge_current,39,0.1827204768367523,0.006756705402587811,0.16743574731337096,0.19800520636013363,10
5,3,50,4,0.2,ridge_current,40,0.18455059223171255,0.0076333934795610936,0.1672826564954663,0.2018185279679588,10
5,3,50,4,0.2,ridge_current,41,0.17144832444414487,0.008375967978207817,0.15250056848687366,0.1903960804014161,10
5,3,50,4,0.2,ridge_current,42,0.16551759828280083,0.006286453100727307,0.15129665337239556,0.1797385431932061,10
5,3,50,4,0.2,ridge_current,43,0.16378749304030155,0.006745284810906493,0.1485285986901955,0.1790463873904076,10
5,3,50,4,0.2,ridge_current,44,0.1622837255966933,0.004550332342274355,0.15199015869550503,0.17257729249788156,10
5,3,50,4,0.2,ridge_current,45,0.16163547042799345,0.009682964940057114,0.13973108193171935,0.18353985892426755,10
5,3,50,4,0.2,ridge_current,46,0.16411203299304572,0.007097554816163653,0.14805624852730823,0.1801678174587832,10
5,3,50,4,0.2,ridge_current,47,0.17712882586517734,0.009580038037517693,0.15545727419872743,0.19880037753162724,10
5,3,50,4,0.2,ridge_current,48,0.16667814515770824,0.008180455785181763,0.1481726685083053,0.18518362180711118,10
5,3,50,4,0.2,ridge_current,49,0.18167790631900949,0.012189572966864248,0.15410317652056615,0.20925263611745282,10
5,3,50,4,0.2,ridge_history,1,1.179169877563211,0.08609306232223422,0.9844138399637365,1.3739259151626853,10
5,3,50,4,0.2,ridge_history,2,1.0772082205133036,0.0945839262538193,0.863244514252649,1.291171926773958,10
5,3,50,4,0.2,ridge_history,3,0.9088118796823557,0.06574951191136631,0.7600761503615725,1.0575476090031388,10
5,3,50,4,0.2,ridge_history,4,0.8466470542651467,0.07606606017044895,0.6745736714047263,1.0187204371255671,10
5,3,50,4,0.2,ridge_history,5,0.9115969889508945,0.07372738311316941,0.7448140611470708,1.0783799167547181,10
5,3,50,4,0.2,ridge_history,6,0.7591638394904214,0.04992936308137585,0.6462157731619348,0.8721119058189081,10
5,3,50,4,0.2,ridge_history,7,0.83168606759323,0.06999826069876,0.673339000770114,0.9900331344163461,10
5,3,50,4,0.2,ridge_history,8,0.7809926032747226,0.06944155224731287,0.6239048984626381,0.9380803080868072,10
5,3,50,4,0.2,ridge_history,9,0.769678719434899,0.0575344959236814,0.6395266473731589,0.899830791496639,10
5,3,50,4,0.2,ridge_history,10,0.7890051606977517,0.07602314610918069,0.6170288561884141,0.9609814652070894,10
5,3,50,4,0.2,ridge_history,11,0.7338084729191306,0.07270234052744487,0.569344352542777,0.8982725932954843,10
5,3,50,4,0.2,ridge_history,12,0.7786661031692261,0.06851512305391023,0.6236741267928226,0.9336580795456296,10
5,3,50,4,0.2,ridge_history,13,0.7275860724928391,0.061004704000019706,0.5895838443748103,0.865588300610868,10
5,3,50,4,0.2,ridge_history,14,0.7521141777242276,0.06907568196507366,0.5958541289917655,0.9083742264566897,10
5,3,50,4,0.2,ridge_history,15,0.7409294809088612,0.06364460465047692,0.5969553826253249,0.8849035791923976,10
5,3,50,4,0.2,ridge_history,16,0.7310902322066578,0.06603447586159765,0.5817098696447195,0.8804705947685961,10
5,3,50,4,0.2,ridge_history,17,0.7150492626632937,0.07068431154973237,0.5551502409936068,0.8749482843329807,10
5,3,50,4,0.2,ridge_history,18,0.6926360975569025,0.07513616228301921,0.5226662898632022,0.8626059052506028,10
5,3,50,4,0.2,ridge_history,19,0.7249775006226125,0.08161763685984094,0.5403455787894604,0.9096094224557645,10
5,3,50,4,0.2,ridge_history,20,0.7334148924622463,0.07463467142481485,0.5645795359055109,0.9022502490189818,10
5,3,50,4,0.2,ridge_history,21,0.7241016632691404,0.07369710357230137,0.5573872325455776,0.8908160939927031,10
5,3,50,4,0.2,ridge_history,22,0.6867381207613548,0.05667095575968917,0.5585395122669538,0.8149367292557558,10
5,3,50,4,0.2,ridge_history,23,0.7094036105076983,0.060681871394557454,0.5721316804805007,0.8466755405348959,10
5,3,50,4,0.2,ridge_history,24,0.7055967611469343,0.06456135069922032,0.5595488392227661,0.8516446830711024,10
5,3,50,4,0.2,ridge_history,25,0.7001435906758267,0.06174296617967222,0.5604712974800738,0.8398158838715795,10
5,3,50,4,0.2,ridge_history,26,0.6745654839641639,0.056521215266091974,0.5467056119999147,0.8024253559284131,10
5,3,50,4,0.2,ridge_history,27,0.6926763401274716,0.0614392742060171,0.553691045905207,0.8316616343497362,10
5,3,50,4,0.2,ridge_history,28,0.6748598670688984,0.058813695488481144,0.5418140445489984,0.8079056895887985,10
5,3,50,4,0.2,ridge_history,29,0.7115623036719975,0.0646088269799151,0.5654069829393926,0.8577176244046023,10
5,3,50,4,0.2,ridge_history,30,0.6739402078341301,0.04902020901488307,0.5630487908892472,0.784831624779013,10
5,3,50,4,0.2,ridge_history,31,0.6643780098603649,0.05612341705328012,0.5374180199725763,0.7913379997481534,10
5,3,50,4,0.2,ridge_history,32,0.6323059987001158,0.05137582104256801,0.5160858171340319,0.7485261802661998,10
5,3,50,4,0.2,ridge_history,33,0.6622131785881701,0.06649259051990844,0.5117964886705512,0.812629868505789,10
5,3,50,4,0.2,ridge_history,34,0.6337348204755537,0.06298083707481293,0.49126226876773893,0.7762073721833685,10
5,3,50,4,0.2,ridge_history,35,0.6827206264025827,0.05904933603022371,0.549141747943334,0.8162995048618313,10
5,3,50,4,0.2,ridge_history,36,0.7226470562246585,0.07779238245183209,0.5466684610501091,0.8986256513992079,10
5,3,50,4,0.2,ridge_history,37,0.7013398194966023,0.06402203542397004,0.556511913485348,0.8461677255078566,10
5,3,50,4,0.2,ridge_history,38,0.7251553779113632,0.06870564772817842,0.5697324047783742,0.8805783510443522,10
5,3,50,4,0.2,ridge_history,39,0.6932719671304153,0.06354174752365958,0.5495305478330537,0.8370133864277769,10
5,3,50,4,0.2,ridge_history,40,0.6898279183211488,0.06186128928300731,0.549887959669662,0.8297678769726355,10
5,3,50,4,0.2,ridge_history,41,0.6668790656279302,0.053616943595164376,0.5455891126267818,0.7881690186290786,10
5,3,50,4,0.2,ridge_history,42,0.6862282362836234,0.08277554384763428,0.49897694686418065,0.8734795257030661,10
5,3,50,4,0.2,ridge_history,43,0.6537155497669611,0.05984550212897828,0.5183356184646377,0.7890954810692845,10
5,3,50,4,0.2,ridge_history,44,0.6893447917503793,0.06772734334360202,0.5361348968883567,0.842554686612402,10
5,3,50,4,0.2,ridge_history,45,0.6575725987825343,0.04850620911499424,0.5478439303928625,0.767301267172206,10
5,3,50,4,0.2,ridge_history,46,0.6740720259226285,0.055139889840329734,0.5493369291644226,0.7988071226808344,10
5,3,50,4,0.2,ridge_history,47,0.6916081893981083,0.05052671289834757,0.5773088239024629,0.8059075548937538,10
5,3,50,4,0.2,ridge_history,48,0.6588514091278385,0.03800805580520402,0.5728712134440623,0.7448316048116146,10
5,3,50,4,0.2,ridge_history,49,0.6841615362159464,0.06606729247281705,0.5347069373218795,0.8336161351100134,10
5,3,50,4,0.2,transformer,0,0.16308308020740575,0.005647667872062016,0.15030716787751536,0.17585899253729614,10
5,3,50,4,0.2,transformer,1,0.14162445076857974,0.009582872160843112,0.11994648786974899,0.1633024136674105,10
5,3,50,4,0.2,transformer,2,0.12738497479795594,0.007116750343580953,0.11128576703237769,0.14348418256353418,10
5,3,50,4,0.2,transformer,3,0.09642557980656499,0.00512004574124467,0.08484323165915392,0.10800792795397607,10
5,3,50,4,0.2,transformer,4,0.1010920164650601,0.0072471279097280445,0.08469787415435401,0.11748615877576618,10
5,3,50,4,0.2,transformer,5,0.0905421038746497,0.0031762069882586203,0.08335702448563075,0.09772718326366865,10
5,3,50,4,0.2,transformer,6,0.09431639814181227,0.0068791593719856724,0.07875465849444448,0.10987813778918006,10
5,3,50,4,0.2,transformer,7,0.08406988481329454,0.002702712418420695,0.0779559245569805,0.09018384506960858,10
5,3,50,4,0.2,transformer,8,0.08114627309865576,0.005048553941655661,0.06972565063776628,0.09256689555954523,10
5,3,50,4,0.2,transformer,9,0.0711184596338637,0.005910083216732581,0.05774892255239864,0.08448799671532876,10
5,3,50,4,0.2,transformer,10,0.06891019650361423,0.004304856911141094,0.05917193360725505,0.0786484593999734,10
5,3,50,4,0.2,transformer,11,0.06738209969586986,0.0027823898185793,0.0610878966380739,0.07367630275366582,10
5,3,50,4,0.2,transformer,12,0.05813027273479966,0.0019488326294150376,0.05372170704307357,0.06253883842652574,10
5,3,50,4,0.2,transformer,13,0.0588186626639479,0.0011957294611671858,0.05611373469859971,0.061523590629296084,10
5,3,50,4,0.2,transformer,14,0.07116756226879421,0.004452227430086072,0.06109592409741836,0.08123920044017006,10
5,3,50,4,0.2,transformer,15,0.06218205847534869,0.00218287766062901,0.05724404613984459,0.06712007081085279,10
5,3,50,4,0.2,transformer,16,0.06147789688026443,0.005315503775176209,0.04945339194136867,0.07350240181916019,10
5,3,50,4,0.2,transformer,17,0.05613094989628982,0.0017306341081523803,0.05221598355235003,0.06004591624022961,10
5,3,50,4,0.2,transformer,18,0.05617570262292345,0.002530349987986433,0.05045165327321359,0.06189975197263331,10
5,3,50,4,0.2,transformer,19,0.060712925093628876,0.004898856018536496,0.049630942861779444,0.0717949073254783,10
5,3,50,4,0.2,transformer,20,0.05889765186155958,0.002468421089818263,0.05331369541242505,0.06448160831069412,10
5,3,50,4,0.2,transformer,21,0.05689672809170139,0.0023754009345441016,0.0515231978531049,0.06227025833029788,10
5,3,50,4,0.2,transformer,22,0.053591681431193715,0.0026674653472501465,0.047557455589395795,0.059625907272991635,10
5,3,50,4,0.2,transformer,23,0.053372713350510345,0.0021476491318174473,0.04851439348379216,0.05823103321722853,10
5,3,50,4,0.2,transformer,24,0.05442468744594461,0.003234571194552688,0.047107579049606496,0.06174179584228272,10
5,3,50,4,0.2,transformer,25,0.056928443268886,0.0030578796183767178,0.05001103898720047,0.06384584755057153,10
5,3,50,4,0.2,transformer,26,0.05384239407877371,0.001853770517985582,0.049648873823328485,0.05803591433421894,10
5,3,50,4,0.2,transformer,27,0.05921576873980046,0.0022298331689938216,0.05417153566471607,0.06426000181488485,10
5,3,50,4,0.2,transformer,28,0.056740976227552184,0.00209425983924319,0.05200343133144759,0.06147852112365678,10
5,3,50,4,0.2,transformer,29,0.05247374247975489,0.0019491593371924016,0.0480644377236901,0.05688304723581968,10
5,3,50,4,0.2,transformer,30,0.05412392754396519,0.0029879397820503886,0.04736473816399019,0.06088311692394018,10
5,3,50,4,0.2,transformer,31,0.05145941363568196,0.002076299330278665,0.04676249823357896,0.05615632903778496,10
5,3,50,4,0.2,transformer,32,0.05833700515051573,0.003961284995348354,0.0493759559244034,0.06729805437662806,10
5,3,50,4,0.2,transformer,33,0.052260252285994534,0.0018583572998616513,0.048056356009074166,0.0564641485629149,10
5,3,50,4,0.2,transformer,34,0.05329602523237838,0.00415433966622177,0.043898255999738095,0.06269379446501866,10
5,3,50,4,0.2,transformer,35,0.05405736837272838,0.0022920775041848965,0.04887232882894788,0.05924240791650887,10
5,3,50,4,0.2,transformer,36,0.058673638096104666,0.004678476769498189,0.048090188360999334,0.06925708783121,10
5,3,50,4,0.2,transformer,37,0.051139689777888374,0.0020853306837808946,0.046422344034770545,0.0558570355210062,10
5,3,50,4,0.2,transformer,38,0.05460398414554003,0.0012341647068177435,0.051812109613939526,0.05739585867714054,10
5,3,50,4,0.2,transformer,39,0.053185552590671134,0.0024506737764750995,0.04764174335353626,0.058729361827806005,10
5,3,50,4,0.2,transformer,40,0.05847348142168901,0.005735160003302937,0.045499648140423496,0.07144731470295453,10
5,3,50,4,0.2,transformer,41,0.05336075418886632,0.0022766483611142835,0.04821061779159885,0.05851089058613379,10
5,3,50,4,0.2,transformer,42,0.04666650907308846,0.0015281842800688957,0.04320951605785499,0.05012350208832193,10
5,3,50,4,0.2,transformer,43,0.05391904495603328,0.0028809644473198445,0.04740185059576172,0.06043623931630484,10
5,3,50,4,0.2,transformer,44,0.04997982569081548,0.0021136540588558364,0.04519840802189725,0.05476124335973371,10
5,3,50,4,0.2,transformer,45,0.04968261866934999,0.0017650337167642244,0.045689835004391464,0.053675402334308515,10
5,3,50,4,0.2,transformer,46,0.051448665611930955,0.00164178889556561,0.047734681102024654,0.055162650121837256,10
5,3,50,4,0.2,transformer,47,0.05232393682638052,0.0026493152198741633,0.046330769425231885,0.05831710422752916,10
5,3,50,4,0.2,transformer,48,0.053397090609462405,0.0048592309459255575,0.04240474651944621,0.06438943469947861,10
5,3,50,4,0.2,transformer,49,0.059047694623994784,0.006943645130911423,0.04334007805517463,0.07475531119281494,10
