model_type,pool_index,pool_cosine,layer,head,source_position,same_attention,different_attention,selectivity,input_attention,output_attention,self_attention,num_prompts
trained,0,-0.5101710557937622,0,0,5,0.06983970715449407,0.06793230450342572,0.0138446309094367,0.009016465907916427,0.12878534495830535,0.31099091842770576,128
trained,0,-0.5101710557937622,0,0,10,0.03816072531044483,0.03759084269404411,0.007523047131637226,0.0070792221929878,0.06867234706878662,0.24248430877923965,128
trained,0,-0.5101710557937622,0,0,20,0.02143044719016958,0.02100219260254869,0.010092574718490356,0.004554669745266438,0.037881985679268836,0.15126691944897175,128
trained,0,-0.5101710557937622,0,0,30,0.01458239445375944,0.014548359250441754,0.001168359859896406,0.003535247097412745,0.025596056878566743,0.12606088537722826,128
trained,0,-0.5101710557937622,0,0,40,0.011158585213945959,0.010997200193859281,0.007284102870148709,0.0028612677939236163,0.01929041985422373,0.11393250338733196,128
trained,0,-0.5101710557937622,0,0,49,0.009336257058556771,0.009390649164117627,-0.002904489663759489,0.0023622589794044593,0.01636579191806365,0.08232549345120788,128
trained,0,-0.5101710557937622,0,1,5,0.06272423194004939,0.06431003146701389,-0.012483242586848759,0.001707591803278774,0.12530189305543898,0.36495256796479225,128
trained,0,-0.5101710557937622,0,1,10,0.03196335136890412,0.030465507321059702,0.023992814849604444,0.0014769079512916504,0.06095195189118385,0.3757114000618458,128
trained,0,-0.5101710557937622,0,1,20,0.016690958764161858,0.015861553724631904,0.025478986907385374,0.0011011780588887632,0.03145910985767841,0.34879425540566444,128
trained,0,-0.5101710557937622,0,1,30,0.011362530524030457,0.011368034881785663,-0.00024215665808097433,0.0009090351251264413,0.021821441128849983,0.3180857039988041,128
trained,0,-0.5101710557937622,0,1,40,0.008676553871445282,0.008930788585117885,-0.01443913039604663,0.0007384448661468923,0.01687535233795643,0.29544809088110924,128
trained,0,-0.5101710557937622,0,1,49,0.007603624356297794,0.007441832302958425,0.010753548861481626,0.0007515241372950223,0.014290528029811626,0.26293946988880634,128
trained,0,-0.5101710557937622,0,2,5,0.07136740904587965,0.07008644664098346,0.009055690978991846,0.006278395839035511,0.1351954698562622,0.2926306538283825,128
trained,0,-0.5101710557937622,0,2,10,0.03663452304899693,0.037630324438214305,-0.013408785218005747,0.004807456908747554,0.06945739090442657,0.2573515195399523,128
trained,0,-0.5101710557937622,0,2,20,0.02045883169115143,0.020092367373806444,0.009037077220550768,0.003579536220058799,0.036975099518895146,0.18890728801488876,128
trained,0,-0.5101710557937622,0,2,30,0.014289630980811811,0.014154912808258235,0.004736169212199009,0.002635219506919384,0.025811499108870824,0.1465984396636486,128
trained,0,-0.5101710557937622,0,2,40,0.011426058656466986,0.011325571605137417,0.004416696745232093,0.0020313146989792584,0.020717764645814894,0.090036831330508,128
trained,0,-0.5101710557937622,0,2,49,0.009322314231325826,0.009305587342051995,0.0008979481240570296,0.0018302297257647222,0.016797320423077564,0.0872500604018569,128
trained,0,-0.5101710557937622,0,3,5,0.06765891075134277,0.066672330432468,0.0073443847475320595,0.004589178389869631,0.12975747436285018,0.3282667361199856,128
trained,0,-0.5101710557937622,0,3,10,0.03607020564377308,0.03569088503718376,0.005285881290049705,0.003968847473151982,0.06779224500060081,0.282389085739851,128
trained,0,-0.5101710557937622,0,3,20,0.02019787868110019,0.019498386969701725,0.017621096088334766,0.002805730327963829,0.036897094920277596,0.20594353042542934,128
trained,0,-0.5101710557937622,0,3,30,0.013521684615322408,0.013622627995391571,-0.0037187672243945958,0.002247843456765016,0.024894839028517406,0.18571952171623707,128
trained,0,-0.5101710557937622,0,3,40,0.010622593300614902,0.010646783919561477,-0.0011373449582007518,0.0016252521658316255,0.01964473966509104,0.149200351908803,128
trained,0,-0.5101710557937622,0,3,49,0.008763914310194382,0.008551305714880653,0.012278711734159923,0.001458852903499287,0.015851893139128784,0.1517734546214342,128
trained,0,-0.5101710557937622,1,0,5,0.060850053567152756,0.06930472510201591,-0.06495859484566856,0.010590862948447466,0.11943180933594703,0.3498866390436888,128
trained,0,-0.5101710557937622,1,0,10,0.03885317221283913,0.03211483135819435,0.0949489983581864,0.008587750699371099,0.06238025426864624,0.2903199642896652,128
trained,0,-0.5101710557937622,1,0,20,0.019993834635790658,0.019219944341701663,0.01973516233958102,0.005826107831671834,0.03339492604136467,0.21557932905852795,128
trained,0,-0.5101710557937622,1,0,30,0.013643587387139708,0.013266890184029882,0.013998161203181356,0.004529842113455137,0.02238671655456225,0.19250321201980114,128
trained,0,-0.5101710557937622,1,0,40,0.010197691544741094,0.01029843048822312,-0.004915024574653267,0.003897503949701786,0.016601176001131535,0.18005282245576382,128
trained,0,-0.5101710557937622,1,0,49,0.008910899208888946,0.007809734508292814,0.06585663672536184,0.003396794770141037,0.013300663962656138,0.1818245267495513,128
trained,0,-0.5101710557937622,1,1,5,0.09309268071101262,0.08155235411628844,0.06607875572340105,0.07195044755935669,0.10287490338087082,0.12587324064224958,128
trained,0,-0.5101710557937622,1,1,10,0.05087860524654388,0.040407559275627135,0.11470572814195626,0.050515609607100484,0.04077055379748344,0.08713834965601563,128
trained,0,-0.5101710557937622,1,1,20,0.02638384967396503,0.019910397213716235,0.13983276314689386,0.030909575894474982,0.015445358492434025,0.07290130201727152,128
trained,0,-0.5101710557937622,1,1,30,0.017634671263545676,0.013732491630041265,0.12440333372253481,0.023158655563990275,0.008271511892477672,0.05709500750526786,128
trained,0,-0.5101710557937622,1,1,40,0.01336859318918599,0.010782114392235165,0.10709743340329597,0.018406010791659357,0.0056790248956531285,0.0365985962562263,128
trained,0,-0.5101710557937622,1,1,49,0.010925539464049696,0.008852881241559536,0.10479391925349998,0.01567669395281344,0.004058105414923356,0.032994811655953526,128
trained,0,-0.5101710557937622,1,2,5,0.06697718473581167,0.07008273715064639,-0.022658355353395977,0.009979359060525893,0.12703204452991484,0.31494300439953804,128
trained,0,-0.5101710557937622,1,2,10,0.039427942410111425,0.032854465022683146,0.09094159451522288,0.006979494914412498,0.06530291512608528,0.27717590890824795,128
trained,0,-0.5101710557937622,1,2,20,0.020515694337732652,0.019618326181116915,0.022359288827589915,0.005157697899267078,0.03498473502695561,0.1971513293683529,128
trained,0,-0.5101710557937622,1,2,30,0.014174235655307036,0.013214886156953536,0.03502666149336074,0.0036467913538217544,0.02375782057642937,0.17786164209246635,128
trained,0,-0.5101710557937622,1,2,40,0.010581511724926905,0.011027105240594774,-0.02062110297749406,0.0029940899228677155,0.018625840172171594,0.13520275708287954,128
trained,0,-0.5101710557937622,1,2,49,0.009199752481441933,0.00829321075275047,0.05182322265833611,0.002630757586080201,0.014843126492840903,0.14377969317138195,128
trained,0,-0.5101710557937622,1,3,5,0.09516303649315468,0.07590010204012432,0.11260716141467438,0.11685166507959366,0.05451245419681072,0.14317941293120384,128
trained,0,-0.5101710557937622,1,3,10,0.053526817634701726,0.0365672018378973,0.18824352488540302,0.0751583844423294,0.014935636706650258,0.09905980806797743,128
trained,0,-0.5101710557937622,1,3,20,0.02881320231470161,0.018117434406882203,0.22790587673131704,0.04274140074849129,0.004289508145302534,0.05938181187957525,128
trained,0,-0.5101710557937622,1,3,30,0.019328949819278376,0.012558723013510837,0.21231486038685102,0.03020365759730339,0.0017933260494222244,0.04009050689637661,128
trained,0,-0.5101710557937622,1,3,40,0.014547023314512325,0.009852687563214984,0.192393089189842,0.023134180903434755,0.0011463384958915412,0.02877924544736743,128
trained,0,-0.5101710557937622,1,3,49,0.011927283159684669,0.008092520015080373,0.1915484938056966,0.01917192142228691,0.0007671763436222562,0.02298423135653138,128
trained,0,-0.5101710557937622,2,0,5,0.05395477368281438,0.055627077344864134,-0.01526077216574941,0.006125840125605464,0.10342987775802612,0.4522213824093342,128
trained,0,-0.5101710557937622,2,0,10,0.028483263030648232,0.027097892574965955,0.02492518265520584,0.0032039753859862685,0.05237717740237713,0.4441884532570839,128
trained,0,-0.5101710557937622,2,0,20,0.01432155307970549,0.014490982899530453,-0.0058804202428132165,0.002291668183170259,0.02651927936822176,0.42378102988004684,128
trained,0,-0.5101710557937622,2,0,30,0.008995088597311844,0.00947797525616914,-0.02614004166613445,0.0014499325693274538,0.017015335336327552,0.4460419751703739,128
trained,0,-0.5101710557937622,2,0,40,0.0076220414920417,0.008195388793945312,-0.03624781595372695,0.0010358810133766383,0.014796107821166516,0.3667204827070236,128
trained,0,-0.5101710557937622,2,0,49,0.006037727085697535,0.0058590378112006675,0.015019988713775134,0.0009703951488648142,0.010922608935103124,0.417242806404829,128
trained,0,-0.5101710557937622,2,1,5,0.0891804812504695,0.09941027732122512,-0.054243358201523026,0.05393086336553097,0.13450005054473876,0.057845421601086855,128
trained,0,-0.5101710557937622,2,1,10,0.045279860496520996,0.05070452205836773,-0.05651608540262392,0.03557625226676464,0.060408131778240205,0.04015617957338691,128
trained,0,-0.5101710557937622,2,1,20,0.02025637796419693,0.0287366650458014,-0.17309165874225757,0.022649379912763834,0.026264161430299283,0.021729199215769768,128
trained,0,-0.5101710557937622,2,1,30,0.01350426710550141,0.019395310516518976,-0.17906136907044984,0.01666058339178562,0.01614387904604276,0.01586614188272506,128
trained,0,-0.5101710557937622,2,1,40,0.010229410771616475,0.014357206253778367,-0.16788789924740427,0.012979771755635739,0.011711652111262082,0.012343025184236467,128
trained,0,-0.5101710557937622,2,1,49,0.00845354729444274,0.01172676628489259,-0.1621986188380855,0.0098221092960056,0.010427091726843191,0.007789138180669397,128
trained,0,-0.5101710557937622,2,2,5,0.05490755007817195,0.05344034830729167,0.013541580341936577,0.007212873362004757,0.10115794688463212,0.4581459015607834,128
trained,0,-0.5101710557937622,2,2,10,0.027382891438901425,0.026449134945869444,0.0173457429661016,0.004794864309951663,0.04903716444969177,0.46167974174022675,128
trained,0,-0.5101710557937622,2,2,20,0.015515507928358143,0.014742861974878643,0.025534949699035664,0.0027625231072306634,0.02750309109687805,0.3946877345442772,128
trained,0,-0.5101710557937622,2,2,30,0.009818871958569831,0.009963561833504333,-0.007314058343274096,0.001557655648017923,0.018222441772619884,0.4065970666706562,128
trained,0,-0.5101710557937622,2,2,40,0.007409852826762534,0.007460732051304408,-0.0034214676124471603,0.0010813366156071425,0.013790540397167206,0.4051249474287033,128
trained,0,-0.5101710557937622,2,2,49,0.006228216463269163,0.00614024876505788,0.007112256579959586,0.000958348491362163,0.011408265147890364,0.3940359316766262,128
trained,0,-0.5101710557937622,2,3,5,0.054302955040564906,0.05580590074024503,-0.013649635072571635,0.006790725234895945,0.10329464748501778,0.4495731443166733,128
trained,0,-0.5101710557937622,2,3,10,0.032341168448328975,0.02967122569680214,0.04305498583452789,0.004785736836493015,0.0572266586124897,0.3798760622739792,128
trained,0,-0.5101710557937622,2,3,20,0.014598736637517026,0.013654633557382818,0.033415591612189946,0.002570988819934428,0.025691232271492483,0.4347555749118328,128
trained,0,-0.5101710557937622,2,3,30,0.010675261412932896,0.010333008713164362,0.016291331827796893,0.0017966751785327992,0.01921712135275205,0.36958612501621246,128
trained,0,-0.5101710557937622,2,3,40,0.00790571335083497,0.007766885030837286,0.008858028299326163,0.0012070361408405006,0.014462037570774555,0.373237069696188,128
trained,0,-0.5101710557937622,2,3,49,0.006636548275279688,0.0062380533230297274,0.030952022023837646,0.001168025372435852,0.011698189514632128,0.3695554621517658,128
trained,0,-0.5101710557937622,3,0,5,0.033792633460118224,0.16682086066594198,-0.6631070745498765,0.16276655346155167,0.035768377408385274,0.007325345490244217,128
trained,0,-0.5101710557937622,3,0,10,0.009301380021497607,0.09050743207335472,-0.8136160560038538,0.09057557508349419,0.009233234776183962,0.0019118791169603355,128
trained,0,-0.5101710557937622,3,0,20,0.0031000030783492347,0.04727288751572088,-0.8769178007365485,0.04653872214257717,0.0034200489753857255,0.000824590493721189,128
trained,0,-0.5101710557937622,3,0,30,0.0029122881220891377,0.03084065107645466,-0.8274349913427096,0.030325903743505477,0.002976108202710748,0.0009396457135153469,128
trained,0,-0.5101710557937622,3,0,40,0.00199014396371249,0.022478002094087148,-0.8373277681578365,0.02283236961811781,0.0021559765096753835,0.000466170049548964,128
trained,0,-0.5101710557937622,3,0,49,0.0016704188884275357,0.018378277557630378,-0.8333638405530686,0.018446258592362305,0.001954069275561036,0.00038389753717638087,128
trained,0,-0.5101710557937622,3,1,5,0.09288533650911772,0.05443599337623233,0.2609896554867299,0.052803434804081915,0.09511866569519042,0.26038949750363827,128
trained,0,-0.5101710557937622,3,1,10,0.05819304659962654,0.023018482699990274,0.4331227869066752,0.037883125245571136,0.04332840107381344,0.18788472190499306,128
trained,0,-0.5101710557937622,3,1,20,0.0326716704265252,0.01121957294572415,0.4887557478919721,0.025315866991877555,0.0187764897942543,0.11815287079662085,128
trained,0,-0.5101710557937622,3,1,30,0.022356788785808334,0.007657776060654664,0.4897293297389289,0.018599433700243632,0.011652459700902304,0.09244323242455721,128
trained,0,-0.5101710557937622,3,1,40,0.017727711969960428,0.005539645603724889,0.5238268388283185,0.014380271174013614,0.008577624056488275,0.08168418426066637,128
trained,0,-0.5101710557937622,3,1,49,0.014653200124684684,0.004773806773596149,0.5085391384431052,0.012131144653777686,0.007087940996398731,0.058264799416065216,128
trained,0,-0.5101710557937622,3,2,5,0.09193157856280987,0.05904574772668263,0.21781966633090488,0.04322325922548771,0.10826790779829025,0.24254417046904564,128
trained,0,-0.5101710557937622,3,2,10,0.05737737268209457,0.025305906496942043,0.3878833363069614,0.03311111554503441,0.0495721634477377,0.17316721379756927,128
trained,0,-0.5101710557937622,3,2,20,0.0316505557612369,0.012357285252128865,0.438405294702142,0.02175135016441345,0.022437365353107454,0.11622569616883993,128
trained,0,-0.5101710557937622,3,2,30,0.022195091374649995,0.008213683497407186,0.45978201803949137,0.016569714744885763,0.014064801608522732,0.0809645289555192,128
trained,0,-0.5101710557937622,3,2,40,0.01776948672736097,0.00590369987487793,0.5012331905861629,0.013381381705403327,0.009990525338798762,0.06512373220175505,128
trained,0,-0.5101710557937622,3,2,49,0.014410649371069496,0.005138546507631072,0.4742958697890158,0.01097701794030715,0.008377038246514847,0.05165125569328666,128
trained,0,-0.5101710557937622,3,3,5,0.09558132465069111,0.059109460739862354,0.2357726985386436,0.047274527698755266,0.10798613280057907,0.22369669377803802,128
trained,0,-0.5101710557937622,3,3,10,0.058625949919223784,0.024574571289122105,0.4092688138866694,0.03498483374714852,0.048215685039758684,0.16799480468034744,128
trained,0,-0.5101710557937622,3,3,20,0.03229733185133329,0.0123657553165869,0.4462650882005358,0.02218608446419239,0.022663861885666846,0.10300109256058931,128
trained,0,-0.5101710557937622,3,3,30,0.022111227914408376,0.008428347306380264,0.4480376858112283,0.01634339342514674,0.014417102684577306,0.07718510180711746,128
trained,0,-0.5101710557937622,3,3,40,0.017559960848821665,0.005982634726024809,0.4917608207429181,0.012979492358863354,0.010269146785140038,0.07005441002547741,128
trained,0,-0.5101710557937622,3,3,49,0.014728555461871119,0.005027793259415159,0.49101999255120216,0.011114732799481372,0.008437454472390972,0.04194282693788409,128
trained,0,-0.5101710557937622,4,0,5,0.10790056668795073,0.04382068543207078,0.4223527051092762,0.09495148956775665,0.05777101255953312,0.23638749867677689,128
trained,0,-0.5101710557937622,4,0,10,0.06296088322997093,0.02246797811239958,0.4739956085194117,0.05573354959487915,0.029695308208465575,0.14571140334010124,128
trained,0,-0.5101710557937622,4,0,20,0.035763315741122695,0.010319734879472655,0.5521244908583963,0.031936900690197945,0.014384684339165687,0.07356830593198538,128
trained,0,-0.5101710557937622,4,0,30,0.024842709043220272,0.006769667295250961,0.5717077879211282,0.022408258418242136,0.009495920563737551,0.04287460446357727,128
trained,0,-0.5101710557937622,4,0,40,0.01957999632688228,0.004972818965003604,0.5949288172306281,0.016904138401150702,0.00727779190056026,0.03272279957309365,128
trained,0,-0.5101710557937622,4,0,49,0.015235910198199244,0.004876148469890378,0.5151020041638436,0.013302905218941825,0.006591122673482311,0.025192641653120518,128
trained,0,-0.5101710557937622,4,1,5,0.06368073830237755,0.13408091408865794,-0.35598496945566394,0.10920233353972435,0.08745931908488273,0.016691754921339452,128
trained,0,-0.5101710557937622,4,1,10,0.02630327232182026,0.0730299286544323,-0.47040320731547247,0.060840042680501936,0.03849315829575062,0.006667996465694159,128
trained,0,-0.5101710557937622,4,1,20,0.013310257403105036,0.03673167145966731,-0.46803579694782943,0.02952849231660366,0.02029386069625616,0.0035529408778529614,128
trained,0,-0.5101710557937622,4,1,30,0.008683990173496263,0.02483125311032119,-0.4817886237495911,0.020094943791627885,0.013159588227669399,0.00236403445887845,128
trained,0,-0.5101710557937622,4,1,40,0.00634779141756719,0.01830837867373512,-0.48509509836250037,0.015175827220082283,0.009784030262380838,0.0016057449975050986,128
trained,0,-0.5101710557937622,4,1,49,0.004861864243734155,0.01529901836307104,-0.5176933134512766,0.012766480902019811,0.007614060856249868,0.001353433312033303,128
trained,0,-0.5101710557937622,4,2,5,0.09864529609680175,0.0751702694665818,0.13505710236017093,0.06376897767186165,0.11041338145732879,0.12908817827701569,128
trained,0,-0.5101710557937622,4,2,10,0.05423276089131832,0.037829091772437096,0.17818095817184376,0.03642163872718811,0.05564021319150925,0.07938150502741337,128
trained,0,-0.5101710557937622,4,2,20,0.03006613106919516,0.017320785048632215,0.26896339885471193,0.022059949487447737,0.025446454249322414,0.04987193178385496,128
trained,0,-0.5101710557937622,4,2,30,0.02065758629373133,0.011443521939868835,0.28703259359535505,0.016152109205722808,0.016097766906023027,0.03250368940643966,128
trained,0,-0.5101710557937622,4,2,40,0.01627618220143901,0.00822318967183431,0.3287019998280492,0.012241104897111655,0.012053796090185642,0.02820395235903561,128
trained,0,-0.5101710557937622,4,2,49,0.01255326038074804,0.007543085367511318,0.24930776349831515,0.01031026616692543,0.00968063561892023,0.02044579084031284,128
trained,0,-0.5101710557937622,4,3,5,0.1086693969139686,0.047751194711715454,0.3894512964612838,0.09715957716107368,0.060212858766317365,0.2131377998739481,128
trained,0,-0.5101710557937622,4,3,10,0.06697187647223472,0.02076356075704098,0.526677898622795,0.05911173298954964,0.028623702935874462,0.12264563981443644,128
trained,0,-0.5101710557937622,4,3,20,0.03517103010655926,0.011395527079278362,0.5105703419706796,0.030117177590727805,0.01667227391153574,0.06421095179393888,128
trained,0,-0.5101710557937622,4,3,30,0.023661122940431063,0.00806305079058783,0.4916778063820857,0.020661802341540653,0.01131421501437823,0.040719480719417334,128
trained,0,-0.5101710557937622,4,3,40,0.018478018391825154,0.006042337417602539,0.507157443813851,0.015371322073042393,0.008833283837884665,0.031815741676837206,128
trained,0,-0.5101710557937622,4,3,49,0.01575376839901803,0.004361585033900436,0.5663426895551394,0.01328541885833351,0.006590175499417344,0.02609586645849049,128
trained,0,-0.5101710557937622,5,0,5,0.12397868083073543,0.03065713606183491,0.6034924291383931,0.09060632064938545,0.06548764482140541,0.21953016705811024,128
trained,0,-0.5101710557937622,5,0,10,0.077035091817379,0.011078403517603874,0.7485424116734637,0.05399251282215119,0.03412098400294781,0.11886502616107464,128
trained,0,-0.5101710557937622,5,0,20,0.040572468341319556,0.005849852922963043,0.7479724079270498,0.02823934219777584,0.018508506007492542,0.06504306197166443,128
trained,0,-0.5101710557937622,5,0,30,0.027295019002158725,0.004380246613504017,0.7234279474076585,0.019398690511782963,0.012646554410457611,0.03864269005134702,128
trained,0,-0.5101710557937622,5,0,40,0.02116583287118671,0.0034892188480922155,0.7169570854542306,0.014580243080854417,0.009625988267362117,0.031750765861943364,128
trained,0,-0.5101710557937622,5,0,49,0.017581376190682577,0.0025740625298373183,0.7445788637099723,0.012430875124979993,0.007408721106392997,0.02785977046005428,128
trained,0,-0.5101710557937622,5,1,5,0.14482143842256986,0.018590040433974494,0.772475708996177,0.0981413371860981,0.06724250242114067,0.17308079451322556,128
trained,0,-0.5101710557937622,5,1,10,0.08606696873903275,0.007009390369057655,0.8493840877178644,0.05696195065975189,0.03611440770328045,0.06923640705645084,128
trained,0,-0.5101710557937622,5,1,20,0.0454050247145142,0.0025905856762774735,0.892049058002166,0.02903328500688076,0.01936371102929115,0.032060070894658566,128
trained,0,-0.5101710557937622,5,1,30,0.030403596935731702,0.0018301335133340006,0.8864460620424236,0.01950403725107511,0.013191035886605581,0.01914782728999853,128
trained,0,-0.5101710557937622,5,1,40,0.02393444955707313,0.0012820629732949393,0.8983155999704466,0.014623002521693707,0.01001835148781538,0.014345832751132548,128
trained,0,-0.5101710557937622,5,1,49,0.019341915981777327,0.0012115876444572958,0.8821040279135797,0.011948509179815953,0.008223424988741778,0.011575225042179227,128
trained,0,-0.5101710557937622,5,2,5,0.07690580221322867,0.12101270660521492,-0.22285386371935503,0.0883539266884327,0.10887540876865387,0.013853315496817231,128
trained,0,-0.5101710557937622,5,2,10,0.04091490022838116,0.05849723890423775,-0.17686309568516914,0.036870060674846175,0.06254207938909531,0.005878603318706155,128
trained,0,-0.5101710557937622,5,2,20,0.016720231287988715,0.03332286415039929,-0.33176670461002195,0.018974333815276623,0.030913113430142403,0.0022510921116918325,128
trained,0,-0.5101710557937622,5,2,30,0.011813132473287186,0.021626499230549916,-0.29346515667046685,0.011529657120505968,0.02175152872999509,0.0015644075465388596,128
trained,0,-0.5101710557937622,5,2,40,0.008830997126852582,0.015963931855701264,-0.28767715905054075,0.008300368767231702,0.016675670444965363,0.0009584486615494825,128
trained,0,-0.5101710557937622,5,2,49,0.008054130628753563,0.012245662058985732,-0.2064814894665056,0.00567094761194015,0.014717059019876987,0.0009876249750959687,128
trained,0,-0.5101710557937622,5,3,5,0.1255946262066181,0.014619161496086726,0.7914732675579743,0.07022531628608704,0.07172246277332306,0.29026109352707863,128
trained,0,-0.5101710557937622,5,3,10,0.0738770306110382,0.005954616982489824,0.8508206416273945,0.04155014641582966,0.03828150033950806,0.2016835268586874,128
trained,0,-0.5101710557937622,5,3,20,0.04114469470623477,0.0024486010900055194,0.8876615752158602,0.025187107920646667,0.018768964521586894,0.12087857350707054,128
trained,0,-0.5101710557937622,5,3,30,0.028213242150037364,0.0018093110613875947,0.8794698739253927,0.01743611544370651,0.013012750819325448,0.08653399348258972,128
trained,0,-0.5101710557937622,5,3,40,0.02235217925780761,0.001352552198228382,0.8858833561409598,0.013856234960258007,0.009315302781760692,0.07313850335776806,128
trained,0,-0.5101710557937622,5,3,49,0.018359281651748507,0.001249449987250667,0.8725618759347029,0.011601219980084166,0.007647419918556602,0.056816655211150646,128
trained,1,-0.6682425141334534,0,0,5,0.07060674302447648,0.07565549876552222,-0.03451851741928143,0.008714470034465193,0.1376897618174553,0.26797881349921227,128
trained,1,-0.6682425141334534,0,0,10,0.03710088238996618,0.038080546458562216,-0.013030665732049092,0.006122690392658114,0.06899751126766204,0.24879799224436283,128
trained,1,-0.6682425141334534,0,0,20,0.02069323806553425,0.020218985288685355,0.011591958049583491,0.004272402171045542,0.0366383396089077,0.18178516626358032,128
trained,1,-0.6682425141334534,0,0,30,0.014884763647190052,0.01424791420785792,0.02186031241202638,0.0034422343596816063,0.02570006127158801,0.1257311087101698,128
trained,1,-0.6682425141334534,0,0,40,0.011262914263100988,0.011125551974365466,0.006135404152854144,0.002975269593298435,0.019409440457820892,0.10461160354316235,128
trained,1,-0.6682425141334534,0,0,49,0.009484561069388928,0.009374566421977456,0.005832435644543718,0.002387364794101034,0.01647327156091223,0.07582885026931763,128
trained,1,-0.6682425141334534,0,1,5,0.06316153949479965,0.05952523508332783,0.02963892745526999,0.0020126370363868773,0.12057186737656593,0.3870774917304516,128
trained,1,-0.6682425141334534,0,1,10,0.032077943577485925,0.031002549330393474,0.01704796835760101,0.0011802738532423972,0.061967428773641586,0.3685229495167732,128
trained,1,-0.6682425141334534,0,1,20,0.016725076403363744,0.01637537652086989,0.01056480656877253,0.0009806337533518673,0.03211872540414333,0.33801281452178955,128
trained,1,-0.6682425141334534,0,1,30,0.012216009562782534,0.011704585339139215,0.021380079622553696,0.0008492903628696998,0.023079029222329458,0.28215041384100914,128
trained,1,-0.6682425141334534,0,1,40,0.009271795395387703,0.009107453832154945,0.008941690772522848,0.0008367538743186742,0.017538002133369444,0.26500976644456387,128
trained,1,-0.6682425141334534,0,1,49,0.007850817743057199,0.007732564178131331,0.007588440398646169,0.0007172204335505256,0.014867782744826103,0.23633483797311783,128
trained,1,-0.6682425141334534,0,2,5,0.06791993199437378,0.06825585423269533,-0.0024668279701278036,0.006530510075390339,0.1296547219157219,0.3190738260746002,128
trained,1,-0.6682425141334534,0,2,10,0.036176000973757574,0.037008163134257,-0.011370795453232769,0.00395500713493675,0.06917714774608612,0.2686784565448761,128
trained,1,-0.6682425141334534,0,2,20,0.01978099570378988,0.0197703760361003,0.00026850314469880883,0.0030243847984820606,0.03652695566415787,0.2089732140302658,128
trained,1,-0.6682425141334534,0,2,30,0.014344305304639336,0.014257785695245946,0.003024940008431977,0.0025672590049604575,0.02603613808751106,0.14189806394279003,128
trained,1,-0.6682425141334534,0,2,40,0.011167308700132562,0.011027014935424573,0.0063211552199277645,0.002204882074147463,0.019985605403780936,0.11238048924133182,128
trained,1,-0.6682425141334534,0,2,49,0.009487875680122484,0.009115961119845736,0.01999128267225994,0.0019575485351438424,0.0166513877255576,0.08816212182864547,128
trained,1,-0.6682425141334534,0,3,5,0.06754927274881835,0.06392941503901613,0.027531897151392388,0.004231141554191709,0.12714573591947556,0.3431156165897846,128
trained,1,-0.6682425141334534,0,3,10,0.036836677088457,0.03621106545130412,0.00856442123182358,0.0034286695998162033,0.06965817138552666,0.2691315747797489,128
trained,1,-0.6682425141334534,0,3,20,0.020686525909878243,0.020217964025301353,0.01145502328247961,0.002422323636710644,0.03848070167005062,0.18193948827683926,128
trained,1,-0.6682425141334534,0,3,30,0.013249607560816883,0.012982149845327038,0.010195951088546049,0.002113299894457062,0.024122497191031773,0.2129260702058673,128
trained,1,-0.6682425141334534,0,3,40,0.010701425583008302,0.010263345359396119,0.02089601764764353,0.0020187408896163105,0.01893405131995678,0.16188833117485046,128
trained,1,-0.6682425141334534,0,3,49,0.00900966793383094,0.008552853821397715,0.02601073574591951,0.00159872904876057,0.01597005661044802,0.13912952691316605,128
trained,1,-0.6682425141334534,1,0,5,0.06635495550762802,0.06018072167428431,0.04879441095825178,0.01017302293330431,0.11618900820612907,0.36818986386060715,128
trained,1,-0.6682425141334534,1,0,10,0.035821993210736446,0.0361791201432546,-0.004960019586883188,0.007763850688934326,0.06421494334936143,0.2802120689302683,128
trained,1,-0.6682425141334534,1,0,20,0.019506222402040488,0.01972357970531856,-0.0055406168676990705,0.005428306804969907,0.033802172914147374,0.21539039351046085,128
trained,1,-0.6682425141334534,1,0,30,0.014463941154264682,0.012547382534275226,0.0709538948189955,0.004845787119120359,0.02219448486963908,0.18879183754324913,128
trained,1,-0.6682425141334534,1,0,40,0.010779859359005847,0.01058442737666373,0.009147601544154437,0.003815464396029711,0.0175434784963727,0.14564228244125843,128
trained,1,-0.6682425141334534,1,0,49,0.008989595699400301,0.007722839428852031,0.07579722887486486,0.0034413536516379336,0.013288450788478462,0.18023957312107086,128
trained,1,-0.6682425141334534,1,1,5,0.09235661129476173,0.07725873399288097,0.08901244917544442,0.06948554888367653,0.09970516040921211,0.15404642838984728,128
trained,1,-0.6682425141334534,1,1,10,0.04793900461757884,0.04085194746653239,0.0798173348141723,0.04899413101375103,0.040239764377474785,0.1076610554009676,128
trained,1,-0.6682425141334534,1,1,20,0.02568154499448579,0.020567567363334965,0.11057461149685122,0.0303261898458004,0.015906941145658493,0.07533738715574145,128
trained,1,-0.6682425141334534,1,1,30,0.017760280464293714,0.013750857111639854,0.12723829290088196,0.022888356695572536,0.008683339941004913,0.05284909391775727,128
trained,1,-0.6682425141334534,1,1,40,0.013592134230586899,0.010477837319609783,0.12938515130161352,0.018579429760575295,0.005405385466292501,0.04060740815475583,128
trained,1,-0.6682425141334534,1,1,49,0.01115122558411355,0.008600594347593972,0.1291339858913925,0.015412873455456324,0.0043739199790419365,0.03044711146503687,128
trained,1,-0.6682425141334534,1,2,5,0.07513457939172481,0.06454252906845696,0.07583239973937123,0.009633663157001138,0.1297455459833145,0.30310398153960705,128
trained,1,-0.6682425141334534,1,2,10,0.037210509356330426,0.03855652650197347,-0.017765207921589272,0.006883697398006916,0.0687992125749588,0.24317090958356857,128
trained,1,-0.6682425141334534,1,2,20,0.020423433063172246,0.01962484340430049,0.019940674837790662,0.005048487521708012,0.03499729335308075,0.19908435456454754,128
trained,1,-0.6682425141334534,1,2,30,0.01498880699513936,0.012677782493442029,0.08353123909861065,0.0038670671172440054,0.02383442794283231,0.16895511094480753,128
trained,1,-0.6682425141334534,1,2,40,0.011042063303261875,0.010796972916606714,0.011222582543315783,0.0028657295275479554,0.018966605141758918,0.12670661602169275,128
trained,1,-0.6682425141334534,1,2,49,0.009145035538218913,0.008009720881548738,0.06618075062236128,0.002611695864827049,0.01455862820148468,0.15865415148437023,128
trained,1,-0.6682425141334534,1,3,5,0.09911191578463342,0.07258975614530337,0.15446651940580988,0.11675678342580795,0.05419894680380821,0.14522133395075798,128
trained,1,-0.6682425141334534,1,3,10,0.052486013664918785,0.036639620860417686,0.17779837292287118,0.07441431209445,0.015701720677316188,0.09883967693895102,128
trained,1,-0.6682425141334534,1,3,20,0.028439159303623306,0.018799231431194555,0.20406977719330746,0.042762068659067155,0.004446197301149368,0.055834689643234015,128
trained,1,-0.6682425141334534,1,3,30,0.019162991035895936,0.012740057905409968,0.20132662373747806,0.029959622025489806,0.0020404399062196412,0.03999814484268427,128
trained,1,-0.6682425141334534,1,3,40,0.014941246155275398,0.00946843062063587,0.22420680063310702,0.02312461007386446,0.001135419448837638,0.029598826775327325,128
trained,1,-0.6682425141334534,1,3,49,0.01195773061396529,0.007930711986098982,0.2024803403988412,0.01911159498350961,0.0008320642008009005,0.022760668070986867,128
trained,1,-0.6682425141334534,2,0,5,0.06081625694630614,0.05799224528860539,0.0237694407770015,0.004697022400796414,0.1140320546925068,0.4063545987010002,128
trained,1,-0.6682425141334534,2,0,10,0.03046677918995128,0.02832138240337372,0.03649368730701493,0.003339365893043578,0.05558288618922234,0.4107775054872036,128
trained,1,-0.6682425141334534,2,0,20,0.015513472609385428,0.01503768182617853,0.015573577888679241,0.0017752834013663233,0.02877438459545374,0.3890066556632519,128
trained,1,-0.6682425141334534,2,0,30,0.010622280325383147,0.010567153716831217,0.0026016083506290597,0.0012639043775076668,0.019926361242930093,0.3642920069396496,128
trained,1,-0.6682425141334534,2,0,40,0.007881451036077906,0.008142877531595557,-0.016314349421711415,0.0009673341934103519,0.01506414320319891,0.3587409108877182,128
trained,1,-0.6682425141334534,2,0,49,0.006355155898025479,0.006545013723117497,-0.014717467339819275,0.0008610758350743931,0.01203648996900539,0.3680192604660988,128
trained,1,-0.6682425141334534,2,1,5,0.08932308828715727,0.09800292220883819,-0.04633544428054822,0.05657484754920006,0.1309952825307846,0.06214934214949608,128
trained,1,-0.6682425141334534,2,1,10,0.043269118841956646,0.05274918874104818,-0.09873189954736054,0.03764746151864529,0.057778341323137285,0.04574197810143232,128
trained,1,-0.6682425141334534,2,1,20,0.021506326325634803,0.027243016664855575,-0.11767728521432917,0.021452771313488484,0.027314499765634537,0.024654598673805594,128
trained,1,-0.6682425141334534,2,1,30,0.014104219752742793,0.01877883198020447,-0.14215871036798503,0.015886696303884187,0.01692574881017208,0.015626645064912736,128
trained,1,-0.6682425141334534,2,1,40,0.010448962809091591,0.014161175557415749,-0.15084079142055437,0.012283571809530259,0.012428071722388268,0.01153424009680748,128
trained,1,-0.6682425141334534,2,1,49,0.009083542369303744,0.011157874031202561,-0.1024795706363934,0.009605654420293108,0.010607319370824464,0.009564282838255167,128
trained,1,-0.6682425141334534,2,2,5,0.04704988692734403,0.04754973472432887,-0.005283824483147082,0.0064818614162504675,0.0881318137049675,0.5269315950572491,128
trained,1,-0.6682425141334534,2,2,10,0.028558341545217178,0.028841755986213684,-0.004937525425568792,0.004095937358215451,0.05328644476830959,0.42617617174983025,128
trained,1,-0.6682425141334534,2,2,20,0.01485504476254263,0.014890024966539996,-0.0011760000670628496,0.0022105072159320114,0.0275346715003252,0.4050964340567589,128
trained,1,-0.6682425141334534,2,2,30,0.00974417020260462,0.009167150931658409,0.030511843504696847,0.0015815193920085827,0.017338517308235168,0.4323989152908325,128
trained,1,-0.6682425141334534,2,2,40,0.00736746041171522,0.007019180943304141,0.024208532053616467,0.0010387217276729642,0.013338396418839693,0.42491529136896133,128
trained,1,-0.6682425141334534,2,2,49,0.0061922210610561605,0.005972710004178135,0.018044578771787136,0.001160866609413405,0.011007074266672134,0.40377088636159897,128
trained,1,-0.6682425141334534,2,3,5,0.0631500693379491,0.057771905214953206,0.04447631741738157,0.006659318646416068,0.1141113966703415,0.39614642783999443,128
trained,1,-0.6682425141334534,2,3,10,0.02916629121584051,0.02871831814448039,0.007739070476641418,0.004035505512729287,0.053877103701233865,0.42087389156222343,128
trained,1,-0.6682425141334534,2,3,20,0.014936429766651979,0.014352499324584676,0.019936899714850954,0.0023454955546185373,0.02694160919636488,0.4142579063773155,128
trained,1,-0.6682425141334534,2,3,30,0.010938500306005659,0.010412852893992746,0.02461892729067555,0.0017006442261238892,0.019658649091919264,0.3592212200164795,128
trained,1,-0.6682425141334534,2,3,40,0.00861794441100584,0.008400316836716104,0.012787885384359049,0.0012145398068241775,0.015797770395874978,0.31950757652521133,128
trained,1,-0.6682425141334534,2,3,49,0.006702736362266481,0.006256204186386173,0.03445746001915849,0.0011502724825119485,0.011814790264684327,0.3647118993103504,128
trained,1,-0.6682425141334534,3,0,5,0.031323599087080385,0.1639958601954498,-0.6792577738799662,0.1680276408791542,0.031023230962455274,0.0047456761240027845,128
trained,1,-0.6682425141334534,3,0,10,0.012840366188217612,0.09175059874852498,-0.754465097508933,0.08714630752801895,0.01251277131959796,0.003409223281778395,128
trained,1,-0.6682425141334534,3,0,20,0.0038746579967696092,0.04594090014603279,-0.844439844030869,0.04596532434225083,0.003981689875945449,0.0010597143573249923,128
trained,1,-0.6682425141334534,3,0,30,0.0023457699246501973,0.0314053240936941,-0.8609959177142094,0.030842865506807964,0.0024693089071661234,0.0006347847884171642,128
trained,1,-0.6682425141334534,3,0,40,0.0016518610308926746,0.022759951566108733,-0.8646670725689651,0.02323651909828186,0.0017524673079606146,0.0004405197041705833,128
trained,1,-0.6682425141334534,3,0,49,0.0019592930401372776,0.018666909652892492,-0.8100190258283081,0.018043192217544635,0.0023539199360779355,0.000541490240721032,128
trained,1,-0.6682425141334534,3,1,5,0.09659450307153046,0.05105574116518432,0.30842320743492563,0.049986617639660835,0.0963828481733799,0.26815265417099,128
trained,1,-0.6682425141334534,3,1,10,0.0540538325029261,0.025358967979749045,0.3613380254619763,0.03811475783586502,0.043091469630599025,0.18793770112097263,128
trained,1,-0.6682425141334534,3,1,20,0.03235931344166818,0.011391847954360866,0.47924363188976116,0.02529889587312937,0.018386743031442165,0.12628721445798874,128
trained,1,-0.6682425141334534,3,1,30,0.022594188897654972,0.007516812736051288,0.5007264900887701,0.018737018356720606,0.01160171553492546,0.089837989769876,128
trained,1,-0.6682425141334534,3,1,40,0.017896541534178707,0.0056065746133318415,0.522907977103526,0.014566249772906303,0.008600811939686537,0.07331750588491559,128
trained,1,-0.6682425141334534,3,1,49,0.014503935291617875,0.004530384592203658,0.5239772558076735,0.012321734154710964,0.006849340562309537,0.060617349576205015,128
trained,1,-0.6682425141334534,3,2,5,0.09874360737693272,0.05818755938289376,0.25843208096355436,0.04162950180470944,0.1141610249876976,0.22104736603796482,128
trained,1,-0.6682425141334534,3,2,10,0.052671128511428834,0.028177069226900737,0.3029635782791565,0.03193333670496941,0.050445742532610895,0.17620923928916454,128
trained,1,-0.6682425141334534,3,2,20,0.03242581167191173,0.012760743266696871,0.43519733760400714,0.022205529920756816,0.022919571585953237,0.09749797452241182,128
trained,1,-0.6682425141334534,3,2,30,0.022552615498933747,0.008028359213939486,0.47494419065737786,0.016632013271252313,0.014168338725964229,0.07598943822085857,128
trained,1,-0.6682425141334534,3,2,40,0.017714592347662133,0.006097494875976795,0.4878655685279388,0.013207177259027958,0.010287255141884088,0.0602226946502924,128
trained,1,-0.6682425141334534,3,2,49,0.014196951009072985,0.00498874920531457,0.4799513022919611,0.010989551793555824,0.008322408156735557,0.05371393449604511,128
trained,1,-0.6682425141334534,3,3,5,0.09659800038843676,0.05780055095359547,0.25128117522711557,0.041693974658846854,0.1116134025156498,0.2334631346166134,128
trained,1,-0.6682425141334534,3,3,10,0.05483465054455926,0.02724115987618764,0.3361951655010453,0.03395321853458881,0.04984718300402165,0.16199597530066967,128
trained,1,-0.6682425141334534,3,3,20,0.03235583992961059,0.01235765293008442,0.4472517291778249,0.022519397921860217,0.022131601348519325,0.10698000807315111,128
trained,1,-0.6682425141334534,3,3,30,0.022741247777023823,0.008109371224639908,0.4742814577276572,0.016834286724527678,0.014237334455053012,0.0678513697348535,128
trained,1,-0.6682425141334534,3,3,40,0.017589496512968376,0.006296580508634618,0.4727823657960853,0.012887877505272627,0.010689408518373966,0.05690855626016855,128
trained,1,-0.6682425141334534,3,3,49,0.014355282095026843,0.004937194174560882,0.488174135262474,0.01103537271217424,0.00838624214639469,0.04834091663360596,128
trained,1,-0.6682425141334534,4,0,5,0.11260191497312098,0.044068775640794935,0.4374343348034065,0.09780554622411727,0.05693765245378017,0.22628399915993214,128
trained,1,-0.6682425141334534,4,0,10,0.061514992573682,0.024314396381378174,0.43342492175201713,0.0594686932861805,0.0286857295781374,0.11845576018095016,128
trained,1,-0.6682425141334534,4,0,20,0.03651199520194792,0.010267089646181957,0.5610393114873888,0.03233342170715332,0.014363648556172847,0.06605859659612179,128
trained,1,-0.6682425141334534,4,0,30,0.02484722832278021,0.0066412230259145395,0.5781803968279996,0.022420259068409602,0.009343178818623225,0.047096853610128164,128
trained,1,-0.6682425141334534,4,0,40,0.019585057530537187,0.004980342741701539,0.5945237865611277,0.017160351760685442,0.007005701307207346,0.03335787355899811,128
trained,1,-0.6682425141334534,4,0,49,0.015418985798209672,0.0043394537446878895,0.5607493460658294,0.013947499497812621,0.005962859383042978,0.024392405059188604,128
trained,1,-0.6682425141334534,4,1,5,0.062030315782479535,0.13315893016687644,-0.36440846952443073,0.11388906985521316,0.08330066800117493,0.014051305246539414,128
trained,1,-0.6682425141334534,4,1,10,0.02752039958448971,0.07469342231750488,-0.4615131481707478,0.05874345973134041,0.04052204564213753,0.007344918325543404,128
trained,1,-0.6682425141334534,4,1,20,0.01319486042922567,0.03656821273197638,-0.4696927021883393,0.029725562036037444,0.02011055201292038,0.0032777075830381364,128
trained,1,-0.6682425141334534,4,1,30,0.008522047086395687,0.024990508696315528,-0.4914116880910748,0.019819535315036774,0.013444278513391812,0.0020855907641816884,128
trained,1,-0.6682425141334534,4,1,40,0.0062511085506423885,0.018377632967872766,-0.49237288099441245,0.01478779800236225,0.010172528121620417,0.001586954720551148,128
trained,1,-0.6682425141334534,4,1,49,0.0050035586106623444,0.015523219856289341,-0.5124847653055384,0.012215749037509062,0.008166787119544282,0.0012557450390886515,128
trained,1,-0.6682425141334534,4,2,5,0.10397510743217836,0.07177386385329226,0.18322294203587744,0.06393249779939651,0.11091081202030181,0.12578343879431486,128
trained,1,-0.6682425141334534,4,2,10,0.05343447643167833,0.038496038913726806,0.1624970496647572,0.040650663524866106,0.05221350379288196,0.07135832123458385,128
trained,1,-0.6682425141334534,4,2,20,0.030500901903852025,0.017203155150666043,0.27875504881503144,0.02210866566747427,0.025553835928440093,0.046749990433454514,128
trained,1,-0.6682425141334534,4,2,30,0.020858690027948403,0.011177266356429369,0.30220492109103836,0.016021072243650753,0.01616111397743225,0.03453442174941301,128
trained,1,-0.6682425141334534,4,2,40,0.016561785663466857,0.007977937382890245,0.34979401617578904,0.012357400078326464,0.011947608832269908,0.02779964287765324,128
trained,1,-0.6682425141334534,4,2,49,0.013304160502992662,0.006565840699855386,0.3391202513783605,0.01036966432418142,0.009592731160168745,0.021842636400833726,128
trained,1,-0.6682425141334534,4,3,5,0.11160925193614898,0.04619116804882386,0.4145621658873927,0.094154092669487,0.06180644780397415,0.2201973143965006,128
trained,1,-0.6682425141334534,4,3,10,0.06472866815679214,0.020812935034434002,0.5133844992789323,0.06084656938910484,0.02743977103382349,0.11713661719113588,128
trained,1,-0.6682425141334534,4,3,20,0.03629426859015581,0.010815411156211686,0.5408412362507705,0.03129272237420082,0.015737335942685605,0.059398824349045753,128
trained,1,-0.6682425141334534,4,3,30,0.02413834835578993,0.007505818752306974,0.5256112302194714,0.020807899037996926,0.011087488755583763,0.043138356413692236,128
trained,1,-0.6682425141334534,4,3,40,0.018867407457895547,0.005659547912757207,0.5385038356780084,0.015545547008514404,0.008620256278663873,0.033367875730618834,128
trained,1,-0.6682425141334534,4,3,49,0.015204304979821727,0.004593643986442657,0.535947486829249,0.012881796731024372,0.007061642271523573,0.022771474439650774,128
trained,1,-0.6682425141334534,5,0,5,0.12819912349296153,0.02997688464480693,0.6209679963726472,0.087757059186697,0.06765644475817681,0.22293244861066341,128
trained,1,-0.6682425141334534,5,0,10,0.07274587645250208,0.01230540782213211,0.7106355788172993,0.05378466695547104,0.035044146701693535,0.11171186342835426,128
trained,1,-0.6682425141334534,5,0,20,0.04114656538051498,0.006097339952474814,0.7418782418654937,0.028349126875400543,0.018785248324275017,0.05731247738003731,128
trained,1,-0.6682425141334534,5,0,30,0.027712726788743453,0.0038481534220818044,0.7561441001167024,0.01899455636739731,0.012926777203877768,0.04235997539944947,128
trained,1,-0.6682425141334534,5,0,40,0.021489558928462875,0.0032114040262345577,0.7399774225406199,0.014032390713691712,0.010168779268860817,0.03195320419035852,128
trained,1,-0.6682425141334534,5,0,49,0.017110581891496963,0.002620278786888332,0.7343979231351031,0.011961430615308334,0.007968117235874643,0.023452143417671323,128
trained,1,-0.6682425141334534,5,1,5,0.15343702107763751,0.01730287582316297,0.7973188910426182,0.10000049620866776,0.06691063046455384,0.1654443684965372,128
trained,1,-0.6682425141334534,5,1,10,0.0803949987187105,0.008016257882118225,0.8186597908291144,0.05548427626490593,0.03745065294206142,0.07065071817487478,128
trained,1,-0.6682425141334534,5,1,20,0.04647307859319131,0.002255314908852087,0.9074332335946504,0.02850501872599125,0.02008519470691681,0.028195715742185712,128
trained,1,-0.6682425141334534,5,1,30,0.030645267238000408,0.0015772495680798431,0.9021026459216076,0.018966478606065113,0.013695085669557254,0.020153046352788806,128
trained,1,-0.6682425141334534,5,1,40,0.02409349943260591,0.001164402424609253,0.9077989587856025,0.014507352374494076,0.01012358171865344,0.01476264011580497,128
trained,1,-0.6682425141334534,5,1,49,0.01891781692048895,0.001000184073172223,0.8995698339466583,0.01171580945350686,0.008447873425118777,0.01197954302188009,128
trained,1,-0.6682425141334534,5,2,5,0.07820842427072801,0.1180967125124482,-0.20319533607301668,0.08494359329342842,0.11248340234160423,0.012864996853750199,128
trained,1,-0.6682425141334534,5,2,10,0.04190931390313541,0.058591293493906654,-0.16598884347734041,0.03460384607315063,0.06485413759946823,0.005420164845418185,128
trained,1,-0.6682425141334534,5,2,20,0.01899400829895163,0.030869886139842952,-0.238165870803176,0.015617244504392147,0.03428376242518425,0.001979853943339549,128
trained,1,-0.6682425141334534,5,2,30,0.012914075552958473,0.020492832349255752,-0.22686196574236353,0.00977559642245372,0.02351683924595515,0.0012268930731806904,128
trained,1,-0.6682425141334534,5,2,40,0.009238811573350285,0.01556976358246894,-0.2551920845554261,0.007508745323866606,0.01747294291853905,0.0007324953548959456,128
trained,1,-0.6682425141334534,5,2,49,0.0073114021201672215,0.013166032791754361,-0.28590644758405637,0.006256858305055268,0.014140299844498537,0.0005392586426751222,128
trained,1,-0.6682425141334534,5,3,5,0.12528713109792236,0.01540901532289105,0.7809603785850093,0.06853871047496796,0.06906712055206299,0.31197087094187737,128
trained,1,-0.6682425141334534,5,3,10,0.0702634103157941,0.007002495924631755,0.8187429290416477,0.043823514878749845,0.037396198511123656,0.18780288100242615,128
trained,1,-0.6682425141334534,5,3,20,0.04182072044539975,0.00227296199196967,0.8969030542800941,0.02497124597430229,0.018998848088085652,0.12059810664504766,128
trained,1,-0.6682425141334534,5,3,30,0.028359997388703692,0.001632183687766351,0.8911593869048466,0.01765626942118009,0.012739613031347593,0.08812352083623409,128
trained,1,-0.6682425141334534,5,3,40,0.022537981362706686,0.0012729355704195146,0.8930796680832462,0.0136583611369133,0.00957108922302723,0.07082196045666933,128
trained,1,-0.6682425141334534,5,3,49,0.018031961027651172,0.0010530536821502874,0.8896460182391902,0.011755768741880144,0.00756205610778867,0.05342659214511514,128
trained,2,-0.38461440801620483,0,0,5,0.07006038024974547,0.06924729376754525,0.005836623774893111,0.008630279451608658,0.1306697756052017,0.30349973402917385,128
trained,2,-0.38461440801620483,0,0,10,0.03833815949094808,0.03806317801688128,0.003599170944291674,0.0065987151581794025,0.06980777755379677,0.23593505285680294,128
trained,2,-0.38461440801620483,0,0,20,0.02074263162837394,0.021673132504365755,-0.02193761906676688,0.004705032845959067,0.037683834135532376,0.1522226482629776,128
trained,2,-0.38461440801620483,0,0,30,0.014413527044326222,0.014018780579838729,0.013883729371938486,0.0038628226766983667,0.024567428727944693,0.1470924662426114,128
trained,2,-0.38461440801620483,0,0,40,0.011016740951926122,0.01104387710693288,-0.0012300722914075687,0.0029143376741558313,0.01914632208645344,0.11757358815521002,128
trained,2,-0.38461440801620483,0,0,49,0.009359230384005636,0.009342665459468947,0.0008857350438930362,0.002362086760754488,0.016339687364442006,0.0836130678653717,128
trained,2,-0.38461440801620483,0,1,5,0.06445160950019908,0.06141760031874335,0.024104458793345305,0.0012657477811444551,0.12457501739263535,0.37079617753624916,128
trained,2,-0.38461440801620483,0,1,10,0.030938334260250163,0.029678200270719587,0.02078861814289249,0.0010813879605848342,0.05955877527594566,0.39359837397933006,128
trained,2,-0.38461440801620483,0,1,20,0.017041558466269015,0.017726311257838818,-0.019694988418439238,0.0010540257324464619,0.03369404934346676,0.3050384782254696,128
trained,2,-0.38461440801620483,0,1,30,0.01216952139170382,0.0120065044244954,0.006742918312589099,0.0009980052088697752,0.02317717174688975,0.27474469877779484,128
trained,2,-0.38461440801620483,0,1,40,0.009455046276904421,0.009305741504276413,0.00795834238740331,0.0008170435612555593,0.017943510971963405,0.24957782216370106,128
trained,2,-0.38461440801620483,0,1,49,0.007819227646908268,0.007566618217475507,0.016418299756992924,0.0007387496797101838,0.014645243329661233,0.24618434347212315,128
trained,2,-0.38461440801620483,0,2,5,0.06949971075689755,0.06646890979802277,0.02229044426929592,0.006417255522683263,0.1295229509472847,0.3202989585697651,128
trained,2,-0.38461440801620483,0,2,10,0.037956440375626455,0.03507928218051886,0.03939384857672107,0.004798181541264057,0.06829148754477501,0.2691033072769642,128
trained,2,-0.38461440801620483,0,2,20,0.02069865851666589,0.020925631565330303,-0.005452898973456238,0.0036929204361513257,0.03792480863630772,0.1676454208791256,128
trained,2,-0.38461440801620483,0,2,30,0.014753697929582046,0.014293703884658417,0.015835978992182406,0.0026935798116028307,0.026351425300041833,0.12864981032907963,128
trained,2,-0.38461440801620483,0,2,40,0.010977075599915172,0.01093217614288449,0.0020493377663337257,0.0022241259459406136,0.01968505568802357,0.12363272905349731,128
trained,2,-0.38461440801620483,0,2,49,0.009353339001943243,0.009038556033427597,0.017115309101816183,0.00185124507668067,0.01653834189079246,0.09891025256365538,128
trained,2,-0.38461440801620483,0,3,5,0.06803658708036886,0.061369429431832614,0.05152123392853291,0.003944553271867335,0.12539896070957185,0.3532824404537678,128
trained,2,-0.38461440801620483,0,3,10,0.0392003417746421,0.03793294566452123,0.016431247159069406,0.003517086012288928,0.07363996580243111,0.2284294907003641,128
trained,2,-0.38461440801620483,0,3,20,0.01946532499998378,0.01933598633456978,0.0033333580995620928,0.0025454762857407332,0.036259572952985764,0.2238989993929863,128
trained,2,-0.38461440801620483,0,3,30,0.013883584082438684,0.01343041701638019,0.01659101734683235,0.002223987349619468,0.025087654093901315,0.1806507706642151,128
trained,2,-0.38461440801620483,0,3,40,0.01105519303693458,0.01073875125968326,0.01451971120647068,0.0019717022660188377,0.01982174776494503,0.1282620094716549,128
trained,2,-0.38461440801620483,0,3,49,0.009243807377556378,0.008929980786098034,0.017268088998016087,0.0015097029735239185,0.016661783870385617,0.10959716141223907,128
trained,2,-0.38461440801620483,1,0,5,0.0712502811233328,0.06114076313219572,0.07636104124647808,0.009318982809782028,0.12297728508710862,0.3385186605155468,128
trained,2,-0.38461440801620483,1,0,10,0.03656331234914394,0.032956383790180184,0.051883548968385,0.008240447752177716,0.06134687662124634,0.3041267395019531,128
trained,2,-0.38461440801620483,1,0,20,0.019475726530962852,0.019888431337315136,-0.0104842788133004,0.005746188620105386,0.033606039732694624,0.2129554357379675,128
trained,2,-0.38461440801620483,1,0,30,0.01384289064956585,0.013905974990963318,-0.0022734025315634806,0.004336724802851677,0.02341246952613195,0.16752417385578156,128
trained,2,-0.38461440801620483,1,0,40,0.01113635646718582,0.00955215640447441,0.07657389743101944,0.0038239571265876295,0.0168620802462101,0.1725585013628006,128
trained,2,-0.38461440801620483,1,0,49,0.008849011101678296,0.008576515921689015,0.015637700920507758,0.0032442757593733923,0.014179252240122581,0.14624709635972977,128
trained,2,-0.38461440801620483,1,1,5,0.09040482111909788,0.0790916825226586,0.06674555730237189,0.07172971740365028,0.0976607270538807,0.153047782368958,128
trained,2,-0.38461440801620483,1,1,10,0.0479050527321049,0.04118753200883319,0.0753993246770133,0.049099302664399144,0.04011923670768738,0.10781461838632822,128
trained,2,-0.38461440801620483,1,1,20,0.02574031879798698,0.020474280068112877,0.1139475156977505,0.03122245967388153,0.015144360065460206,0.07266361219808459,128
trained,2,-0.38461440801620483,1,1,30,0.01785203124840222,0.013959780875882954,0.1223523626126776,0.023424952973922095,0.00836658626794815,0.04625379014760256,128
trained,2,-0.38461440801620483,1,1,40,0.013329967086863629,0.010676039362474462,0.11055265397347214,0.018779622949659826,0.0052222366444766525,0.03992561250925064,128
trained,2,-0.38461440801620483,1,1,49,0.01099389441098349,0.008739310678480244,0.1142532965206344,0.015697995466845378,0.004018674129430129,0.03388319700025022,128
trained,2,-0.38461440801620483,1,2,5,0.07212690600085334,0.06156086958598795,0.07903517257584135,0.008697604713961481,0.12489110976457596,0.332056425511837,128
trained,2,-0.38461440801620483,1,2,10,0.03997648639912985,0.03554199949191634,0.05872054841714677,0.007323086308315396,0.06827854439616203,0.2439836822450161,128
trained,2,-0.38461440801620483,1,2,20,0.020716595124727684,0.02107509354478586,-0.008578222882654559,0.005000577075406909,0.036780747771263125,0.16437348164618015,128
trained,2,-0.38461440801620483,1,2,30,0.013754535969639324,0.01346816991894974,0.010519382307219534,0.003734154688815276,0.02348706101377805,0.18336355779320002,128
trained,2,-0.38461440801620483,1,2,40,0.011437352274505186,0.009890118273855558,0.07254653087287952,0.0030873901676386597,0.01823766380548477,0.14699786249548197,128
trained,2,-0.38461440801620483,1,2,49,0.00903243073458232,0.008635192401954818,0.02248397136021752,0.002538494081521521,0.015126215408042985,0.1344292350113392,128
trained,2,-0.38461440801620483,1,3,5,0.0979702961557671,0.07347604955313007,0.1428682921249516,0.1170149028301239,0.05420181527733803,0.14391643181443214,128
trained,2,-0.38461440801620483,1,3,10,0.051777737272297675,0.038121968697590436,0.1519000360149046,0.0749954879283905,0.015160264074802398,0.09844247344881296,128
trained,2,-0.38461440801620483,1,3,20,0.028049734024360673,0.01905087185596518,0.19105618707047892,0.04326242581009865,0.004098302079364657,0.05278543941676617,128
trained,2,-0.38461440801620483,1,3,30,0.019400904191102034,0.01269527506951841,0.208922970766243,0.030161931365728378,0.0018993220447252194,0.03816236928105354,128
trained,2,-0.38461440801620483,1,3,40,0.014385531206086207,0.009848114759799284,0.18723622737111695,0.023079511150717734,0.001147045218385756,0.030937750125303864,128
trained,2,-0.38461440801620483,1,3,49,0.011857991964534437,0.008102350198758407,0.18815517964889983,0.019105899698880255,0.0008268972041503508,0.02329294360242784,128
trained,2,-0.38461440801620483,2,0,5,0.05481181648627441,0.05473927484577285,0.0006621717740905239,0.005250952998176217,0.10429946333169937,0.452247928828001,128
trained,2,-0.38461440801620483,2,0,10,0.02679779869647114,0.027947310998940923,-0.02099753400521767,0.0034909185487776995,0.05123263634741306,0.45276444405317307,128
trained,2,-0.38461440801620483,2,0,20,0.01438021297787932,0.014948737880249514,-0.019384426845027634,0.0023615484591573478,0.02695096917450428,0.41374966129660606,128
trained,2,-0.38461440801620483,2,0,30,0.01021842257514674,0.01032321280148363,-0.005101357531202428,0.0014646820724010467,0.019077499583363532,0.38373454846441746,128
trained,2,-0.38461440801620483,2,0,40,0.007771491631282514,0.007798548886630911,-0.0017377768102484533,0.0012126495712436736,0.014357433188706636,0.37719669938087463,128
trained,2,-0.38461440801620483,2,0,49,0.006267806321832477,0.006299794569314375,-0.00254529466335031,0.0008215843842421868,0.011746250853246572,0.3841760717332363,128
trained,2,-0.38461440801620483,2,1,5,0.08985547312426642,0.0974058979435971,-0.040320247450041785,0.05682841911911964,0.13050374239683152,0.06333920639008284,128
trained,2,-0.38461440801620483,2,1,10,0.04367133079130957,0.052131876444361014,-0.08831171624714672,0.03581419177353382,0.05983038134872913,0.04355426458641887,128
trained,2,-0.38461440801620483,2,1,20,0.021366536300473804,0.027653221919089675,-0.1282479931934598,0.023271261341869832,0.025566771626472473,0.02323933714069426,128
trained,2,-0.38461440801620483,2,1,30,0.014391223547970438,0.018326092507555077,-0.12026869663716881,0.017100703716278077,0.015637107441822687,0.017865696805529296,128
trained,2,-0.38461440801620483,2,1,40,0.0105651340014498,0.014109484119087969,-0.1436435652288538,0.011789883207529783,0.012890273239463568,0.012793754111044109,128
trained,2,-0.38461440801620483,2,1,49,0.008974195713787035,0.011217774828614673,-0.11111243996742011,0.009370754187812611,0.01083767193616653,0.009787153452634811,128
trained,2,-0.38461440801620483,2,2,5,0.05736434346869917,0.0519744777827071,0.049295077670077334,0.007158772833645344,0.10212951824069023,0.4535585306584835,128
trained,2,-0.38461440801620483,2,2,10,0.027652986759057075,0.02736404177489554,0.005251919121331099,0.004364742478355765,0.0506577055901289,0.4497755505144596,128
trained,2,-0.38461440801620483,2,2,20,0.014279018502029037,0.013585395229888941,0.024892799783570375,0.0027355635538697243,0.025148900412023067,0.44231073185801506,128
trained,2,-0.38461440801620483,2,2,30,0.009852007296697007,0.009551346981463654,0.015495275245077813,0.001668315085892876,0.01773347333073616,0.41794634610414505,128
trained,2,-0.38461440801620483,2,2,40,0.007527394007442516,0.00740098581299209,0.008467643238077676,0.00144191172439605,0.013486270420253276,0.4028727151453495,128
trained,2,-0.38461440801620483,2,2,49,0.006019432216145546,0.0059022313999805166,0.009830911182283691,0.0011242820159056966,0.010796522227477054,0.41588060557842255,128
trained,2,-0.38461440801620483,2,3,5,0.05989738180058236,0.05215816896397263,0.06906585870789993,0.007584603922441602,0.10439839512109757,0.4400850161910057,128
trained,2,-0.38461440801620483,2,3,10,0.03092230755858626,0.02797158071949224,0.05010242871232258,0.004689679061993956,0.054259535297751425,0.41050786152482033,128
trained,2,-0.38461440801620483,2,3,20,0.015277114707408028,0.014834521091089839,0.014698424863572824,0.003018488665111363,0.027105940133333208,0.39751140400767326,128
trained,2,-0.38461440801620483,2,3,30,0.010095738990144579,0.009176506773795489,0.04769720288755092,0.0018359702701369921,0.017431487515568733,0.4219762533903122,128
trained,2,-0.38461440801620483,2,3,40,0.008116310564378431,0.007815864919314332,0.018857791602456295,0.0014957545907236635,0.014435951691120863,0.3627317547798157,128
trained,2,-0.38461440801620483,2,3,49,0.006482566165035651,0.0060937738599713825,0.030914582800741087,0.0011050419843926722,0.011468446376372357,0.3838990554213524,128
trained,2,-0.38461440801620483,3,0,5,0.03628655581820275,0.16062537804476618,-0.6314438124022458,0.1588490277528763,0.039228585362434384,0.009611933812266216,128
trained,2,-0.38461440801620483,3,0,10,0.011443037653993245,0.08972339265665431,-0.7737779692484458,0.08770514130592347,0.011993530951440335,0.003013269990333356,128
trained,2,-0.38461440801620483,3,0,20,0.004153215600037629,0.04702877557191366,-0.8377079318190919,0.04542474113404751,0.004517879569903016,0.0011476137588033453,128
trained,2,-0.38461440801620483,3,0,30,0.0028540538399631442,0.030304868727768025,-0.827856056869923,0.030157159268856048,0.00314473578085502,0.0009431475045857951,128
trained,2,-0.38461440801620483,3,0,40,0.002460600193210984,0.0224857441906624,-0.8027285957614688,0.022182441875338556,0.002795191411860287,0.0008946600755734835,128
trained,2,-0.38461440801620483,3,0,49,0.001759308367881444,0.018515270320098965,-0.8264517950907991,0.0183855695079784,0.002011900311525987,0.000523954277014127,128
trained,2,-0.38461440801620483,3,1,5,0.09599320143931296,0.05256948714654881,0.29229219466754014,0.05255010426044464,0.09560548886656761,0.2592220511287451,128
trained,2,-0.38461440801620483,3,1,10,0.054218158034459216,0.02664726004479038,0.34094794343742707,0.03745266497135162,0.043929706886410715,0.1861762721091509,128
trained,2,-0.38461440801620483,3,1,20,0.032238307104204854,0.011477972457990086,0.47488795601199896,0.02607969045639038,0.018236692063510418,0.11367233656346798,128
trained,2,-0.38461440801620483,3,1,30,0.022944533762507414,0.007466411096444402,0.5089655299216355,0.019065288205941517,0.011265041058262188,0.09009011276066303,128
trained,2,-0.38461440801620483,3,1,40,0.017424385685689384,0.005814559560112202,0.49958489949861484,0.014594387635588646,0.008626417629420758,0.07116780756041408,128
trained,2,-0.38461440801620483,3,1,49,0.014826068455407829,0.004495842919465898,0.5346378696695997,0.012535180364336287,0.006710967087015814,0.05693877674639225,128
trained,2,-0.38461440801620483,3,2,5,0.09773616158999855,0.05592679571441084,0.27208487073752224,0.046219313889741896,0.10705167949199676,0.23364504054188728,128
trained,2,-0.38461440801620483,3,2,10,0.05476598139920849,0.02881754393790178,0.31044918668290966,0.03334687389433384,0.050723183900117874,0.15929940342903137,128
trained,2,-0.38461440801620483,3,2,20,0.031058832109200747,0.012853072807852146,0.4145973474692946,0.022458371147513388,0.021979793161153793,0.11123669426888227,128
trained,2,-0.38461440801620483,3,2,30,0.02231499786776398,0.00842465464932931,0.45187053465418475,0.016520481805006662,0.014146825174490611,0.07998078223317862,128
trained,2,-0.38461440801620483,3,2,40,0.017553626651495274,0.006104534529672584,0.4839383768529039,0.013627154938876628,0.010013117175549268,0.054389129392802715,128
trained,2,-0.38461440801620483,3,2,49,0.014529673186981368,0.004920444861361029,0.4940447302809674,0.01123911948228369,0.008140523518834795,0.05039750598371029,128
trained,2,-0.38461440801620483,3,3,5,0.09660139144031031,0.059750423711888934,0.23569261215364493,0.04665783494710922,0.10934851169586182,0.2199683040380478,128
trained,2,-0.38461440801620483,3,3,10,0.05356953992434074,0.02841873058847561,0.30676106689708516,0.03209830522537231,0.050361544266343115,0.1754015013575554,128
trained,2,-0.38461440801620483,3,3,20,0.030857250196244017,0.013265477201196328,0.39870094240070764,0.02183956764638424,0.022791671566665173,0.10737520456314087,128
trained,2,-0.38461440801620483,3,3,30,0.022492380791309618,0.008492950824875906,0.45180829882321316,0.016537668059269588,0.01437475010752678,0.07262744614854455,128
trained,2,-0.38461440801620483,3,3,40,0.01736218212915698,0.006322535263394788,0.4661084480057071,0.013186634704470634,0.010480833612382412,0.05330127105116844,128
trained,2,-0.38461440801620483,3,3,49,0.014481640382859241,0.004964496750513109,0.4894104966237199,0.011220643258824641,0.008155693052982797,0.05055949790403247,128
trained,2,-0.38461440801620483,4,0,5,0.10537181066037729,0.04772883856628701,0.37650377307266547,0.09088711738586426,0.061673130840063095,0.23719877377152443,128
trained,2,-0.38461440801620483,4,0,10,0.061954277424724556,0.024099631863794508,0.43989454835308156,0.057567214220762254,0.029196470230817794,0.13236314989626408,128
trained,2,-0.38461440801620483,4,0,20,0.03523431334788816,0.01070799486155675,0.5338503754314067,0.03221537321805954,0.014435899816453457,0.06697453884407878,128
trained,2,-0.38461440801620483,4,0,30,0.02471472380673074,0.00722147411633032,0.5477561772380183,0.021662344286839167,0.010182742898662885,0.04464737791568041,128
trained,2,-0.38461440801620483,4,0,40,0.01853040406401728,0.005745850329094112,0.5266279355691822,0.01679889392107725,0.007457383815199137,0.029748877976089716,128
trained,2,-0.38461440801620483,4,0,49,0.015371131468079613,0.0045742190084188715,0.5413247800203547,0.013583669705050332,0.006282494764546959,0.02655798103660345,128
trained,2,-0.38461440801620483,4,1,5,0.06435613338879606,0.1313297003046278,-0.34225046162725964,0.11193493753671646,0.08437877297401428,0.018431437434628606,128
trained,2,-0.38461440801620483,4,1,10,0.028478250364584425,0.07157434171931759,-0.4307343813557868,0.05947466492652893,0.03976987898349762,0.007554577954579145,128
trained,2,-0.38461440801620483,4,1,20,0.01230128153581554,0.03824913741500744,-0.513306445668066,0.030748654156923294,0.019051708839833738,0.003992730169557035,128
trained,2,-0.38461440801620483,4,1,30,0.008415061141807996,0.024755831950686757,-0.4926237820254348,0.020572336266438167,0.012683666249116262,0.0023199330316856503,128
trained,2,-0.38461440801620483,4,1,40,0.00595207584669146,0.018984160817543543,-0.5226163492834041,0.015980667248368264,0.008975933212786913,0.0017360139463562518,128
trained,2,-0.38461440801620483,4,1,49,0.004845422600152751,0.015458630624923876,-0.5227137609716525,0.012698159838209346,0.007683732831964688,0.0012872600418631919,128
trained,2,-0.38461440801620483,4,2,5,0.09965631939259237,0.07293683013679811,0.15481199183452787,0.06118626296520233,0.11115639060735702,0.1382867470383644,128
trained,2,-0.38461440801620483,4,2,10,0.054035182379506115,0.03734689457401349,0.1826210167426847,0.03982781246304512,0.05186717174947262,0.08305016718804836,128
trained,2,-0.38461440801620483,4,2,20,0.029225287151409082,0.01800458870486492,0.23757628498648772,0.02273001689463854,0.02482420615851879,0.048915531020611525,128
trained,2,-0.38461440801620483,4,2,30,0.020348967307525154,0.011877330844266428,0.26287960295945056,0.015964723378419875,0.01621745079755783,0.034534741658717394,128
trained,2,-0.38461440801620483,4,2,40,0.015404886109914764,0.0089633541062544,0.2643412879327185,0.012464867532253265,0.011893307697027922,0.025672966614365578,128
trained,2,-0.38461440801620483,4,2,49,0.012868815359868615,0.0071065294550128584,0.2884699091789609,0.010067417685474669,0.009865665694280547,0.023278936743736267,128
trained,2,-0.38461440801620483,4,3,5,0.10738703730730605,0.05180897063146066,0.34911721339692053,0.09838415607810021,0.06029080301523208,0.20662518963217735,128
trained,2,-0.38461440801620483,4,3,10,0.06355414873251886,0.023440946059621822,0.46109729253447335,0.057841130346059796,0.02990608736872673,0.12252781540155411,128
trained,2,-0.38461440801620483,4,3,20,0.03469168243755784,0.011535958618477095,0.5009064553069359,0.030576201900839806,0.0163207845762372,0.06206024810671806,128
trained,2,-0.38461440801620483,4,3,30,0.02450748987846974,0.007526257618721285,0.5301044550191139,0.020978633811076484,0.010966668650507928,0.041640888433903456,128
trained,2,-0.38461440801620483,4,3,40,0.01849830318504656,0.005757714210545961,0.5252547755960298,0.01563264839351177,0.008603461552411318,0.030555590987205505,128
trained,2,-0.38461440801620483,4,3,49,0.015375117263034192,0.004584521158996659,0.5406208206450562,0.01271128958585311,0.007169208508365008,0.025855588261038065,128
trained,2,-0.38461440801620483,5,0,5,0.12184770174959104,0.036907045095697644,0.5350432559735402,0.08845241218805314,0.06950601264834404,0.2102078627794981,128
trained,2,-0.38461440801620483,5,0,10,0.07267178860178754,0.013803523437232729,0.6807522722474932,0.053008176386356354,0.03457091599702835,0.12420907616615295,128
trained,2,-0.38461440801620483,5,0,20,0.04055640764460929,0.005342581678760311,0.7672026439839833,0.029164230078458787,0.017752659879624842,0.06166220782324672,128
trained,2,-0.38461440801620483,5,0,30,0.027857165810949516,0.004146178800207345,0.7408909068127605,0.018993572145700455,0.012886277834574382,0.04360451688989997,128
trained,2,-0.38461440801620483,5,0,40,0.021234690303533848,0.0030010798931493776,0.7523429320239833,0.014918677508831024,0.009288602974265814,0.03170877927914262,128
trained,2,-0.38461440801620483,5,0,49,0.01765687941279474,0.0023459091560868533,0.7654417884395266,0.01238889581694895,0.007501599359877256,0.025365743087604642,128
trained,2,-0.38461440801620483,5,1,5,0.14183460801181733,0.023463224663453942,0.7161097119778254,0.09721935093402863,0.06696874797344207,0.17905949987471104,128
trained,2,-0.38461440801620483,5,1,10,0.0824568147308256,0.008852962285849699,0.80608949938327,0.055934560298919675,0.036755284667015074,0.0731015233322978,128
trained,2,-0.38461440801620483,5,1,20,0.04479584914767208,0.002318108623678034,0.9015956742424868,0.02875806502997875,0.019583765417337418,0.03316337545402348,128
trained,2,-0.38461440801620483,5,1,30,0.03128853143821836,0.0015480712905448953,0.9057106300682126,0.018831381698449452,0.013850322738289834,0.019548854092136025,128
trained,2,-0.38461440801620483,5,1,40,0.023163529069211,0.0015169917351556086,0.8770697144019952,0.01400075238198042,0.010645946022123098,0.014132064301520586,128
trained,2,-0.38461440801620483,5,1,49,0.019184655251703653,0.001120598746764958,0.8896247496047787,0.011814368622643607,0.008358399934914648,0.011534321471117437,128
trained,2,-0.38461440801620483,5,2,5,0.07708210072682858,0.11968048585826767,-0.21649636686799476,0.08373888060450554,0.11342306733131409,0.01419026986695826,128
trained,2,-0.38461440801620483,5,2,10,0.03711807764380987,0.06279360944298422,-0.2569822665151557,0.041767938435077666,0.05766233652830124,0.005697274667909369,128
trained,2,-0.38461440801620483,5,2,20,0.018157473819764527,0.032112395101656185,-0.27760011277188085,0.01817989908158779,0.03168658576905727,0.0026702847535489127,128
trained,2,-0.38461440801620483,5,2,30,0.01265995115509832,0.020581012933365422,-0.23829217940095215,0.010463784510890643,0.022818435728549958,0.0015334209383581765,128
trained,2,-0.38461440801620483,5,2,40,0.009574168164965133,0.015387887143865577,-0.2329022553127206,0.007734392117708921,0.01723674703389406,0.0011544299122761004,128
trained,2,-0.38461440801620483,5,2,49,0.0076884164176031665,0.012666272075540773,-0.24455572775627296,0.005898211379440463,0.014492986761793798,0.0008313279395224527,128
trained,2,-0.38461440801620483,5,3,5,0.12172076228289198,0.020771542569801165,0.7084538341683957,0.07229405492544175,0.06925185397267342,0.2922704629600048,128
trained,2,-0.38461440801620483,5,3,10,0.07215242078699217,0.008181615382622761,0.7963101127958643,0.043680868297815326,0.03785262256860733,0.18466510064899921,128
trained,2,-0.38461440801620483,5,3,20,0.04079007704147536,0.0023912086855089674,0.8892479162815059,0.02478395067155361,0.019507302902638912,0.11417493876069784,128
trained,2,-0.38461440801620483,5,3,30,0.02889132874174268,0.0016914077064533926,0.8893880729238764,0.017196022967497507,0.013245047504703204,0.08676789700984955,128
trained,2,-0.38461440801620483,5,3,40,0.021871738590544938,0.0015566678900800518,0.8671127810761732,0.013801123574376106,0.009595540352165699,0.06413345970213413,128
trained,2,-0.38461440801620483,5,3,49,0.018278684257656823,0.0011740566035847604,0.8792913952435727,0.011658216161387307,0.007669077387877873,0.05296263564378023,128
trained,3,0.22948607802391052,0,0,5,0.0673574141885751,0.0709031816780743,-0.02564553889882985,0.009094461984932422,0.12937666326761246,0.30764438956975937,128
trained,3,0.22948607802391052,0,0,10,0.03743581658317929,0.03759965969966008,-0.002183542033651015,0.0063312816433608535,0.06870675310492516,0.2496196385473013,128
trained,3,0.22948607802391052,0,0,20,0.02050893831365073,0.020387918988151284,0.0029591350896088363,0.004430406121537089,0.03646616786718369,0.18206853233277798,128
trained,3,0.22948607802391052,0,0,30,0.014495626201409482,0.014743298384618119,-0.008470632443113899,0.0038261954362193745,0.025414535651604335,0.12277806736528873,128
trained,3,0.22948607802391052,0,0,40,0.011287446670052768,0.011309832218736294,-0.0009906302786589374,0.0028278278186917305,0.019769573025405406,0.09610394015908241,128
trained,3,0.22948607802391052,0,0,49,0.009433997873349483,0.009275887013980235,0.008450659120188853,0.002527546517702998,0.016180018989407286,0.0833292929455638,128
trained,3,0.22948607802391052,0,1,5,0.05978320920190146,0.06326587010273892,-0.02830302283032051,0.0016564032761380077,0.12159945964813232,0.3837206717580557,128
trained,3,0.22948607802391052,0,1,10,0.03464610425252763,0.03464297184577355,4.520780086010367e-05,0.0019756511494051663,0.06731337606906891,0.3071097079664469,128
trained,3,0.22948607802391052,0,1,20,0.018824506944852035,0.018253854541971825,0.015390442834632968,0.001257816911675036,0.03581920675933361,0.2584595400840044,128
trained,3,0.22948607802391052,0,1,30,0.012001309414850577,0.012118607913572515,-0.004863138505821017,0.0008750660500178735,0.023245706657568612,0.2763768322765827,128
trained,3,0.22948607802391052,0,1,40,0.009097843776981567,0.00901947571681096,0.004325588020519937,0.0009098336449824274,0.017207057401537895,0.2753243688493967,128
trained,3,0.22948607802391052,0,1,49,0.00781325059415453,0.007643634459269564,0.010973500436067374,0.0007574223932258937,0.014696974991535654,0.24273453652858734,128
trained,3,0.22948607802391052,0,2,5,0.06790077567496569,0.0689733527754612,-0.007836229626668533,0.006895946292206645,0.13004187792539595,0.31531090661883354,128
trained,3,0.22948607802391052,0,2,10,0.03739493271661183,0.03876652350792518,-0.01800898852631774,0.004829828743822873,0.07135305926203728,0.23817114159464836,128
trained,3,0.22948607802391052,0,2,20,0.020723647406629592,0.02075603690262614,-0.0007808520372113447,0.003344090445898473,0.03813567012548447,0.17040479369461536,128
trained,3,0.22948607802391052,0,2,30,0.014492653724654398,0.014080124902380043,0.014437826563692992,0.0026901050781210265,0.025879666209220886,0.14290686510503292,128
trained,3,0.22948607802391052,0,2,40,0.011239741884248049,0.011032111439115795,0.009322549053657836,0.002310718153603375,0.019959999807178976,0.10917127411812544,128
trained,3,0.22948607802391052,0,2,49,0.009297674064883136,0.009201695078352876,0.005188230246227893,0.0019015392896776296,0.01659642205554612,0.0935998996719718,128
trained,3,0.22948607802391052,0,3,5,0.06695482817995192,0.06826883853360967,-0.009717310479617743,0.006180895725265145,0.12912079095840454,0.32349156960844994,128
trained,3,0.22948607802391052,0,3,10,0.03525559561593192,0.03577178661639874,-0.007267492961673447,0.004088811948895455,0.06694663688540459,0.2896455116569996,128
trained,3,0.22948607802391052,0,3,20,0.020088977149061233,0.02004401812029368,0.001120251017016949,0.002812836738303304,0.037320053577423094,0.19734218902885914,128
trained,3,0.22948607802391052,0,3,30,0.013749297493277166,0.013939517360438728,-0.006869917262968864,0.002391409035772085,0.025298792868852615,0.1692939354106784,128
trained,3,0.22948607802391052,0,3,40,0.010569134754921073,0.010522000995271412,0.002234766311576915,0.0018880050629377365,0.01920287311077118,0.15636488050222397,128
trained,3,0.22948607802391052,0,3,49,0.008863783191322895,0.008626001949657965,0.013595435263191569,0.0016674800034688444,0.01581881636259507,0.14317145757377148,128
trained,3,0.22948607802391052,1,0,5,0.06667499130350411,0.06464191031666984,0.015482249137276728,0.011640478577464818,0.11955571174621582,0.3440190814435482,128
trained,3,0.22948607802391052,1,0,10,0.03952172445872473,0.03408052481137789,0.07392708376757641,0.009132210165262222,0.06438502222299576,0.26482768915593624,128
trained,3,0.22948607802391052,1,0,20,0.019881406237393873,0.0184688289371767,0.03683360203008601,0.005753345601260662,0.032593576982617375,0.2330615147948265,128
trained,3,0.22948607802391052,1,0,30,0.01373020999704303,0.013172505683464989,0.020730409531160735,0.005080663909514745,0.021817984183629353,0.1930405180901289,128
trained,3,0.22948607802391052,1,0,40,0.011070045634507196,0.010467266888236852,0.027987649137087282,0.003965370636433363,0.017568645440042018,0.13863936439156532,128
trained,3,0.22948607802391052,1,0,49,0.008497244563303334,0.008564794685464472,-0.003959088428545122,0.0034963197017810785,0.013566710206927086,0.1639115335419774,128
trained,3,0.22948607802391052,1,1,5,0.08883057559447431,0.08189990738500184,0.04059420490402421,0.07860886901617051,0.09171010777354241,0.14840510301291943,128
trained,3,0.22948607802391052,1,1,10,0.04744331609635126,0.04290593147277832,0.05022050261183414,0.05344490334391594,0.03683344572782517,0.09721648972481489,128
trained,3,0.22948607802391052,1,1,20,0.025067976516209827,0.021721345413874018,0.071525531130053,0.03237090483307838,0.014410574547946453,0.06437043752521276,128
trained,3,0.22948607802391052,1,1,30,0.01678334153086291,0.014921431211059318,0.05872649947378173,0.024174875020980834,0.007516320173939069,0.04926412086933851,128
trained,3,0.22948607802391052,1,1,40,0.012531885085664017,0.011595084950640485,0.03882792300794819,0.019293597713112832,0.00482824919745326,0.035126146860420704,128
trained,3,0.22948607802391052,1,1,49,0.010565446418465919,0.009271665236846522,0.06522023992377432,0.015994908858318717,0.003823225025315674,0.028911432484164834,128
trained,3,0.22948607802391052,1,2,5,0.0725248145106623,0.07270364564428639,-0.001231378019377583,0.010543971229344607,0.13469510674476623,0.27380461245775223,128
trained,3,0.22948607802391052,1,2,10,0.03950968583424886,0.0366352994625385,0.03774885976363683,0.007790900394320488,0.06830917075276374,0.2389992754906416,128
trained,3,0.22948607802391052,1,2,20,0.02047234656947053,0.018563772492917924,0.04889251601711183,0.004927230067551136,0.03410441465675831,0.21936709061264992,128
trained,3,0.22948607802391052,1,2,30,0.013759347474337375,0.01379797993672794,-0.001401894378685323,0.003966399747878313,0.023591209451357523,0.17327171377837658,128
trained,3,0.22948607802391052,1,2,40,0.011431014359886967,0.010084053019543628,0.06260549021419712,0.0032075285213068127,0.018300173245370387,0.139691942371428,128
trained,3,0.22948607802391052,1,2,49,0.008488110894138373,0.008821418343813146,-0.019255720076126238,0.0026438631383436067,0.014670555536844293,0.1515935081988573,128
trained,3,0.22948607802391052,1,3,5,0.09305936553549529,0.0792077916913328,0.08040751392816801,0.12082584947347641,0.050618869438767436,0.14277639985084534,128
trained,3,0.22948607802391052,1,3,10,0.05032223103538392,0.040423231491675746,0.10908533901237513,0.07669574990868569,0.013895041961222886,0.09409208036959171,128
trained,3,0.22948607802391052,1,3,20,0.02671535741377362,0.020820650567510403,0.12400508785803153,0.04400574453175068,0.0035164453787729145,0.04955618176609278,128
trained,3,0.22948607802391052,1,3,30,0.01783018910246906,0.014306068420410156,0.10966182603684535,0.03024237702290217,0.001868183600405852,0.036683165933936834,128
trained,3,0.22948607802391052,1,3,40,0.013369587023990508,0.010988680540172277,0.0977453128572824,0.02337445467710495,0.0009707931487355382,0.026190119795501232,128
trained,3,0.22948607802391052,1,3,49,0.01107857034430149,0.00894206631191117,0.1067150894834615,0.01932272208588464,0.0006665755395910569,0.020524433813989162,128
trained,3,0.22948607802391052,2,0,5,0.0572397027696882,0.05953967254773705,-0.019694999838605644,0.005811300710774958,0.11110463291406632,0.4154203236103058,128
trained,3,0.22948607802391052,2,0,10,0.03288462691836887,0.03143022904029259,0.02261371585732041,0.003668446675874293,0.060623685270547865,0.3570786714553833,128
trained,3,0.22948607802391052,2,0,20,0.01559533658397319,0.01487747589685168,0.023557414910411332,0.0020517811877653,0.02841934859752655,0.39057740569114685,128
trained,3,0.22948607802391052,2,0,30,0.010348643736223859,0.010598050771356246,-0.011906749059152295,0.0015956901634732882,0.019352822999159493,0.3715445939451456,128
trained,3,0.22948607802391052,2,0,40,0.007388042635741612,0.007129985459941992,0.017774946713222658,0.0012111535295844078,0.013305463828146458,0.4193353243172169,128
trained,3,0.22948607802391052,2,0,49,0.006340504849998697,0.00635369692412208,-0.0010392204533283998,0.0008646652520615227,0.011829730199307812,0.37797462567687035,128
trained,3,0.22948607802391052,2,1,5,0.08970038597765952,0.09758919530210242,-0.042120919223034355,0.055654827132821084,0.13210314959287645,0.06121010100468993,128
trained,3,0.22948607802391052,2,1,10,0.04420334838685535,0.05144363219921406,-0.07569798615616234,0.038379177823662756,0.05738093256950379,0.042398921214044094,128
trained,3,0.22948607802391052,2,1,20,0.02295784195979872,0.02547897181284214,-0.05204986985364861,0.020883982069790363,0.027558741718530656,0.03114553284831345,128
trained,3,0.22948607802391052,2,1,30,0.014977357570171856,0.017685477834699564,-0.08291136488539207,0.015342498198151588,0.017340084289511046,0.019522525370121002,128
trained,3,0.22948607802391052,2,1,40,0.011479038473010905,0.013198234818198464,-0.06966719235266199,0.011680828779935837,0.013005846738815307,0.012533002765849233,128
trained,3,0.22948607802391052,2,1,49,0.009117551991854671,0.011066059283982426,-0.09653908140630316,0.010239185499293464,0.009973006513045758,0.009602576319593936,128
trained,3,0.22948607802391052,2,2,5,0.054221915248224506,0.05227476305666223,0.018283689430852814,0.00809113853611052,0.09828992858529091,0.46809466928243637,128
trained,3,0.22948607802391052,2,2,10,0.028816826759822785,0.02856286855844351,0.004425924535956977,0.004939226666465402,0.05243650190532208,0.42624272033572197,128
trained,3,0.22948607802391052,2,2,20,0.015201950596008061,0.015469299102331267,-0.00871658341097738,0.0031418491853401065,0.02753002643585205,0.3865624666213989,128
trained,3,0.22948607802391052,2,2,30,0.010203823337775088,0.009777250371280107,0.021348851051998997,0.0019226446747779846,0.01805531866848469,0.40066109597682953,128
trained,3,0.22948607802391052,2,2,40,0.007934419919633529,0.007825704072924112,0.006898159351655932,0.0015130991232581437,0.014246430154889822,0.36961881071329117,128
trained,3,0.22948607802391052,2,2,49,0.006081342157036741,0.005976010275516474,0.008735904677311236,0.0013801231029994634,0.010675684301828851,0.40926544182002544,128
trained,3,0.22948607802391052,2,3,5,0.06004793303353446,0.061070284660586914,-0.008440940153412086,0.00827924134209752,0.11289967522025109,0.3941054083406925,128
trained,3,0.22948607802391052,2,3,10,0.02789381118047805,0.027260124866779034,0.011489412344833748,0.005549147259443998,0.04959488809108734,0.4485596530139446,128
trained,3,0.22948607802391052,2,3,20,0.015065248440090528,0.015148700630859945,-0.0027620418162050547,0.003127703629434109,0.027086441218852998,0.3957171067595482,128
trained,3,0.22948607802391052,2,3,30,0.010429677220231463,0.01040757836575592,0.0010605453478885446,0.0021227926947176455,0.01871430203318596,0.3748871460556984,128
trained,3,0.22948607802391052,2,3,40,0.008363165259829488,0.007994739047852984,0.022522824747235506,0.0016621375805698335,0.014693752303719521,0.3457644134759903,128
trained,3,0.22948607802391052,2,3,49,0.006602544383323694,0.006442591351281915,0.012261507682530318,0.001356815947789927,0.011685973299401147,0.3609033152461052,128
trained,3,0.22948607802391052,3,0,5,0.05047983861840841,0.14172573708503294,-0.47473075706677376,0.14012633711099626,0.05749696120619774,0.011883510742336512,128
trained,3,0.22948607802391052,3,0,10,0.0187963881189861,0.07951079368591309,-0.617598881908785,0.08033796101808548,0.018917880859225987,0.007441549620125443,128
trained,3,0.22948607802391052,3,0,20,0.007188427093538719,0.0425647172905557,-0.7110362698526324,0.04236116781830788,0.007474890118464828,0.0032788303215056658,128
trained,3,0.22948607802391052,3,0,30,0.0044454865603231804,0.028657187103855328,-0.7314122354110935,0.027974125742912293,0.0053050909812251724,0.0016235270086326636,128
trained,3,0.22948607802391052,3,0,40,0.0038479847039000216,0.021012808059478975,-0.690437489997223,0.02080400325357914,0.004150660592131317,0.0018134972488041967,128
trained,3,0.22948607802391052,3,0,49,0.0026838570350967953,0.017481554685936717,-0.7338157958198981,0.017097407001621868,0.0032850617961007723,0.0012589869875228032,128
trained,3,0.22948607802391052,3,1,5,0.09049517292516968,0.06772985078592215,0.14387940418749173,0.05433049574494362,0.10254283994436264,0.2156333439052105,128
trained,3,0.22948607802391052,3,1,10,0.05275298943595281,0.03272020523364727,0.23437504915440052,0.036744218319654465,0.04841596521437168,0.14839817769825459,128
trained,3,0.22948607802391052,3,1,20,0.029750457291688973,0.014912595157965216,0.33221782479191975,0.02257795836776495,0.022050316631793975,0.10743448976427317,128
trained,3,0.22948607802391052,3,1,30,0.02100727240411332,0.009836359132532004,0.36217892364415566,0.01680344504614671,0.013958731417854626,0.07713470421731472,128
trained,3,0.22948607802391052,3,1,40,0.016308840671488363,0.007237579670634118,0.3852501088771147,0.013270725309848786,0.010226086620241404,0.06012751208618283,128
trained,3,0.22948607802391052,3,1,49,0.013445494784506393,0.005899617313814194,0.3900663605333782,0.01106551274353144,0.008168913500041378,0.05751310754567385,128
trained,3,0.22948607802391052,3,2,5,0.09445292609078544,0.06668857065273949,0.17229798654572379,0.04126606322824955,0.11822692304849625,0.20253505185246468,128
trained,3,0.22948607802391052,3,2,10,0.0530309033772302,0.032049127358656664,0.24661222894312831,0.030063319578766824,0.05468887165188789,0.15247809886932373,128
trained,3,0.22948607802391052,3,2,20,0.029736027459941437,0.014682035750926517,0.3389159864357319,0.020513290539383888,0.023869489878416063,0.11234439443796873,128
trained,3,0.22948607802391052,3,2,30,0.021246983397044516,0.00984335278527813,0.36679019951812153,0.015453429395953814,0.015553754940629005,0.06978446524590254,128
trained,3,0.22948607802391052,3,2,40,0.016409604079313196,0.007279429865513278,0.38541775214132235,0.012198927253484726,0.011440175492316485,0.05443588085472584,128
trained,3,0.22948607802391052,3,2,49,0.01359762234981006,0.005931274610671661,0.39256429865236636,0.010145839227705586,0.009270605003955414,0.048594233114272356,128
trained,3,0.22948607802391052,3,3,5,0.09183964222372569,0.06758243636747377,0.152157129492093,0.044708066433668134,0.11327374130487441,0.21009095944464207,128
trained,3,0.22948607802391052,3,3,10,0.05459899826655312,0.032393591220562276,0.25525630604460237,0.03151457998901606,0.05513104908168316,0.13354370091110468,128
trained,3,0.22948607802391052,3,3,20,0.029960148392380825,0.015291198751281595,0.32416603187977117,0.02008339371532202,0.025133574008941652,0.09566065669059753,128
trained,3,0.22948607802391052,3,3,30,0.021022427619942087,0.010009686727435045,0.3548820672956488,0.014688163002332052,0.016263649985194206,0.07144559547305107,128
trained,3,0.22948607802391052,3,3,40,0.016077338665934502,0.007560427001769355,0.3603095057093931,0.011445818096399307,0.012145371083170176,0.056352449115365744,128
trained,3,0.22948607802391052,3,3,49,0.013491319915623341,0.006123398925282534,0.37563225095022057,0.009803479499354655,0.00970316427398701,0.04417446022853255,128
trained,3,0.22948607802391052,4,0,5,0.09960191352818891,0.058436449298464796,0.2604776681634982,0.08752632066607476,0.06806784048676491,0.22202919237315655,128
trained,3,0.22948607802391052,4,0,10,0.06121558007739839,0.02678742005274846,0.39121575370547845,0.05566783174872399,0.03179722987115383,0.1253494070842862,128
trained,3,0.22948607802391052,4,0,20,0.03331512348112317,0.013267576648031281,0.43036463702357347,0.030563020333647727,0.01597269382327795,0.06928571034222841,128
trained,3,0.22948607802391052,4,0,30,0.023350755915686815,0.008639781588482389,0.4598539278943765,0.02102047304312388,0.010862798243761063,0.04350189492106438,128
trained,3,0.22948607802391052,4,0,40,0.01792981618984609,0.0063614583145117885,0.4762351136735412,0.016300975903868677,0.007927034422755242,0.03087958600372076,128
trained,3,0.22948607802391052,4,0,49,0.014728190443662378,0.0052757680153861725,0.47252759733301625,0.013161022596213282,0.006704284676483699,0.026599965058267117,128
trained,3,0.22948607802391052,4,1,5,0.06532878495530037,0.12686918478096482,-0.32019276743552616,0.11898231059312821,0.0768696166574955,0.020740354899317026,128
trained,3,0.22948607802391052,4,1,10,0.02669044184306311,0.0715643860743596,-0.4567098144892547,0.06590617075562477,0.03304981216788292,0.010440152429509908,128
trained,3,0.22948607802391052,4,1,20,0.011700229618637098,0.03803328954885458,-0.5294831407567193,0.03462614044547081,0.015169097855687142,0.004095249547390267,128
trained,3,0.22948607802391052,4,1,30,0.007184723992162586,0.025922035603883224,-0.5659663416105698,0.02377407029271126,0.009469316092630227,0.002698404452530667,128
trained,3,0.22948607802391052,4,1,40,0.0054351338137816185,0.0194343842548646,-0.5629079904917565,0.017705844528973103,0.007240232080221176,0.0021569436066783965,128
trained,3,0.22948607802391052,4,1,49,0.004335071932536499,0.015871650688607762,-0.5709277536886903,0.014299654686937526,0.006076291051446175,0.0015786637086421251,128
trained,3,0.22948607802391052,4,2,5,0.09981374170297008,0.07827386180911444,0.12095103459726804,0.06013722643256188,0.11667145043611526,0.11595662869513035,128
trained,3,0.22948607802391052,4,2,10,0.054726872368464394,0.03822187900543213,0.1775708992201687,0.037813851982355116,0.054877009242773056,0.07309139519929886,128
trained,3,0.22948607802391052,4,2,20,0.02913974614094829,0.0186085927700123,0.22055538707542383,0.02214609943330288,0.025577556900680067,0.04552686819806695,128
trained,3,0.22948607802391052,4,2,30,0.020110202110826907,0.01225869571780468,0.24256329129114468,0.01604474273820718,0.016266904771327972,0.03065056959167123,128
trained,3,0.22948607802391052,4,2,40,0.015313579075372041,0.009121306570537719,0.25341933636662833,0.012365590408444404,0.01203543096780777,0.02395914145745337,128
trained,3,0.22948607802391052,4,2,49,0.012692474007220716,0.007406889156003481,0.26297275232208833,0.010186355104859995,0.009835476930044135,0.018930214690044522,128
trained,3,0.22948607802391052,4,3,5,0.10620539291356489,0.05498308207081482,0.31777899038623003,0.09015675932168961,0.06799039393663406,0.20926424860954285,128
trained,3,0.22948607802391052,4,3,10,0.05965578442528134,0.02923021463247446,0.34229878850430473,0.054507820308208464,0.03390277847647667,0.11589401867240667,128
trained,3,0.22948607802391052,4,3,20,0.03303404944710369,0.013898075695439232,0.4077372097073523,0.02932555116713047,0.017561723478138447,0.06225448660552502,128
trained,3,0.22948607802391052,4,3,30,0.023173522098617314,0.008869292632500412,0.446409892067916,0.020344461500644683,0.011594051743547122,0.04184461385011673,128
trained,3,0.22948607802391052,4,3,40,0.017420445851987494,0.00685972183734387,0.4349526802835478,0.015264183282852173,0.008958230167627335,0.031103476183488965,128
trained,3,0.22948607802391052,4,3,49,0.014805687129690423,0.0052143070474501155,0.4790900535182453,0.012702723698956626,0.007176581390049993,0.025914087891578674,128
trained,3,0.22948607802391052,5,0,5,0.11899259716173344,0.04374755765132848,0.46236308178750263,0.0854034885764122,0.07286899238824844,0.20863758586347103,128
trained,3,0.22948607802391052,5,0,10,0.06921727543785458,0.021170948285322923,0.5315551647429927,0.05153404735028744,0.03810345381498337,0.10362501256167889,128
trained,3,0.22948607802391052,5,0,20,0.03842847461147801,0.00916813029410406,0.6147569637541013,0.02702517546713352,0.020502850785851477,0.049439472146332264,128
trained,3,0.22948607802391052,5,0,30,0.026070875486071687,0.006213621491606751,0.6150708808496911,0.018658147752285005,0.013481556748350462,0.035808862652629614,128
trained,3,0.22948607802391052,5,0,40,0.019744732767601043,0.004683019490601392,0.6165820382153906,0.014225477166473866,0.010119907185435295,0.02618464920669794,128
trained,3,0.22948607802391052,5,0,49,0.01657165123035221,0.003573706133570932,0.6452079683338429,0.01179786239351545,0.008156836032867432,0.022219761973246932,128
trained,3,0.22948607802391052,5,1,5,0.13851946928968462,0.03372893660469393,0.6083686646635157,0.098292376101017,0.06773409172892571,0.1698676533997059,128
trained,3,0.22948607802391052,5,1,10,0.08105010002378434,0.01262294787627,0.7304892248172931,0.05451314188539982,0.03809073083102703,0.07396128168329597,128
trained,3,0.22948607802391052,5,1,20,0.04368514872754843,0.004848049658866757,0.8002171783253471,0.028632408753037453,0.019809764064848422,0.031156502896919847,128
trained,3,0.22948607802391052,5,1,30,0.03013893114432208,0.002762659690742532,0.8320652818881766,0.019449523836374282,0.013252447421352068,0.018940831068903208,128
trained,3,0.22948607802391052,5,1,40,0.02260515620553016,0.0021210507820443583,0.8284370276828587,0.014370428398251534,0.010243756230920553,0.015432606334798038,128
trained,3,0.22948607802391052,5,1,49,0.018710526525009798,0.0016876337739523666,0.8345307861458959,0.011954084646945097,0.008194377683863347,0.01272535976022482,128
trained,3,0.22948607802391052,5,2,5,0.07328197013500125,0.12057579724134597,-0.24396147622130887,0.08864009827375412,0.10802573636174202,0.01667081145569682,128
trained,3,0.22948607802391052,5,2,10,0.031514990518963525,0.06736976696894718,-0.3625915394898404,0.045347250252962115,0.054097738862037656,0.005550112837227061,128
trained,3,0.22948607802391052,5,2,20,0.015578494747822044,0.034267886021317494,-0.3749397846892692,0.02160319183021784,0.028286992758512496,0.002196321132942103,128
trained,3,0.22948607802391052,5,2,30,0.009780662757777467,0.023412005731213794,-0.41067330809954766,0.014324791605273883,0.01896727134784063,0.001238106662640348,128
trained,3,0.22948607802391052,5,2,40,0.007522880750103251,0.017396323516003922,-0.3962182202957985,0.010337399318814278,0.014635800663381816,0.0010720199570641853,128
trained,3,0.22948607802391052,5,2,49,0.006541805822872421,0.013742758447010513,-0.3549966628799887,0.007714091971212504,0.012676098517009191,0.0008806592595647089,128
trained,3,0.22948607802391052,5,3,5,0.12146574476628605,0.027928140311114555,0.6261140099950128,0.07300771549344062,0.07083237394690514,0.28079955466091633,128
trained,3,0.22948607802391052,5,3,10,0.07135496593656994,0.012032798345272358,0.711401344087883,0.04521675258874893,0.03724410459399223,0.175391448661685,128
trained,3,0.22948607802391052,5,3,20,0.03934403369458467,0.004650523582660678,0.7885864129170226,0.024017578549683095,0.019895664416253567,0.12173510994762182,128
trained,3,0.22948607802391052,5,3,30,0.02798397893795562,0.0027892171966746033,0.8187242439893881,0.017000223447879156,0.013589261720577875,0.0823154654353857,128
trained,3,0.22948607802391052,5,3,40,0.02131241377375768,0.0022529192969330354,0.8087937657762629,0.013415578752756119,0.010045522265136242,0.061555949971079826,128
trained,3,0.22948607802391052,5,3,49,0.017819704747122855,0.0017224094314743032,0.823723327359066,0.01146570258602804,0.00784029020946853,0.05400635115802288,128
trained,4,0.5655080080032349,0,0,5,0.07050810438213927,0.06933262674871062,0.008405831576497859,0.008706500986590981,0.13104974925518037,0.30121877044439316,128
trained,4,0.5655080080032349,0,0,10,0.0402574158186182,0.04250431556758342,-0.027149018167020648,0.006784032844007015,0.0760935515165329,0.17122414335608482,128
trained,4,0.5655080080032349,0,0,20,0.02073525070220001,0.019997638041578877,0.01810852810471684,0.004565780470147729,0.03617287091910839,0.185226958245039,128
trained,4,0.5655080080032349,0,0,30,0.014461287072806113,0.014147210408105456,0.010978439706567604,0.0036970551125705244,0.02491291513045629,0.14170091692358255,128
trained,4,0.5655080080032349,0,0,40,0.011312699476442721,0.011127101970379399,0.008270906785645174,0.0029326398856937886,0.01950694415718317,0.10241663875058293,128
trained,4,0.5655080080032349,0,0,49,0.009375629631117635,0.009266245956420898,0.005867632480284803,0.0022435778447864006,0.01639868166981911,0.08652927726507187,128
trained,4,0.5655080080032349,0,1,5,0.05956278385136665,0.062440484327755584,-0.023587076963711946,0.0015148882754147052,0.12069521695375443,0.388949491083622,128
trained,4,0.5655080080032349,0,1,10,0.030916154286417575,0.03333473878664921,-0.037642815290420156,0.0014690582756884396,0.06290654465556145,0.35624397173523903,128
trained,4,0.5655080080032349,0,1,20,0.018013101400331008,0.017996704109071747,0.0004553562849575551,0.001276640983996913,0.03473329283297062,0.27980134077370167,128
trained,4,0.5655080080032349,0,1,30,0.0114471259791966,0.011241444488397635,0.009065423098545213,0.0011658085587744913,0.02152372548977534,0.3193139545619488,128
trained,4,0.5655080080032349,0,1,40,0.009092028177385924,0.00891560899806683,0.009796908810989558,0.0008237908477894962,0.01718363929539919,0.2797027863562107,128
trained,4,0.5655080080032349,0,1,49,0.008248123851396715,0.0077880301666259765,0.02869102430825732,0.0008565820230893334,0.01518118609579242,0.21414939500391483,128
trained,4,0.5655080080032349,0,2,5,0.06654431121517913,0.07073783874511719,-0.03054677925076441,0.006554045435041189,0.13102951049804687,0.31208220683038235,128
trained,4,0.5655080080032349,0,2,10,0.03498700580251276,0.036164563973980886,-0.016549995666302313,0.005030948203057051,0.06618134081363677,0.2878771051764488,128
trained,4,0.5655080080032349,0,2,20,0.021317792308422946,0.020845755441920962,0.011195378275229172,0.0035644196439534427,0.038602815568447114,0.15665528178215027,128
trained,4,0.5655080080032349,0,2,30,0.014275580629157921,0.014063557799981564,0.00748162579815287,0.003081136476248503,0.02525899608929952,0.14979602210223675,128
trained,4,0.5655080080032349,0,2,40,0.011368684298739473,0.011084002719184081,0.012679176408394088,0.0023047525435686113,0.0201476015150547,0.1019058721140027,128
trained,4,0.5655080080032349,0,2,49,0.009404926706125595,0.009284865188598633,0.006423908741029313,0.0018759073917658962,0.01681430561810124,0.08417955879122019,128
trained,4,0.5655080080032349,0,3,5,0.07115509534122968,0.0688894490111326,0.016178040640986165,0.0041063719894737,0.13577532321214675,0.30059149488806725,128
trained,4,0.5655080080032349,0,3,10,0.034596524089329325,0.03479769927785797,-0.002899019237685822,0.0036825310671702027,0.06572206318378448,0.3059540465474129,128
trained,4,0.5655080080032349,0,3,20,0.019862737581711407,0.019428772813691868,0.01104474640046578,0.00316314201336354,0.036131758242845535,0.21410198509693146,128
trained,4,0.5655080080032349,0,3,30,0.013749171934824894,0.013849738254277636,-0.0036438511071646153,0.0023331303459902604,0.02526530921459198,0.172046834602952,128
trained,4,0.5655080080032349,0,3,40,0.01048589862320728,0.01026406169077218,0.010690956949684114,0.002000862988643348,0.018748838268220425,0.17001195158809423,128
trained,4,0.5655080080032349,0,3,49,0.009068728402413222,0.008842412796020507,0.012635465483342299,0.0015633480091180121,0.016348587158991366,0.12231518793851137,128
trained,4,0.5655080080032349,1,0,5,0.060070526318919376,0.06860850573281158,-0.06635097636103952,0.013083649147301913,0.11620904952287674,0.3535365052521229,128
trained,4,0.5655080080032349,1,0,10,0.03546648677530556,0.035901266256732005,-0.006092099904352815,0.01024899547919631,0.061141175031661985,0.2860982920974493,128
trained,4,0.5655080080032349,1,0,20,0.020042700915373572,0.01926396099601205,0.01981190672200375,0.006723302369937301,0.03258944265544415,0.2137450985610485,128
trained,4,0.5655080080032349,1,0,30,0.013879889586603413,0.013189906914280323,0.02548902324681589,0.005133537389338016,0.021939493219057717,0.1878090798854828,128
trained,4,0.5655080080032349,1,0,40,0.010024068688432546,0.010435769207255243,-0.020122374424547475,0.004189866688102483,0.016270452924072743,0.1815871875733137,128
trained,4,0.5655080080032349,1,0,49,0.008330867750363612,0.008758905181884765,-0.02504640835153524,0.003649074128087686,0.013439197625432695,0.16267468594014645,128
trained,4,0.5655080080032349,1,1,5,0.08481149079422357,0.08766850021073144,-0.01656429479063016,0.07801453992724419,0.09467079713940621,0.13657330442219973,128
trained,4,0.5655080080032349,1,1,10,0.04620790952905595,0.04305421154708069,0.0353307533354486,0.05331005640327931,0.035789447650313375,0.10900492779910564,128
trained,4,0.5655080080032349,1,1,20,0.023969441236451616,0.022924972519161195,0.022272774806639643,0.03340623751282692,0.013496335037052632,0.0619485261850059,128
trained,4,0.5655080080032349,1,1,30,0.01647337586722762,0.01545830786009848,0.031788740479998266,0.024474055071671805,0.007462387594083945,0.04190673120319843,128
trained,4,0.5655080080032349,1,1,40,0.012437160937264883,0.01170968451259939,0.0301271827057416,0.0193282812833786,0.004817710816860199,0.034160301089286804,128
trained,4,0.5655080080032349,1,1,49,0.010076862310355605,0.009678620910644531,0.020158524862990117,0.016127915558766345,0.0036289645168854265,0.031912871170789,128
trained,4,0.5655080080032349,1,2,5,0.06894695437717116,0.06916703427150715,-0.0015934656328999211,0.010788909252732992,0.1273409053683281,0.30935095623135567,128
trained,4,0.5655080080032349,1,2,10,0.03697818193639916,0.036082342156329446,0.012261611741526093,0.008663868065923452,0.06435046195983887,0.26985667645931244,128
trained,4,0.5655080080032349,1,2,20,0.020176321406697117,0.01934902724318617,0.020930723997357053,0.006058500101789832,0.033473311364650725,0.2093637678772211,128
trained,4,0.5655080080032349,1,2,30,0.01466771751688576,0.013735099589868342,0.032835402329257295,0.004082924531151851,0.024324264377355576,0.14778432436287403,128
trained,4,0.5655080080032349,1,2,40,0.01046347095950488,0.010625461838090043,-0.007681321768731456,0.003404644876718521,0.01768447682261467,0.1564351124688983,128
trained,4,0.5655080080032349,1,2,49,0.008229371665733976,0.009030430526733399,-0.046411821643159636,0.002763735662613596,0.014493256047063944,0.15440737456083298,128
trained,4,0.5655080080032349,1,3,5,0.09028526909824976,0.08408232472033264,0.03557395179941109,0.12272440940141678,0.051197344064712526,0.13039120007306337,128
trained,4,0.5655080080032349,1,3,10,0.048734659418046375,0.04300207971286632,0.06248946452017333,0.077376689016819,0.014064463414251804,0.08558847848325968,128
trained,4,0.5655080080032349,1,3,20,0.025165529398955114,0.02231497877226101,0.06003622826349913,0.043688609078526494,0.003814167948439717,0.049944428727030754,128
trained,4,0.5655080080032349,1,3,30,0.017169358509077564,0.015011365347542356,0.06705856496836464,0.030431559433539708,0.0017592795503636202,0.03427480207756162,128
trained,4,0.5655080080032349,1,3,40,0.01298725656293825,0.01139757524372031,0.0651913997913518,0.02342616468667984,0.0009568046662025154,0.02468126150779426,128
trained,4,0.5655080080032349,1,3,49,0.010558953010963946,0.009480711135864258,0.053805386514750655,0.019384329872471944,0.0006591170712621237,0.0178711146581918,128
trained,4,0.5655080080032349,2,0,5,0.05681151773793128,0.06079857342444773,-0.03390062576329272,0.006416365783661604,0.11148029267787933,0.4105167053639889,128
trained,4,0.5655080080032349,2,0,10,0.031549292694795665,0.03037997907550693,0.01888143661057201,0.004332538833841682,0.05753643922507763,0.3813102152198553,128
trained,4,0.5655080080032349,2,0,20,0.015156881938609042,0.014820179601353923,0.011231999400442342,0.002287115762010217,0.027692576125264167,0.4004061631858349,128
trained,4,0.5655080080032349,2,0,30,0.010801956899552967,0.009822729680626759,0.04747840482675575,0.0015797787811607123,0.019049496576189994,0.3811217173933983,128
trained,4,0.5655080080032349,2,0,40,0.007749516282363193,0.007420795948952843,0.021668659706957426,0.0012847135425545276,0.013885213434696198,0.39320293813943863,128
trained,4,0.5655080080032349,2,0,49,0.0067969535622174,0.006357994194030762,0.033368385514475254,0.0009497873561114681,0.012206699851216102,0.35533211193978786,128
trained,4,0.5655080080032349,2,1,5,0.08922699886540371,0.09652900209232253,-0.03930964915928221,0.05207385011017322,0.13420697599649428,0.06859584432095289,128
trained,4,0.5655080080032349,2,1,10,0.04636399160696215,0.049210853066522335,-0.029786723371157214,0.03481616489589214,0.060905472934246065,0.04278363287448883,128
trained,4,0.5655080080032349,2,1,20,0.023748675242874974,0.024826765060424805,-0.02219413371852444,0.021321087889373303,0.02724593095481396,0.028659637086093426,128
trained,4,0.5655080080032349,2,1,30,0.015828637028679815,0.01685576299171308,-0.03142557190466952,0.015131697058677673,0.017547888432939848,0.019612427800893784,128
trained,4,0.5655080080032349,2,1,40,0.01174941126331483,0.012905101686820731,-0.04687541083437512,0.01168222315609455,0.012973644211888314,0.013765307143330574,128
trained,4,0.5655080080032349,2,1,49,0.009615482812765707,0.010565500717163086,-0.047074906083809494,0.009443479609124514,0.01073417128348837,0.011295111617073417,128
trained,4,0.5655080080032349,2,2,5,0.054374226014622135,0.05235223241867199,0.018945570064005997,0.008420637715607882,0.09816049113869667,0.4670943543314934,128
trained,4,0.5655080080032349,2,2,10,0.029203614450168766,0.027901666833954085,0.02279907544302503,0.005343777500092984,0.05169437266886234,0.429618488997221,128
trained,4,0.5655080080032349,2,2,20,0.015470141865486323,0.015328995073874165,0.004582816456366121,0.0032330610090866687,0.02756717838346958,0.3839951977133751,128
trained,4,0.5655080080032349,2,2,30,0.01007087666979721,0.009545792777272558,0.026767229468523224,0.0022334703399489323,0.0173856599877278,0.4114260785281658,128
trained,4,0.5655080080032349,2,2,40,0.007590553701786404,0.007501268824050076,0.0059161097062704485,0.0017087784712202848,0.013382939249277115,0.396331287920475,128
trained,4,0.5655080080032349,2,2,49,0.005869074211750934,0.005759261054992676,0.009443583645448683,0.001406440292770157,0.010222279979866378,0.4301926977932453,128
trained,4,0.5655080080032349,2,3,5,0.05869524246113068,0.05977940177083363,-0.009150981771011693,0.008325912477448582,0.11022665500640869,0.40723714977502823,128
trained,4,0.5655080080032349,2,3,10,0.03087851400233965,0.028930082009416103,0.03257779186971705,0.005598407471552491,0.054109721630811694,0.4029187113046646,128
trained,4,0.5655080080032349,2,3,20,0.01538684700810632,0.01430963869169941,0.03627393245314822,0.0032557827420532704,0.02644911762326956,0.4059019759297371,128
trained,4,0.5655080080032349,2,3,30,0.010602495965715391,0.010378056954863431,0.010697478359644226,0.0022087796901663144,0.018772824853658675,0.37055183947086334,128
trained,4,0.5655080080032349,2,3,40,0.008076414821387549,0.00809151215614679,-0.0009337829629788535,0.0017650349182076752,0.014402910135686398,0.35328221321105957,128
trained,4,0.5655080080032349,2,3,49,0.006396688428575136,0.006119772872924804,0.022124109119805477,0.0014568474333809347,0.011060585324861566,0.3866458050906658,128
trained,4,0.5655080080032349,3,0,5,0.05737038493557811,0.13325398308890207,-0.3980792116943875,0.13239505141973495,0.06368344724178314,0.019607488880865276,128
trained,4,0.5655080080032349,3,0,10,0.023966867212801436,0.07247008682182958,-0.5029526294568307,0.07666459605097771,0.022273303009569645,0.010620984947308898,128
trained,4,0.5655080080032349,3,0,20,0.01017439559448597,0.03971941527419203,-0.5921580084727799,0.03957309313118458,0.010089898388832808,0.006740197481121868,128
trained,4,0.5655080080032349,3,0,30,0.007181078612711715,0.026118441940539174,-0.5686977774041851,0.026189431299765906,0.007021321107943853,0.0036774410400539637,128
trained,4,0.5655080080032349,3,0,40,0.005325441487282106,0.01957408832099072,-0.5722456184053033,0.019736248627305032,0.005179979605600238,0.0033509179193060845,128
trained,4,0.5655080080032349,3,0,49,0.004848070624975466,0.01554134262084961,-0.5244521687027577,0.01555994989312425,0.004791955102463157,0.0027566524513531476,128
trained,4,0.5655080080032349,3,1,5,0.09363617559876104,0.06978277284271862,0.14596473042682903,0.059063133969902995,0.10264134630560875,0.1914775799959898,128
trained,4,0.5655080080032349,3,1,10,0.05194183904217338,0.03462656858594421,0.20001835462207473,0.03750986903905869,0.04816572144627571,0.1432441184297204,128
trained,4,0.5655080080032349,3,1,20,0.028363384941751644,0.017101780260641745,0.24769743232494326,0.023058547265827657,0.02249459959566593,0.08893706183880568,128
trained,4,0.5655080080032349,3,1,30,0.01987535957229638,0.011190769748498107,0.2795517180090275,0.016759322335322697,0.014347516496976217,0.0667948448099196,128
trained,4,0.5655080080032349,3,1,40,0.014929598740035778,0.008643412934212865,0.266668760548035,0.013077313173562288,0.010488331597298384,0.05737420171499252,128
trained,4,0.5655080080032349,3,1,49,0.011993825189416508,0.007378293991088867,0.23825639079972746,0.01057783118924316,0.008810477293267543,0.04997286945581436,128
trained,4,0.5655080080032349,3,2,5,0.09282815737355037,0.07086904403419605,0.1341447083418558,0.04515082202851772,0.11696806102991104,0.18940557539463043,128
trained,4,0.5655080080032349,3,2,10,0.05157161662370408,0.03492051247856061,0.19251583141471038,0.03002047725021839,0.05561308339238167,0.14366442058235407,128
trained,4,0.5655080080032349,3,2,20,0.028427977155345355,0.016980471010283223,0.25210080078171654,0.019525217823684216,0.02597266398370266,0.09004235593602061,128
trained,4,0.5655080080032349,3,2,30,0.019727481221089777,0.01168011421311407,0.25622359484915075,0.013957816610733668,0.017487500359614692,0.05664047598838806,128
trained,4,0.5655080080032349,3,2,40,0.014792800369232858,0.008894482023586671,0.2490078113471207,0.010832405369728803,0.012847964279353618,0.05278518982231617,128
trained,4,0.5655080080032349,3,2,49,0.012093286117296731,0.007423770599365234,0.2392530587722184,0.00907443593047103,0.010459000282749837,0.042861634865403175,128
trained,4,0.5655080080032349,3,3,5,0.08896098152956979,0.07133724043042597,0.10994345965629036,0.048107849434018135,0.11092366874217988,0.20484243147075176,128
trained,4,0.5655080080032349,3,3,10,0.05269280296966704,0.035606303505522005,0.19350704832729673,0.0317875700071454,0.05563051402568817,0.12581916898488998,128
trained,4,0.5655080080032349,3,3,20,0.028648499555365983,0.017614210684468428,0.23851367145278032,0.01947194244712591,0.02687697298824787,0.07302168104797602,128
trained,4,0.5655080080032349,3,3,30,0.020022164360113625,0.011175070802058804,0.2835858213646637,0.014223048463463783,0.017015657325585683,0.06283883145079017,128
trained,4,0.5655080080032349,3,3,40,0.015179621599873948,0.008576801685537159,0.27793830050644297,0.011138575244694948,0.012610110454261303,0.050052573438733816,128
trained,4,0.5655080080032349,3,3,49,0.012057568332222404,0.007519065093994141,0.23183267210380407,0.009031611209621235,0.010560941711372259,0.03996492247097194,128
trained,4,0.5655080080032349,4,0,5,0.09856916918899074,0.06191167122421042,0.22842289378699218,0.09276972413063049,0.0650763563811779,0.21076959930360317,128
trained,4,0.5655080080032349,4,0,10,0.05642051005481299,0.03153697378036703,0.2829041394680106,0.05216544270515442,0.03450898677110672,0.13325572572648525,128
trained,4,0.5655080080032349,4,0,20,0.031720648255459095,0.014721625245462252,0.3660247814804671,0.03096301220357418,0.015612065978348254,0.06849841773509979,128
trained,4,0.5655080080032349,4,0,30,0.02174343476955479,0.009918505954592718,0.37347454212022196,0.021539147943258286,0.010178221886356672,0.04847889905795455,128
trained,4,0.5655080080032349,4,0,40,0.017001545704292235,0.007106988912813839,0.41041717998270005,0.016492480970919134,0.007604458462446928,0.03612241940572858,128
trained,4,0.5655080080032349,4,0,49,0.013708823743152892,0.006173945388793945,0.37896523889488015,0.013888705293742977,0.006020493425276815,0.024449262768030167,128
trained,4,0.5655080080032349,4,1,5,0.07029425254975906,0.12051882618717827,-0.26321347556263497,0.11667441129684449,0.07774855419993401,0.027885162038728595,128
trained,4,0.5655080080032349,4,1,10,0.028082894139863316,0.06866397687620075,-0.4194562812184366,0.0688227504491806,0.0300165843218565,0.011606657411903143,128
trained,4,0.5655080080032349,4,1,20,0.011925437099249788,0.03795423883152759,-0.5218318131793507,0.036322857812047006,0.013353465870022774,0.006473512563388795,128
trained,4,0.5655080080032349,4,1,30,0.007930534685628286,0.025354971004867354,-0.5234842000219623,0.024897141754627226,0.008306686828533808,0.003885156038450077,128
trained,4,0.5655080080032349,4,1,40,0.005244900670236193,0.019669944310718526,-0.5789738467540166,0.019040475226938726,0.005891274381428957,0.002730034204432741,128
trained,4,0.5655080080032349,4,1,49,0.004997742717744132,0.015394332733154296,-0.509834814996346,0.01537787245244396,0.004977735405673786,0.0025752125366125256,128
trained,4,0.5655080080032349,4,2,5,0.09734633153536504,0.07941441494243832,0.1014473911778657,0.06123354807496071,0.11423833817243575,0.12264054920524359,128
trained,4,0.5655080080032349,4,2,10,0.050983853945032964,0.041246269645520875,0.1055792177253878,0.03761605061590671,0.05411197766661644,0.0827197227627039,128
trained,4,0.5655080080032349,4,2,20,0.027683185976605084,0.019975042530870814,0.16173793460164798,0.022629870288074016,0.025088578462600708,0.045631043612957,128
trained,4,0.5655080080032349,4,2,30,0.018435251039195518,0.01375539922888899,0.1453792256815948,0.01593283439675967,0.016279752552509307,0.03362238616682589,128
trained,4,0.5655080080032349,4,2,40,0.014153854614782949,0.01020917527804931,0.1619125106328533,0.012493530381470918,0.011864876467734575,0.02566370298154652,128
trained,4,0.5655080080032349,4,2,49,0.011694719043655323,0.008317391052246093,0.16876421202240738,0.010397939353573079,0.00962601769335416,0.018826114246621728,128
trained,4,0.5655080080032349,4,3,5,0.10016287858237322,0.06464425467888746,0.21551630199746455,0.09040275663137436,0.07185147255659104,0.18872885219752789,128
trained,4,0.5655080080032349,4,3,10,0.057389279370252934,0.031758791270263126,0.28750468647892136,0.052408714219927786,0.03541778400540352,0.12173501774668694,128
trained,4,0.5655080080032349,4,3,20,0.032375814748364824,0.014391682842585046,0.38454338657784853,0.030377020686864854,0.016530977562069893,0.06184001034125686,128
trained,4,0.5655080080032349,4,3,30,0.022155274993833202,0.009662178347461328,0.39264917000019495,0.02027606889605522,0.011599945897857348,0.04371956828981638,128
trained,4,0.5655080080032349,4,3,40,0.017094968863656197,0.007051236732741887,0.41595488327973945,0.015377162769436837,0.008757273573428393,0.034622558392584324,128
trained,4,0.5655080080032349,4,3,49,0.01334065727328436,0.006573227996826172,0.3398347024865023,0.01242182266955473,0.007515800926758319,0.023056466598063707,128
trained,4,0.5655080080032349,5,0,5,0.10920209033722027,0.061043819255105956,0.2828747615561047,0.09175030440092087,0.07503422424197197,0.16607733629643917,128
trained,4,0.5655080080032349,5,0,10,0.06426389449117997,0.02719205024515183,0.405351935869245,0.050923436880111694,0.03862098902463913,0.10455572046339512,128
trained,4,0.5655080080032349,5,0,20,0.03648383340170217,0.010766364364173468,0.5442827808766912,0.027872071787714957,0.019579045102000238,0.05097768548876047,128
trained,4,0.5655080080032349,5,0,30,0.024719080324306458,0.007420077241571208,0.5382531588371019,0.0188970019419988,0.01332324395577113,0.03339259698987007,128
trained,4,0.5655080080032349,5,0,40,0.019195175469271318,0.005135506054316002,0.5778576075128578,0.014553985372185708,0.009760219790041446,0.027431802358478308,128
trained,4,0.5655080080032349,5,0,49,0.01486583145451917,0.0051385313796997074,0.48625893036162937,0.011980964213001485,0.00805751872914178,0.018114340724423528,128
trained,4,0.5655080080032349,5,1,5,0.12876805873832317,0.046773010718231645,0.4670989431331773,0.10350608229637145,0.06614159420132637,0.1517616119235754,128
trained,4,0.5655080080032349,5,1,10,0.07662607142717089,0.01913804125821254,0.6003087018330666,0.053985072299838066,0.03881481662392616,0.07200112100690603,128
trained,4,0.5655080080032349,5,1,20,0.04128633580466574,0.007051617329514872,0.7082368254073768,0.027078203111886977,0.021527208387851715,0.027891770703718066,128
trained,4,0.5655080080032349,5,1,30,0.02772237180489342,0.0049171446506294635,0.6986999082735007,0.01758180633187294,0.015164609998464584,0.017607521847821772,128
trained,4,0.5655080080032349,5,1,40,0.021610496283789655,0.003077103112109508,0.7507167008716125,0.013455681502819061,0.011210198700428008,0.013364772661589086,128
trained,4,0.5655080080032349,5,1,49,0.016842604062274634,0.0033165455627441405,0.6709637435337471,0.011179372060055636,0.00902722236149165,0.009876875847112387,128
trained,4,0.5655080080032349,5,2,5,0.07422327353095366,0.11932872266185526,-0.23304047500360717,0.09255326390266419,0.104240682721138,0.016030272119678557,128
trained,4,0.5655080080032349,5,2,10,0.033150826490298525,0.06446214310304549,-0.32077004462490233,0.04633367210626602,0.052893785014748576,0.007725406263489276,128
trained,4,0.5655080080032349,5,2,20,0.01609974369522213,0.033892907871036076,-0.35591559195206324,0.023838043585419653,0.026015599630773066,0.002927149733295664,128
trained,4,0.5655080080032349,5,2,30,0.011099089236380585,0.022209202413593893,-0.33355397789932184,0.014838680004080137,0.018417533238728842,0.002313607132236939,128
trained,4,0.5655080080032349,5,2,40,0.00818934009836948,0.016755538855592486,-0.3434051042175549,0.010310192964971066,0.014644725434482097,0.0018032749940175563,128
trained,4,0.5655080080032349,5,2,49,0.006997119596279497,0.013401789093017579,-0.3139711831635641,0.008642337912199448,0.0117341050383996,0.0015542747860308737,128
trained,4,0.5655080080032349,5,3,5,0.11394278368965945,0.03974820747319881,0.482751628150786,0.07504155710339547,0.07331669852137565,0.25820872373878956,128
trained,4,0.5655080080032349,5,3,10,0.06667657346269837,0.01796407596848872,0.5755213106349972,0.040888890996575354,0.041240019351243974,0.17871089465916157,128
trained,4,0.5655080080032349,5,3,20,0.037848525823548786,0.006816353666500782,0.6947779219524496,0.023377774469554424,0.02152954414486885,0.10185361932963133,128
trained,4,0.5655080080032349,5,3,30,0.025909433468689628,0.004640916297100153,0.6961791709078807,0.016708971063296,0.013941074286897977,0.08049863297492266,128
trained,4,0.5655080080032349,5,3,40,0.020215158496091363,0.003153690173669667,0.730094518681569,0.012767109461128712,0.01058174492791295,0.06604581791907549,128
trained,4,0.5655080080032349,5,3,49,0.016130824523916083,0.003316126232147217,0.6589566895012812,0.010838259239586033,0.008653641735412637,0.04489687830209732,128
trained,5,0.4275728166103363,0,0,5,0.06662292543210481,0.06883667373941058,-0.01634249858134035,0.008830387983471156,0.12673989683389664,0.3221485801041126,128
trained,5,0.4275728166103363,0,0,10,0.03766357527838813,0.037633271650834514,0.0004024554651232325,0.006089909700676799,0.06920859366655349,0.2470149490982294,128
trained,5,0.4275728166103363,0,0,20,0.02085477109128177,0.021191323643531105,-0.008004371258828798,0.005088018253445625,0.03695360496640206,0.15916750486940145,128
trained,5,0.4275728166103363,0,0,30,0.01496625173419525,0.01498435116401688,-0.0006043093650747972,0.0036036727018654347,0.02634719337026278,0.10147399827837944,128
trained,5,0.4275728166103363,0,0,40,0.011467669087674073,0.011344129768939254,0.005415588639279451,0.0027296974556520583,0.020081763714551927,0.08754155365750194,128
trained,5,0.4275728166103363,0,0,49,0.009444292646688609,0.009302487171020894,0.00756425781062366,0.002543398559245528,0.01620238639262258,0.08145653735846281,128
trained,5,0.4275728166103363,0,1,5,0.05478382659585852,0.05891389967430206,-0.03632502789540064,0.0019863123539835214,0.11191791668534279,0.43047885596752167,128
trained,5,0.4275728166103363,0,1,10,0.03220342918678566,0.03329373903510984,-0.01664667157232983,0.0017786230077035726,0.06365891695022582,0.345624603331089,128
trained,5,0.4275728166103363,0,1,20,0.01786590523230818,0.01795399217311107,-0.0024591622863526716,0.0010508250445127488,0.03476790115237236,0.28362544253468513,128
trained,5,0.4275728166103363,0,1,30,0.011595872441507546,0.011449621932952066,0.006346164945422775,0.0010209513207276662,0.022022410482168197,0.30869915895164013,128
trained,5,0.4275728166103363,0,1,40,0.009027784215297319,0.008935211417179977,0.005153527841693397,0.0008046841074246913,0.01715805884450674,0.2814902924001217,128
trained,5,0.4275728166103363,0,1,49,0.00837415743884783,0.00804492285766505,0.020051950244293026,0.0009114090590832792,0.015505362073985897,0.19557824172079563,128
trained,5,0.4275728166103363,0,2,5,0.07332457680451243,0.07281344632307689,0.0034975872157911314,0.006077084690332413,0.140035380423069,0.2694376651197672,128
trained,5,0.4275728166103363,0,2,10,0.038821005644621674,0.038726583197097146,0.0012176064908482802,0.005241409922018647,0.07231134399771691,0.22447247803211212,128
trained,5,0.4275728166103363,0,2,20,0.020801623601038453,0.020600299465212666,0.0048626759558672425,0.0037737611215561627,0.03763083629310131,0.17190807312726974,128
trained,5,0.4275728166103363,0,2,30,0.01433381142122297,0.014444207019140098,-0.0038361083874508552,0.0026444535392026107,0.026135174681742986,0.13661116268485785,128
trained,5,0.4275728166103363,0,2,40,0.010972574277340642,0.010812481786195155,0.0073487298206271106,0.002162322774529457,0.019622296281158923,0.12861526478081942,128
trained,5,0.4275728166103363,0,2,49,0.009385298671979665,0.009164232479914448,0.011917616151216087,0.001963221810149903,0.01658475885585863,0.09114895015954971,128
trained,5,0.4275728166103363,0,3,5,0.07092796893496263,0.06828318039576213,0.018998395975442027,0.0049792834324762225,0.1340996339917183,0.3046054504811764,128
trained,5,0.4275728166103363,0,3,10,0.035561075916996705,0.035572717603573126,-0.0001636590149362743,0.004333026381209493,0.06680013015866279,0.28866843692958355,128
trained,5,0.4275728166103363,0,3,20,0.019156846250123764,0.01906887029525503,0.0023014860888740467,0.0028752501122653483,0.03535163290798664,0.23546230606734753,128
trained,5,0.4275728166103363,0,3,30,0.013527757395649561,0.013385125254213932,0.005299771982287178,0.0023212792351841927,0.024589522927999496,0.19267594069242477,128
trained,5,0.4275728166103363,0,3,40,0.01073322144854643,0.01065944343584727,0.0034487527895382957,0.0016680526081472636,0.019724410399794577,0.14430149737745523,128
trained,5,0.4275728166103363,0,3,49,0.009010376345292068,0.008778600393782091,0.01302918964348539,0.0017849020849989385,0.016002448237672145,0.12841980252414942,128
trained,5,0.4275728166103363,1,0,5,0.0713152214884758,0.0669603134904589,0.03149442161730809,0.010040212329477072,0.12801758497953414,0.3097110465168953,128
trained,5,0.4275728166103363,1,0,10,0.0340355830722385,0.03922125642949885,-0.07078756594551935,0.00899689393118024,0.06397635638713836,0.27026750706136227,128
trained,5,0.4275728166103363,1,0,20,0.020692319803818797,0.017198878437021094,0.09219664536605247,0.006253778142854572,0.03168381750583649,0.2412480879575014,128
trained,5,0.4275728166103363,1,0,30,0.013427652717896798,0.013994897660288722,-0.020685345985269093,0.004836667204896609,0.02259415537118912,0.17707534320652485,128
trained,5,0.4275728166103363,1,0,40,0.01071430588067395,0.010734541944645702,-0.0009434569229830571,0.003941143210977316,0.017507760599255563,0.14204385690391064,128
trained,5,0.4275728166103363,1,0,49,0.00833786797201932,0.008768904352580693,-0.025196826868171634,0.003660857221301721,0.013448939639694837,0.16161999013274908,128
trained,5,0.4275728166103363,1,1,5,0.08939261263922642,0.08754212657610576,0.010458579650987206,0.07435061484575271,0.10249160081148148,0.11578893382102251,128
trained,5,0.4275728166103363,1,1,10,0.047020900867603445,0.04385627005711075,0.034823166019104644,0.053157150745391846,0.03789308592677117,0.08949762210249901,128
trained,5,0.4275728166103363,1,1,20,0.02390453901857069,0.02276039368938286,0.024518310919332004,0.03193260282278061,0.014747524820268153,0.06639744574204087,128
trained,5,0.4275728166103363,1,1,30,0.016330234344111436,0.015400228436722648,0.029309560146762923,0.024194148431221644,0.007522752322256565,0.048492996487766504,128
trained,5,0.4275728166103363,1,1,40,0.012442310044123899,0.011698892063606003,0.0307945717520447,0.019151325710117816,0.004987842822447419,0.034433220978826284,128
trained,5,0.4275728166103363,1,1,49,0.010153504235666381,0.009567119865345003,0.029734574691354248,0.016235578729181875,0.0034809314018609573,0.033890991006046534,128
trained,5,0.4275728166103363,1,2,5,0.0723844743088672,0.06534828529471443,0.05108580583408799,0.009702751412987709,0.12767819911241532,0.3130952585488558,128
trained,5,0.4275728166103363,1,2,10,0.03491676577815303,0.04031315756238196,-0.07173198568513686,0.007560177473351359,0.06737463250756263,0.2506519015878439,128
trained,5,0.4275728166103363,1,2,20,0.022297118936213698,0.019149779518350948,0.07593666921149778,0.005445566261187196,0.03604313097894192,0.17022603191435337,128
trained,5,0.4275728166103363,1,2,30,0.013535862493212581,0.01439741774016582,-0.030843325227980025,0.003925378434360027,0.02402046670516332,0.16162465140223503,128
trained,5,0.4275728166103363,1,2,40,0.010876659220730236,0.010954007129052477,-0.0035430850840458793,0.00302264872007072,0.018808229081332683,0.12676489632576704,128
trained,5,0.4275728166103363,1,2,49,0.008620273630513391,0.00898754151279674,-0.020858231374721717,0.0027160879072486138,0.014894304226855842,0.13709079567342997,128
trained,5,0.4275728166103363,1,3,5,0.093155689929661,0.08043266832828522,0.0732942101013279,0.12222714871168136,0.05072505585849285,0.13523896597325802,128
trained,5,0.4275728166103363,1,3,10,0.04890473224498607,0.04208147781939546,0.07499218200964199,0.07746313139796257,0.01389622800052166,0.08640643674880266,128
trained,5,0.4275728166103363,1,3,20,0.02593699692760694,0.02137052512603059,0.09652739359931664,0.04361096508800984,0.0037572034634649754,0.0526366145350039,128
trained,5,0.4275728166103363,1,3,30,0.017386207242848756,0.014781824372387519,0.08096183507686923,0.030394058426221213,0.0017359922950466475,0.03609846392646432,128
trained,5,0.4275728166103363,1,3,40,0.01301412063162326,0.011400293551579867,0.06610140500883234,0.0234339302405715,0.0009760712157003582,0.02359994826838374,128
trained,5,0.4275728166103363,1,3,49,0.01071982569011573,0.00925515459035302,0.07332528388633856,0.019256764224597385,0.0007079416904978606,0.021729447646066546,128
trained,5,0.4275728166103363,2,0,5,0.058048598860439504,0.05807529354379291,-0.00022988105893184414,0.005779561214148998,0.11034566536545753,0.41937385872006416,128
trained,5,0.4275728166103363,2,0,10,0.029162494164926035,0.027768437330387842,0.024486808803197865,0.0045517654158174995,0.05245540365576744,0.4299283064901829,128
trained,5,0.4275728166103363,2,0,20,0.013436940604204754,0.013762902382905768,-0.011983958100180865,0.002506775711663067,0.024688738770782946,0.45608970895409584,128
trained,5,0.4275728166103363,2,0,30,0.010303401417762483,0.009396127790396218,0.04605559948836014,0.0016140563723941643,0.01807224117219448,0.4094110503792763,128
trained,5,0.4275728166103363,2,0,40,0.007964253939230023,0.007541284145062472,0.027278627277614525,0.0011734331375919283,0.014330949075520039,0.3798246942460537,128
trained,5,0.4275728166103363,2,0,49,0.006757419999011756,0.006422226001674273,0.02543270109793559,0.0009621868233139417,0.012215106995130072,0.3543125744909048,128
trained,5,0.4275728166103363,2,1,5,0.09478647457925897,0.0924386637551444,0.012540040536162415,0.047325823456048965,0.1397819310426712,0.06446124566718936,128
trained,5,0.4275728166103363,2,1,10,0.04544475696705006,0.05028056192003991,-0.050517512076854634,0.036044473946094516,0.05941638723015785,0.0453913901001215,128
trained,5,0.4275728166103363,2,1,20,0.022784888790310025,0.02601454055979435,-0.06618216262832659,0.021566149406135084,0.02719038538634777,0.024869292275980115,128
trained,5,0.4275728166103363,2,1,30,0.015886762429493426,0.0168265423735554,-0.028727759231028813,0.015643773476282756,0.01708323583006859,0.018189695896580815,128
trained,5,0.4275728166103363,2,1,40,0.012376304612269927,0.01226905788203181,0.004351598815337431,0.011487257014960051,0.013157811854034663,0.014197247102856636,128
trained,5,0.4275728166103363,2,1,49,0.009823101793410461,0.01032572256152278,-0.024945414145928168,0.009148679749698055,0.011003671099944991,0.012534808716736734,128
trained,5,0.4275728166103363,2,2,5,0.057985368135728334,0.05208268229450498,0.05362760417848179,0.007760505517944693,0.10201241225004196,0.45113541558384895,128
trained,5,0.4275728166103363,2,2,10,0.02836048126220703,0.031011429699984463,-0.044649875585458715,0.0052842816803604364,0.05394265577197075,0.4077306315302849,128
trained,5,0.4275728166103363,2,2,20,0.01582699219079411,0.015350145851914503,0.015294743802689519,0.0035444618668407204,0.027639008685946466,0.37633057311177254,128
trained,5,0.4275728166103363,2,2,30,0.00995205484535427,0.009570479943766976,0.019545356465717624,0.0022659132877985637,0.017251056681076685,0.41449088603258133,128
trained,5,0.4275728166103363,2,2,40,0.007424641066423081,0.007276715868216895,0.010062009843974075,0.0015511882840655745,0.01314976392313838,0.4119619093835354,128
trained,5,0.4275728166103363,2,2,49,0.005500320601172377,0.005290577161002567,0.01943707046188331,0.0014789291866579835,0.009310496704918998,0.4713181257247925,128
trained,5,0.4275728166103363,2,3,5,0.05499167269782016,0.055328775729451864,-0.00305567133232675,0.00813157595694065,0.10220572873950004,0.44831347465515137,128
trained,5,0.4275728166103363,2,3,10,0.028402697245279947,0.029106157476251775,-0.012232207272530073,0.005653460137546062,0.0518169242888689,0.4252961501479149,128
trained,5,0.4275728166103363,2,3,20,0.015755510183141704,0.015684876853477737,0.0022465795214114794,0.0035643995506688952,0.027876925468444825,0.371173482388258,128
trained,5,0.4275728166103363,2,3,30,0.01098120464583028,0.010969702100851698,0.0005240122930136393,0.002353706288461884,0.019597033162911733,0.34147781878709793,128
trained,5,0.4275728166103363,2,3,40,0.008279968512744656,0.008111452006810734,0.01028077497753149,0.0016806994332000612,0.014710259903222323,0.3443616107106209,128
trained,5,0.4275728166103363,2,3,49,0.006573631124919091,0.00652009010918915,0.004089060303680584,0.001463542967958718,0.01162980284009661,0.3584260605275631,128
trained,5,0.4275728166103363,3,0,5,0.04810884771378417,0.1444615295955113,-0.5003504860276129,0.13878688365221023,0.058601120859384535,0.013059958699159324,128
trained,5,0.4275728166103363,3,0,10,0.021410500738355848,0.0809365327693214,-0.5816097447115434,0.07732437029480935,0.021767334267497062,0.00908295315457508,128
trained,5,0.4275728166103363,3,0,20,0.0076678608965671516,0.042607614376765815,-0.6949661497886701,0.04186635687947273,0.007945073721930384,0.003771383053390309,128
trained,5,0.4275728166103363,3,0,30,0.006834899774313477,0.02608225453316064,-0.584721102513171,0.026087905714909234,0.007109940114120642,0.004064653068780899,128
trained,5,0.4275728166103363,3,0,40,0.005226555871720693,0.019665682227592036,-0.5800654122655986,0.019116528145968915,0.005815192358568311,0.00273117731558159,128
trained,5,0.4275728166103363,3,0,49,0.0039044279047672614,0.016370306745822707,-0.6148479403195474,0.01628308499954185,0.004079101493163984,0.0022528720000991598,128
trained,5,0.4275728166103363,3,1,5,0.0977833584735268,0.06708007767086938,0.18623462861455597,0.05941051170229912,0.10391776263713837,0.18335863202810287,128
trained,5,0.4275728166103363,3,1,10,0.05091134389241536,0.03449728508626134,0.19218267524303434,0.03471081331372261,0.05159545913338661,0.13693727273494005,128
trained,5,0.4275728166103363,3,1,20,0.02879219452233708,0.016108500419489843,0.2824832470632731,0.022000754438340663,0.023068396747112273,0.09861700516194105,128
trained,5,0.4275728166103363,3,1,30,0.019953976221870923,0.011364549459617975,0.2742602525206206,0.015921793753902118,0.015271469329794249,0.06420209351927042,128
trained,5,0.4275728166103363,3,1,40,0.01535400035004965,0.00823629362182855,0.3017218325640342,0.012657111044973135,0.010913720540702342,0.05716674821451306,128
trained,5,0.4275728166103363,3,1,49,0.012857797135124622,0.006616503019133574,0.32048875010822175,0.010809156511511122,0.008621358673791496,0.04790473636239767,128
trained,5,0.4275728166103363,3,2,5,0.09777308529929112,0.06576358775297801,0.19573284052248383,0.04650856889784336,0.11542763710021972,0.1903190091252327,128
trained,5,0.4275728166103363,3,2,10,0.05089479940908927,0.03427329969800208,0.19516109770152273,0.02969510555267334,0.05638197958469391,0.13922913558781147,128
trained,5,0.4275728166103363,3,2,20,0.02913971506087892,0.015949875045558903,0.2925251700867484,0.01991700232028961,0.025347766093909742,0.09470463916659355,128
trained,5,0.4275728166103363,3,2,30,0.019667585102750684,0.011589565683439282,0.2584374844114709,0.013968073079983394,0.01717127375304699,0.06581959780305624,128
trained,5,0.4275728166103363,3,2,40,0.015283794530083328,0.008466707392337028,0.28702918194010774,0.011195473652333022,0.012536387704312802,0.05072555923834443,128
trained,5,0.4275728166103363,3,2,49,0.01287347350123607,0.006613386364357618,0.3212465825553616,0.0099140607884952,0.009528882573453747,0.04729576222598553,128
trained,5,0.4275728166103363,3,3,5,0.09442406108504847,0.0671279543922061,0.16896172178375896,0.048934410139918325,0.1112527996301651,0.19906395114958286,128
trained,5,0.4275728166103363,3,3,10,0.05216883270828812,0.03362843182461321,0.21609547791991648,0.03167792782187462,0.0551332637667656,0.13188805524259806,128
trained,5,0.4275728166103363,3,3,20,0.029167254336907852,0.01637875061609022,0.28078211763543587,0.019197073020040988,0.02651878073811531,0.08568294625729322,128
trained,5,0.4275728166103363,3,3,30,0.019799515510462305,0.011802779330854787,0.2530428951285993,0.013340506951014202,0.01814516882101695,0.055429724510759115,128
trained,5,0.4275728166103363,3,3,40,0.015253228950724618,0.008492720837624658,0.28470152481044314,0.011070628277957439,0.012656834907829762,0.05090145207941532,128
trained,5,0.4275728166103363,3,3,49,0.012699343718698412,0.006891723823668158,0.2964422373704022,0.009409092442721737,0.010141233096317369,0.04203405464068055,128
trained,5,0.4275728166103363,4,0,5,0.10054959827347805,0.06045811091150556,0.24900352638184495,0.08889213129878044,0.07011100351810455,0.20498431660234928,128
trained,5,0.4275728166103363,4,0,10,0.056882007740162034,0.028860706731307605,0.32680678680695996,0.0541464626789093,0.03312866725027561,0.12724871840327978,128
trained,5,0.4275728166103363,4,0,20,0.032675565897545264,0.013392751686929808,0.41856996784912237,0.0298588152974844,0.01646560076624155,0.07351165730506182,128
trained,5,0.4275728166103363,4,0,30,0.02229334234435261,0.00978929960996953,0.38974479569968223,0.02095749576886495,0.010942795251806577,0.04299124889075756,128
trained,5,0.4275728166103363,4,0,40,0.017249885466441517,0.006951516037745192,0.42552781195292494,0.01644492018967867,0.007728321384638548,0.0330703139770776,128
trained,5,0.4275728166103363,4,0,49,0.014042683266337744,0.005906509024346456,0.40784479506886323,0.013556696778657486,0.006335417302895566,0.025286404183134437,128
trained,5,0.4275728166103363,4,1,5,0.06589455745722118,0.1261031116758074,-0.3135900268484832,0.11915667206048966,0.07585142701864242,0.024959515780210495,128
trained,5,0.4275728166103363,4,1,10,0.0263588140628956,0.0752506224577092,-0.4811738955408726,0.06819103211164475,0.030744631960988044,0.01064336544368416,128
trained,5,0.4275728166103363,4,1,20,0.010905744207760143,0.03924852274564741,-0.5651120085884638,0.03674193136394024,0.013035909179598093,0.0044432044378481805,128
trained,5,0.4275728166103363,4,1,30,0.007157179505326027,0.02579261390090723,-0.5655705990402442,0.024871451656023662,0.008350108998517196,0.003353196894749999,128
trained,5,0.4275728166103363,4,1,40,0.0053509472866783035,0.019547520419433972,-0.5701785868814891,0.018403355963528156,0.0065339294262230395,0.0025085568777285516,128
trained,5,0.4275728166103363,4,1,49,0.004617905149723217,0.015666172427418416,-0.5446768400058254,0.014777613081494155,0.005583971472723144,0.0022823495673947036,128
trained,5,0.4275728166103363,4,2,5,0.09815282256979692,0.07896000501655397,0.1083649209077032,0.06328434869647026,0.11286883950233459,0.1192340711131692,128
trained,5,0.4275728166103363,4,2,10,0.05071207964861835,0.04118719179768208,0.10364486791822185,0.03959545604884625,0.052824707329273225,0.07579837553203106,128
trained,5,0.4275728166103363,4,2,20,0.02772769582391061,0.01986890696195601,0.16511239041881962,0.021664389036595823,0.026036589592695236,0.04598044790327549,128
trained,5,0.4275728166103363,4,2,30,0.019000676671243874,0.013364297530979102,0.1741505834323665,0.015325612698992094,0.016957163934906323,0.03151668654754758,128
trained,5,0.4275728166103363,4,2,40,0.014865260193313377,0.009550107514574966,0.2176970153434734,0.011964740883558988,0.012436093855649233,0.023966632783412933,128
trained,5,0.4275728166103363,4,2,49,0.012108891609010592,0.007938222087886682,0.20804339138164155,0.01010512362937538,0.009912731772174641,0.01912508485838771,128
trained,5,0.4275728166103363,4,3,5,0.10051321826483074,0.060327550485020594,0.24984752368386973,0.08886471837759018,0.0699667640030384,0.20584257878363132,128
trained,5,0.4275728166103363,4,3,10,0.058078156224003544,0.028212577843469037,0.3461041177009326,0.054291844740509985,0.03363216668367386,0.12075991649180651,128
trained,5,0.4275728166103363,4,3,20,0.03223849556128061,0.01390539420000259,0.39730290306525073,0.02888411208987236,0.017503262683749198,0.07225247099995613,128
trained,5,0.4275728166103363,4,3,30,0.023316586244433928,0.008843725711658016,0.4500223925714868,0.02067153776685397,0.011277711267272632,0.041522515937685966,128
trained,5,0.4275728166103363,4,3,40,0.017295080215567662,0.006959338386930934,0.4261385109905641,0.015272940509021282,0.008953215926885605,0.030953733483329415,128
trained,5,0.4275728166103363,4,3,49,0.014255761028331445,0.005703163796244278,0.4285099175847247,0.012862741186910746,0.007036184854045206,0.024952645879238844,128
trained,5,0.4275728166103363,5,0,5,0.11357694942700236,0.05062692860762278,0.38336500679796465,0.08538321629166604,0.07567315995693207,0.19471812061965466,128
trained,5,0.4275728166103363,5,0,10,0.0666780768500434,0.020692645419727672,0.5263254123938912,0.052810393273830414,0.03707515969872475,0.10114447958767414,128
trained,5,0.4275728166103363,5,0,20,0.03704304757629253,0.009697003961081365,0.5850666123626305,0.02772500216960907,0.019378237426280975,0.05793519411236048,128
trained,5,0.4275728166103363,5,0,30,0.026082135154127318,0.006408132995178568,0.6055352349796943,0.019217289239168166,0.012986065944035848,0.03389933635480702,128
trained,5,0.4275728166103363,5,0,40,0.019794594853988032,0.004654565626515179,0.619245361775383,0.014314471185207367,0.01009329129010439,0.023689508205279708,128
trained,5,0.4275728166103363,5,0,49,0.015933991550403905,0.004154117972583541,0.5864102624367854,0.012203795569283622,0.007801674534471667,0.019731981679797173,128
trained,5,0.4275728166103363,5,1,5,0.1368357554862374,0.03897815162227267,0.5565976291227729,0.09655979797244071,0.07436123192310333,0.14539485145360231,128
trained,5,0.4275728166103363,5,1,10,0.07597391057897497,0.014221001853627607,0.6846606649882504,0.0548221692442894,0.03874985873699188,0.06427974114194512,128
trained,5,0.4275728166103363,5,1,20,0.04156993918907854,0.006174710989942271,0.7413443823690999,0.02795715443789959,0.020257588662207126,0.03570515546016395,128
trained,5,0.4275728166103363,5,1,30,0.029225609015208723,0.003834685842359335,0.7680186544455142,0.018724396576484045,0.013965615878502528,0.01929965801537037,128
trained,5,0.4275728166103363,5,1,40,0.021754627735811823,0.002967137258527434,0.7599574901236362,0.013736429065465927,0.010933963675051927,0.013184278039261699,128
trained,5,0.4275728166103363,5,1,49,0.017625941323713378,0.0026650215305052956,0.7373193623170156,0.01128533406525242,0.008900673565815906,0.010885613854043186,128
trained,5,0.4275728166103363,5,2,5,0.06847046864660163,0.1250554961817605,-0.29238984848907307,0.08938705027103425,0.10696816593408584,0.018223916296847165,128
trained,5,0.4275728166103363,5,2,10,0.03225483541135435,0.06916841160167347,-0.3639557722423698,0.048461760953068735,0.05094277448952198,0.00595465098740533,128
trained,5,0.4275728166103363,5,2,20,0.01531707330584618,0.03478129213987035,-0.3885200377390728,0.02173479963093996,0.028105056658387185,0.0032028684217948467,128
trained,5,0.4275728166103363,5,2,30,0.011172701453053675,0.021936388231156054,-0.3250976357380995,0.01462249259154002,0.018643567711114882,0.002018185390625149,128
trained,5,0.4275728166103363,5,2,40,0.007873045151438192,0.017066608387345604,-0.3686323557479184,0.01076662288978696,0.014198168367147445,0.001408325435477309,128
trained,5,0.4275728166103363,5,2,49,0.006601777265067275,0.01373341447420706,-0.350704202853195,0.009177620313605485,0.011207601777753052,0.0011240939820709173,128
trained,5,0.4275728166103363,5,3,5,0.11793849656456395,0.03491075124059405,0.5432002218896419,0.07426185458898545,0.07443600296974182,0.2565106973052025,128
trained,5,0.4275728166103363,5,3,10,0.06664939103303132,0.012846094517668417,0.6768094583229135,0.04297778904438019,0.039460066333413125,0.17562145553529263,128
trained,5,0.4275728166103363,5,3,20,0.03801562699705431,0.005856648665614668,0.7330136822164158,0.023519776575267316,0.02077961191534996,0.11401225533336401,128
trained,5,0.4275728166103363,5,3,30,0.027319860256751545,0.003721841123314609,0.7602037930765779,0.016630261143048605,0.014067302520076434,0.07907309755682945,128
trained,5,0.4275728166103363,5,3,40,0.020556188404816905,0.0029693949440828685,0.7475603558544263,0.013107071258127689,0.010370422527194023,0.060900223441421986,128
trained,5,0.4275728166103363,5,3,49,0.016955307223663625,0.002603616723537143,0.7337668748104468,0.011080145227665804,0.008378096609091272,0.046546130906790495,128
trained,6,-0.6407904624938965,0,0,5,0.06895614855470714,0.07093164664786934,-0.014122018938730824,0.01010939311236143,0.12964259088039398,0.3012400921434164,128
trained,6,-0.6407904624938965,0,0,10,0.037885503203673204,0.036943191117412406,0.012592924342696642,0.006001016963273287,0.06885418221354485,0.2514480259269476,128
trained,6,-0.6407904624938965,0,0,20,0.021049011673544168,0.020636286995361516,0.009900964880950101,0.004272370995022356,0.037405512481927874,0.16644234210252762,128
trained,6,-0.6407904624938965,0,0,30,0.014480933562656013,0.014222899168698963,0.008989544928130574,0.0035681708715856074,0.025133780390024184,0.13894146028906107,128
trained,6,-0.6407904624938965,0,0,40,0.011346609319151626,0.011222088567078344,0.005517409674917006,0.0027698297053575516,0.01979740895330906,0.09731046855449677,128
trained,6,-0.6407904624938965,0,0,49,0.009433561438764284,0.009376095838467229,0.00305511150187515,0.002477108690963716,0.016332878750197743,0.07831061538308859,128
trained,6,-0.6407904624938965,0,1,5,0.058715288402044284,0.061306840221353825,-0.021592283431496564,0.0017420695163309573,0.11810188889503478,0.40078019723296165,128
trained,6,-0.6407904624938965,0,1,10,0.031542725113749864,0.03243337356009284,-0.013921581102806545,0.0011421442381106318,0.06280890554189682,0.36048950999975204,128
trained,6,-0.6407904624938965,0,1,20,0.017769016532928297,0.018208773247754675,-0.012223005290065574,0.0009870121371932327,0.03499868102371693,0.2802861612290144,128
trained,6,-0.6407904624938965,0,1,30,0.012093034270928013,0.012009328498958678,0.003472928059586092,0.0008110186007494728,0.02329073448975881,0.2769474107772112,128
trained,6,-0.6407904624938965,0,1,40,0.009287938298915215,0.009104019886738545,0.009999936402102687,0.000757710903417319,0.01763209216296673,0.264407891780138,128
trained,6,-0.6407904624938965,0,1,49,0.007751677182934748,0.0076400905637270065,0.0072497598090832385,0.0007378333438263864,0.014654574801727218,0.245771998539567,128
trained,6,-0.6407904624938965,0,2,5,0.07042430646238271,0.07227561057814015,-0.012973407091881842,0.006234793644398451,0.13633784502744675,0.2871368080377579,128
trained,6,-0.6407904624938965,0,2,10,0.03935205066820046,0.03955222287745338,-0.0025368994638112078,0.0047933775000274185,0.07410526424646377,0.21101357601583004,128
trained,6,-0.6407904624938965,0,2,20,0.020381491243033154,0.020256047237861733,0.003086899695642487,0.0034132291562855243,0.03722205497324467,0.1872943202033639,128
trained,6,-0.6407904624938965,0,2,30,0.014725356387191404,0.014249151470495972,0.01643530647760951,0.0026731538275877637,0.026297880957523983,0.130868935957551,128
trained,6,-0.6407904624938965,0,2,40,0.011186554497880898,0.010804113550075692,0.017391056376904905,0.0020899413153529166,0.01989624500274658,0.12055255426093936,128
trained,6,-0.6407904624938965,0,2,49,0.009223941843496068,0.009021204048582497,0.011111875788862866,0.0018765912866409943,0.016369717765827567,0.1059308247640729,128
trained,6,-0.6407904624938965,0,3,5,0.06482123980048107,0.06595902874965796,-0.008700004685584361,0.004916568915359676,0.12578548043966292,0.3464897833764553,128
trained,6,-0.6407904624938965,0,3,10,0.03688934907362454,0.03695270102890358,-0.0008579387380255396,0.003426565323024988,0.07041370198130607,0.26159731298685074,128
trained,6,-0.6407904624938965,0,3,20,0.019627180949220984,0.0195139036303013,0.0028940771604487998,0.002552591892890632,0.036586455255746844,0.2172190248966217,128
trained,6,-0.6407904624938965,0,3,30,0.014017929310313301,0.013697415744383061,0.011564480445260213,0.0021694731588164967,0.025543535749117535,0.16860975977033377,128
trained,6,-0.6407904624938965,0,3,40,0.010610550665572697,0.010182118323779014,0.020604971011296616,0.0018448172486387193,0.018942831084132195,0.1684940792620182,128
trained,6,-0.6407904624938965,0,3,49,0.009134594443181532,0.008851226588867658,0.01575506916215736,0.0015018534922630203,0.01648559421300888,0.11861508525907993,128
trained,6,-0.6407904624938965,1,0,5,0.06320203884303222,0.06232184771723395,0.007012140477092829,0.010046453401446342,0.11553794592618942,0.3720780089497566,128
trained,6,-0.6407904624938965,1,0,10,0.03856919166889596,0.03471475513801697,0.05259591900777375,0.008113675378262996,0.06527867466211319,0.2660764642059803,128
trained,6,-0.6407904624938965,1,0,20,0.021592591808443518,0.018885617794115912,0.06687484552403646,0.005567575292661786,0.03486199304461479,0.1914086425676942,128
trained,6,-0.6407904624938965,1,0,30,0.013548807357315751,0.013651391342975732,-0.003771442509907467,0.0045302030009528,0.022670743366082508,0.18397159688174725,128
trained,6,-0.6407904624938965,1,0,40,0.010544784738141086,0.0109046779544197,-0.016778658813987657,0.0038417973555624485,0.017611883580684662,0.14185278303921223,128
trained,6,-0.6407904624938965,1,0,49,0.008905101215529457,0.00829404909844732,0.03552804097246843,0.0033699796364015464,0.013832678296128097,0.15706977993249893,128
trained,6,-0.6407904624938965,1,1,5,0.09193957758228681,0.07704128995037719,0.08816552932503802,0.07176011055707932,0.09824500977993011,0.14997439458966255,128
trained,6,-0.6407904624938965,1,1,10,0.05061322251351771,0.03870050393500129,0.13338060175161995,0.04662576206028461,0.043023009225726126,0.10351228713989258,128
trained,6,-0.6407904624938965,1,1,20,0.02650861030736421,0.020015008250109892,0.13957646155775072,0.03016017861664295,0.016246756725013255,0.07186128199100494,128
trained,6,-0.6407904624938965,1,1,30,0.01859004399959088,0.013070760000084895,0.1743254529919133,0.02278244892756144,0.008838111783067386,0.05138320429250598,128
trained,6,-0.6407904624938965,1,1,40,0.013716268727901895,0.01038761497924687,0.13809615865055444,0.018393373116850853,0.005671503255143762,0.037404946284368634,128
trained,6,-0.6407904624938965,1,1,49,0.011131406813085117,0.008623976444418114,0.12692390402437473,0.015421304623691403,0.004348470962473324,0.031280997674912214,128
trained,6,-0.6407904624938965,1,2,5,0.0769547342556959,0.06473632226854363,0.08623276787392577,0.009907073061913251,0.1326239988207817,0.28734465315937996,128
trained,6,-0.6407904624938965,1,2,10,0.037253762813324626,0.03442146118814156,0.03951576942522864,0.006708093592897058,0.0650467924773693,0.28245115652680397,128
trained,6,-0.6407904624938965,1,2,20,0.021112655398384767,0.01858668901878234,0.06362740787342828,0.004760266654193402,0.0348936889320612,0.20692088827490807,128
trained,6,-0.6407904624938965,1,2,30,0.013754759105029912,0.014437234759207471,-0.024208137155531155,0.003475513309240341,0.024721456319093706,0.15409089624881744,128
trained,6,-0.6407904624938965,1,2,40,0.010746334569727478,0.011108915686147093,-0.016590115059678365,0.002820057305507362,0.019039441458880903,0.12562002893537283,128
trained,6,-0.6407904624938965,1,2,49,0.00874563554607771,0.008464848024100352,0.016314911827787666,0.0025513644083117954,0.014660730349774264,0.15660732984542847,128
trained,6,-0.6407904624938965,1,3,5,0.09804770472454048,0.0675996701989398,0.18381235766327203,0.11408737301826477,0.053653305023908617,0.16129661537706852,128
trained,6,-0.6407904624938965,1,3,10,0.05357393885093619,0.03583797841210074,0.19836237698002218,0.0737903207540512,0.016120422072708605,0.10089258290827274,128
trained,6,-0.6407904624938965,1,3,20,0.02870998595001779,0.018668552773417828,0.21194054200369555,0.04269882291555405,0.0044992825947701934,0.056037889793515205,128
trained,6,-0.6407904624938965,1,3,30,0.01961754977015108,0.012364725908794226,0.22677635368845203,0.029856648047765097,0.002072742705543836,0.04211830347776413,128
trained,6,-0.6407904624938965,1,3,40,0.014790186486225354,0.009547123485550457,0.21543313564810118,0.02320927008986473,0.0010665986919775605,0.028965286444872618,128
trained,6,-0.6407904624938965,1,3,49,0.012131232737587764,0.007773007162875897,0.21895965866003178,0.01915166466211786,0.0007775906729987081,0.023466476937755942,128
trained,6,-0.6407904624938965,2,0,5,0.05830936055434378,0.0564763549990302,0.015968934343971432,0.0039988777600228785,0.11091285720467567,0.42544132843613625,128
trained,6,-0.6407904624938965,2,0,10,0.030554742436278554,0.029380817888633996,0.01958644486280081,0.0029877986991778014,0.05698077864944935,0.40031421929597855,128
trained,6,-0.6407904624938965,2,0,20,0.014923569315847368,0.015741192461981374,-0.026663280544331543,0.0021254726452752948,0.028553980961441995,0.386410940438509,128
trained,6,-0.6407904624938965,2,0,30,0.00995741886206964,0.010785594351412468,-0.039925515197793034,0.001347907135883967,0.019401144733031592,0.3775284495204687,128
trained,6,-0.6407904624938965,2,0,40,0.007622530573441577,0.008287835765529323,-0.041815831129942575,0.0009981876122765244,0.01491997530683875,0.3632734827697277,128
trained,6,-0.6407904624938965,2,0,49,0.006456161119851722,0.006518789481627322,-0.004826867068274946,0.0008686245894249605,0.01210596678512437,0.364245031028986,128
trained,6,-0.6407904624938965,2,1,5,0.08644685828894899,0.10396788344287232,-0.09201506666173878,0.06431153640151024,0.12489863336086274,0.05394914746284485,128
trained,6,-0.6407904624938965,2,1,10,0.04466578953171936,0.05154041308682065,-0.07145717602312902,0.03845210336148739,0.057560748606920245,0.039871481945738196,128
trained,6,-0.6407904624938965,2,1,20,0.021479241698150513,0.027221451332636825,-0.11790817084960836,0.023248805105686186,0.025555067881941795,0.02392253023572266,128
trained,6,-0.6407904624938965,2,1,30,0.013800998799823388,0.019020330326510314,-0.1590225522689223,0.015162980804840723,0.017696405947208404,0.014218390919268131,128
trained,6,-0.6407904624938965,2,1,40,0.010040293851859956,0.014623951083444721,-0.18584218748321887,0.013071892503648996,0.011646067257970572,0.01128162193344906,128
trained,6,-0.6407904624938965,2,1,49,0.007908842271842303,0.01236513320110485,-0.2198035079498372,0.010281800463491557,0.00996659688499509,0.007828536443412304,128
trained,6,-0.6407904624938965,2,2,5,0.05380895890687641,0.047072847417537,0.06677231241885981,0.0059197102673351765,0.09542520493268966,0.4932754412293434,128
trained,6,-0.6407904624938965,2,2,10,0.02649620311238483,0.0256268389738641,0.01667907519798056,0.004024191386997699,0.048123301938176155,0.4785250648856163,128
trained,6,-0.6407904624938965,2,2,20,0.013886139709606185,0.014390445542353808,-0.017834750138184804,0.002581233263481408,0.025704413279891015,0.43428704887628555,128
trained,6,-0.6407904624938965,2,2,30,0.009857185865124025,0.009809738231173716,0.0024125599771257105,0.0018012778367847205,0.017865299681822457,0.4100026600062847,128
trained,6,-0.6407904624938965,2,2,40,0.0074981344547196335,0.007359383097026339,0.009338798167372887,0.001336553506553173,0.01351933777332306,0.4057643450796604,128
trained,6,-0.6407904624938965,2,2,49,0.006249732130603391,0.006177521921871105,0.0058106326966171,0.0009710012450434115,0.011456666932422288,0.3910442441701889,128
trained,6,-0.6407904624938965,2,3,5,0.0627888448057119,0.05389318210166573,0.07623849996222057,0.007438245741650462,0.10985536053776741,0.41353199630975723,128
trained,6,-0.6407904624938965,2,3,10,0.03144835846040024,0.02837689436516961,0.05134059531908104,0.004236596776172519,0.05567504055798054,0.40088362619280815,128
trained,6,-0.6407904624938965,2,3,20,0.015055436223105201,0.015300832705962502,-0.008083881567350243,0.002571010566316545,0.02778966836631298,0.3927864171564579,128
trained,6,-0.6407904624938965,2,3,30,0.010949875975705894,0.01062156273882293,0.015219811771136947,0.0018633177038282155,0.01970572645465533,0.35292866080999374,128
trained,6,-0.6407904624938965,2,3,40,0.008373152125965466,0.00857082867714429,-0.011666476341313932,0.0013514972990378738,0.015594800747931004,0.3221480920910835,128
trained,6,-0.6407904624938965,2,3,49,0.006566808052885434,0.006537241496819575,0.0022562915342660937,0.0010913901924326712,0.01201282920581954,0.35789326950907707,128
trained,6,-0.6407904624938965,3,0,5,0.0205294364377072,0.1903861001033911,-0.8053302589768245,0.1757802724838257,0.023457619454711677,0.003810542679275386,128
trained,6,-0.6407904624938965,3,0,10,0.008632486850295024,0.09356777767659767,-0.8310672307812074,0.09124440029263496,0.008567059133201837,0.0018853755136660766,128
trained,6,-0.6407904624938965,3,0,20,0.0044025345368336,0.04481320333590621,-0.8210924095610209,0.04502110593020916,0.004920760332606733,0.0011626450650510378,128
trained,6,-0.6407904624938965,3,0,30,0.0024057127777702037,0.030698724715145075,-0.8546591961447838,0.03076465502381325,0.0025460869694749516,0.0006777579874324147,128
trained,6,-0.6407904624938965,3,0,40,0.0015401237095768745,0.023195029225588765,-0.8754708560685683,0.023173459246754645,0.001815461623482406,0.0004431696070241742,128
trained,6,-0.6407904624938965,3,0,49,0.0017278878917101447,0.018767978993648897,-0.8313915774540735,0.01836801578803938,0.0020300444899773113,0.0004950663842464564,128
trained,6,-0.6407904624938965,3,1,5,0.09537540820606968,0.04798771070953983,0.3305431540178336,0.05269020199775696,0.09393081814050674,0.2668948955833912,128
trained,6,-0.6407904624938965,3,1,10,0.056507103348937805,0.024178756203298783,0.4006693034522208,0.038301239162683486,0.043293853849172594,0.1840490698814392,128
trained,6,-0.6407904624938965,3,1,20,0.03350999114431838,0.011467514180807726,0.4900778023076977,0.0254937956109643,0.019087632559239863,0.10837141890078783,128
trained,6,-0.6407904624938965,3,1,30,0.022917584132047416,0.007264654478587927,0.5186139389748659,0.018600948651631675,0.011467155317465465,0.09795690141618252,128
trained,6,-0.6407904624938965,3,1,40,0.018049308528070865,0.00530634474109959,0.5456051106584302,0.01517502348870039,0.008031298499554395,0.0717471269890666,128
trained,6,-0.6407904624938965,3,1,49,0.0146049846934607,0.004582366245996501,0.5223555079889197,0.012477820929215878,0.006767057870723763,0.05700094811618328,128
trained,6,-0.6407904624938965,3,2,5,0.0984810423432735,0.05407133758468116,0.29111118934541974,0.048435979336500165,0.10716957449913025,0.2219722494482994,128
trained,6,-0.6407904624938965,3,2,10,0.055736522181780504,0.02764757193169793,0.33686221033377317,0.03235306292772293,0.051821034774184226,0.15825900435447693,128
trained,6,-0.6407904624938965,3,2,20,0.032347857051172615,0.012632212360730468,0.43831957015136286,0.0221458051353693,0.022479997761547566,0.1074839299544692,128
trained,6,-0.6407904624938965,3,2,30,0.022757190972535334,0.007944965251599127,0.4824490375307943,0.016729946558674175,0.013864203045765558,0.0821755058132112,128
trained,6,-0.6407904624938965,3,2,40,0.01767258531020093,0.005811597205497123,0.5050628479943996,0.013504567369818688,0.00984061872586608,0.06619254872202873,128
trained,6,-0.6407904624938965,3,2,49,0.014342473289523611,0.0049902924442230085,0.48374769412800595,0.011095965699273713,0.0082904793017981,0.050064167473465204,128
trained,6,-0.6407904624938965,3,3,5,0.09867454690542835,0.05255929775686072,0.30492677912963073,0.049052385985851286,0.10535187795758247,0.22797865234315395,128
trained,6,-0.6407904624938965,3,3,10,0.05578170105316719,0.026880583579133945,0.3496288253130401,0.033587262779474256,0.04988786429166794,0.16524871066212654,128
trained,6,-0.6407904624938965,3,3,20,0.032741376304778205,0.013229314400796605,0.42444569798884824,0.022433597035706042,0.023186485469341277,0.0875983452424407,128
trained,6,-0.6407904624938965,3,3,30,0.022860628360215914,0.007965947627528131,0.4831766180624925,0.016889852409561475,0.013828116779526075,0.0784609317779541,128
trained,6,-0.6407904624938965,3,3,40,0.017643351799885746,0.0058569347536241686,0.5015435458168769,0.013330249581485987,0.010031915362924337,0.06551341013982892,128
trained,6,-0.6407904624938965,3,3,49,0.014502716880851557,0.0048683255891757106,0.4973604960128366,0.011236886740947256,0.008189455967168418,0.04810924082994461,128
trained,6,-0.6407904624938965,4,0,5,0.10926512668007299,0.041557499226307706,0.4489222160562577,0.09961890578269958,0.05585861466825008,0.22261239029467106,128
trained,6,-0.6407904624938965,4,0,10,0.06360767242756296,0.021336810190194674,0.49762928602538725,0.05725018829107285,0.028883160650730134,0.13866650592535734,128
trained,6,-0.6407904624938965,4,0,20,0.03578883234052878,0.011156782313483729,0.5246933117833834,0.031240196153521537,0.015262811817228794,0.06993983592838049,128
trained,6,-0.6407904624938965,4,0,30,0.025020217845472432,0.006938511854367025,0.5657830007752298,0.0218020165959994,0.010024865592519442,0.04519350454211235,128
trained,6,-0.6407904624938965,4,0,40,0.01908897053111683,0.0052851576142329505,0.5663305302245697,0.016549540124833582,0.007662824355065823,0.03150540846399963,128
trained,6,-0.6407904624938965,4,0,49,0.01534698639931978,0.004460232696753423,0.5496356479529745,0.013364445798251093,0.0065052614984463675,0.0263843503780663,128
trained,6,-0.6407904624938965,4,1,5,0.061292631932866506,0.14158952316181772,-0.3957809457962492,0.1080353893339634,0.08932635858654976,0.013191270409151912,128
trained,6,-0.6407904624938965,4,1,10,0.027756632642543064,0.07295130303435003,-0.44876970307840275,0.05885817110538483,0.04057866297662258,0.005631647334666923,128
trained,6,-0.6407904624938965,4,1,20,0.012649589525676476,0.03676743225601208,-0.4880472731925016,0.03085302412509918,0.018997366726398467,0.002992216788697988,128
trained,6,-0.6407904624938965,4,1,30,0.008493274419030012,0.02465025025045243,-0.48748514203173426,0.019653200854857764,0.013608134165406228,0.0021599370520561934,128
trained,6,-0.6407904624938965,4,1,40,0.006486641748149404,0.018335198619651057,-0.4773440121867259,0.014543774724006652,0.010416915826499461,0.0015723900723969564,128
trained,6,-0.6407904624938965,4,1,49,0.004750127911794465,0.015700298520981922,-0.5354495000212761,0.012632420628654713,0.007755153869487801,0.001008851031656377,128
trained,6,-0.6407904624938965,4,2,5,0.1021223535314638,0.07169691508248348,0.17504065395868282,0.06607460901141167,0.10983641147613525,0.12044491432607174,128
trained,6,-0.6407904624938965,4,2,10,0.05489200081868737,0.036645601416707425,0.19933228483371052,0.0401917539536953,0.05185903050005436,0.0794921712949872,128
trained,6,-0.6407904624938965,4,2,20,0.029866605499194745,0.018124814959370166,0.24466436765958208,0.02256721891462803,0.02521321624517441,0.04439129214733839,128
trained,6,-0.6407904624938965,4,2,30,0.02104647162078185,0.01113349365719595,0.30804812490154393,0.01586896727482478,0.016238716368873914,0.03676949627697468,128
trained,6,-0.6407904624938965,4,2,40,0.016155953652302737,0.00824249656043918,0.32434261285196175,0.012431535311043263,0.011874179355800152,0.027771436842158437,128
trained,6,-0.6407904624938965,4,2,49,0.012746974646327007,0.007196037871781032,0.27833993330884416,0.010206724992211985,0.00976814877013771,0.021231201710179448,128
trained,6,-0.6407904624938965,4,3,5,0.11129727558782923,0.039864794519923676,0.4725555889550452,0.1006804347038269,0.05539262145757675,0.21963470987975597,128
trained,6,-0.6407904624938965,4,3,10,0.06437231487053868,0.02068168154866749,0.5136811338766399,0.05890447422862053,0.02737831901758909,0.1371720526367426,128
trained,6,-0.6407904624938965,4,3,20,0.036170159812569144,0.01096748518925489,0.5346613014248878,0.03158808499574661,0.015096698515117168,0.06630431627854705,128
trained,6,-0.6407904624938965,4,3,30,0.024506752538530924,0.007563690858148616,0.5283076841278791,0.02045983523130417,0.011487065628170968,0.04159298399463296,128
trained,6,-0.6407904624938965,4,3,40,0.018633541476585178,0.005721905746975461,0.5301333870227316,0.015591126680374146,0.008613012917339801,0.031834430526942015,128
trained,6,-0.6407904624938965,4,3,49,0.015451144779038414,0.004332471383237319,0.5620142093355338,0.013249126319982568,0.006598308834494377,0.02747564995661378,128
trained,6,-0.6407904624938965,5,0,5,0.12484485085247553,0.02538382226988773,0.6620642152707651,0.08911502137780189,0.06795159429311752,0.21466690860688686,128
trained,6,-0.6407904624938965,5,0,10,0.07360570916288892,0.01180878894888703,0.7234945071316711,0.05025001652538776,0.036902521178126334,0.12847462110221386,128
trained,6,-0.6407904624938965,5,0,20,0.04108979195569751,0.006365209703525944,0.7317370358723966,0.02773994840681553,0.01909109465777874,0.06337912240996957,128
trained,6,-0.6407904624938965,5,0,30,0.028158124071103203,0.004056469330250169,0.7481595201227135,0.018805534640947977,0.013233316938082378,0.03883443959057331,128
trained,6,-0.6407904624938965,5,0,40,0.02100211754146772,0.0034056785944345837,0.7209351818712124,0.01440003402531147,0.009801553841680289,0.03193649114109576,128
trained,6,-0.6407904624938965,5,0,49,0.017149621652664832,0.002620493948956649,0.7349035279177452,0.011905367885317122,0.007948141925188959,0.027178009739145637,128
trained,6,-0.6407904624938965,5,1,5,0.14813357208207337,0.01262276149636147,0.8429578329413173,0.10099162310361862,0.06908107846975327,0.1496364986523986,128
trained,6,-0.6407904624938965,5,1,10,0.08490446490719689,0.005686233664632227,0.8744631898260314,0.05581066533923149,0.037008043751120566,0.07181288814172149,128
trained,6,-0.6407904624938965,5,1,20,0.04633773008602995,0.002925779118687944,0.8812192161557035,0.029157033935189248,0.01932641677558422,0.030330961104482412,128
trained,6,-0.6407904624938965,5,1,30,0.031368606863592254,0.0014925317563339992,0.9091612878025144,0.019074183702468873,0.013569109390179317,0.02070121862925589,128
trained,6,-0.6407904624938965,5,1,40,0.023542329350950218,0.0013409298819464606,0.8922223274819395,0.014344519376754761,0.010278567299246788,0.015076524345204234,128
trained,6,-0.6407904624938965,5,1,49,0.01892190865496706,0.0011339739509849231,0.8869185691093094,0.011755149431374609,0.00840283230859406,0.012258886476047337,128
trained,6,-0.6407904624938965,5,2,5,0.072680377820779,0.12854606913240163,-0.2776259888161881,0.0878874383866787,0.10949824899435043,0.013071585213765502,128
trained,6,-0.6407904624938965,5,2,10,0.03725165980202811,0.06290289366743572,-0.2561165017122492,0.036875893175601956,0.06255721822381019,0.005668867874192074,128
trained,6,-0.6407904624938965,5,2,20,0.017967353098527154,0.03167902938421195,-0.27618681562903086,0.016572598926723005,0.03332016579806805,0.0021447343315230682,128
trained,6,-0.6407904624938965,5,2,30,0.01132353868214306,0.021894673896797442,-0.3182331135130967,0.011470457166433334,0.021824836482604346,0.0011411827144911513,128
trained,6,-0.6407904624938965,5,2,40,0.009053430444167065,0.015847574513851447,-0.2728461795363691,0.00775385438464582,0.01722676809877157,0.0007750671538815368,128
trained,6,-0.6407904624938965,5,2,49,0.007610120195789131,0.01281405229305441,-0.25479280004382415,0.005784437744593134,0.014609865083986399,0.0006791667365178,128
trained,6,-0.6407904624938965,5,3,5,0.12240669044137698,0.010412743927648403,0.8432045132922453,0.07341584041714669,0.06710317507386207,0.2974049262702465,128
trained,6,-0.6407904624938965,5,3,10,0.07274274478205069,0.005241905521733202,0.8655657106431457,0.04436202347278595,0.03552108928561211,0.20116887986660004,128
trained,6,-0.6407904624938965,5,3,20,0.04179386497018066,0.003028688047450044,0.8648587443606277,0.024375885352492334,0.01975010521709919,0.11748018115758896,128
trained,6,-0.6407904624938965,5,3,30,0.029280519435438253,0.0015957502815814645,0.8966358114723836,0.018076312293608985,0.012598089873790741,0.07976794708520174,128
trained,6,-0.6407904624938965,5,3,40,0.022172258022745608,0.001411951013973781,0.8802630173252299,0.01367672048509121,0.009664204437285662,0.06636302825063467,128
trained,6,-0.6407904624938965,5,3,49,0.0180319191612771,0.001158366110020528,0.8792757800018011,0.011724932309316129,0.007562203674900288,0.054930333979427814,128
trained,7,0.23712193965911865,0,0,5,0.07062113856355222,0.07109737323329354,-0.003360426691614208,0.007373280078172684,0.13435564786195756,0.29135533794760704,128
trained,7,0.23712193965911865,0,0,10,0.038688506955414814,0.03838533055996467,0.003933583758376076,0.0070296806748956445,0.07003089264035225,0.22939427942037582,128
trained,7,0.23712193965911865,0,0,20,0.021290646842968317,0.02113743296152429,0.0036111434254489537,0.004649397172033787,0.03778059743344784,0.1514000967144966,128
trained,7,0.23712193965911865,0,0,30,0.014616315093734693,0.014516087304096786,0.0034404230816860804,0.0036830021378894645,0.025447416802247366,0.12608741968870163,128
trained,7,0.23712193965911865,0,0,40,0.011205083307442356,0.011043154892412204,0.007278257881288398,0.002654195576906204,0.019593092799186706,0.11010844353586435,128
trained,7,0.23712193965911865,0,0,49,0.00951964955203166,0.009362798677470504,0.008306702216070891,0.0024873288348317146,0.016394469658939207,0.0747918738052249,128
trained,7,0.23712193965911865,0,1,5,0.06137166655482575,0.06049777134478274,0.007170749493041248,0.0012993759417440742,0.12055094465613365,0.39074840396642685,128
trained,7,0.23712193965911865,0,1,10,0.03219053675146664,0.032499891198323874,-0.0047820745148348665,0.00162513367831707,0.06307882592082023,0.35296039655804634,128
trained,7,0.23712193965911865,0,1,20,0.01621291501286589,0.016118442899064174,0.002921996473396952,0.001311143778730184,0.031021394953131675,0.3533492311835289,128
trained,7,0.23712193965911865,0,1,30,0.012316291441192789,0.01208434139014021,0.009505903090563468,0.0010106273461133243,0.02338541348775228,0.26811874099075794,128
trained,7,0.23712193965911865,0,1,40,0.009203095614090415,0.009142705954394294,0.0032917427710855715,0.0008567175478674472,0.0174887303262949,0.2661821022629738,128
trained,7,0.23712193965911865,0,1,49,0.007939275548582538,0.007741203002227076,0.012631792180386205,0.0007983223791709359,0.014881335046826576,0.23169677890837193,128
trained,7,0.23712193965911865,0,2,5,0.07060912546639245,0.06813591481713345,0.01782557880402181,0.004978813137859106,0.13371212780475616,0.30654528364539146,128
trained,7,0.23712193965911865,0,2,10,0.03925173695570503,0.03819879086431629,0.01359507960774615,0.005507038021460175,0.07189742475748062,0.2259553875774145,128
trained,7,0.23712193965911865,0,2,20,0.020672671220920705,0.02088437955590743,-0.005094402298145667,0.003715965221635997,0.03783843964338303,0.16891190502792597,128
trained,7,0.23712193965911865,0,2,30,0.0144391346180477,0.014230455514481167,0.007278761314501145,0.0030916104093194007,0.02557384967803955,0.14003619272261858,128
trained,7,0.23712193965911865,0,2,40,0.011113181891750493,0.010955024367397271,0.007166759386277476,0.0020859892014414073,0.019981290400028228,0.11730881594121456,128
trained,7,0.23712193965911865,0,2,49,0.00940560126510752,0.009073051811210993,0.017996411995239693,0.0020475050016325346,0.016429769141333445,0.09461355116218328,128
trained,7,0.23712193965911865,0,3,5,0.0689635867127976,0.0676433223467719,0.009664696867127894,0.004219563468359411,0.13235846757888795,0.3171098530292511,128
trained,7,0.23712193965911865,0,3,10,0.034703390660628775,0.03370667039277311,0.014569790649112907,0.003831399721093476,0.06453505307435989,0.31633545830845833,128
trained,7,0.23712193965911865,0,3,20,0.019783554989614604,0.019740774284435225,0.001082389150279273,0.002797692781314254,0.03672717213630676,0.20950272306799889,128
trained,7,0.23712193965911865,0,3,30,0.013988348933512803,0.013690727967407414,0.01075256111899965,0.0024869265034794807,0.025186259051163992,0.16980439517647028,128
trained,7,0.23712193965911865,0,3,40,0.010827371507356116,0.01060847763876313,0.010211579074412468,0.0019153832923620938,0.019519183225929736,0.1426173308864236,128
trained,7,0.23712193965911865,0,3,49,0.008993048565608357,0.008810318322664747,0.010263802576225578,0.0017523621113932862,0.016050246753254716,0.12767214607447386,128
trained,7,0.23712193965911865,1,0,5,0.05917838929941098,0.06509789195629435,-0.047631797451808504,0.009411572199314832,0.11499420329928398,0.3779711425304413,128
trained,7,0.23712193965911865,1,0,10,0.03648977731567582,0.034532825746935995,0.02755392627593597,0.008987290225923062,0.061949698626995085,0.29063011333346367,128
trained,7,0.23712193965911865,1,0,20,0.01996174583464493,0.020088528907751736,-0.0031655980868823047,0.005944107240065932,0.03410458341240883,0.19902618788182735,128
trained,7,0.23712193965911865,1,0,30,0.013893857265760238,0.013047795251879433,0.03140349365338498,0.004996678729852041,0.021928228934605918,0.19225277192890644,128
trained,7,0.23712193965911865,1,0,40,0.010957195341938371,0.010314244668460587,0.03022600600303688,0.0039139414671808485,0.017353730835020544,0.14929308742284775,128
trained,7,0.23712193965911865,1,0,49,0.008503343369614952,0.008536759540367672,-0.001961031041143735,0.0033984850635942147,0.013641756103963268,0.1650281772017479,128
trained,7,0.23712193965911865,1,1,5,0.08913049987329842,0.08458238639598228,0.026181785214481473,0.0740138590335846,0.09959953352808952,0.1319330157712102,128
trained,7,0.23712193965911865,1,1,10,0.04697777671751633,0.04339377644533169,0.03965850034342856,0.051862668618559836,0.038352083414793015,0.09785246849060059,128
trained,7,0.23712193965911865,1,1,20,0.02457723555005627,0.022085666467871846,0.0533950734820084,0.032484935224056245,0.014209112152457237,0.06611904827877879,128
trained,7,0.23712193965911865,1,1,30,0.016604360307821177,0.014971100029833349,0.05172562048092767,0.023941403130690257,0.007601733567814032,0.05370591999962926,128
trained,7,0.23712193965911865,1,1,40,0.012900080240545666,0.011204795744812604,0.07032952572303125,0.019333713874220847,0.0047612295020371675,0.036202273331582546,128
trained,7,0.23712193965911865,1,1,49,0.01035125630427888,0.009482263420906927,0.04381435546332396,0.01606691096510206,0.0037630064679043634,0.02833405276760459,128
trained,7,0.23712193965911865,1,2,5,0.06546534059908443,0.07676832245759643,-0.07946769854284239,0.010008691810071468,0.1324722245335579,0.28759542666375637,128
trained,7,0.23712193965911865,1,2,10,0.03557152374117982,0.0366048338170537,-0.014316461938743096,0.00781759899109602,0.0644039660692215,0.2777843475341797,128
trained,7,0.23712193965911865,1,2,20,0.02132990937909962,0.019678968417493604,0.04025813556163465,0.005306971538811922,0.03572254404425621,0.1794097051024437,128
trained,7,0.23712193965911865,1,2,30,0.014187260211210828,0.013464482495441379,0.026138595437221097,0.003943586970369021,0.023693851629892983,0.1708768717944622,128
trained,7,0.23712193965911865,1,2,40,0.011398616708332055,0.010323225688008428,0.04950735764730953,0.0031018809648230674,0.018613660149276255,0.13137836754322052,128
trained,7,0.23712193965911865,1,2,49,0.008818156437502814,0.008470628480375211,0.020101352336689048,0.002629742824605533,0.014657601410028885,0.1529201166704297,128
trained,7,0.23712193965911865,1,3,5,0.09118190664833727,0.08167484120126893,0.05499967785628448,0.1205239936709404,0.052124785259366035,0.13675609230995178,128
trained,7,0.23712193965911865,1,3,10,0.05015493841732249,0.04136961377309468,0.09598872033652703,0.07685005217790604,0.01429014215245843,0.0885980548337102,128
trained,7,0.23712193965911865,1,3,20,0.02642500106199288,0.02075819199598288,0.1201022800412612,0.04310667254030705,0.004147356608882546,0.05491944449022412,128
trained,7,0.23712193965911865,1,3,30,0.01782538292891921,0.014323651729735704,0.10892181479955806,0.03023570676644643,0.0018440217866251866,0.037608122918754816,128
trained,7,0.23712193965911865,1,3,40,0.01346970841083639,0.010865782672919115,0.10700115846638711,0.023312808386981486,0.0010074256220832466,0.027190648252144456,128
trained,7,0.23712193965911865,1,3,49,0.010895552789405337,0.009102524102926633,0.08966005561647582,0.01928658889872687,0.0007040547587129534,0.02045844041276723,128
trained,7,0.23712193965911865,2,0,5,0.05791925355649223,0.05666420729517572,0.01095311881817096,0.005956529732793569,0.10859947726130485,0.4272199794650078,128
trained,7,0.23712193965911865,2,0,10,0.028228877611409606,0.027840059139057547,0.006934650358638827,0.003977351495996118,0.05207457318902016,0.4394807368516922,128
trained,7,0.23712193965911865,2,0,20,0.015354172775038966,0.015171931325634824,0.005970019914665411,0.002268576552160084,0.02825980558991432,0.389432355761528,128
trained,7,0.23712193965911865,2,0,30,0.009728732195214689,0.009339346461934137,0.020420816394846684,0.0014581488290180762,0.017602222909530004,0.42818882688879967,128
trained,7,0.23712193965911865,2,0,40,0.007391327724943929,0.007780915047358541,-0.025677635682190718,0.0009753211052156985,0.014199204370379448,0.3930189982056618,128
trained,7,0.23712193965911865,2,0,49,0.005903962022632962,0.005773585953383871,0.01116467853574143,0.0010871239462677314,0.010589883871832672,0.4278266280889511,128
trained,7,0.23712193965911865,2,1,5,0.09159299131399526,0.09674059287488278,-0.02733236126222556,0.055378851294517514,0.13306732922792436,0.05776908481493592,128
trained,7,0.23712193965911865,2,1,10,0.04493923008052352,0.050590186775801425,-0.05915410018379697,0.038060377910733224,0.05771626867353916,0.042233535554260015,128
trained,7,0.23712193965911865,2,1,20,0.022970320265970113,0.02580056066000009,-0.058031356830892486,0.021920326352119445,0.026815175637602807,0.025289964163675904,128
trained,7,0.23712193965911865,2,1,30,0.01564481205185212,0.016987886078145824,-0.04115730856523663,0.015350112815697987,0.01730916661520799,0.020221610320731997,128
trained,7,0.23712193965911865,2,1,40,0.011250683554029183,0.013361379753038721,-0.08575860433113897,0.012231719121336937,0.012392711639404298,0.015022753621451557,128
trained,7,0.23712193965911865,2,1,49,0.00930206431359234,0.010900986690527296,-0.07914261942563898,0.009728258513674443,0.010481420752345299,0.009725727024488151,128
trained,7,0.23712193965911865,2,2,5,0.05571403861426698,0.05568798601809627,0.00023386106542004701,0.0074701698031276464,0.10393128916621208,0.4429927095770836,128
trained,7,0.23712193965911865,2,2,10,0.029148865564196717,0.029009406081216778,0.002397930320691347,0.005168988788500428,0.052983181551098824,0.4184782914817333,128
trained,7,0.23712193965911865,2,2,20,0.015431705540345038,0.015493067570879489,-0.0019842354319551726,0.003582302527502179,0.02734170388430357,0.3815198764204979,128
trained,7,0.23712193965911865,2,2,30,0.009992039292322336,0.010027993930859512,-0.0017959330104281137,0.0019154506114621957,0.018105294555425644,0.39937765523791313,128
trained,7,0.23712193965911865,2,2,40,0.0075563091660295345,0.007641071115882652,-0.005577405334024764,0.0013872620766051114,0.013810614496469498,0.39208492636680603,128
trained,7,0.23712193965911865,2,2,49,0.0062858023935123165,0.005989642664151329,0.024126190777251408,0.0011680449397132105,0.011106172006349174,0.39856335520744324,128
trained,7,0.23712193965911865,2,3,5,0.054893791104277105,0.05590420687964203,-0.009119440727642522,0.008181962464004756,0.10263813585042954,0.44589948654174805,128
trained,7,0.23712193965911865,2,3,10,0.030620268357345482,0.030390441060780052,0.0037669992490430623,0.006062903115525842,0.054937752336263655,0.38999346643686295,128
trained,7,0.23712193965911865,2,3,20,0.014548073396270659,0.013763389255427107,0.027716128639110757,0.003643020708113909,0.02467825058847666,0.4335745833814144,128
trained,7,0.23712193965911865,2,3,30,0.01047584785031715,0.010094888972554191,0.0185194570823965,0.0022675642122824986,0.01829563205440839,0.3831040859222412,128
trained,7,0.23712193965911865,2,3,40,0.007711019497254977,0.007829619472466626,-0.007631602242037149,0.0015779263339936733,0.013963407184928656,0.37834663689136505,128
trained,7,0.23712193965911865,2,3,49,0.006732141441005642,0.006611044348592264,0.009075575676890242,0.0014359262315746472,0.011906757342572115,0.34620848298072815,128
trained,7,0.23712193965911865,3,0,5,0.047086578207655834,0.14837678856805925,-0.5182055954050506,0.14275209456682206,0.0549269899725914,0.011604552273638546,128
trained,7,0.23712193965911865,3,0,10,0.017668906380148494,0.07901144598772426,-0.6344881674978838,0.08044655844569207,0.018917529098689555,0.006359119259286672,128
trained,7,0.23712193965911865,3,0,20,0.007002342492341995,0.04328038949000684,-0.7214812236073082,0.04275815710425377,0.007071099570021033,0.003414885577512905,128
trained,7,0.23712193965911865,3,0,30,0.005106038355548627,0.027705858628036296,-0.6887690852834598,0.027943676710128783,0.005315509128073851,0.0022244450519792736,128
trained,7,0.23712193965911865,3,0,40,0.003733609959278219,0.02112108434288247,-0.6995650065747598,0.021046527847647666,0.003910046606324613,0.001737048543873243,128
trained,7,0.23712193965911865,3,0,49,0.0037255403593187335,0.01659586347069351,-0.6333382879648076,0.016491007591996874,0.0038837493036170396,0.0016369185614166781,128
trained,7,0.23712193965911865,3,1,5,0.09350888797650322,0.06434613047025255,0.18474393651224008,0.05483655035495758,0.1023805357515812,0.21391457878053188,128
trained,7,0.23712193965911865,3,1,10,0.05280063861335804,0.032334865210299005,0.24039058305463054,0.03401970900595188,0.05022041909396648,0.15759874880313873,128
trained,7,0.23712193965911865,3,1,20,0.02946007325325483,0.015399295317975781,0.31344128066891963,0.0225729888305068,0.022462140209972857,0.09929743781685829,128
trained,7,0.23712193965911865,3,1,30,0.020782303987476703,0.010153079666083144,0.3435943914607576,0.016469810654719672,0.014255203555027645,0.07824959233403206,128
trained,7,0.23712193965911865,3,1,40,0.015688255587354857,0.007821161399767237,0.3346358691737185,0.012525128666311502,0.010938192438334226,0.06146716931834817,128
trained,7,0.23712193965911865,3,1,49,0.012941407042743684,0.006437655591555874,0.33560712267584225,0.010798184999397822,0.008553917462728461,0.05174700915813446,128
trained,7,0.23712193965911865,3,2,5,0.09322358396487496,0.0662725095719737,0.16897639180426527,0.043460562080144885,0.11544597148895264,0.2054673135280609,128
trained,7,0.23712193965911865,3,2,10,0.05368095597410514,0.03284109281208701,0.24086187803152262,0.030976315215229987,0.054633991420269014,0.1438969448208809,128
trained,7,0.23712193965911865,3,2,20,0.030188622298064054,0.015298227720622774,0.3273560286323779,0.020798619836568832,0.024874358251690865,0.08654040656983852,128
trained,7,0.23712193965911865,3,2,30,0.021018272251935873,0.009931822597554317,0.35820406069631056,0.01499493991335233,0.015735735868414244,0.07807972654700279,128
trained,7,0.23712193965911865,3,2,40,0.015885598158321117,0.007748056430261112,0.34432007530680653,0.011702325101941824,0.011883648298680782,0.056561047211289406,128
trained,7,0.23712193965911865,3,2,49,0.013039390742301635,0.006357744104258785,0.3444656486926059,0.00976068556916957,0.009608751276926118,0.050897582434117794,128
trained,7,0.23712193965911865,3,3,5,0.09309806762792813,0.06369957027085331,0.18749324129401188,0.046610113605856894,0.10954443216323853,0.21922728419303894,128
trained,7,0.23712193965911865,3,3,10,0.05497309156492645,0.032306566209850195,0.2596999797284615,0.03155018426477909,0.054737814515829084,0.13712000660598278,128
trained,7,0.23712193965911865,3,3,20,0.029313086727519096,0.015769842304760896,0.300407376210198,0.020072340592741968,0.025179880484938622,0.09495559986680746,128
trained,7,0.23712193965911865,3,3,30,0.021078646119672105,0.01006098933312452,0.35381457187882026,0.014943237726887068,0.015978340432047843,0.07235266873613,128
trained,7,0.23712193965911865,3,3,40,0.015694934867454186,0.008019874906076968,0.32363995470964957,0.011396181210875512,0.012273658160120248,0.053206431213766336,128
trained,7,0.23712193965911865,3,3,49,0.01295922224696462,0.006459849340342536,0.33469019757543733,0.009624877830549163,0.009767251203254777,0.04978568945080042,128
trained,7,0.23712193965911865,4,0,5,0.09977103422244137,0.05874718657327355,0.25879578664825625,0.09123163744807243,0.06638918668031693,0.2118958756327629,128
trained,7,0.23712193965911865,4,0,10,0.06046401753145106,0.028713051073565456,0.35604407000818883,0.05335002467036247,0.03443793877959252,0.12212035711854696,128
trained,7,0.23712193965911865,4,0,20,0.033179906047420736,0.013079932218865503,0.4345016018521062,0.030501634627580643,0.016009454615414143,0.06977823376655579,128
trained,7,0.23712193965911865,4,0,30,0.02296018245749722,0.00922868200658656,0.42659163903733316,0.020946411043405534,0.010970683644215266,0.04248714307323098,128
trained,7,0.23712193965911865,4,0,40,0.017783358335963402,0.006486629930514734,0.4654608103204698,0.016150350868701934,0.008053445536643267,0.0318481286522001,128
trained,7,0.23712193965911865,4,0,49,0.014708379885343417,0.0052211962642651506,0.47603539329603695,0.013514251277154806,0.006375995901774387,0.02537784888409078,128
trained,7,0.23712193965911865,4,1,5,0.06735947794807605,0.12708722414955817,-0.30716769971848057,0.11532480418682098,0.08042844533920288,0.021233774488791823,128
trained,7,0.23712193965911865,4,1,10,0.02548183705292496,0.07150266341820448,-0.47451733154520476,0.06785934120416641,0.031138573959469795,0.010020884801633656,128
trained,7,0.23712193965911865,4,1,20,0.011302691366937425,0.038809525815746454,-0.5489047580549883,0.03451568335294723,0.01525269951671362,0.004632338997907937,128
trained,7,0.23712193965911865,4,1,30,0.007251750966821036,0.02562982580634985,-0.5589170788781987,0.023916831612586974,0.009328477767606575,0.002640701422933489,128
trained,7,0.23712193965911865,4,1,40,0.005754235451254254,0.019107704347777137,-0.537104868080568,0.017578447237610817,0.00736173503100872,0.0023926853318698704,128
trained,7,0.23712193965911865,4,1,49,0.004783391036400992,0.015541569851208732,-0.5293087093140096,0.01430322518762277,0.006066333198425721,0.0018916614062618464,128
trained,7,0.23712193965911865,4,2,5,0.09532409735000172,0.08123917244260828,0.07977267822383284,0.06414872035384178,0.11210644841194153,0.11872416734695435,128
trained,7,0.23712193965911865,4,2,10,0.052317821901608136,0.040924038001877105,0.1221960170185639,0.03974760621786118,0.052995774894952774,0.07256619911640882,128
trained,7,0.23712193965911865,4,2,20,0.028312253363338518,0.0193364539101154,0.18837445896534002,0.02286232225596905,0.024898583255708217,0.04478189768269658,128
trained,7,0.23712193965911865,4,2,30,0.019149349549118188,0.013306331951114081,0.1800306549650563,0.015496877456704776,0.0168431606143713,0.02979886415414512,128
trained,7,0.23712193965911865,4,2,40,0.015254935206505076,0.009167632408512448,0.24924909181130797,0.011977323796600103,0.012409576307982206,0.02452400210313499,128
trained,7,0.23712193965911865,4,2,49,0.012724036632956811,0.0073005713974343064,0.27084001979067623,0.009942068585327693,0.010060056815950237,0.01989585254341364,128
trained,7,0.23712193965911865,4,3,5,0.10574453174115751,0.05351206833434032,0.32797675814834476,0.09350252524018288,0.06461149156093597,0.2094299364835024,128
trained,7,0.23712193965911865,4,3,10,0.06292449337205076,0.026352980001244003,0.4096387586763473,0.05556111484766006,0.03211635611951351,0.12322529777884483,128
trained,7,0.23712193965911865,4,3,20,0.03309698310899146,0.013157179744183263,0.4310920819748121,0.0301661416888237,0.01633726917207241,0.06993179628625512,128
trained,7,0.23712193965911865,4,3,30,0.02403966476002611,0.008166243277482528,0.4928729680145554,0.02106952319542567,0.010822222009301186,0.043247617315500975,128
trained,7,0.23712193965911865,4,3,40,0.01751590889891379,0.006755433730708743,0.443340746820855,0.015369276516139507,0.008839016407728195,0.03166829328984022,128
trained,7,0.23712193965911865,4,3,49,0.01394376150125729,0.0059973462947628614,0.3984941703029097,0.012407928097004793,0.007500238336470662,0.02449985546991229,128
trained,7,0.23712193965911865,5,0,5,0.1227710003289171,0.03907943118238303,0.5170920359280831,0.08807821571826935,0.07194146141409874,0.1999016087502241,128
trained,7,0.23712193965911865,5,0,10,0.0720489204319474,0.01869274131552188,0.5880009037560476,0.051696190237998964,0.03671114034950733,0.11592668946832418,128
trained,7,0.23712193965911865,5,0,20,0.037622412413726616,0.009052834461761427,0.612092701460497,0.028627651557326318,0.01840471550822258,0.059352654963731766,128
trained,7,0.23712193965911865,5,0,30,0.027251512413957294,0.00520480860241587,0.6792730389787649,0.01912282531460126,0.012897154440482457,0.039400594774633646,128
trained,7,0.23712193965911865,5,0,40,0.01959820636831707,0.004782679127258004,0.6076697765198188,0.014565995894372463,0.009728079754859209,0.028236971935257316,128
trained,7,0.23712193965911865,5,0,49,0.016018994221731597,0.004001459533277108,0.6002628529259826,0.011952123623721453,0.008018512354821575,0.02143881330266595,128
trained,7,0.23712193965911865,5,1,5,0.1358034450786944,0.036621463772718334,0.575218406470906,0.10203771814703941,0.06821758449077606,0.14872346632182598,128
trained,7,0.23712193965911865,5,1,10,0.08326171426212087,0.012332420684620291,0.7419837379801155,0.055095716193318364,0.037395258992910387,0.07509024115279317,128
trained,7,0.23712193965911865,5,1,20,0.043400962043691566,0.004542911778899688,0.8104904165184789,0.029097674787044524,0.019331926479935646,0.03140800097025931,128
trained,7,0.23712193965911865,5,1,30,0.02997925861735653,0.0031729999309419,0.8085801649547616,0.018947182099024455,0.013674535478154818,0.021348450565710664,128
trained,7,0.23712193965911865,5,1,40,0.022453647980755578,0.0022740114776833545,0.8160754775911209,0.014573407731950283,0.010036011692136526,0.015623224375303835,128
trained,7,0.23712193965911865,5,1,49,0.018273061031032517,0.0019594086999550966,0.8063104775234372,0.01199895310766843,0.008165889172529688,0.011922703473828733,128
trained,7,0.23712193965911865,5,2,5,0.07947235518751053,0.11613141360268316,-0.18741488797338068,0.08722203224897385,0.10918365269899369,0.017971570254303515,128
trained,7,0.23712193965911865,5,2,10,0.03511178415585187,0.06295597981550023,-0.28392811798480866,0.0455129187554121,0.053773028403520585,0.007140521425753832,128
trained,7,0.23712193965911865,5,2,20,0.015777596628960267,0.03430896356135984,-0.3699868160563164,0.023042506910860537,0.026812411658465863,0.0029016093467362225,128
trained,7,0.23712193965911865,5,2,30,0.012115973215174092,0.020978305142551692,-0.2677904570486251,0.012907417491078377,0.02036226118604342,0.0019096491887466982,128
trained,7,0.23712193965911865,5,2,40,0.007827714149984724,0.017091048157330854,-0.3717413366174646,0.010333327297121286,0.014639712311327458,0.0010784099067677744,128
trained,7,0.23712193965911865,5,2,49,0.006049606458827008,0.014305504968182252,-0.4055933831929249,0.008815070500179214,0.011574264995905817,0.0009225684771081433,128
trained,7,0.23712193965911865,5,3,5,0.11651562425656059,0.029539262300602158,0.5955046353161366,0.07765089198946953,0.06650138422846794,0.2792386207729578,128
trained,7,0.23712193965911865,5,3,10,0.0737601495256611,0.010893421080298053,0.7426352839533377,0.04295778125524521,0.03894537128508091,0.18096847087144852,128
trained,7,0.23712193965911865,5,3,20,0.038952161132553474,0.004533834331020524,0.7914807154310621,0.024535572342574596,0.019380651786923407,0.12167551275342703,128
trained,7,0.23712193965911865,5,3,30,0.027748602229654473,0.003093867672110724,0.7993761406032309,0.01753855894009272,0.01281595230102539,0.0893646664917469,128
trained,7,0.23712193965911865,5,3,40,0.02108472569283896,0.002347475325019614,0.7996368054686513,0.013421268202364445,0.009901144169270992,0.06710349721834064,128
trained,7,0.23712193965911865,5,3,49,0.01740310026444268,0.001976660676667258,0.7960077337308937,0.011293420073937396,0.008022391902548926,0.0535252052359283,128
trained,8,0.5009912252426147,0,0,5,0.06997639965859188,0.07111605032821375,-0.008077332768127294,0.008208358287811279,0.13290546089410782,0.29443090222775936,128
trained,8,0.5009912252426147,0,0,10,0.03791233952060068,0.03720202225788384,0.009456477375154116,0.006832219101488591,0.06829546019434929,0.24872320145368576,128
trained,8,0.5009912252426147,0,0,20,0.021220966334573623,0.02048622212839457,0.017616728272485078,0.0048255498055368665,0.0368707325309515,0.1660743448883295,128
trained,8,0.5009912252426147,0,0,30,0.015009566722747069,0.014421924149426639,0.019966456196619534,0.003800225630402565,0.02564259022474289,0.11671555135399103,128
trained,8,0.5009912252426147,0,0,40,0.011360394201880926,0.011210965053829371,0.006620299041455855,0.00303087814245373,0.01953709591180086,0.09728104341775179,128
trained,8,0.5009912252426147,0,0,49,0.009413978881859922,0.009409667372664986,0.00022904750420873682,0.0023567664189910404,0.016466942064616144,0.0776383108459413,128
trained,8,0.5009912252426147,0,1,5,0.06198595815403446,0.058820589919763105,0.02620195912154953,0.0015195013605989517,0.1192277044057846,0.3962640054523945,128
trained,8,0.5009912252426147,0,1,10,0.0330923451967766,0.032117596097812534,0.014947860396709116,0.0015368540887720882,0.06369136422872543,0.347717821598053,128
trained,8,0.5009912252426147,0,1,20,0.0178122637670821,0.017119249075169377,0.019839240717185527,0.0012044736999087037,0.03371675200760364,0.3015754707157612,128
trained,8,0.5009912252426147,0,1,30,0.012219042697608257,0.012062504262412664,0.006446806517182911,0.0009273547756796081,0.023357208569844565,0.2714631110429764,128
trained,8,0.5009912252426147,0,1,40,0.009431648025695655,0.00913464513054506,0.01599688708107932,0.0008789211686234921,0.017680643126368523,0.25761744007468224,128
trained,8,0.5009912252426147,0,1,49,0.008056004217532175,0.008149274843327631,-0.005755570480422961,0.0007483088506423697,0.01545563172929141,0.20600690878927708,128
trained,8,0.5009912252426147,0,2,5,0.07179279995572035,0.07264565836432521,-0.005904649070050269,0.006306845461949706,0.13814760446548463,0.2777277547866106,128
trained,8,0.5009912252426147,0,2,10,0.03927269779100009,0.03741116432627295,0.024275426580054205,0.0064183620270341635,0.0703004039824009,0.232812337577343,128
trained,8,0.5009912252426147,0,2,20,0.02047237359182311,0.020090564936284746,0.009412746447459154,0.0036780569702386857,0.036879214271903035,0.18885457422584295,128
trained,8,0.5009912252426147,0,2,30,0.014122892534726728,0.014101387273106749,0.0007619419083723917,0.0028438160506387552,0.025380878398815792,0.15325916558504105,128
trained,8,0.5009912252426147,0,2,40,0.011210072431251775,0.01102109962606175,0.008500352779166987,0.0023914140416309237,0.019835476763546467,0.11092436732724309,128
trained,8,0.5009912252426147,0,2,49,0.009302134935078626,0.00916973281855415,0.007167770919714893,0.002060240894860151,0.01641352626742149,0.09478538669645786,128
trained,8,0.5009912252426147,0,3,5,0.07027597715900202,0.06912454944446775,0.008259851971731043,0.005098739871755242,0.13428019881248474,0.30310531333088875,128
trained,8,0.5009912252426147,0,3,10,0.037134668944072136,0.03586146596131051,0.01744206024599114,0.004588378546759486,0.06843163147568702,0.2697999309748411,128
trained,8,0.5009912252426147,0,3,20,0.019497050263407114,0.018924269701904108,0.014907883487741549,0.003215896408073604,0.03519692048430443,0.23174365051090717,128
trained,8,0.5009912252426147,0,3,30,0.01396400111027378,0.01389492450720189,0.0024795142504016694,0.00242718659962217,0.025433071702718735,0.1641923114657402,128
trained,8,0.5009912252426147,0,3,40,0.01056087531631799,0.010236680371056447,0.015588127283763605,0.0020264930673874913,0.018763716891407968,0.16839158348739147,128
trained,8,0.5009912252426147,0,3,49,0.008987494813162963,0.008890919298155336,0.005401794275538439,0.0017344963223654398,0.016145303237194916,0.12388981133699417,128
trained,8,0.5009912252426147,1,0,5,0.0663268710397611,0.061346125383318566,0.03901173933365248,0.012661155499517917,0.11491844952106475,0.3621019721031189,128
trained,8,0.5009912252426147,1,0,10,0.035594200795413526,0.037497610802863054,-0.026041357654191282,0.008546612272039057,0.06450951099395752,0.2694387696683407,128
trained,8,0.5009912252426147,1,0,20,0.018638625398313687,0.02087769827721576,-0.05666197334626962,0.006270379992201924,0.03327917754650116,0.20900880172848701,128
trained,8,0.5009912252426147,1,0,30,0.013688898110913573,0.013324318701956288,0.013496334459881605,0.004726092144846916,0.022294150292873384,0.1893927250057459,128
trained,8,0.5009912252426147,1,0,40,0.011056574319096969,0.010534881816919384,0.024161987911653457,0.0038213621359318496,0.0177582748234272,0.13681452721357346,128
trained,8,0.5009912252426147,1,0,49,0.009267168051040012,0.00820006193446712,0.06109189135296191,0.003486292094600444,0.013996250471290278,0.1433554207906127,128
trained,8,0.5009912252426147,1,1,5,0.08973653908747777,0.08372596582752063,0.03465056187714938,0.0814549557864666,0.09189485386013985,0.13325095735490322,128
trained,8,0.5009912252426147,1,1,10,0.045367046367902696,0.04504055088492715,0.0036113721954015706,0.0515245471149683,0.03888917341828346,0.09586281981319189,128
trained,8,0.5009912252426147,1,1,20,0.024224133646554364,0.022359268953471664,0.04003281402723521,0.03291860073804855,0.013637120183557273,0.06888558669015765,128
trained,8,0.5009912252426147,1,1,30,0.01649637324626067,0.015134621983313902,0.04305116715488286,0.024203861753145855,0.007453376241028309,0.050282873678952456,128
trained,8,0.5009912252426147,1,1,40,0.012363466522771772,0.01177015789052382,0.024584315313057797,0.019294664077460767,0.004825518839061261,0.03519269544631243,128
trained,8,0.5009912252426147,1,1,49,0.010424224583093044,0.009348187929447782,0.05442111087396923,0.016144474246064012,0.003643378197234504,0.030395197914913297,128
trained,8,0.5009912252426147,1,2,5,0.07877529578603756,0.06352336640738271,0.10718252120892324,0.01014306740835309,0.13186962455511092,0.28993654251098633,128
trained,8,0.5009912252426147,1,2,10,0.03682256841952084,0.03737745429300199,-0.007478243984149341,0.007807335164397955,0.06638228371739388,0.2581038102507591,128
trained,8,0.5009912252426147,1,2,20,0.019969818045656233,0.021398070411006703,-0.03452562890204521,0.005399126512929797,0.0359899640083313,0.17221820540726185,128
trained,8,0.5009912252426147,1,2,30,0.014417288190074642,0.014075412689468294,0.01199870458190953,0.003990209195762873,0.024509080996116,0.1450213110074401,128
trained,8,0.5009912252426147,1,2,40,0.011474134253083372,0.010742870335181858,0.032914604440188365,0.0031454804353415965,0.01905495598912239,0.11198253184556961,128
trained,8,0.5009912252426147,1,2,49,0.009035841768846989,0.008349287205242254,0.039490909994886046,0.0026655798321779892,0.014729400830609458,0.14764597453176975,128
trained,8,0.5009912252426147,1,3,5,0.09128112853712338,0.08147959182598839,0.056734752497426454,0.123818901181221,0.04875803887844086,0.13711530435830355,128
trained,8,0.5009912252426147,1,3,10,0.048707402556951794,0.04203870455930187,0.07348742783019058,0.07647522613406181,0.014395918138325215,0.09128854051232338,128
trained,8,0.5009912252426147,1,3,20,0.025229202386975572,0.022358751737493292,0.06031884963816984,0.04376789405941963,0.003777450881898403,0.049093111883848906,128
trained,8,0.5009912252426147,1,3,30,0.017283143227235603,0.014781713865566811,0.07801155496658287,0.030216807623704274,0.001896254640693466,0.036608149064704776,128
trained,8,0.5009912252426147,1,3,40,0.013194357462638287,0.011184845834037017,0.08242728870442163,0.02332329358905554,0.0010103810694999994,0.026652995496988297,128
trained,8,0.5009912252426147,1,3,49,0.010793525068612265,0.009162544162865018,0.08172856521728865,0.0192700416153791,0.0007094315737866017,0.02100579673424363,128
trained,8,0.5009912252426147,2,0,5,0.06029476785356072,0.056353110111564214,0.03379107970692088,0.005410450883209706,0.11116351783275605,0.41713013499975204,128
trained,8,0.5009912252426147,2,0,10,0.031186137097013508,0.03066589327374841,0.00841110340498397,0.003575766645371914,0.05828602090477943,0.38138213381171227,128
trained,8,0.5009912252426147,2,0,20,0.015184366164180988,0.016240964769124067,-0.0336225132251402,0.002034438028931618,0.029406576976180078,0.371179711073637,128
trained,8,0.5009912252426147,2,0,30,0.009868998763874348,0.01108376332818354,-0.05797634502382241,0.0013495340012013913,0.01957981859644254,0.3721194341778755,128
trained,8,0.5009912252426147,2,0,40,0.0074801318270029974,0.007579985058334969,-0.006630309185883868,0.0011978034279309213,0.013864575698971749,0.3975048363208771,128
trained,8,0.5009912252426147,2,0,49,0.006266285285601935,0.00645868140337576,-0.015119577320808047,0.0009656324412445633,0.011756573708689943,0.3766119107604027,128
trained,8,0.5009912252426147,2,1,5,0.09341110925006259,0.09338504258840362,0.0001395460313410028,0.053108183294534685,0.13368748128414154,0.06602168548852205,128
trained,8,0.5009912252426147,2,1,10,0.04671663155584979,0.04868838247979523,-0.02066716245320279,0.03183331377804279,0.06353473290801048,0.046319570392370224,128
trained,8,0.5009912252426147,2,1,20,0.022723440704224697,0.025854502942949373,-0.06445440056914317,0.021845361217856407,0.026779059134423733,0.027511599473655224,128
trained,8,0.5009912252426147,2,1,30,0.015486777529280345,0.017186554960918376,-0.052023387332648205,0.015767717733979225,0.016872857014338175,0.020782739971764386,128
trained,8,0.5009912252426147,2,1,40,0.01196957959069146,0.01264079770029183,-0.02727378380416037,0.010771660692989826,0.013853923790156842,0.01497660914901644,128
trained,8,0.5009912252426147,2,1,49,0.009620981297377557,0.01058336547646697,-0.047632531247564544,0.009506263523077478,0.010684273908941113,0.010663664725143462,128
trained,8,0.5009912252426147,2,2,5,0.05478137617657898,0.05453383593471504,0.002264462896615499,0.007728996919468045,0.10158157423138618,0.4534471333026886,128
trained,8,0.5009912252426147,2,2,10,0.029306035465989377,0.028318032907072906,0.01714565782656869,0.0056452254299074415,0.051997368782758714,0.4235740751028061,128
trained,8,0.5009912252426147,2,2,20,0.013964629759399027,0.014539715874828312,-0.02017538387966219,0.003133247932419181,0.025379634089767934,0.42974235862493515,128
trained,8,0.5009912252426147,2,2,30,0.009491407450937652,0.009263769338185396,0.012137348279869904,0.0021860551089048384,0.016573508207996687,0.43721310794353485,128
trained,8,0.5009912252426147,2,2,40,0.007690441503608637,0.007223726502805379,0.031293398369339025,0.0016234118840657175,0.01328018233180046,0.40385621786117554,128
trained,8,0.5009912252426147,2,2,49,0.0056837179944860755,0.005846989845157403,-0.014159742222921132,0.0014611516832088937,0.010067213174639916,0.43511010706424713,128
trained,8,0.5009912252426147,2,3,5,0.061867985755774624,0.056929030301380745,0.04157474335867227,0.008863181993365287,0.10984123647212982,0.4064779318869114,128
trained,8,0.5009912252426147,2,3,10,0.030436393673434578,0.029483958414405775,0.01589502107091567,0.005290291411802173,0.054647916555404664,0.40061790123581886,128
trained,8,0.5009912252426147,2,3,20,0.01584749199113233,0.015942459018346067,-0.002987328517191916,0.0033341902075335384,0.028457169234752656,0.3641728088259697,128
trained,8,0.5009912252426147,2,3,30,0.010794032515465879,0.010408925427696645,0.018162894478374384,0.0024944131883482138,0.01871596686542034,0.3636886179447174,128
trained,8,0.5009912252426147,2,3,40,0.00865018367767334,0.008240371009063137,0.024262830687718652,0.0019037395715713501,0.0149775305762887,0.32474919967353344,128
trained,8,0.5009912252426147,2,3,49,0.006738614751197601,0.006534912793700343,0.015346482447328813,0.0014200612180391137,0.01185638944105226,0.3494539074599743,128
trained,8,0.5009912252426147,3,0,5,0.0683834841296931,0.12714026310692536,-0.300509681342316,0.11252321153879166,0.08410222604870796,0.016872808104380965,128
trained,8,0.5009912252426147,3,0,10,0.023359698569116415,0.0766024665468058,-0.5326291994117294,0.07438421323895454,0.024579650536179543,0.010361353983171284,128
trained,8,0.5009912252426147,3,0,20,0.010542334591368661,0.03878748903281878,-0.5725776490923505,0.038458896800875664,0.01129019008949399,0.005018249939894304,128
trained,8,0.5009912252426147,3,0,30,0.006400708769679861,0.0272083376166799,-0.6191079808448751,0.026453610509634018,0.0067544542253017426,0.00375800475012511,128
trained,8,0.5009912252426147,3,0,40,0.004392544571444285,0.020184435673211713,-0.6425480650560663,0.020079332403838634,0.004855432314798236,0.0026094056956935674,128
trained,8,0.5009912252426147,3,0,49,0.003832653291343106,0.016722539218642186,-0.6270866069685483,0.015772904060324843,0.004597324954003704,0.001858771312981844,128
trained,8,0.5009912252426147,3,1,5,0.09373887025626601,0.06949664039845847,0.14851076068206848,0.05837337672710419,0.10440759509801864,0.18609515018761158,128
trained,8,0.5009912252426147,3,1,10,0.05165226108457413,0.03488539282683354,0.1937522858513336,0.036996186897158626,0.0498558484017849,0.13147964980453253,128
trained,8,0.5009912252426147,3,1,20,0.028391999540397044,0.01688824312975078,0.2540568630383326,0.02202433757483959,0.02308514714241028,0.09781031589955091,128
trained,8,0.5009912252426147,3,1,30,0.019914237223660758,0.010881487131751856,0.2933118243094031,0.0159319040675958,0.015037888661026955,0.07090621255338192,128
trained,8,0.5009912252426147,3,1,40,0.015881174378734316,0.007771583073370506,0.34286029108624244,0.012744413036853076,0.010724611021578312,0.06123904651030898,128
trained,8,0.5009912252426147,3,1,49,0.01290526835283593,0.006489590509390607,0.33079270587576776,0.01111144770164879,0.00837547301637883,0.045140874572098255,128
trained,8,0.5009912252426147,3,2,5,0.09285854306190637,0.06973053853204646,0.14224820205010533,0.04738969132304192,0.11476573720574379,0.18922283686697483,128
trained,8,0.5009912252426147,3,2,10,0.051229405988213475,0.03388522385032314,0.2037743942561774,0.032946143113076684,0.05249369218945503,0.1456016767770052,128
trained,8,0.5009912252426147,3,2,20,0.02856027578948321,0.016870488011901243,0.257309954735307,0.019990048743784426,0.025267196260392664,0.09485510643571615,128
trained,8,0.5009912252426147,3,2,30,0.02002437539897406,0.010580193407663436,0.30858732402574446,0.014864777649442355,0.015921787296732267,0.07640302227810025,128
trained,8,0.5009912252426147,3,2,40,0.01596144158586705,0.007747474565498696,0.3464505491343913,0.011852364614605903,0.011670454032719135,0.05908725969493389,128
trained,8,0.5009912252426147,3,2,49,0.01271685906379937,0.006516562739223849,0.32237094302577785,0.010136189053253251,0.009186204218742798,0.05320274690166116,128
trained,8,0.5009912252426147,3,3,5,0.09108680069066916,0.06943056334747127,0.13491523158776295,0.049124624207615854,0.11098668426275253,0.19944344460964203,128
trained,8,0.5009912252426147,3,3,10,0.05153552008552785,0.034996396796718524,0.1911332128597685,0.03222028166055679,0.05462174266576767,0.1315797297284007,128
trained,8,0.5009912252426147,3,3,20,0.02922176274867591,0.016579250265213966,0.2760312851454153,0.019529134966433048,0.026084215193986893,0.08773297630250454,128
trained,8,0.5009912252426147,3,3,30,0.020252325489743973,0.01080829313443306,0.30405165039616416,0.014513698220252991,0.016728914280732473,0.06272162357345223,128
trained,8,0.5009912252426147,3,3,40,0.0156543249134823,0.00802523958673907,0.3221801366469273,0.011449539847671986,0.012057177722454071,0.05973129579797387,128
trained,8,0.5009912252426147,3,3,49,0.012848880597533988,0.006625233557339202,0.31958562994855394,0.009918711243235335,0.00964470884325553,0.04139239154756069,128
trained,8,0.5009912252426147,4,0,5,0.09601217925928202,0.06745744336602147,0.1746791571088259,0.09505908489227295,0.06787513867020607,0.18532888777554035,128
trained,8,0.5009912252426147,4,0,10,0.05670831832417681,0.02984281634069552,0.3104003441109655,0.05438527502119541,0.03266958780586719,0.1294513838365674,128
trained,8,0.5009912252426147,4,0,20,0.031727119252192036,0.015118057494717804,0.35455222736917735,0.029145440831780434,0.017453194595873356,0.06802729750052094,128
trained,8,0.5009912252426147,4,0,30,0.021877596557414464,0.009721651396343699,0.3846909641164527,0.020821862171093622,0.011011641100049019,0.04499489814043045,128
trained,8,0.5009912252426147,4,0,40,0.01768393024837942,0.0066506751080885294,0.4533977427706647,0.015766293928027152,0.008318339195102453,0.036614676006138325,128
trained,8,0.5009912252426147,4,0,49,0.013757686800868285,0.006008450940988936,0.39204603148531875,0.01296457161708754,0.006912763781693517,0.026010583620518446,128
trained,8,0.5009912252426147,4,1,5,0.07385244642852977,0.1203671993653467,-0.23949561202445566,0.11292725652456284,0.08216453716158867,0.024541011778637767,128
trained,8,0.5009912252426147,4,1,10,0.029171619130058522,0.07020311142988266,-0.4128966394999353,0.06733832433819771,0.031267062202095984,0.013946116028819233,128
trained,8,0.5009912252426147,4,1,20,0.012685081771590424,0.03672000056876872,-0.4864867673149817,0.03678260333836079,0.012979248631745577,0.004762982251122594,128
trained,8,0.5009912252426147,4,1,30,0.0080040397239572,0.02553801528963078,-0.5227460141618565,0.024595147371292113,0.008609013631939888,0.003875169262755662,128
trained,8,0.5009912252426147,4,1,40,0.005614885132756832,0.019014983617958902,-0.5440588669100647,0.018621499836444854,0.006311964802443981,0.0026614002999849617,128
trained,8,0.5009912252426147,4,1,49,0.004300614266753834,0.01623788152995213,-0.5812142905096109,0.015118400965418135,0.005248800984450749,0.0020071030885446817,128
trained,8,0.5009912252426147,4,2,5,0.09584711463588058,0.08367021976073095,0.06783130395741682,0.06502922922372818,0.1142597883939743,0.10355490259826183,128
trained,8,0.5009912252426147,4,2,10,0.05338953024039239,0.03883380343200295,0.15783128009596653,0.03763541430234909,0.05486083813011646,0.07503747567534447,128
trained,8,0.5009912252426147,4,2,20,0.027906844012799668,0.019900195317785956,0.16747844683458155,0.02164425440132618,0.026043936237692834,0.04623618582263589,128
trained,8,0.5009912252426147,4,2,30,0.018817499576933114,0.013356667532290287,0.1697272232699891,0.01579473577439785,0.016484666739900906,0.031617936212569475,128
trained,8,0.5009912252426147,4,2,40,0.015265194536875382,0.009209336808294263,0.24743508437103878,0.012073111347854137,0.012264217622578144,0.026506863767281175,128
trained,8,0.5009912252426147,4,2,49,0.01176201866243441,0.00818739767330667,0.1791842392172807,0.010175525761988699,0.009825184637186478,0.01996518555097282,128
trained,8,0.5009912252426147,4,3,5,0.10114701993905814,0.0627720107330135,0.2341095420615419,0.09580720961093903,0.06739228665828705,0.18400251306593418,128
trained,8,0.5009912252426147,4,3,10,0.05642229062647907,0.0315137985785296,0.2832567637798415,0.05081772804260254,0.037585392221808435,0.11596878245472908,128
trained,8,0.5009912252426147,4,3,20,0.03206225296129413,0.01477925129538779,0.3689676909355864,0.028151470236480236,0.018433490581810475,0.0683008199557662,128
trained,8,0.5009912252426147,4,3,30,0.021619190533793454,0.010141012330543975,0.3614012873883931,0.019571331888437273,0.012410063669085503,0.04055810393765569,128
trained,8,0.5009912252426147,4,3,40,0.01680056215952531,0.007534586900604691,0.38076509149972537,0.014412805251777173,0.009712411649525165,0.03499133000150323,128
trained,8,0.5009912252426147,4,3,49,0.014149876294440348,0.005596264092831965,0.43317894198141976,0.012577234026120633,0.007291646028051571,0.026424855226650834,128
trained,8,0.5009912252426147,5,0,5,0.11104229984769395,0.05528486616041031,0.3352274617859577,0.09257485046982765,0.07270686328411102,0.17359142005443573,128
trained,8,0.5009912252426147,5,0,10,0.06340312518956472,0.026208775248497154,0.4150603854937834,0.05062751062214375,0.039681784063577655,0.09690705873072147,128
trained,8,0.5009912252426147,5,0,20,0.036909646405576244,0.010765816818483983,0.5483707512956049,0.026251217164099217,0.021036173589527606,0.05425216211006045,128
trained,8,0.5009912252426147,5,0,30,0.024600316263548746,0.007153088908466455,0.5494600424747316,0.018504832684993745,0.013584795345862707,0.03731115348637104,128
trained,8,0.5009912252426147,5,0,40,0.019289997460649643,0.005322968304111723,0.5674663219971318,0.013914289698004723,0.010382236074656248,0.028138997964560986,128
trained,8,0.5009912252426147,5,0,49,0.01582679040999354,0.003956309146998346,0.6000314171294666,0.011797033250331879,0.008156401542376499,0.022281685611233115,128
trained,8,0.5009912252426147,5,1,5,0.12462326523604667,0.05037498656957427,0.4242801165152168,0.10115354433655739,0.0724525548517704,0.13196951150894165,128
trained,8,0.5009912252426147,5,1,10,0.07691880749778514,0.015612169246005404,0.6625525895059923,0.0529443085193634,0.04073616676032543,0.06319524580612779,128
trained,8,0.5009912252426147,5,1,20,0.04196723163553309,0.006869820882211382,0.7186635749536839,0.02795267440378666,0.02036340031772852,0.03367849579080939,128
trained,8,0.5009912252426147,5,1,30,0.027736596325312456,0.004500998978404624,0.7207608733616663,0.01870873893300692,0.013976625849803288,0.019439056050032377,128
trained,8,0.5009912252426147,5,1,40,0.02214698882983457,0.0029348819605533724,0.7659758328664154,0.013989663682878017,0.01065693311393261,0.01413611660245806,128
trained,8,0.5009912252426147,5,1,49,0.017514595780047333,0.002440022866882502,0.7554427964339335,0.011387304992091899,0.008783626541191218,0.011624363483861089,128
trained,8,0.5009912252426147,5,2,5,0.08272685746478427,0.11322557706774378,-0.15564348396876432,0.08599485903978348,0.11052942126989365,0.01737858122214675,128
trained,8,0.5009912252426147,5,2,10,0.033817668268285646,0.06623724919215888,-0.3240178668516307,0.044870104640722275,0.05457694344222545,0.005529488727916032,128
trained,8,0.5009912252426147,5,2,20,0.01691427295119114,0.03271548944404255,-0.3183818686597326,0.020820049941539763,0.02904426082968712,0.00271376027376391,128
trained,8,0.5009912252426147,5,2,30,0.010960830860011237,0.0225386503080833,-0.3456119033495169,0.012807568907737732,0.020468796789646148,0.001709002666757442,128
trained,8,0.5009912252426147,5,2,40,0.008002279759596864,0.016768188491133536,-0.35388546726097153,0.009688171092420816,0.015280899964272976,0.00123716561938636,128
trained,8,0.5009912252426147,5,2,49,0.006851058154689257,0.013636185181098477,-0.33118789653001135,0.007221524280552961,0.013168356400363299,0.0008958538601291366,128
trained,8,0.5009912252426147,5,3,5,0.10746270683920307,0.04495007787014078,0.41015344669324,0.08365315273404121,0.0675875149667263,0.24379665032029152,128
trained,8,0.5009912252426147,5,3,10,0.06700366186949373,0.014584981711806765,0.6424752006670014,0.04374352879822254,0.03882796876132488,0.1742850448936224,128
trained,8,0.5009912252426147,5,3,20,0.038215787329435535,0.006719318144683016,0.7009323523718606,0.023578880168497563,0.020888698846101762,0.11064841132611036,128
trained,8,0.5009912252426147,5,3,30,0.02594688295647997,0.004431695015077191,0.7082355191490127,0.016692828635374704,0.014100365092356999,0.07620418770238757,128
trained,8,0.5009912252426147,5,3,40,0.02065357353856905,0.003034055255768953,0.743827862004821,0.012978372909128667,0.010310063045471907,0.06846253154799342,128
trained,8,0.5009912252426147,5,3,49,0.01671595949678442,0.0024879143215699013,0.7408945356053637,0.010904780760103342,0.00850325815227567,0.04900610167533159,128
trained,9,0.28277045488357544,0,0,5,0.06960776766891,0.06846602955219909,0.008269042640105556,0.007818063069134951,0.13024859577417375,0.30966670252382755,128
trained,9,0.28277045488357544,0,0,10,0.037912293421384885,0.0388333556239556,-0.01200149082086155,0.006947087030857802,0.06985900551080704,0.23193906247615814,128
trained,9,0.28277045488357544,0,0,20,0.020848652024047756,0.0207883668001351,0.001447875607179502,0.00448717949911952,0.03714941553771496,0.16726808808743954,128
trained,9,0.28277045488357544,0,0,30,0.014525645883088384,0.014686086828948536,-0.005492346086973082,0.0037734682050844033,0.02544060448805491,0.12357783690094948,128
trained,9,0.28277045488357544,0,0,40,0.011287903399182762,0.011273675607190267,0.000630620400630865,0.0028984984382987022,0.019662907347083092,0.09754373785108328,128
trained,9,0.28277045488357544,0,0,49,0.009224663219058947,0.009293055740885143,-0.003693355643340463,0.0023886839079917694,0.016128621083133076,0.09265207406133413,128
trained,9,0.28277045488357544,0,1,5,0.060488236775188324,0.05906099266147021,0.011938547161128955,0.0017802641028538345,0.11776005029678345,0.4022984504699707,128
trained,9,0.28277045488357544,0,1,10,0.03165548063042172,0.03076028858811275,0.014342401824133901,0.001356593589298427,0.061000431329011916,0.3764297738671303,128
trained,9,0.28277045488357544,0,1,20,0.017849601600040704,0.01755473648882171,0.00832850230021459,0.0010766022489406169,0.03432566188275814,0.2919547110795975,128
trained,9,0.28277045488357544,0,1,30,0.011563045151893986,0.011326949699213862,0.01031435149747898,0.0009275691428532203,0.021958983192841213,0.3134034350514412,128
trained,9,0.28277045488357544,0,1,40,0.008728605148206826,0.00895981832803883,-0.013071440771951015,0.0008783270604908466,0.016812896728515624,0.29235105961561203,128
trained,9,0.28277045488357544,0,1,49,0.007863005669861324,0.00774919608100546,0.007289784661042778,0.0007425654175862366,0.014870325369494302,0.23496832139790058,128
trained,9,0.28277045488357544,0,2,5,0.06945723407673386,0.0704099798794859,-0.006811787950844908,0.006524383462965489,0.13334879130125046,0.30063416436314583,128
trained,9,0.28277045488357544,0,2,10,0.03896757152965635,0.03879766345373696,0.002184884748994727,0.004585966840386391,0.07316812127828598,0.22245913743972778,128
trained,9,0.28277045488357544,0,2,20,0.020819930182396192,0.020540805821089525,0.0067485346797599354,0.003435052721761167,0.037923719733953476,0.1728245299309492,128
trained,9,0.28277045488357544,0,2,30,0.01455726709224709,0.014424452913860032,0.004582687927234445,0.0026729641482234,0.02630681941906611,0.13060651067644358,128
trained,9,0.28277045488357544,0,2,40,0.010869812333758238,0.010940524980581115,-0.0032421619987117027,0.002296088170260191,0.019515105709433555,0.12755223643034697,128
trained,9,0.28277045488357544,0,2,49,0.0092881568449235,0.00929422588121979,-0.0003266016196849049,0.0020585831786905017,0.0165237623209856,0.08946504816412926,128
trained,9,0.28277045488357544,0,3,5,0.06737498967152722,0.06332544732538069,0.03098338796075602,0.004797962633892894,0.12587716430425644,0.34662436693906784,128
trained,9,0.28277045488357544,0,3,10,0.03615603518725239,0.035290923286393244,0.012108449671320132,0.0036169492639601232,0.06777323707938195,0.2860981412231922,128
trained,9,0.28277045488357544,0,3,20,0.020304035146249552,0.01998498404645661,0.007919058497278664,0.002860405622050166,0.0374263696372509,0.19426448084414005,128
trained,9,0.28277045488357544,0,3,30,0.013800528790431598,0.013835510556457958,-0.0012658024395609245,0.0024920331469426554,0.025144516428311666,0.17090352810919285,128
trained,9,0.28277045488357544,0,3,40,0.010589051878277895,0.010780823732241384,-0.008973934029831954,0.001929062232375145,0.01944313608109951,0.14511207398027182,128
trained,9,0.28277045488357544,0,3,49,0.009114060500155539,0.009071695907857122,0.00232954799050432,0.001673233125130741,0.016512779709027738,0.10888535529375076,128
trained,9,0.28277045488357544,1,0,5,0.06192919180828071,0.06785623886570427,-0.04566804630225687,0.010877171065658331,0.1189453050494194,0.35088761895895004,128
trained,9,0.28277045488357544,1,0,10,0.03504752873577003,0.03768172257107374,-0.036219179875148985,0.008802199736237526,0.06409992501139641,0.27097878977656364,128
trained,9,0.28277045488357544,1,0,20,0.021026408925570436,0.019760173082906576,0.031045402195497583,0.0061994775664061304,0.034578201919794084,0.18444641306996346,128
trained,9,0.28277045488357544,1,0,30,0.014010598115134693,0.01303368023533596,0.036122904338677195,0.004742698060969512,0.02228733350833257,0.18909904174506664,128
trained,9,0.28277045488357544,1,0,40,0.010659315879281777,0.010346363613109522,0.014898459546177207,0.00411225100979209,0.01688963882625103,0.15992442145943642,128
trained,9,0.28277045488357544,1,0,49,0.008666236200347755,0.008300708661218618,0.02154350957641102,0.0037703040074937196,0.01319885542806314,0.1685112090781331,128
trained,9,0.28277045488357544,1,1,5,0.08543984994948285,0.0860166431213758,-0.003364078907476617,0.0786365307867527,0.0928235650062561,0.1426995014771819,128
trained,9,0.28277045488357544,1,1,10,0.047657769260597865,0.04310020848103632,0.050216640926989235,0.05430619493126869,0.03615269139409065,0.09541113022714853,128
trained,9,0.28277045488357544,1,1,20,0.024346781752411537,0.022427492126926515,0.04103301807303548,0.0328783318400383,0.013882448337972165,0.0647844122722745,128
trained,9,0.28277045488357544,1,1,30,0.01661939184963073,0.015113392160168907,0.04745879494686901,0.024313156058390937,0.007397665021320184,0.04867535177618265,128
trained,9,0.28277045488357544,1,1,40,0.012314109756994644,0.011751478033974933,0.02337909748489314,0.0192303029820323,0.0048284725286066536,0.03764899494126439,128
trained,9,0.28277045488357544,1,1,49,0.010088034855015872,0.009672279881100108,0.02103989635017537,0.01616708782254433,0.003595745419057048,0.031621168134734035,128
trained,9,0.28277045488357544,1,2,5,0.06276429674160555,0.07513306599966488,-0.08969547359057549,0.011272516567260027,0.1267021544277668,0.31012666784226894,128
trained,9,0.28277045488357544,1,2,10,0.034308306349559774,0.03720719164068049,-0.0405350640427029,0.008215220738202333,0.06349051743745804,0.28294261544942856,128
trained,9,0.28277045488357544,1,2,20,0.02088700965293086,0.018927027404169596,0.04922842277714943,0.005153334094211459,0.034646923467516896,0.20399487763643265,128
trained,9,0.28277045488357544,1,2,30,0.01435875287771729,0.013373581780545275,0.035524275517242444,0.00401901121561726,0.023698956022659937,0.1684609791263938,128
trained,9,0.28277045488357544,1,2,40,0.010909033651265197,0.010143973292737613,0.03633971909695211,0.003273179638199508,0.017770562134683133,0.15825029369443655,128
trained,9,0.28277045488357544,1,2,49,0.009138007927243192,0.008439086054929526,0.039763220984240774,0.002767170000137115,0.014814158635480064,0.13851490058004856,128
trained,9,0.28277045488357544,1,3,5,0.09008136410383308,0.08093273121377696,0.05349636749539058,0.1218842774629593,0.04907263927161694,0.14521541818976402,128
trained,9,0.28277045488357544,1,3,10,0.04951099966680725,0.04157917940022309,0.08707656904110714,0.07634374052286148,0.014225911349058151,0.09430347010493279,128
trained,9,0.28277045488357544,1,3,20,0.02650218118747138,0.021055690256359966,0.11452343777474389,0.043709417805075645,0.0038101574871689083,0.04960848158225417,128
trained,9,0.28277045488357544,1,3,30,0.017644434852277503,0.014576419667786396,0.09521830597278039,0.030524676541487376,0.0016514379220704237,0.03471662104129791,128
trained,9,0.28277045488357544,1,3,40,0.013283092639058794,0.011086748999916234,0.09012547851520675,0.0233696311712265,0.0009736137115396559,0.026270199567079544,128
trained,9,0.28277045488357544,1,3,49,0.010773072492112826,0.009196279367881973,0.07896065606970094,0.01932172097113668,0.0006571842775661118,0.02103365445509553,128
trained,9,0.28277045488357544,2,0,5,0.056105263203195054,0.05564371436279013,0.004130228754247538,0.004541052645072341,0.10720504075288773,0.44126951694488525,128
trained,9,0.28277045488357544,2,0,10,0.027412953584090523,0.0302037077565347,-0.04843658253464251,0.003965106047689915,0.053834700211882594,0.4220019467175007,128
trained,9,0.28277045488357544,2,0,20,0.0159741629773852,0.015618527370242762,0.011256895288687677,0.002231897762976587,0.02935829311609268,0.36819618940353394,128
trained,9,0.28277045488357544,2,0,30,0.010351995459066636,0.010205751571811935,0.007113809068081389,0.00153372292406857,0.019021891554196677,0.3833315633237362,128
trained,9,0.28277045488357544,2,0,40,0.007348913314927939,0.0074724181192531314,-0.008332908879699681,0.0011905785067938268,0.013632248528301716,0.40708691999316216,128
trained,9,0.28277045488357544,2,0,49,0.005655614245334631,0.006094175307537295,-0.03732501422190535,0.0009551635677261012,0.010791969010416342,0.4243905059993267,128
trained,9,0.28277045488357544,2,1,5,0.08870530503350983,0.09898734018669365,-0.05478123631890861,0.05733809694647789,0.13041881322860718,0.0612154696136713,128
trained,9,0.28277045488357544,2,1,10,0.04531759282817011,0.05051839176860373,-0.05426770499892613,0.03597537763416767,0.06020190864801407,0.038227141834795475,128
trained,9,0.28277045488357544,2,1,20,0.023605699524177893,0.02491381614128687,-0.02696062809244214,0.021588005870580674,0.026940708607435228,0.02942571952007711,128
trained,9,0.28277045488357544,2,1,30,0.01531189566686844,0.017384230968154186,-0.06338167588947898,0.015740122521917026,0.01698622542123,0.01820955064613372,128
trained,9,0.28277045488357544,2,1,40,0.011524503718444414,0.01308453621343497,-0.06339265973989684,0.012336382176727057,0.012291548401117324,0.014882759773172438,128
trained,9,0.28277045488357544,2,1,49,0.009184921524604036,0.011019211607863592,-0.09078786360901087,0.009921029514195968,0.010271989645398393,0.010542064381297678,128
trained,9,0.28277045488357544,2,2,5,0.05544060243750518,0.05650148813768944,-0.009477093868120604,0.0078085150569677355,0.10414020344614983,0.44025639072060585,128
trained,9,0.28277045488357544,2,2,10,0.029255037523033628,0.02863123235115208,0.010776392626897478,0.005527518782764673,0.05231781080365181,0.42154667899012566,128
trained,9,0.28277045488357544,2,2,20,0.014647695232244292,0.014236239891259406,0.014245127584289152,0.0032189350109547376,0.025662107951939107,0.42237916961312294,128
trained,9,0.28277045488357544,2,2,30,0.009950119017546576,0.01000547800710314,-0.0027741084110592374,0.002019876753911376,0.017936528101563452,0.4013078734278679,128
trained,9,0.28277045488357544,2,2,40,0.008020545664206943,0.007988786200490618,0.001983809442065132,0.0016165307490155101,0.014392416831105948,0.35964210703969,128
trained,9,0.28277045488357544,2,2,49,0.006332434640633512,0.006596225632051646,-0.020403582879739764,0.0012279533667071741,0.011699108901072522,0.3665739633142948,128
trained,9,0.28277045488357544,2,3,5,0.05553277296090276,0.05728955224434041,-0.01557120259865407,0.006492439517751336,0.10634086802601814,0.43583346903324127,128
trained,9,0.28277045488357544,2,3,10,0.028891979053267666,0.028975957999131545,-0.0014512172048985411,0.005442590033635497,0.05243085585534572,0.42126551270484924,128
trained,9,0.28277045488357544,2,3,20,0.015886006253990576,0.015367946484183229,0.0165758159977637,0.0031057571526616813,0.028144554048776627,0.37499379366636276,128
trained,9,0.28277045488357544,2,3,30,0.010628382700946315,0.010498662136908185,0.00614002407944734,0.002168732788413763,0.01895642081896464,0.36624541506171227,128
trained,9,0.28277045488357544,2,3,40,0.007877614291678686,0.007558140042480563,0.020697028616893133,0.0016369940713047981,0.013794891256839036,0.3827245756983757,128
trained,9,0.28277045488357544,2,3,49,0.006610894769949694,0.006633738504604992,-0.0017247540328247145,0.0013977277795879208,0.011846767092237667,0.3510197401046753,128
trained,9,0.28277045488357544,3,0,5,0.04939406510419066,0.14793676619203935,-0.49937812778692714,0.14306500256061555,0.05488171838223934,0.01026639062911272,128
trained,9,0.28277045488357544,3,0,10,0.014510476469594897,0.08061246857964748,-0.6949111181864542,0.08358743637800217,0.01587345078587532,0.0053911234717816114,128
trained,9,0.28277045488357544,3,0,20,0.008571521115997098,0.040973749153368044,-0.6539923560928058,0.041035791859030724,0.008737307833507657,0.004538020206382498,128
trained,9,0.28277045488357544,3,0,30,0.005468134459178997,0.027457030157288977,-0.6678446699836419,0.0277606725692749,0.005485162418335676,0.0026249259535688907,128
trained,9,0.28277045488357544,3,0,40,0.0038970389258677707,0.020852339585192736,-0.6850798556845602,0.020805376768112182,0.00414932039566338,0.0018121360189979896,128
trained,9,0.28277045488357544,3,0,49,0.0039885092083890164,0.016456442610514557,-0.6098294342756904,0.015878382994204153,0.004491030086516117,0.0018987862204085104,128
trained,9,0.28277045488357544,3,1,5,0.09011592355164343,0.06416848061247642,0.16817929900028825,0.053036051243543623,0.10108618065714836,0.22938884049654007,128
trained,9,0.28277045488357544,3,1,10,0.05248943021066213,0.03236860508792911,0.2371116070705203,0.03345846682786942,0.05007913857698441,0.16462393291294575,128
trained,9,0.28277045488357544,3,1,20,0.028866175869897443,0.01646091625429661,0.2736831116661385,0.02106458991765976,0.024175276793539525,0.09520264342427254,128
trained,9,0.28277045488357544,3,1,30,0.020309692709440913,0.010388495496166316,0.3231851061209938,0.01628265728553136,0.01427084654569626,0.08339488273486495,128
trained,9,0.28277045488357544,3,1,40,0.015854629050511625,0.007722898506832969,0.34489326853954455,0.0129501280374825,0.010528929252177476,0.060837695840746164,128
trained,9,0.28277045488357544,3,1,49,0.012861907463255095,0.006417256958942823,0.33428059239733743,0.011061364518744605,0.008256845252246273,0.053407696075737476,128
trained,9,0.28277045488357544,3,2,5,0.09342193078694853,0.06550360022124296,0.17566926086967677,0.045612515136599543,0.11313852220773697,0.20624480955302715,128
trained,9,0.28277045488357544,3,2,10,0.054505588617611886,0.032675002677000166,0.25040649089644895,0.029981509782373905,0.05576644837856293,0.14252040721476078,128
trained,9,0.28277045488357544,3,2,20,0.029431908079998216,0.016581181688212536,0.2792841440607761,0.01859979759901762,0.027322935685515404,0.08154534734785557,128
trained,9,0.28277045488357544,3,2,30,0.020306965765438927,0.011016107927357636,0.29661386136320705,0.013914990797638893,0.017272591590881348,0.06437252229079604,128
trained,9,0.28277045488357544,3,2,40,0.015829992086909044,0.007959495498056534,0.33083926504981337,0.010927265789359809,0.012766914535313844,0.05223275860771537,128
trained,9,0.28277045488357544,3,2,49,0.012736111624305109,0.006713634276183553,0.3096429834417838,0.009062130764430883,0.010424103967997492,0.04517452139407396,128
trained,9,0.28277045488357544,3,3,5,0.09421390707387864,0.06509133895731861,0.18280984990710256,0.04529569037258625,0.11382754296064376,0.20438383519649506,128
trained,9,0.28277045488357544,3,3,10,0.054106644563451656,0.03306056921782731,0.24144485561041298,0.029341671615839005,0.05644439235329628,0.1421393658965826,128
trained,9,0.28277045488357544,3,3,20,0.029361959332842042,0.01678983123844404,0.272408241121364,0.017757507786154748,0.028305885568261146,0.07873214036226273,128
trained,9,0.28277045488357544,3,3,30,0.020431886263680005,0.010825638898344255,0.3073259100083634,0.013842157150308291,0.017275276283423107,0.0664770076982677,128
trained,9,0.28277045488357544,3,3,40,0.01557297497316046,0.00828453658032905,0.3054986843948471,0.010565116815268994,0.013204136211425067,0.049229880794882774,128
trained,9,0.28277045488357544,3,3,49,0.012810135794517166,0.006673869086183873,0.3149386763958545,0.00907230590070997,0.010448876616297936,0.043462059926241636,128
trained,9,0.28277045488357544,4,0,5,0.10151225815779008,0.05481494213483348,0.2987152327633756,0.09029147699475289,0.06574386358261108,0.21982328593730927,128
trained,9,0.28277045488357544,4,0,10,0.06023307069886887,0.028068834036326477,0.3642530334836382,0.05209309421479702,0.034098030999302864,0.138088745996356,128
trained,9,0.28277045488357544,4,0,20,0.03302137088250401,0.013786018403395836,0.4109469203934355,0.030171344056725502,0.01650079507380724,0.06655719224363565,128
trained,9,0.28277045488357544,4,0,30,0.02263896258638475,0.009351478220256202,0.4153579641501788,0.020753305902083716,0.011043358594179153,0.04610004322603345,128
trained,9,0.28277045488357544,4,0,40,0.018314163408622575,0.0060032320409058515,0.5062602774529129,0.016504418663680555,0.007663898915052414,0.033267282880842686,128
trained,9,0.28277045488357544,4,0,49,0.014178809424398819,0.005651460536825837,0.4300167826165258,0.013402976247729088,0.006478957907885921,0.02578522264957428,128
trained,9,0.28277045488357544,4,1,5,0.0657137947262458,0.12993205111959708,-0.32823726011347637,0.1148478627204895,0.08119933828711509,0.019763970165513456,128
trained,9,0.28277045488357544,4,1,10,0.02531866305647885,0.07084021190743992,-0.4733993494367367,0.06778571009635925,0.031360518932342527,0.008537718036677688,128
trained,9,0.28277045488357544,4,1,20,0.01087060544924132,0.03870090465382886,-0.5614172161824554,0.036584483459591866,0.013182709459215403,0.004656151548260823,128
trained,9,0.28277045488357544,4,1,30,0.006560183730740376,0.02640293437597443,-0.6019682537432642,0.025073873251676558,0.008178617122272651,0.0024252483854070306,128
trained,9,0.28277045488357544,4,1,40,0.0050670366694494495,0.01970030487572903,-0.5908291844320872,0.01851081382483244,0.006433728011325001,0.0022183385444805026,128
trained,9,0.28277045488357544,4,1,49,0.004032195993535303,0.016413081789919303,-0.605562121821485,0.015205593741669948,0.0051646718413245925,0.0018569715175544843,128
trained,9,0.28277045488357544,4,2,5,0.10026088600638527,0.07744209810813761,0.12840970573354807,0.06029894948005676,0.11726141571998597,0.11219817213714123,128
trained,9,0.28277045488357544,4,2,10,0.054202115655344066,0.039085070059096706,0.16204846871851986,0.036456960067152974,0.055838171392679214,0.07704868447035551,128
trained,9,0.28277045488357544,4,2,20,0.028521864175984093,0.019523543105558244,0.18728785079308627,0.02248096764087677,0.025501170195639133,0.04035724513232708,128
trained,9,0.28277045488357544,4,2,30,0.019231101423186934,0.013241206473638389,0.1844616332290225,0.015749152873953183,0.016635802139838538,0.02845136635005474,128
trained,9,0.28277045488357544,4,2,40,0.01564431539303986,0.008887175287992417,0.27544759479278647,0.012640891317278146,0.011808774527162313,0.022013375884853303,128
trained,9,0.28277045488357544,4,2,49,0.012384092751093409,0.007628944389017721,0.23760253521478655,0.010449431380447077,0.009592415878967362,0.017949478002265096,128
trained,9,0.28277045488357544,4,3,5,0.10168204442510065,0.05708595240338248,0.2808884215476648,0.09204053431749344,0.06644874289631844,0.20755364187061787,128
trained,9,0.28277045488357544,4,3,10,0.06385545746538551,0.024688266414351477,0.44234858592337784,0.05333840548992157,0.03263496980071068,0.14026625826954842,128
trained,9,0.28277045488357544,4,3,20,0.03483234325982191,0.012135404500968703,0.4832452020898841,0.030967288464307786,0.01584087051451206,0.06383678875863552,128
trained,9,0.28277045488357544,4,3,30,0.02380588694808347,0.008192218610638222,0.48795602315592373,0.02107260301709175,0.010697804143031437,0.04688779590651393,128
trained,9,0.28277045488357544,4,3,40,0.017449355210273715,0.00678343811535734,0.4401439384701423,0.015250059217214585,0.008853576611727476,0.03585455287247896,128
trained,9,0.28277045488357544,4,3,49,0.014625149710242608,0.005195876134677235,0.4757207648516532,0.0131694282196006,0.006708726971125116,0.025970397982746363,128
trained,9,0.28277045488357544,5,0,5,0.11277860065676132,0.04708641212179054,0.4109228616868029,0.08938969448208808,0.07006474137306214,0.20272782072424889,128
trained,9,0.28277045488357544,5,0,10,0.07551371134244479,0.01599472717455755,0.6504207167318034,0.051324357464909556,0.036278148740530015,0.12397494353353977,128
trained,9,0.28277045488357544,5,0,20,0.0395496996437631,0.00805069116587968,0.6617384425096083,0.026948623731732367,0.020430289953947068,0.05242172256112099,128
trained,9,0.28277045488357544,5,0,30,0.027136531995164415,0.005262409300529981,0.6751493048591132,0.01823742116491,0.013842522352933883,0.03760169353336096,128
trained,9,0.28277045488357544,5,0,40,0.020161920406451664,0.004321822992212199,0.646963871319487,0.014102009683847427,0.010189920291304588,0.028322812635451555,128
trained,9,0.28277045488357544,5,0,49,0.016465133872538475,0.003449898520302306,0.6535382466292877,0.011884669564208207,0.008109217395587844,0.020299513824284077,128
trained,9,0.28277045488357544,5,1,5,0.1379036933371106,0.03074797821341094,0.6353670505481149,0.09425097778439522,0.07373097389936448,0.16009026765823364,128
trained,9,0.28277045488357544,5,1,10,0.0867356958995296,0.010421448089510114,0.7854723253067528,0.05347407981753349,0.03867494203150272,0.07850978849455714,128
trained,9,0.28277045488357544,5,1,20,0.04428344744570512,0.004363287641985459,0.820613340873524,0.027876074984669687,0.020489970967173577,0.03267906350083649,128
trained,9,0.28277045488357544,5,1,30,0.03004597659846945,0.003006691331124159,0.8180666481787293,0.018713901191949843,0.013944444432854652,0.020249653607606888,128
trained,9,0.28277045488357544,5,1,40,0.02317144372049364,0.001704116693016002,0.8629886792402066,0.014505804702639579,0.01010980037972331,0.015375824528746307,128
trained,9,0.28277045488357544,5,1,49,0.0183026129394628,0.0017588069165865887,0.8246577829865256,0.011331308557062733,0.008830344494508237,0.01207896787673235,128
trained,9,0.28277045488357544,5,2,5,0.07071565457110135,0.12573274322178052,-0.2800587292567504,0.0918609045445919,0.10493134930729867,0.01603873271960765,128
trained,9,0.28277045488357544,5,2,10,0.033385642794861045,0.06403980646664796,-0.31464226137865153,0.04272269792854786,0.05671443492174148,0.005628718121442944,128
trained,9,0.28277045488357544,5,2,20,0.01713286264030883,0.03263213007463051,-0.3114492053237534,0.020346187800168992,0.029527784511446952,0.0025205642450600863,128
trained,9,0.28277045488357544,5,2,30,0.011691481568092523,0.021436139298660308,-0.2941550728761646,0.011638555799921353,0.021631174286206565,0.0019080732599832118,128
trained,9,0.28277045488357544,5,2,40,0.007238279882274913,0.017609657168342358,-0.4173938973091694,0.010590413119643927,0.01438311543315649,0.0010588842633296736,128
trained,9,0.28277045488357544,5,2,49,0.0064322123247923454,0.01399949226465063,-0.370369486616301,0.008223205880851162,0.012162651334490095,0.0010930003190878779,128
trained,9,0.28277045488357544,5,3,5,0.11564654224323777,0.027831975532614666,0.6120398236006194,0.07700428292155266,0.06592539697885513,0.28535161167383194,128
trained,9,0.28277045488357544,5,3,10,0.07558100518574284,0.009558539586332886,0.7754618112579889,0.040324896946549414,0.040481924265623095,0.19193178787827492,128
trained,9,0.28277045488357544,5,3,20,0.040407343608577076,0.004252352878231703,0.8095664228308174,0.023845132812857626,0.020560349337756634,0.11189035419374704,128
trained,9,0.28277045488357544,5,3,30,0.027867412214299336,0.0030216780133560696,0.8043530585402028,0.016738525405526162,0.01378823071718216,0.08419729210436344,128
trained,9,0.28277045488357544,5,3,40,0.021890782423762287,0.0017455327193371718,0.85230077453313,0.01318797878921032,0.010204390343278646,0.06430522492155433,128
trained,9,0.28277045488357544,5,3,49,0.01743160268961911,0.0018745930599485562,0.8058039932187638,0.011240770013964906,0.008159680482076138,0.049377911258488894,128
untrained,0,-0.5101710557937622,0,0,5,0.09115824699401856,0.09089088137187655,0.0014686454395056003,0.09081947579979896,0.09123383387923241,0.08973345533013344,128
untrained,0,-0.5101710557937622,0,0,10,0.04766799174249172,0.047590767964720726,0.0008106737690847457,0.047695011273026465,0.04756374880671501,0.047412401996552944,128
untrained,0,-0.5101710557937622,0,0,20,0.02437191186674608,0.024419470916411102,-0.0009747428121767409,0.024382729642093183,0.024408208951354027,0.024181244196370244,128
untrained,0,-0.5101710557937622,0,0,30,0.01639813768258772,0.016392796300844645,0.00016289202819320367,0.01637686863541603,0.01641415022313595,0.016269403975456953,128
untrained,0,-0.5101710557937622,0,0,40,0.012344628679967357,0.01235050410316104,-0.000237918266933152,0.012323490530252456,0.012371792830526829,0.012188696418888867,128
untrained,0,-0.5101710557937622,0,0,49,0.01011043946207152,0.01009391502318421,0.000817865222991981,0.01011083906098288,0.010093167728307297,0.010003667557612062,128
untrained,0,-0.5101710557937622,0,1,5,0.09088182375981257,0.09091467024788023,-0.00018067723608623706,0.09073784053325654,0.0910581462085247,0.09102009143680334,128
untrained,0,-0.5101710557937622,0,1,10,0.04753993712365627,0.047704301029443744,-0.0017257097014261545,0.04758615270256996,0.047658085078001025,0.04755761148408055,128
untrained,0,-0.5101710557937622,0,1,20,0.024398250291960157,0.02438350900866632,0.00030218843077574174,0.024381628073751927,0.02440026979893446,0.02436203113757074,128
untrained,0,-0.5101710557937622,0,1,30,0.016400228091718476,0.016392528853004986,0.0002347847339042933,0.016360006605585415,0.016432874649763108,0.01621356443502009,128
untrained,0,-0.5101710557937622,0,1,40,0.012343270219638497,0.01234985369727725,-0.00026661177664838226,0.012305225431919097,0.0123880660161376,0.012268333928659558,128
untrained,0,-0.5101710557937622,0,1,49,0.010094531894895075,0.010109574030817189,-0.0007445088625389832,0.010073770369802202,0.010130651447237755,0.009983306168578565,128
untrained,0,-0.5101710557937622,0,2,5,0.09100069266099196,0.09083265198601617,0.0009241466426363321,0.09072614908218384,0.09110982045531273,0.09082014486193657,128
untrained,0,-0.5101710557937622,0,2,10,0.04762682281434536,0.0476043239235878,0.0002362555899829625,0.04745823740959167,0.047772910073399545,0.047688526567071676,128
untrained,0,-0.5101710557937622,0,2,20,0.024390372513986593,0.02438705896353496,6.793204051944763e-05,0.024288372695446016,0.024489090032875537,0.024450746597722173,128
untrained,0,-0.5101710557937622,0,2,30,0.01639956342813481,0.01638636631963113,0.0004025235399700077,0.01633585679034392,0.016450286408265433,0.01641570613719523,128
untrained,0,-0.5101710557937622,0,2,40,0.012354279137804418,0.012335993812197731,0.0007405882325794659,0.012270676344633103,0.012419132515788078,0.012407648959197104,128
untrained,0,-0.5101710557937622,0,2,49,0.01010255611680618,0.010099745407318934,0.0001391281821900363,0.010061162999089884,0.010141080207362468,0.010090115712955594,128
untrained,0,-0.5101710557937622,0,3,5,0.0909757870894212,0.09066199650840154,0.0017275622659694856,0.09109037443995475,0.09055231511592865,0.09178656805306673,128
untrained,0,-0.5101710557937622,0,3,10,0.047578074410557745,0.047597814723849295,-0.00020740876151380182,0.04751952029764652,0.04765637032687664,0.04824110073968768,128
untrained,0,-0.5101710557937622,0,3,20,0.02439147197056112,0.02436881693379736,0.00046462064258337367,0.024379338882863522,0.024381162598729134,0.024789979215711355,128
untrained,0,-0.5101710557937622,0,3,30,0.016391182239088628,0.016384322785902048,0.00020928596465990315,0.01640227933724721,0.016373336563507715,0.016731527168303728,128
untrained,0,-0.5101710557937622,0,3,40,0.01234678362079995,0.012337984539213635,0.0003564579391193723,0.012382726278156042,0.0123018192127347,0.012618219130672514,128
untrained,0,-0.5101710557937622,0,3,49,0.010099979021650184,0.010097461145866819,0.00012466311385783886,0.010099915521485465,0.010097471578997009,0.01032803172711283,128
untrained,0,-0.5101710557937622,1,0,5,0.0906926125746507,0.09085006486801873,-0.0008673018134641986,0.09055878072977067,0.09098143875598907,0.0922989109531045,128
untrained,0,-0.5101710557937622,1,0,10,0.04762909784913063,0.04751591607928276,0.0011895712152802634,0.047484637796878816,0.04766037426888943,0.04854986537247896,128
untrained,0,-0.5101710557937622,1,0,20,0.02437120325425092,0.0243826218960037,-0.00023421017155788644,0.024343857914209364,0.024409859627485275,0.024925630539655685,128
untrained,0,-0.5101710557937622,1,0,30,0.01639112443694208,0.01638232431063392,0.0002685138929280527,0.01637075257798036,0.016402837385733924,0.016792266629636288,128
untrained,0,-0.5101710557937622,1,0,40,0.012339789977293455,0.012344188508533296,-0.00017819377221498742,0.012347412668168545,0.012336677219718695,0.01263640180695802,128
untrained,0,-0.5101710557937622,1,0,49,0.010096440796743386,0.010101984620913352,-0.0002744681357609415,0.010102118612552176,0.010096423708054483,0.01027144049294293,128
untrained,0,-0.5101710557937622,1,1,5,0.0906354860159067,0.09074384674193367,-0.0005974259822151374,0.09051953926682473,0.0908581018447876,0.09311179723590612,128
untrained,0,-0.5101710557937622,1,1,10,0.04761856347322464,0.04752182587981224,0.0010167878654818371,0.04770544581115246,0.047434945777058604,0.04859609482809901,128
untrained,0,-0.5101710557937622,1,1,20,0.024388287274091973,0.02436205528511986,0.0005380883003994241,0.024380062334239484,0.0243705278262496,0.0249882189091295,128
untrained,0,-0.5101710557937622,1,1,30,0.01639959239030972,0.01637362790145591,0.0007922471036372152,0.016437619924545288,0.016336020703117054,0.016790808644145727,128
untrained,0,-0.5101710557937622,1,1,40,0.01233113781961506,0.012355468840826125,-0.0009855960174983574,0.012376518361270428,0.01231070589274168,0.012511033215560019,128
untrained,0,-0.5101710557937622,1,1,49,0.010101389807287956,0.010096602928333176,0.00023699775602458952,0.010101551836242482,0.010096340231141266,0.010303306393325329,128
untrained,0,-0.5101710557937622,1,2,5,0.09066918006310096,0.09099980460272895,-0.0018199283726627433,0.09064316004514694,0.09102065786719322,0.09168090205639601,128
untrained,0,-0.5101710557937622,1,2,10,0.04753672294318676,0.04769997298717499,-0.0017141506474130808,0.04759615361690521,0.04764054045081138,0.04763303883373737,128
untrained,0,-0.5101710557937622,1,2,20,0.02439952431817542,0.02436772393127345,0.0006520849144215266,0.024342296272516252,0.024425251036882402,0.0246490768622607,128
untrained,0,-0.5101710557937622,1,2,30,0.016392942210578233,0.016387886443170938,0.00015422939610655134,0.016361586501200995,0.016419324775536856,0.016572682885453105,128
untrained,0,-0.5101710557937622,1,2,40,0.012340322811761218,0.012346300760904948,-0.00024215337208391982,0.012359965592622757,0.012326809857040644,0.012528987950645387,128
untrained,0,-0.5101710557937622,1,2,49,0.010102681694279277,0.010096620053965027,0.0003000915769019705,0.010110814276398445,0.010088359975084966,0.010240464238449931,128
untrained,0,-0.5101710557937622,1,3,5,0.09089719478900617,0.09090082002064538,-1.9940985840745865e-05,0.09081654772162437,0.09098141342401504,0.09101019613444805,128
untrained,0,-0.5101710557937622,1,3,10,0.04758534282445907,0.04763951115310192,-0.0005688465393188717,0.047520975768566134,0.047703880444169046,0.04775145184248686,128
untrained,0,-0.5101710557937622,1,3,20,0.024398856303271127,0.02437062688430401,0.0005788336705960565,0.024403289519250394,0.024366458877921104,0.024605046724900603,128
untrained,0,-0.5101710557937622,1,3,30,0.016397481451029657,0.016383935687023222,0.0004132147170140947,0.01639002822339535,0.01639160836736361,0.016550915548577905,128
untrained,0,-0.5101710557937622,1,3,40,0.012351125896813158,0.012338485536121187,0.0005119708232668747,0.012355163786560297,0.012334126699715852,0.012428396032191813,128
untrained,0,-0.5101710557937622,1,3,49,0.01010197016625917,0.010096712755754841,0.0002602848177956237,0.010101196641216472,0.010097374949528247,0.010269974125549197,128
untrained,0,-0.5101710557937622,2,0,5,0.09076949192927435,0.09077603400699676,-3.6035466523535125e-05,0.09074532315135002,0.0908000998198986,0.09227287024259567,128
untrained,0,-0.5101710557937622,2,0,10,0.04753534346818924,0.04763016253709793,-0.0009963596358372737,0.047480014339089396,0.04768549054861069,0.04834494972601533,128
untrained,0,-0.5101710557937622,2,0,20,0.02436807336452945,0.024406070588891063,-0.0007790444133088729,0.024299236387014388,0.02447455171495676,0.024524247972294688,128
untrained,0,-0.5101710557937622,2,0,30,0.01639010061794889,0.01639271476648673,-7.974142876701005e-05,0.016339341551065444,0.016443431253234546,0.016516806092113256,128
untrained,0,-0.5101710557937622,2,0,40,0.01232989890303067,0.012359088534400577,-0.0011822935810024205,0.01232952456921339,0.012360204104334116,0.012410860857926309,128
untrained,0,-0.5101710557937622,2,0,49,0.010096955532359767,0.010103164055733142,-0.0003073508226519143,0.010085226017601636,0.010115023778409374,0.010187747771851718,128
untrained,0,-0.5101710557937622,2,1,5,0.09084756997915415,0.09086255270337301,-8.245398768981407e-05,0.0909192681312561,0.09079061970114707,0.09145056735724211,128
untrained,0,-0.5101710557937622,2,1,10,0.047593000903725625,0.047583470866084096,0.00010013018411187058,0.0477264866232872,0.04744998589158058,0.04823529301211238,128
untrained,0,-0.5101710557937622,2,1,20,0.02439266000369754,0.024375595692956484,0.00034990611201778023,0.024443940632045268,0.024324475042521953,0.024631698383018374,128
untrained,0,-0.5101710557937622,2,1,30,0.016371492359468352,0.01641162505788485,-0.0012241879838440488,0.01640170489748319,0.016380764792362848,0.01652591908350587,128
untrained,0,-0.5101710557937622,2,1,40,0.012349209947910958,0.012339035215831939,0.00041212860659490456,0.012371365539729595,0.01231662156060338,0.012480527278967202,128
untrained,0,-0.5101710557937622,2,1,49,0.010100987602134482,0.010100510029551538,2.364045436763142e-05,0.010106082245403407,0.010095405791487013,0.010127099347300828,128
untrained,0,-0.5101710557937622,2,2,5,0.0909848954127385,0.09093878458416652,0.0002534624880747893,0.09085942804813385,0.09106497913599014,0.09037796966731548,128
untrained,0,-0.5101710557937622,2,2,10,0.047660686820745465,0.0476094163954258,0.0005381585994799951,0.04775621108710766,0.047513892874121666,0.047298964112997055,128
untrained,0,-0.5101710557937622,2,2,20,0.024402049672861956,0.024389248165046378,0.00026237276691929025,0.024440369941294192,0.02435104697942734,0.024171636439859867,128
untrained,0,-0.5101710557937622,2,2,30,0.016393031296761815,0.01639449817279838,-4.4738840048375334e-05,0.0164217842121919,0.016365721821784973,0.016374824102967978,128
untrained,0,-0.5101710557937622,2,2,40,0.012348212221103584,0.012344895135788691,0.0001343324380693246,0.012357257585972548,0.012335766013711691,0.012279066606424749,128
untrained,0,-0.5101710557937622,2,2,49,0.010099836358806598,0.010102556170261628,-0.00013462818579442314,0.010127291539493872,0.010075158306530543,0.010079955100081861,128
untrained,0,-0.5101710557937622,2,3,5,0.09112626002385066,0.09076731469896104,0.001973381002790447,0.09102087318897248,0.09087831154465675,0.09050408098846674,128
untrained,0,-0.5101710557937622,2,3,10,0.04762882590293884,0.04765232801437378,-0.0002466606508049678,0.04772290289402008,0.04755825027823448,0.04718846082687378,128
untrained,0,-0.5101710557937622,2,3,20,0.024369315835344532,0.024414318969197078,-0.0009225047299557365,0.024388108775019644,0.0243951041251421,0.024335736641660333,128
untrained,0,-0.5101710557937622,2,3,30,0.01639999468347343,0.016390370716803788,0.00029349982996130456,0.016427704567710557,0.016362817461291947,0.016284381970763206,128
untrained,0,-0.5101710557937622,2,3,40,0.012348017377222707,0.012343399956112817,0.00018700510575669782,0.012353130243718624,0.012338169291615486,0.01234801346436143,128
untrained,0,-0.5101710557937622,2,3,49,0.010099170029357512,0.01010360515244226,-0.00021953038850443566,0.010106136376152233,0.010096731918806933,0.010059463325887918,128
untrained,0,-0.5101710557937622,3,0,5,0.09092807476337139,0.0908567882719494,0.0003921475651564402,0.09144749641418456,0.09033848345279694,0.09107010532170534,128
untrained,0,-0.5101710557937622,3,0,10,0.047653671354055405,0.047580796852707864,0.0007652114063214759,0.04772785268723965,0.0475066177546978,0.04765530955046415,128
untrained,0,-0.5101710557937622,3,0,20,0.024410199270159836,0.02437119209427939,0.0007996322939669606,0.024551117047667503,0.024230640567839145,0.024364857468754053,128
untrained,0,-0.5101710557937622,3,0,30,0.016402200696897285,0.01638569094757355,0.0005035318983682484,0.016455438981453577,0.01633271910250187,0.016355270985513926,128
untrained,0,-0.5101710557937622,3,0,40,0.012347884741957058,0.012343902315412249,0.00016128547259035425,0.01237821476534009,0.012313471268862486,0.012332568410784006,128
untrained,0,-0.5101710557937622,3,0,49,0.010099245204987665,0.010102614546328466,-0.00016678372100936958,0.010127416906916365,0.010074513831308909,0.010105385794304311,128
untrained,0,-0.5101710557937622,3,1,5,0.09077355018028846,0.09091016981336805,-0.0007519640894825983,0.09077562242746354,0.09090596139431,0.09159208461642265,128
untrained,0,-0.5101710557937622,3,1,10,0.04755477532744408,0.04761532172560692,-0.0006361914092453941,0.0476074293255806,0.047562666982412335,0.04829902295023203,128
untrained,0,-0.5101710557937622,3,1,20,0.024405827647761294,0.024359667338783433,0.0009465772671773451,0.024374941363930702,0.024390986934304238,0.02468144684098661,128
untrained,0,-0.5101710557937622,3,1,30,0.01638231064832131,0.016399746663107197,-0.0005318767708723547,0.01638933941721916,0.016392436747749647,0.01654672622680664,128
untrained,0,-0.5101710557937622,3,1,40,0.012355297123024125,0.012334744589669364,0.0008324219777791104,0.012313967477530241,0.012375553045421839,0.01241920713800937,128
untrained,0,-0.5101710557937622,3,1,49,0.010103619448136817,0.010097184976438371,0.00031852551823625323,0.010073945002288235,0.010126724078947184,0.010167224216274917,128
untrained,0,-0.5101710557937622,3,2,5,0.09091401026799129,0.09094231317913722,-0.00015563336269691693,0.09099858105182648,0.09085730239748954,0.09072059951722622,128
untrained,0,-0.5101710557937622,3,2,10,0.04759720265865326,0.047635249048471454,-0.0003995107669263713,0.04762534499168396,0.04760710634291172,0.047675480134785175,128
untrained,0,-0.5101710557937622,3,2,20,0.024417069120672836,0.024366386681325052,0.001038926794207742,0.0244074285030365,0.02437650039792061,0.024321388453245163,128
untrained,0,-0.5101710557937622,3,2,30,0.016387227496875975,0.016398991018833464,-0.0003587947158802052,0.016440964365998904,0.01634506434202194,0.016419141786172986,128
untrained,0,-0.5101710557937622,3,2,40,0.012333290658159581,0.012357069742111933,-0.000963091812589631,0.012378410249948502,0.01231255391612649,0.01236142625566572,128
untrained,0,-0.5101710557937622,3,2,49,0.010101814844709267,0.010101111288148116,3.482448812064578e-05,0.010123084698404585,0.010079825867195519,0.010057360283099115,128
untrained,0,-0.5101710557937622,3,3,5,0.09127113342285156,0.09086921858409094,0.0022066216207987433,0.09102483466267586,0.09112179875373841,0.0892668180167675,128
untrained,0,-0.5101710557937622,3,3,10,0.04773464649915695,0.04757029563188553,0.0017244737113812855,0.04780073687434196,0.04750420600175857,0.046950576826930046,128
untrained,0,-0.5101710557937622,3,3,20,0.024400841156395597,0.024389694729814018,0.00022845468652663814,0.024437002092599868,0.024353638850152494,0.024187185103073716,128
untrained,0,-0.5101710557937622,3,3,30,0.016400876868877087,0.016391234526626643,0.00029404456864195707,0.016459824269016585,0.016332442065080006,0.016231993213295937,128
untrained,0,-0.5101710557937622,3,3,40,0.012352052910294465,0.01234160259791783,0.00042319827344868965,0.012381198164075614,0.012312191911041737,0.01226440363097936,128
untrained,0,-0.5101710557937622,3,3,49,0.0101064991873328,0.010097612744938351,0.00043983335787281264,0.01013959412063871,0.010064330408159567,0.010007701115682721,128
untrained,0,-0.5101710557937622,4,0,5,0.09083507904639611,0.0907978958553738,0.00020471608221034663,0.0906673677265644,0.09096619114279747,0.09183221869170666,128
untrained,0,-0.5101710557937622,4,0,10,0.04757494144141674,0.047595060989260675,-0.000211406402541386,0.04762774519622326,0.047542256861925127,0.04829997383058071,128
untrained,0,-0.5101710557937622,4,0,20,0.02440136431171429,0.024371143959298118,0.0006196185820017627,0.02429983988404274,0.024472952261567114,0.02454417385160923,128
untrained,0,-0.5101710557937622,4,0,30,0.01638707987532623,0.016388940331543356,-5.6762724861856156e-05,0.01637534921367963,0.01640064033369223,0.016720303567126393,128
untrained,0,-0.5101710557937622,4,0,40,0.012342102111938721,0.012345293590000698,-0.0001292756068878004,0.012307611107826234,0.012379864975810052,0.012500934884883463,128
untrained,0,-0.5101710557937622,4,0,49,0.010101859965619513,0.010097984668986638,0.00019184784352469506,0.010071648094727069,0.010128115208781496,0.010211618384346366,128
untrained,0,-0.5101710557937622,4,1,5,0.09075845278226412,0.09089036441984631,-0.000726190457021787,0.09072298854589463,0.09092376232147217,0.09176622703671455,128
untrained,0,-0.5101710557937622,4,1,10,0.04762369953095913,0.04758803993463516,0.00037452940702213693,0.047359241917729375,0.04785249643027782,0.04788260580971837,128
untrained,0,-0.5101710557937622,4,1,20,0.024380395656030614,0.02437602740356975,8.959337430140115e-05,0.024308211542665957,0.024448251351714134,0.024870727444067597,128
untrained,0,-0.5101710557937622,4,1,30,0.016404909210165974,0.01637797976625603,0.0008214481624389062,0.016336044172445933,0.0164472796022892,0.016500288853421807,128
untrained,0,-0.5101710557937622,4,1,40,0.012333333659506514,0.012355032239641461,-0.0008788990013639388,0.01233452521264553,0.012354391254484653,0.012443326530046761,128
untrained,0,-0.5101710557937622,4,1,49,0.010099445647447816,0.010099428732048192,8.374426864470587e-07,0.010098260504250623,0.010100613823350596,0.010255166329443455,128
untrained,0,-0.5101710557937622,4,2,5,0.0908623768733098,0.0909004635281033,-0.0002095403808016095,0.09140635281801224,0.09035589024424553,0.091188776306808,128
untrained,0,-0.5101710557937622,4,2,10,0.04762337245047092,0.047595060989260675,0.00029733172650723205,0.04775187000632286,0.047466565668582913,0.04781565722078085,128
untrained,0,-0.5101710557937622,4,2,20,0.02439453727320621,0.024383349749568132,0.000229356462952646,0.02447808999568224,0.02429990265518427,0.024440161883831024,128
untrained,0,-0.5101710557937622,4,2,30,0.01639702001148343,0.016387342207642572,0.00029519573313269924,0.016419283300638198,0.01636523554722468,0.01646444294601679,128
untrained,0,-0.5101710557937622,4,2,40,0.01234319119271869,0.012347808383759998,-0.00018699895185772056,0.012380246073007584,0.012310871109366416,0.012355323415249586,128
untrained,0,-0.5101710557937622,4,2,49,0.010095517953754636,0.010105146906064646,-0.0004766651185172533,0.010105737009826971,0.01009513080424192,0.010157473268918693,128
untrained,0,-0.5101710557937622,4,3,5,0.09105991730323204,0.09116884715973385,-0.000597764336614089,0.0906839869916439,0.09154307395219803,0.08886468037962914,128
untrained,0,-0.5101710557937622,4,3,10,0.04768643975257873,0.04762887097895145,0.0006039824366604465,0.04735949151217937,0.047955819964408876,0.046846902929246426,128
untrained,0,-0.5101710557937622,4,3,20,0.02440574423816551,0.024376263189767062,0.0006043426655083611,0.024294726364314557,0.024487559124827384,0.02435431443154812,128
untrained,0,-0.5101710557937622,4,3,30,0.01639532920704445,0.01639461908597931,2.165666925650397e-05,0.01630750447511673,0.01648245540757974,0.01630120142363012,128
untrained,0,-0.5101710557937622,4,3,40,0.012347154961320345,0.01234655525570824,2.428576373540652e-05,0.01230122772976756,0.012392466887831688,0.012252190383151174,128
untrained,0,-0.5101710557937622,4,3,49,0.010100084329661018,0.010104732912529417,-0.0002300729975652482,0.01006175767706365,0.010143157626901354,0.009959138464182615,128
untrained,0,-0.5101710557937622,5,0,5,0.090957733301016,0.09098821064782521,-0.00016750770117529692,0.09065587744116783,0.09128959327936173,0.09027266874909401,128
untrained,0,-0.5101710557937622,5,0,10,0.047652754187583926,0.047573497891426085,0.0008322946081218148,0.04769766181707382,0.047528591379523276,0.04773747734725475,128
untrained,0,-0.5101710557937622,5,0,20,0.0243843207049296,0.02438760161023787,-6.727037099341619e-05,0.024366527609527112,0.024405363574624063,0.02456216956488788,128
untrained,0,-0.5101710557937622,5,0,30,0.016389093785210182,0.016393036360208037,-0.00012026597967385247,0.01636875420808792,0.016413312032818796,0.016538004856556654,128
untrained,0,-0.5101710557937622,5,0,40,0.012341956671827543,0.0123443725222633,-9.786187394103783e-05,0.012297326605767012,0.01238906430080533,0.01254437502939254,128
untrained,0,-0.5101710557937622,5,0,49,0.010100077806155922,0.010100623058721768,-2.6991764764315467e-05,0.010082063322164575,0.010118649474212102,0.010165096377022564,128
untrained,0,-0.5101710557937622,5,1,5,0.09084435022794284,0.09097634118700784,-0.0007259402548582941,0.09174811542034149,0.09007051289081573,0.09090685844421387,128
untrained,0,-0.5101710557937622,5,1,10,0.04755344502627849,0.04764971882104874,-0.0010112457493915014,0.04820301793515682,0.04700014553964138,0.04796834755688906,128
untrained,0,-0.5101710557937622,5,1,20,0.024436023213176904,0.024348159317714557,0.0018010734402469138,0.02465535420924425,0.024129652604460716,0.024299863493070006,128
untrained,0,-0.5101710557937622,5,1,30,0.016405432606769917,0.016385033119286477,0.0006221164302222036,0.01652489205201467,0.01626590353747209,0.0162761511746794,128
untrained,0,-0.5101710557937622,5,1,40,0.012356778853880857,0.012335659572056361,0.0008552934894213122,0.012440477404743433,0.012251425348222256,0.012323898845352232,128
untrained,0,-0.5101710557937622,5,1,49,0.010115538280250972,0.010088320079257829,0.0013471783709563458,0.010173621834540854,0.010029663921010738,0.010039025102742016,128
untrained,0,-0.5101710557937622,5,2,5,0.09071084022521973,0.09099913021874806,-0.001586539213133805,0.09071815684437752,0.09098729938268661,0.09147268440574408,128
untrained,0,-0.5101710557937622,5,2,10,0.04763328768312931,0.04761942923069,0.00014549141366441837,0.047479669004678725,0.04777304641902447,0.047472826205193996,128
untrained,0,-0.5101710557937622,5,2,20,0.0243822317743449,0.02440207087279118,-0.00040666971483372365,0.02437404841184616,0.024410066567361353,0.02431768737733364,128
untrained,0,-0.5101710557937622,5,2,30,0.01640481059212736,0.016381524365184294,0.000710241842300296,0.01643287092447281,0.01635384000837803,0.016398680629208684,128
untrained,0,-0.5101710557937622,5,2,40,0.012337506892447003,0.0123514526003883,-0.0005648560420206995,0.012400470022112132,0.012288843747228384,0.012427448760718107,128
untrained,0,-0.5101710557937622,5,2,49,0.010097023718520174,0.01010378891791797,-0.0003348973884970253,0.010108888681445802,0.010092066334826606,0.010153196169994771,128
untrained,0,-0.5101710557937622,5,3,5,0.09081481566795936,0.09078545116242909,0.00016169858140978734,0.09106834605336189,0.09053238183259964,0.09199635777622461,128
untrained,0,-0.5101710557937622,5,3,10,0.047629817947745325,0.04757246598601341,0.0006024221201585485,0.04780760779976845,0.04739467427134514,0.04797718487679958,128
untrained,0,-0.5101710557937622,5,3,20,0.024378516172107897,0.02439091747115463,-0.0002542842538872282,0.024471031315624715,0.02429828643798828,0.024613650515675545,128
untrained,0,-0.5101710557937622,5,3,30,0.016383725884387215,0.016399321195118763,-0.0004757126661609767,0.01644108717640241,0.016341708103815713,0.016516147879883647,128
untrained,0,-0.5101710557937622,5,3,40,0.01234312602178845,0.012344695681617373,-6.358032910785949e-05,0.012370092608034611,0.012317768950015306,0.012485524406656623,128
untrained,0,-0.5101710557937622,5,3,49,0.010097733538003232,0.010103175299082749,-0.0002693819928169552,0.010146036592065071,0.010054986315722369,0.010149868088774383,128
untrained,1,-0.6682425141334534,0,0,5,0.0910565538805014,0.09087453859555322,0.0010004627712063001,0.09102259203791618,0.09090337306261062,0.09037013072520494,128
untrained,1,-0.6682425141334534,0,0,10,0.04764843793476329,0.04766044656435649,-0.00012599695879540778,0.047610823437571524,0.047697311639785765,0.04691866086795926,128
untrained,1,-0.6682425141334534,0,0,20,0.02439173747753275,0.024392706025798003,-1.9853629470369124e-05,0.024392132088541983,0.024392315186560154,0.024311070796102285,128
untrained,1,-0.6682425141334534,0,0,30,0.016398449443192773,0.01639096564177418,0.0002282383323695415,0.016402743756771088,0.016386784613132477,0.016314160078763962,128
untrained,1,-0.6682425141334534,0,0,40,0.012345915242850062,0.012348919223016659,-0.0001216440697599065,0.012334192730486393,0.012360723596066237,0.012203330523334444,128
untrained,1,-0.6682425141334534,0,0,49,0.010100020894317292,0.010104064836572993,-0.00020015467709672246,0.01009018415090989,0.010113846130517065,0.01000250712968409,128
untrained,1,-0.6682425141334534,0,1,5,0.09098592218478777,0.09099376672669385,-4.310668928473134e-05,0.09083871841430664,0.0911411926150322,0.09010046068578959,128
untrained,1,-0.6682425141334534,0,1,10,0.04768816302804386,0.04759634613990784,0.0009636077147987871,0.04760504141449928,0.04768520817160606,0.04709751345217228,128
untrained,1,-0.6682425141334534,0,1,20,0.024405149270000877,0.024388117582255807,0.000349058155837195,0.024426367320120334,0.024366845190525056,0.02413572696968913,128
untrained,1,-0.6682425141334534,0,1,30,0.01639650246007067,0.01639642266606856,2.4332688164070523e-06,0.01635370875398318,0.016439217329025268,0.016212204936891794,128
untrained,1,-0.6682425141334534,0,1,40,0.01235181978907451,0.012342222924468182,0.0003886307607573859,0.012323056440800428,0.012370723858475685,0.012248791055753827,128
untrained,1,-0.6682425141334534,0,1,49,0.010103302580937532,0.010101474375929833,9.048380051466203e-05,0.010090929437048582,0.010113873195891477,0.009964699856936932,128
untrained,1,-0.6682425141334534,0,2,5,0.09081313157771562,0.09107119334142622,-0.0014188235507589962,0.09049560502171516,0.09139597192406654,0.09054208919405937,128
untrained,1,-0.6682425141334534,0,2,10,0.04765921235084534,0.04754855155944824,0.0011623084804323668,0.04744572751224041,0.04776894897222519,0.04785321047529578,128
untrained,1,-0.6682425141334534,0,2,20,0.02438616341557996,0.02438750519559391,-2.7510336050727412e-05,0.024258432164788245,0.02451524082571268,0.024526533903554082,128
untrained,1,-0.6682425141334534,0,2,30,0.016390246571853506,0.0163980254037616,-0.00023724433887953533,0.016323411961396535,0.0164647426456213,0.016355374129489064,128
untrained,1,-0.6682425141334534,0,2,40,0.012340419838227422,0.012351820496098623,-0.00046171014522694077,0.012273604981601238,0.012418946716934443,0.012297939858399332,128
untrained,1,-0.6682425141334534,0,2,49,0.010101564802737984,0.010100578205738876,4.8836254581754825e-05,0.010051821643600658,0.0101503353489905,0.010094325174577534,128
untrained,1,-0.6682425141334534,0,3,5,0.09084985417185105,0.0908001106923112,0.0002738424946945707,0.09083124473690987,0.09081732034683228,0.09175717364996672,128
untrained,1,-0.6682425141334534,0,3,10,0.047542363054612104,0.04762820363044739,-0.0009019655847847313,0.04771134480834007,0.04745386019349098,0.04834797326475382,128
untrained,1,-0.6682425141334534,0,3,20,0.024376103870547304,0.02437853497508159,-4.9864066103173664e-05,0.024418087489902974,0.024336559884250163,0.02490707370452583,128
untrained,1,-0.6682425141334534,0,3,30,0.016395867818927323,0.016382921946105473,0.00039494663818446,0.01646000494559606,0.01631898048023383,0.01663044630549848,128
untrained,1,-0.6682425141334534,0,3,40,0.0123388822777683,0.012348527781410362,-0.0003907053683861149,0.012364677712321281,0.012322995811700821,0.012493037502281368,128
untrained,1,-0.6682425141334534,0,3,49,0.010092151056261474,0.010104362223859825,-0.0006046176103954576,0.010118273371944621,0.010078072395859932,0.010379073093645275,128
untrained,1,-0.6682425141334534,1,0,5,0.09111106357390475,0.09044527717636712,0.003667106281073057,0.09088938906788827,0.09064822345972061,0.09231193922460079,128
untrained,1,-0.6682425141334534,1,0,10,0.04752059368526235,0.047652534643809,-0.0013863257503637933,0.04758240208029747,0.04758248031139374,0.048351178877055645,128
untrained,1,-0.6682425141334534,1,0,20,0.024386015244785893,0.02438060981090938,0.00011084289450480327,0.024340988136827946,0.024425619281828403,0.024667841149494052,128
untrained,1,-0.6682425141334534,1,0,30,0.01640074567466959,0.016375140876507772,0.0007812084082319181,0.01634120667974154,0.016435066983103753,0.016711799893528223,128
untrained,1,-0.6682425141334534,1,0,40,0.01233688444497595,0.01234953684498602,-0.0005125246734204674,0.012310100346803665,0.01237666718661785,0.0125292984303087,128
untrained,1,-0.6682425141334534,1,0,49,0.010100760224406244,0.010097794651484127,0.00014682104438617957,0.010097727559658945,0.010100867523222553,0.010268835816532373,128
untrained,1,-0.6682425141334534,1,1,5,0.0908129383896708,0.09084523195191357,-0.0001777710420724118,0.090755445510149,0.0909036360681057,0.09170460235327482,128
untrained,1,-0.6682425141334534,1,1,10,0.04756045657045701,0.04760717233022054,-0.0004908786769479882,0.04761947058141232,0.047545237466692924,0.04835290787741542,128
untrained,1,-0.6682425141334534,1,1,20,0.02440241025906745,0.024357022526108215,0.0009308503066119395,0.024392116256058215,0.024367174319922923,0.024814172415062785,128
untrained,1,-0.6682425141334534,1,1,30,0.016385039407329844,0.016393563030006896,-0.00026003618345494823,0.016417761767903962,0.016360711430509885,0.016645798226818442,128
untrained,1,-0.6682425141334534,1,1,40,0.012332815626060149,0.012353878873382684,-0.0008532226670588833,0.012353789433836937,0.012333480920642615,0.012509162188507617,128
untrained,1,-0.6682425141334534,1,1,49,0.010096890478623142,0.010101441769703207,-0.00022533004328694354,0.010128609075838206,0.010069660766392338,0.01028476539067924,128
untrained,1,-0.6682425141334534,1,2,5,0.09083337952469706,0.0908627582538454,-0.000161691544506001,0.09105389341711997,0.09064307138323784,0.09151519648730755,128
untrained,1,-0.6682425141334534,1,2,10,0.04757237995372099,0.047615300416946414,-0.00045090355241181405,0.04756125062704086,0.04762374758720398,0.04815003462135792,128
untrained,1,-0.6682425141334534,1,2,20,0.02437780475168019,0.02439786414862422,-0.00041125826453797,0.024343558587133884,0.024432172626256944,0.02448536828160286,128
untrained,1,-0.6682425141334534,1,2,30,0.01639248640981315,0.016390585634583586,5.7980387772432515e-05,0.01638161266843478,0.01640148808558782,0.016506971325725317,128
untrained,1,-0.6682425141334534,1,2,40,0.012344461751271444,0.012346087481132478,-6.584421616813985e-05,0.01233335305005312,0.012357240356504918,0.012376262806355953,128
untrained,1,-0.6682425141334534,1,2,49,0.010105070358329166,0.010097043320772681,0.000397336520504335,0.010120111688667414,0.010082111979017452,0.010091042146086693,128
untrained,1,-0.6682425141334534,1,3,5,0.09076972176407694,0.09070317795936098,0.0003666872839801859,0.09073888957500457,0.0907321386039257,0.09264485258609056,128
untrained,1,-0.6682425141334534,1,3,10,0.04761495835640851,0.04754346529642741,0.0007513056357593449,0.04769149720668793,0.04747139550745487,0.04837107937783003,128
untrained,1,-0.6682425141334534,1,3,20,0.024398791565790445,0.024364847074787935,0.0006961025048193943,0.024473063834011554,0.02429046779870987,0.024729356402531266,128
untrained,1,-0.6682425141334534,1,3,30,0.016382108045395,0.016398352078821593,-0.0004955401286175842,0.016363048180937766,0.016417167459925015,0.016593545209616423,128
untrained,1,-0.6682425141334534,1,3,40,0.012334628469015221,0.01234928700407195,-0.0005938496699244147,0.012377450708299875,0.012306865211576224,0.01262733805924654,128
untrained,1,-0.6682425141334534,1,3,49,0.010105203704737987,0.010094832341107512,0.0005134329268731505,0.010098329460134312,0.010101848643045036,0.010191266308538616,128
untrained,1,-0.6682425141334534,2,0,5,0.0907872029822739,0.090770724334253,9.07624815086241e-05,0.09069381877779961,0.0908636435866356,0.0922126853838563,128
untrained,1,-0.6682425141334534,2,0,10,0.04758580817895777,0.04765245874722799,-0.0006998297052294599,0.047491001337766646,0.04774309918284416,0.04765899991616607,128
untrained,1,-0.6682425141334534,2,0,20,0.02438954499821678,0.024389735263456065,-3.900533961580375e-06,0.024374356865882872,0.02440492305904627,0.024414385436102748,128
untrained,1,-0.6682425141334534,2,0,30,0.016393915942658394,0.01638445269172624,0.0002887041462441502,0.01634570906559626,0.01643280213077863,0.016644654795527458,128
untrained,1,-0.6682425141334534,2,0,40,0.012339387552805215,0.012351108775845951,-0.0004747261004494267,0.012305439449846745,0.01238537710160017,0.012367344577796757,128
untrained,1,-0.6682425141334534,2,0,49,0.010102286883291489,0.010098378865648695,0.00019345984390665104,0.010080029845845943,0.01012068956482167,0.010164748644456267,128
untrained,1,-0.6682425141334534,2,1,5,0.09103857129333104,0.09074433233962595,0.0016186283078499886,0.09082748144865035,0.09094714075326919,0.09112685546278954,128
untrained,1,-0.6682425141334534,2,1,10,0.04764605199589449,0.04757127722104391,0.0007853063666533933,0.04772685691714287,0.04749514646828175,0.047779979184269905,128
untrained,1,-0.6682425141334534,2,1,20,0.024400776269667575,0.02436750013137532,0.0006823316456363616,0.024458468332886694,0.02430970426648855,0.02463657222688198,128
untrained,1,-0.6682425141334534,2,1,30,0.016389913348554646,0.016388090119545954,5.562355286253807e-05,0.016464408983786902,0.01631362227102121,0.016659071668982506,128
untrained,1,-0.6682425141334534,2,1,40,0.012341385672848867,0.012348438941027275,-0.00028567510253428357,0.012348160147666931,0.012341857608407735,0.01239929033908993,128
untrained,1,-0.6682425141334534,2,1,49,0.010096215271807272,0.010104093049052769,-0.00038998302005974683,0.010124949168185798,0.010075251058656342,0.01019019982777536,128
untrained,1,-0.6682425141334534,2,2,5,0.09089135893671459,0.09099593713290785,-0.0005749615198669996,0.09106057062745095,0.09082966148853303,0.09054882545024157,128
untrained,1,-0.6682425141334534,2,2,10,0.047666059171452245,0.04759658972422282,0.0007292411877479022,0.04770035557448864,0.04756663702428341,0.047330090776085854,128
untrained,1,-0.6682425141334534,2,2,20,0.0243999773058398,0.024398094025727745,3.859333085566688e-05,0.02435255069285631,0.02444551382213831,0.024038689211010933,128
untrained,1,-0.6682425141334534,2,2,30,0.016395365292748286,0.016396228249649217,-2.6316406361549157e-05,0.01638254920641581,0.0164090300599734,0.01625260221771896,128
untrained,1,-0.6682425141334534,2,2,40,0.012347003063523626,0.012346163811339171,3.398722361832712e-05,0.012341808900237084,0.012351334653794765,0.012274235603399575,128
untrained,1,-0.6682425141334534,2,2,49,0.01010413798343914,0.0100995076731729,0.00022918191818987384,0.010082053818872996,0.010121655555403963,0.010018259636126459,128
untrained,1,-0.6682425141334534,2,3,5,0.0910248503424347,0.09072849380933767,0.0016305423951260048,0.09090588912367821,0.09083912223577499,0.09127495624125004,128
untrained,1,-0.6682425141334534,2,3,10,0.04760551978560055,0.047612394094467166,-7.219554164149357e-05,0.047682397067546844,0.04753508716821671,0.04782515997067094,128
untrained,1,-0.6682425141334534,2,3,20,0.024390947482428954,0.024397491851699687,-0.00013413770474967132,0.024369813874363898,0.02441864609718323,0.024230804294347763,128
untrained,1,-0.6682425141334534,2,3,30,0.016401439033574848,0.01638595897769373,0.00047213432048877536,0.016369909172256787,0.016417722652355828,0.016371044795960188,128
untrained,1,-0.6682425141334534,2,3,40,0.012342044627331347,0.012347853319726517,-0.00023526595401043927,0.012338555417954922,0.01235150070860982,0.012397719896398485,128
untrained,1,-0.6682425141334534,2,3,49,0.01009759343469169,0.010103817861750023,-0.00030811842631611166,0.01009755916133219,0.01010376709152241,0.010135005111806095,128
untrained,1,-0.6682425141334534,3,0,5,0.0908545175165992,0.09096923062866583,-0.0006309028014005258,0.09129390940070152,0.09053306505084038,0.0908651240170002,128
untrained,1,-0.6682425141334534,3,0,10,0.04766195802127614,0.04753771146138509,0.001305115454338512,0.04782991670072079,0.04737751744687557,0.047925658989697695,128
untrained,1,-0.6682425141334534,3,0,20,0.024387624383346414,0.024401518229012178,-0.00028477331064965004,0.02445749267935753,0.024331693723797797,0.02421628637239337,128
untrained,1,-0.6682425141334534,3,0,30,0.016399812673898524,0.01639017889828735,0.0002938023204328149,0.016468906402587892,0.01632123130063216,0.016295865178108215,128
untrained,1,-0.6682425141334534,3,0,40,0.012344897032741562,0.012345300881128347,-1.6356628171962266e-05,0.012369138561189175,0.012321069929748773,0.01239165326114744,128
untrained,1,-0.6682425141334534,3,0,49,0.01009784782784058,0.010104546915394105,-0.0003315986861130708,0.010134602307665105,0.01006770133972168,0.010087152477353811,128
untrained,1,-0.6682425141334534,3,1,5,0.09053672471613745,0.09107919377034196,-0.00298690257287058,0.09063073322176933,0.09100043848156929,0.09184412565082312,128
untrained,1,-0.6682425141334534,3,1,10,0.04755559283144334,0.04762697577476502,-0.0007499581526976518,0.04753974787890911,0.04763835817575455,0.04821893107146025,128
untrained,1,-0.6682425141334534,3,1,20,0.024378016824632604,0.024387865980094837,-0.00020196815674330168,0.02435139399021864,0.024414518475532533,0.024681741604581475,128
untrained,1,-0.6682425141334534,3,1,30,0.016384360727865064,0.016396042280635903,-0.0003563578143762684,0.016390194868048033,0.01639003070692221,0.016593212261795998,128
untrained,1,-0.6682425141334534,3,1,40,0.012354805574838416,0.012335450930287177,0.0007838980751956898,0.012327914591878653,0.012361812870949507,0.012410890311002731,128
untrained,1,-0.6682425141334534,3,1,49,0.01009905207040888,0.010100413787106731,-6.741350030681013e-05,0.01008645049771484,0.010112996688302683,0.010227088932879269,128
untrained,1,-0.6682425141334534,3,2,5,0.09074913957111322,0.09081361648884226,-0.00035512193760372737,0.09105168133974076,0.09051288664340973,0.09217714052647352,128
untrained,1,-0.6682425141334534,3,2,10,0.04761563714812784,0.04760499000549316,0.00011181550629138783,0.04778338968753815,0.04743790403008461,0.04778707167133689,128
untrained,1,-0.6682425141334534,3,2,20,0.02437152216053308,0.02440179638402113,-0.0006207128075522517,0.024466103129088878,0.024307309277355672,0.024531751172617078,128
untrained,1,-0.6682425141334534,3,2,30,0.016388646023526687,0.016396210094030292,-0.00023071842915067998,0.016410805905858677,0.01637393534183502,0.016457755118608475,128
untrained,1,-0.6682425141334534,3,2,40,0.01234341194351993,0.012348471576270042,-0.00020491076534734986,0.01236661346629262,0.012325408309698105,0.012319145491346717,128
untrained,1,-0.6682425141334534,3,2,49,0.010100154765711973,0.01010079519516667,-3.17029375304491e-05,0.010117388349406573,0.01008355290609963,0.010153871728107333,128
untrained,1,-0.6682425141334534,3,3,5,0.09109586458114183,0.0909552037897081,0.0007726446908095975,0.09089605659246444,0.09115104898810386,0.08976445626467466,128
untrained,1,-0.6682425141334534,3,3,10,0.047627260755090155,0.047657564481099444,-0.00031803307540162484,0.04775130078196525,0.047531631961464885,0.047170680947601795,128
untrained,1,-0.6682425141334534,3,3,20,0.024397572193026167,0.024396152882561133,2.908797110298276e-05,0.024472570978105068,0.02432115003466606,0.024125560652464628,128
untrained,1,-0.6682425141334534,3,3,30,0.01639817897450196,0.01639644447802741,5.288965970321388e-05,0.01641514872511228,0.016379500553011895,0.01616050605662167,128
untrained,1,-0.6682425141334534,3,3,40,0.012341742055961885,0.012351804269130693,-0.000407483519618034,0.012400314584374428,0.012293507065623998,0.012247147969901562,128
untrained,1,-0.6682425141334534,3,3,49,0.010102474678233945,0.01010005288319876,0.0001198758436388745,0.010121775220851508,0.010080786231829196,0.01007450046017766,128
untrained,1,-0.6682425141334534,4,0,5,0.09074887355424201,0.09077321722152386,-0.00013410856594742784,0.09045902043581008,0.09106375202536583,0.09238613769412041,128
untrained,1,-0.6682425141334534,4,0,10,0.047566724524778475,0.04764378945032755,-0.0008094161278072371,0.047583438083529474,0.047622260823845866,0.04794302582740784,128
untrained,1,-0.6682425141334534,4,0,20,0.024374279108914463,0.024384460530919822,-0.0002088122474115904,0.024295306019484996,0.0244634659960866,0.02482456760481,128
untrained,1,-0.6682425141334534,4,0,30,0.016399323726201925,0.016378389093246744,0.0006386849829900669,0.016347363591194153,0.016430666918555895,0.016659101471304893,128
untrained,1,-0.6682425141334534,4,0,40,0.012334479385590458,0.012355284727118315,-0.0008426707291344609,0.012262080423533916,0.01242825211957097,0.012386691640131176,128
untrained,1,-0.6682425141334534,4,0,49,0.010094103928668276,0.010104151709427389,-0.000497457846788725,0.010092448899332357,0.01010566881420661,0.01029220107011497,128
untrained,1,-0.6682425141334534,4,1,5,0.09091618206723327,0.09081877618575168,0.0005359776809999352,0.09100915789604187,0.09072306230664254,0.09133891202509403,128
untrained,1,-0.6682425141334534,4,1,10,0.04758234725278967,0.04760989268620809,-0.0002893663751980798,0.047421124577522275,0.047769395262002946,0.048094818368554115,128
untrained,1,-0.6682425141334534,4,1,20,0.02437792097139508,0.024387580769084323,-0.0001980867076986654,0.024371388740837573,0.024394142813980578,0.024689376819878817,128
untrained,1,-0.6682425141334534,4,1,30,0.016382330683575586,0.016400225259588234,-0.0005458566453185283,0.016351467495163283,0.016430818289518357,0.01653142599388957,128
untrained,1,-0.6682425141334534,4,1,40,0.012337576529108376,0.012349956207855574,-0.0005014546766822105,0.012315838132053614,0.012372033577412367,0.012485135928727686,128
untrained,1,-0.6682425141334534,4,1,49,0.010100177265106038,0.010100373626718851,-9.720606821830516e-06,0.010107701910393578,0.010092846973209965,0.010173127287998796,128
untrained,1,-0.6682425141334534,4,2,5,0.09074922926556259,0.09093260692608031,-0.0010093340333883528,0.09117548614740371,0.09051151052117348,0.09156501945108175,128
untrained,1,-0.6682425141334534,4,2,10,0.04764767709900351,0.04760858694712321,0.0004103683077573376,0.047900667786598204,0.047358039766550064,0.04741293005645275,128
untrained,1,-0.6682425141334534,4,2,20,0.02439335932178557,0.024378178275634196,0.00031126855741914916,0.024522251449525356,0.02424924001097679,0.024570185923948884,128
untrained,1,-0.6682425141334534,4,2,30,0.016400487805831854,0.016385059139830672,0.00047059352178211074,0.016478536029656727,0.016307244574030242,0.016426598420366645,128
untrained,1,-0.6682425141334534,4,2,40,0.012343964710771798,0.012347923576151916,-0.00016033060468909313,0.01239029336720705,0.012301703635603189,0.012320135720074177,128
untrained,1,-0.6682425141334534,4,2,49,0.01009637179259198,0.010105312429428717,-0.0004425688837640855,0.010149909601527818,0.010051652104878912,0.010123483370989561,128
untrained,1,-0.6682425141334534,4,3,5,0.09123372494982754,0.09088864877231215,0.0018947489562154058,0.09042619690299034,0.09168647229671478,0.08943665027618408,128
untrained,1,-0.6682425141334534,4,3,10,0.04766973958295934,0.04767742832501729,-8.063943823993424e-05,0.04738480858504772,0.047961879149079324,0.046533115673810244,128
untrained,1,-0.6682425141334534,4,3,20,0.02439669587395408,0.0244008969295062,-8.60914506368182e-05,0.024247798882424832,0.02454980704933405,0.02404787833802402,128
untrained,1,-0.6682425141334534,4,3,30,0.016398046370222973,0.016396442965059165,4.8892518110783794e-05,0.016337052236000696,0.016457461193203925,0.016164606204256415,128
untrained,1,-0.6682425141334534,4,3,40,0.01234909291248245,0.012345510109295863,0.0001450844617053428,0.01228978531435132,0.012404720392078161,0.012219791766256094,128
untrained,1,-0.6682425141334534,4,3,49,0.010102623924214573,0.010103985594963125,-6.73873935749852e-05,0.010048809404275855,0.010157781900191794,0.00987703597638756,128
untrained,1,-0.6682425141334534,5,0,5,0.09061977717654114,0.0911112686783347,-0.0027044993852252705,0.0907919242978096,0.09095294401049614,0.09127567242830992,128
untrained,1,-0.6682425141334534,5,0,10,0.047591103525722725,0.04767850319544474,-0.0009173929937267135,0.047598487511277196,0.04766565710306168,0.04735855385661125,128
untrained,1,-0.6682425141334534,5,0,20,0.024357863728155536,0.024428539001310354,-0.0014486674400915089,0.02443244308233261,0.02435418087989092,0.02426751283928752,128
untrained,1,-0.6682425141334534,5,0,30,0.01640658478910584,0.016383190119726703,0.0007134745341640986,0.016356232638160387,0.016433895379304887,0.01629615086130798,128
untrained,1,-0.6682425141334534,5,0,40,0.012355802241099407,0.012335336434977136,0.0008288725113058887,0.012370091956108808,0.012320487014949321,0.012376837781630456,128
untrained,1,-0.6682425141334534,5,0,49,0.010100662502038026,0.010101738540323814,-5.326289105334824e-05,0.010064662263101461,0.010137723720803554,0.010083098546601832,128
untrained,1,-0.6682425141334534,5,1,5,0.09089235017537305,0.09088443912633647,4.3520677567946056e-05,0.0917051836848259,0.09007138088345527,0.09111716412007809,128
untrained,1,-0.6682425141334534,5,1,10,0.047619836470660044,0.04762895663579305,-9.57509784162525e-05,0.04806961566209793,0.04717860594391823,0.04751777043566108,128
untrained,1,-0.6682425141334534,5,1,20,0.024382527719097078,0.024398753204821055,-0.0003326170493339462,0.024648767523467542,0.024132564105093478,0.02437336021102965,128
untrained,1,-0.6682425141334534,5,1,30,0.016371612245453023,0.01641310440176445,-0.001265594476738666,0.016585903863112133,0.016198186203837395,0.01647728937678039,128
untrained,1,-0.6682425141334534,5,1,40,0.012334385358664884,0.012355352535900508,-0.0008492264002280049,0.012472958397120237,0.012217352911829949,0.012387558817863464,128
untrained,1,-0.6682425141334534,5,1,49,0.010107087204013092,0.01009626570466341,0.0005356288828919836,0.010192333663604697,0.010011167702626209,0.010028434218838811,128
untrained,1,-0.6682425141334534,5,2,5,0.0908365548615287,0.09089730503348957,-0.0003342809754639752,0.09104657769203187,0.09068899303674698,0.0913221575319767,128
untrained,1,-0.6682425141334534,5,2,10,0.047567017990000106,0.04763907114664714,-0.0007568124822652677,0.04753085300326347,0.04767073318362236,0.047984140925109386,128
untrained,1,-0.6682425141334534,5,2,20,0.024378011592876947,0.02440259612609293,-0.0005039816920099263,0.02428183499723673,0.024498850107192993,0.02438631420955062,128
untrained,1,-0.6682425141334534,5,2,30,0.016409572055243172,0.016373539525702287,0.001099118655982895,0.016409250845511755,0.016374404728412627,0.01649032556451857,128
untrained,1,-0.6682425141334534,5,2,40,0.012355889373993777,0.012335604406581631,0.0008215366632569749,0.01236060680821538,0.012330332677811385,0.012362440582364798,128
untrained,1,-0.6682425141334534,5,2,49,0.010101541628362099,0.01009992322912503,8.01129645006376e-05,0.010089003081832613,0.010112484042741815,0.010127124725840986,128
untrained,1,-0.6682425141334534,5,3,5,0.09073444271394294,0.0909127805008352,-0.0009817809693705773,0.09083650186657906,0.09081574082374573,0.0917387967929244,128
untrained,1,-0.6682425141334534,5,3,10,0.047630833527621104,0.04758732517560323,0.0004569333476928556,0.04761442206799984,0.04760645478963852,0.0477912169881165,128
untrained,1,-0.6682425141334534,5,3,20,0.024367912996525302,0.024406888774622267,-0.0007990965966205573,0.02446204125881195,0.02431288193911314,0.02450152696110308,128
untrained,1,-0.6682425141334534,5,3,30,0.016397626905211307,0.016388543127454316,0.00027706126539523595,0.01648541117707888,0.016300894940892856,0.016410797834396362,128
untrained,1,-0.6682425141334534,5,3,40,0.012346779103259964,0.01234304642042733,0.00015118303808592056,0.012387872114777565,0.012301851902157069,0.012411058531142771,128
untrained,1,-0.6682425141334534,5,3,49,0.010102859867860327,0.010098794267434269,0.00020125086780663792,0.01013769118153319,0.010064018624169486,0.010116198915056884,128
untrained,2,-0.38461440801620483,0,0,5,0.09093757307491844,0.09088708963187486,0.00027764903996939567,0.09091878458857536,0.09090541303157806,0.09087903425097466,128
untrained,2,-0.38461440801620483,0,0,10,0.04761050778663963,0.04765023927020419,-0.00041708137708002706,0.04772966913878918,0.047530331462621686,0.04739999398589134,128
untrained,2,-0.38461440801620483,0,0,20,0.02440984717986759,0.02438336960845481,0.0005426486129640935,0.024474568106234072,0.024319414049386978,0.024120360845699906,128
untrained,2,-0.38461440801620483,0,0,30,0.016391960613390537,0.016399863223337755,-0.00024099330327964467,0.016417725508411727,0.016374140108625094,0.016244044993072748,128
untrained,2,-0.38461440801620483,0,0,40,0.012352574879014996,0.01234236057388615,0.0004136194301018884,0.0123515997081995,0.012343319598585367,0.012203221209347248,128
untrained,2,-0.38461440801620483,0,0,49,0.010106721339484637,0.01009815227536319,0.0004241087711989681,0.010093907236444707,0.010110903911444605,0.009964276570826769,128
untrained,2,-0.38461440801620483,0,1,5,0.09088301658630371,0.0910268272777829,-0.0007905602490970458,0.09084663465619087,0.09106455370783806,0.09044404607266188,128
untrained,2,-0.38461440801620483,0,1,10,0.04767453304829042,0.04755857529913544,0.0012176201235680625,0.0475563146173954,0.04767896719276905,0.04764718748629093,128
untrained,2,-0.38461440801620483,0,1,20,0.024402343421246666,0.024386909827050527,0.00031633183884324475,0.024314717389643192,0.02447498179972172,0.024206015979871154,128
untrained,2,-0.38461440801620483,0,1,30,0.01638735114591908,0.01640301096624661,-0.00047757387592989526,0.016346058746178945,0.01644438455502192,0.016286687226966023,128
untrained,2,-0.38461440801620483,0,1,40,0.012352053641526726,0.012338577306214807,0.0005458076522992156,0.012334755435585976,0.012355854269117117,0.012375610880553722,128
untrained,2,-0.38461440801620483,0,1,49,0.010107463477625174,0.01009678712333445,0.0005284211971558657,0.010079681949347866,0.010124490653373758,0.00999555573798716,128
untrained,2,-0.38461440801620483,0,2,5,0.09089371157745457,0.09104392624491878,-0.0008256382201138301,0.09036171287298203,0.09157733246684074,0.0903047677129507,128
untrained,2,-0.38461440801620483,0,2,10,0.04764816768330299,0.04755986344282794,0.0009274873078420732,0.04732137583196163,0.047888310998678206,0.04790313169360161,128
untrained,2,-0.38461440801620483,0,2,20,0.024385883306678534,0.024383341604341736,5.21169311462983e-05,0.02425792012363672,0.02451137751340866,0.02461403957568109,128
untrained,2,-0.38461440801620483,0,2,30,0.01637791101845147,0.01640661331038401,-0.0008754829456658822,0.016283151631553968,0.016501522436738015,0.016459773993119597,128
untrained,2,-0.38461440801620483,0,2,40,0.012345122059745967,0.012344160801534906,3.893422973939226e-05,0.012305069901049136,0.012384211085736752,0.012428759830072522,128
untrained,2,-0.38461440801620483,0,2,49,0.01009114379098551,0.010107809171226818,-0.0008250615896606157,0.0100647614014392,0.010134314015811803,0.010245313751511276,128
untrained,2,-0.38461440801620483,0,3,5,0.09056994892445272,0.09072784078379534,-0.000870897872477284,0.09080773368477821,0.09049153253436089,0.09350365679711103,128
untrained,2,-0.38461440801620483,0,3,10,0.04759049708126513,0.04752370202617281,0.0007022616572334192,0.047663136199116704,0.04745231531560421,0.048845486249774694,128
untrained,2,-0.38461440801620483,0,3,20,0.024374981042373876,0.024370063051329632,0.00010089212422679271,0.02444480508565903,0.02430038247257471,0.025096279801800847,128
untrained,2,-0.38461440801620483,0,3,30,0.016379162778404996,0.016393433333678566,-0.0004354417094187209,0.01642506681382656,0.01634760412077109,0.016819864511489868,128
untrained,2,-0.38461440801620483,0,3,40,0.012341074540581502,0.012343171978145606,-8.49706942615417e-05,0.012362000904977322,0.01232224926352501,0.012629980454221368,128
untrained,2,-0.38461440801620483,0,3,49,0.010093232653281178,0.010104003077860534,-0.0005332623098623496,0.010117973067930766,0.010079342111641047,0.010331569355912507,128
untrained,2,-0.38461440801620483,1,0,5,0.09088413045985466,0.09071394533564801,0.000937152684356393,0.09070901200175285,0.09088746979832649,0.0920175900682807,128
untrained,2,-0.38461440801620483,1,0,10,0.04756102605831403,0.04754994629295009,0.00011649303008812371,0.0474015511572361,0.04770962856709957,0.048888206481933594,128
untrained,2,-0.38461440801620483,1,0,20,0.024368528534086165,0.024394151383796626,-0.000525460244455084,0.024377638846635817,0.024384301155805588,0.02476121997460723,128
untrained,2,-0.38461440801620483,1,0,30,0.016386523047042766,0.016391158227475812,-0.00014141270073634896,0.016388727724552153,0.016388978312412896,0.016668833326548338,128
untrained,2,-0.38461440801620483,1,0,40,0.012338354740530858,0.012347793709283314,-0.00038235890751698806,0.012343884352594614,0.012342278379946947,0.0125534872058779,128
untrained,2,-0.38461440801620483,1,0,49,0.010100567490197514,0.010096195718463971,0.0002164590280214612,0.010105618788879745,0.010091112204352203,0.010360181448049843,128
untrained,2,-0.38461440801620483,1,1,5,0.09069871752044004,0.09078297895543716,-0.00046429715300716094,0.0907751090824604,0.09070737883448601,0.09258757438510656,128
untrained,2,-0.38461440801620483,1,1,10,0.0475780192328377,0.047514426100785566,0.0006687506229159874,0.047672399505972865,0.0474212396889925,0.049063623417168856,128
untrained,2,-0.38461440801620483,1,1,20,0.024377472941949682,0.0243706526721761,0.0001399083490395137,0.024422681704163552,0.024325641244649886,0.02503353450447321,128
untrained,2,-0.38461440801620483,1,1,30,0.016389125179869967,0.01638992993942814,-2.4551029772516086e-05,0.016415087009469666,0.016363972425460817,0.016628220910206437,128
untrained,2,-0.38461440801620483,1,1,40,0.012345218042812437,0.01234114207269249,0.0001651102106876421,0.012329769879579544,0.012356583680957555,0.012545871664769948,128
untrained,2,-0.38461440801620483,1,1,49,0.010101710643333291,0.010096157000916938,0.00027496181844022103,0.010081598725245923,0.010116228491676097,0.010306477663107216,128
untrained,2,-0.38461440801620483,1,2,5,0.09067563153215763,0.0908991301391885,-0.0012308902678566007,0.0908119484782219,0.09076490849256516,0.09211571421474218,128
untrained,2,-0.38461440801620483,1,2,10,0.04753600600306973,0.047636661939560225,-0.001057613899718689,0.04761610142886639,0.047554681077599525,0.04829220427200198,128
untrained,2,-0.38461440801620483,1,2,20,0.024366918801356195,0.024408527276061374,-0.0008530619000036392,0.02445224653929472,0.02432199604809284,0.0245151505805552,128
untrained,2,-0.38461440801620483,1,2,30,0.01639390516031475,0.016386648410342517,0.0002213736249563698,0.016389692947268487,0.01639082282781601,0.016584522556513548,128
untrained,2,-0.38461440801620483,1,2,40,0.012342095188505027,0.012347468440878596,-0.00021763253713228789,0.012366150040179491,0.012323421705514193,0.012417101999744773,128
untrained,2,-0.38461440801620483,1,2,49,0.010105486204108739,0.010093933270301348,0.0005719438532109589,0.010098334705951263,0.010101000189172978,0.010232586413621902,128
untrained,2,-0.38461440801620483,1,3,5,0.09095781082610603,0.09069944092363764,0.0014222933572886024,0.09072506129741668,0.09092976823449135,0.09172584302723408,128
untrained,2,-0.38461440801620483,1,3,10,0.04757763088846499,0.04760487671870335,-0.00028624829207610816,0.047569796070456506,0.047612198442220685,0.04818001948297024,128
untrained,2,-0.38461440801620483,1,3,20,0.024410639555054174,0.024364108724739892,0.0009539942686409402,0.024315973185002802,0.024460120312869548,0.024478134233504534,128
untrained,2,-0.38461440801620483,1,3,30,0.016382156991209658,0.016400464952300867,-0.0005584654309285481,0.016416459158062936,0.01636625826358795,0.016518451971933246,128
untrained,2,-0.38461440801620483,1,3,40,0.012338237490079399,0.01234927127216238,-0.0004469378497764499,0.012364004831761121,0.012323521729558706,0.012498970492742956,128
untrained,2,-0.38461440801620483,1,3,49,0.01009384397904359,0.010106030126356105,-0.0006032783792773568,0.010135129626308168,0.010064834006586853,0.010201788390986621,128
untrained,2,-0.38461440801620483,2,0,5,0.09077988438049701,0.09101547176254791,-0.0012958932892886074,0.09071386754512786,0.09108370319008827,0.09101215563714504,128
untrained,2,-0.38461440801620483,2,0,10,0.04769189335817208,0.04752480034615583,0.00175487097392145,0.04753185510635376,0.04768797270953655,0.04780171997845173,128
untrained,2,-0.38461440801620483,2,0,20,0.024381579462107873,0.024394424519803577,-0.0002633478892654578,0.024326111190021038,0.024449521489441395,0.024487357353791595,128
untrained,2,-0.38461440801620483,2,0,30,0.01638356066499081,0.01639652943981744,-0.00039562962715379004,0.016379712149500847,0.016400445501009622,0.016595270950347185,128
untrained,2,-0.38461440801620483,2,0,40,0.012341386928618048,0.012346321725622169,-0.0001998888221274058,0.012333222012966872,0.012354494165629148,0.012491342378780246,128
untrained,2,-0.38461440801620483,2,0,49,0.010098611048628883,0.010099496974262795,-4.386181284229279e-05,0.010102637872403982,0.01009547672405535,0.010292384075000882,128
untrained,2,-0.38461440801620483,2,1,5,0.09101684085954251,0.0908924987072546,0.0006835391331931148,0.09072918966412544,0.09117898494005203,0.09045913629233837,128
untrained,2,-0.38461440801620483,2,1,10,0.04750515675983546,0.0476930008572378,-0.001973190470302554,0.04785626083612442,0.047338380664587024,0.04805363295599818,128
untrained,2,-0.38461440801620483,2,1,20,0.024403531712479182,0.024357808374725613,0.0009376964962583027,0.02448219172656536,0.024280470237135886,0.02474676026031375,128
untrained,2,-0.38461440801620483,2,1,30,0.016382710471827322,0.016398215170351334,-0.0004729792774243643,0.016412761186559995,0.016368245209256806,0.016569786006584764,128
untrained,2,-0.38461440801620483,2,1,40,0.012350006469165403,0.01234050752964109,0.0003847202016283301,0.012356150150299072,0.012334349006414414,0.012380043277516961,128
untrained,2,-0.38461440801620483,2,1,49,0.010097024220957696,0.010104862788539403,-0.0003880116534477164,0.010083966337296427,0.01011797838977405,0.010104722226969898,128
untrained,2,-0.38461440801620483,2,2,5,0.09076458422543499,0.09093947159616571,-0.0009624846838942691,0.09077248200774193,0.09093321412801743,0.0914715277031064,128
untrained,2,-0.38461440801620483,2,2,10,0.04762379925675187,0.04760161251019521,0.00023299186787168307,0.04775139652192593,0.04747443124651909,0.047741726506501436,128
untrained,2,-0.38461440801620483,2,2,20,0.024382731909089315,0.024399497867685502,-0.00034368987790356305,0.02441043183207512,0.024371312558650972,0.024365118704736233,128
untrained,2,-0.38461440801620483,2,2,30,0.01639983279542773,0.016387455203990244,0.0003775119014823341,0.016397802780071895,0.01638942038019498,0.016383293084800243,128
untrained,2,-0.38461440801620483,2,2,40,0.012344454282512874,0.01234489121414756,-1.7697173654399197e-05,0.012341900076717139,0.012347445357590914,0.01242615981027484,128
untrained,2,-0.38461440801620483,2,2,49,0.010106148843860229,0.010095783787914831,0.0005130724933010451,0.010091752270046545,0.010110104418530757,0.010109018418006599,128
untrained,2,-0.38461440801620483,2,3,5,0.09088266911190768,0.09101330532747157,-0.0007181919004299281,0.09095358252525329,0.09094361960887909,0.09051399305462837,128
untrained,2,-0.38461440801620483,2,3,10,0.047604922867991444,0.047637028678966936,-0.0003370973657477608,0.04756239652633667,0.047678954899311066,0.04758651414886117,128
untrained,2,-0.38461440801620483,2,3,20,0.02437588837260809,0.024412212885874276,-0.0007445363178409676,0.02437600903213024,0.024411040544509887,0.02425898890942335,128
untrained,2,-0.38461440801620483,2,3,30,0.016379362500774923,0.016411960433801838,-0.0009941024060224175,0.01639012756446997,0.016401364902655282,0.01625522435642779,128
untrained,2,-0.38461440801620483,2,3,40,0.012354658149964,0.012338561963365528,0.0006518463984829707,0.012350116856396198,0.012343077640980481,0.0122722121886909,128
untrained,2,-0.38461440801620483,2,3,49,0.010099636945470215,0.010103701413073997,-0.00020117801976334286,0.010111233561622853,0.010092134454420634,0.010034976294264197,128
untrained,2,-0.38461440801620483,3,0,5,0.0908113646582474,0.09087637408229958,-0.0003578085373424666,0.09126975610852242,0.090418591350317,0.09155826829373837,128
untrained,2,-0.38461440801620483,3,0,10,0.047619576468789504,0.047644052535864956,-0.00025692982023600003,0.047785728424787524,0.04747744351625442,0.04736828291788697,128
untrained,2,-0.38461440801620483,3,0,20,0.02438920016712371,0.02438436624798579,9.910940480917235e-05,0.024468827433884142,0.02430487871170044,0.02452587289735675,128
untrained,2,-0.38461440801620483,3,0,30,0.016390733693906773,0.016395887192049173,-0.00015718296070120347,0.01639064686993758,0.01639600160221259,0.01640055258758366,128
untrained,2,-0.38461440801620483,3,0,40,0.012356506733454077,0.012336935621341938,0.0007925631359997399,0.01241114642471075,0.012282266002148389,0.012263518176041543,128
untrained,2,-0.38461440801620483,3,0,49,0.010100353732968389,0.010102038068007578,-8.337305085947392e-05,0.010118404821473725,0.010083999560803783,0.010082196444272995,128
untrained,2,-0.38461440801620483,3,1,5,0.09086761715284282,0.09082327021902929,0.0002440790204437546,0.09064616337418556,0.09104431122541427,0.09154764655977488,128
untrained,2,-0.38461440801620483,3,1,10,0.047573248301547,0.047580209127656974,-7.315368561440063e-05,0.04754369370639324,0.04760963544249534,0.04846672620624304,128
untrained,2,-0.38461440801620483,3,1,20,0.024396924603229776,0.024378288588213136,0.0003820796219405777,0.024333015084266663,0.024442736804485322,0.024484953610226512,128
untrained,2,-0.38461440801620483,3,1,30,0.016380068144873174,0.016400464334636156,-0.0006222043456770936,0.016366547221938768,0.016414092356959977,0.01658081985078752,128
untrained,2,-0.38461440801620483,3,1,40,0.012349828867845133,0.012338316663750992,0.000466304934849851,0.012336561735719443,0.012351565435528756,0.01247492537368089,128
untrained,2,-0.38461440801620483,3,1,49,0.010101451545982472,0.010098286390530984,0.00015669289677317118,0.010081043048780792,0.010118671825953893,0.010213970788754523,128
untrained,2,-0.38461440801620483,3,2,5,0.09094531754213929,0.09068090627806105,0.0014557989397970081,0.09114075601100921,0.09048299491405487,0.0918812695890665,128
untrained,2,-0.38461440801620483,3,2,10,0.04763250994536043,0.047597600775919145,0.0003665770120029887,0.0475821316242218,0.04764863513410091,0.04769234545528889,128
untrained,2,-0.38461440801620483,3,2,20,0.024407640042953087,0.024374070708442865,0.0006881541051442826,0.024387449584901334,0.02439523171633482,0.02434637420810759,128
untrained,2,-0.38461440801620483,3,2,30,0.01638828022941869,0.01639370399435567,-0.00016544956216775806,0.016438074658314386,0.016343936945001285,0.016539648175239563,128
untrained,2,-0.38461440801620483,3,2,40,0.012348013491324602,0.01234169283448813,0.0002560037269300704,0.012371247168630362,0.012318449281156062,0.01241215958725661,128
untrained,2,-0.38461440801620483,3,2,49,0.01010207903182204,0.010098905267501112,0.00015710939000518757,0.01015006537948336,0.010050895642869326,0.010152910137549043,128
untrained,2,-0.38461440801620483,3,3,5,0.09094125540098558,0.09106726247828811,-0.0006923141772157335,0.09115122258663177,0.09085847362875939,0.08995151426643133,128
untrained,2,-0.38461440801620483,3,3,10,0.04766336979310205,0.047636565888763235,0.00028125836756086336,0.04776935763657093,0.04753107950091362,0.046995623502880335,128
untrained,2,-0.38461440801620483,3,3,20,0.024383196617132258,0.02440934265609336,-0.0005358614113964427,0.024399932846426962,0.024391852505505084,0.024164319038391113,128
untrained,2,-0.38461440801620483,3,3,30,0.016390690254291313,0.016399973167656616,-0.00028309623521695517,0.016461697965860368,0.016329013680418333,0.016278638504445553,128
untrained,2,-0.38461440801620483,3,3,40,0.012347731605195476,0.012347876281708525,-5.858390435495269e-06,0.012361758016049862,0.012333849724382163,0.012175675830803812,128
untrained,2,-0.38461440801620483,3,3,49,0.010101616976156214,0.01010271294579622,-5.424429536570306e-05,0.01012877998303394,0.010075558205040134,0.00998743693344295,128
untrained,2,-0.38461440801620483,4,0,5,0.090900456491705,0.09073568497648918,0.0009071515937469306,0.09070117846131324,0.09093341305851936,0.0918270293623209,128
untrained,2,-0.38461440801620483,4,0,10,0.047634375972981834,0.04754909664202647,0.0008959468341672832,0.04750278852880001,0.04768228381872177,0.04814928537234664,128
untrained,2,-0.38461440801620483,4,0,20,0.02439580256955227,0.024368345785409525,0.0005630526743196793,0.024355323798954488,0.02440961878746748,0.024701141752302647,128
untrained,2,-0.38461440801620483,4,0,30,0.016393802053641274,0.016385114131196175,0.00026504605569764014,0.016327558333675066,0.01645131272574266,0.0166338630951941,128
untrained,2,-0.38461440801620483,4,0,40,0.012349079005968216,0.012334666646400963,0.0005838805734609252,0.01230677980929613,0.012376943975687027,0.012651077355258167,128
untrained,2,-0.38461440801620483,4,0,49,0.01010347936760755,0.01009588711017972,0.0003758661161875007,0.010064689860660203,0.010134620477958602,0.010233776178210974,128
untrained,2,-0.38461440801620483,4,1,5,0.09089321368124206,0.09092389688403245,-0.0001687586096535226,0.09063536152243615,0.0911820374429226,0.0909130135551095,128
untrained,2,-0.38461440801620483,4,1,10,0.04763179980904047,0.047601227547712385,0.0003210258266098778,0.047451626136898996,0.04778197556734085,0.04766399413347244,128
untrained,2,-0.38461440801620483,4,1,20,0.024377590069376166,0.024404710085278832,-0.000555939671071922,0.024307950027287008,0.02447356525808573,0.02436968358233571,128
untrained,2,-0.38461440801620483,4,1,30,0.016409898802872105,0.016377794557284813,0.0009791553566657742,0.01637639043231805,0.0164111353456974,0.016374214785173535,128
untrained,2,-0.38461440801620483,4,1,40,0.012346068458378035,0.012344258623822432,7.33013600631908e-05,0.012347364705055952,0.012342959083616734,0.012387034599669278,128
untrained,2,-0.38461440801620483,4,1,49,0.010102191386481708,0.01009727354553841,0.00024346392142588614,0.010130976763915042,0.010068451795650989,0.010227991035208106,128
untrained,2,-0.38461440801620483,4,2,5,0.09082419488708303,0.09083620830217012,-6.613117044837336e-05,0.09134878516197205,0.09031173437833787,0.09169741347432137,128
untrained,2,-0.38461440801620483,4,2,10,0.047585075618299236,0.04762555573396622,-0.0004251638193301093,0.04777923151850701,0.04743064120411873,0.047901266254484653,128
untrained,2,-0.38461440801620483,4,2,20,0.02440477123564631,0.024370844672978738,0.0006955640033420371,0.024465275183320045,0.02431132234632969,0.024468049174174666,128
untrained,2,-0.38461440801620483,4,2,30,0.016391123027701654,0.01639115563328402,-9.946100056741041e-07,0.01644424758851528,0.016338031118114788,0.01653164206072688,128
untrained,2,-0.38461440801620483,4,2,40,0.012343157624974496,0.01234585074664278,-0.00010908180788952106,0.012386188749223948,0.012302823271602393,0.012439518817700446,128
untrained,2,-0.38461440801620483,4,2,49,0.010104117269421021,0.01009728456456739,0.0003382292431705395,0.010124999193512663,0.010076352756242362,0.010133766569197178,128
untrained,2,-0.38461440801620483,4,3,5,0.09102700561379033,0.09107653718245656,-0.0002719967327674609,0.09051570668816566,0.0915883019566536,0.08947996236383915,128
untrained,2,-0.38461440801620483,4,3,10,0.04760827681769623,0.047666104356194755,-0.000606957901855856,0.04738246574997902,0.04789083413779736,0.04726703092455864,128
untrained,2,-0.38461440801620483,4,3,20,0.024397495757836507,0.024398013841501667,-1.061744552732324e-05,0.024406738951802252,0.024388755299150945,0.024090115912258625,128
untrained,2,-0.38461440801620483,4,3,30,0.016401056719075945,0.01639225198814906,0.00026849169155894866,0.01631512480477492,0.01647813878953457,0.01620210031978786,128
untrained,2,-0.38461440801620483,4,3,40,0.012344838961002786,0.012350953685326063,-0.0002476018652488103,0.012273738440126181,0.01242206385359168,0.0121679074363783,128
untrained,2,-0.38461440801620483,4,3,49,0.01009790054135027,0.010109254475370468,-0.0005618769198455459,0.010041595493652383,0.010165643022984875,0.009845314314588904,128
untrained,2,-0.38461440801620483,5,0,5,0.0909488005592996,0.09078932841864902,0.0008774831211619576,0.09078018292784691,0.09095645025372505,0.09131683502346277,128
untrained,2,-0.38461440801620483,5,0,10,0.04765950317031767,0.04754025237575458,0.001252637613172502,0.0475424911826849,0.04765950106084347,0.04798008827492595,128
untrained,2,-0.38461440801620483,5,0,20,0.024375382751430086,0.02439814024362848,-0.00046659520986896784,0.02436340767890215,0.024409457854926587,0.024542690720409155,128
untrained,2,-0.38461440801620483,5,0,30,0.016388654209556378,0.01639690411523216,-0.0002516323069384336,0.016379662975668906,0.016405939062436422,0.016431953758001328,128
untrained,2,-0.38461440801620483,5,0,40,0.012345684619390162,0.012344348914165765,5.409896355655732e-05,0.01232388699427247,0.012366144824773074,0.012398741324432194,128
untrained,2,-0.38461440801620483,5,0,49,0.010100370965278152,0.010100630500264544,-1.2847629699079839e-05,0.010077228655620498,0.010123774257241463,0.010150844813324511,128
untrained,2,-0.38461440801620483,5,1,5,0.0908571455380894,0.0910241633376839,-0.0009182790723572907,0.09194736778736115,0.08993550017476082,0.09058564156293869,128
untrained,2,-0.38461440801620483,5,1,10,0.04766655077963519,0.047618068707217076,0.0005088132027886889,0.04823990389704704,0.04704562462866306,0.047144720796495676,128
untrained,2,-0.38461440801620483,5,1,20,0.02440412911666372,0.024380419969750523,0.00048599704940828806,0.02464617993682623,0.024139054119586945,0.02429531654343009,128
untrained,2,-0.38461440801620483,5,1,30,0.01638971785600273,0.016397350933885328,-0.00023280757213407712,0.016569301610191663,0.01621780643860499,0.01638673897832632,128
untrained,2,-0.38461440801620483,5,1,40,0.012346818226976947,0.012346357804564716,1.8645734822615315e-05,0.012421657703816891,0.01227151844650507,0.012272987281903625,128
untrained,2,-0.38461440801620483,5,1,49,0.010103585748399832,0.010100474573457191,0.00015398760907086697,0.010167356428443169,0.010036681075485386,0.010002167196944356,128
untrained,2,-0.38461440801620483,5,2,5,0.0907235724692841,0.09079208757855206,-0.00037746114715130996,0.09080278947949409,0.0907135084271431,0.09241849090903997,128
untrained,2,-0.38461440801620483,5,2,10,0.0476264441671547,0.047575387985083706,0.0005362941123739099,0.047581151500344275,0.0476216372102499,0.047972094267606735,128
untrained,2,-0.38461440801620483,5,2,20,0.024400265721905477,0.024370059598767747,0.0006193545550188721,0.024413760378956796,0.024357439018785954,0.024576029274612665,128
untrained,2,-0.38461440801620483,5,2,30,0.016393488863999932,0.016389975276018053,0.00010717561654756501,0.016416689505179723,0.016366755962371825,0.016496636904776096,128
untrained,2,-0.38461440801620483,5,2,40,0.012345270651606887,0.012340965025510506,0.0001744140399744121,0.012383495829999447,0.012302733398973942,0.012550848186947405,128
untrained,2,-0.38461440801620483,5,2,49,0.010098859576829714,0.010100503026703258,-8.136147192956213e-05,0.010123256137784647,0.010076119051295884,0.010230626328848302,128
untrained,2,-0.38461440801620483,5,3,5,0.09089379506156271,0.09067040035968225,0.0012303896225846316,0.09082335457205773,0.09073874279856682,0.09218949358910322,128
untrained,2,-0.38461440801620483,5,3,10,0.04759656139678019,0.047566870974886946,0.00031199402073867543,0.04766334965825081,0.04750063866376877,0.04836010234430432,128
untrained,2,-0.38461440801620483,5,3,20,0.024391202919394478,0.024385240321569836,0.00012224339103742484,0.024417820014059545,0.024358794465661048,0.024467687821015716,128
untrained,2,-0.38461440801620483,5,3,30,0.016375454183648393,0.016405156362859698,-0.0009060898718850408,0.016441174348195395,0.01633959139386813,0.01657703542150557,128
untrained,2,-0.38461440801620483,5,3,40,0.012342059369751359,0.012344274245632607,-8.972073033065308e-05,0.012382567301392556,0.012303769774734973,0.012546522193588316,128
untrained,2,-0.38461440801620483,5,3,49,0.010105186668271005,0.010095143627614754,0.0004971721010818699,0.010128994149212934,0.010071262489168011,0.010187441483139992,128
untrained,3,0.22948607802391052,0,0,5,0.09090501842308678,0.09119801043057513,-0.001608935388560663,0.09091228544712067,0.09120814204216003,0.08939786814153194,128
untrained,3,0.22948607802391052,0,0,10,0.047699356079101564,0.047590776956998385,0.0011394581856749577,0.04780455827713013,0.0474838774651289,0.04711563140153885,128
untrained,3,0.22948607802391052,0,0,20,0.024429389061924062,0.02437988000276585,0.001014337237699278,0.024395819939672946,0.024413331784307955,0.023816922679543495,128
untrained,3,0.22948607802391052,0,0,30,0.016392067872214543,0.0163994321162353,-0.00022457783337532836,0.01639271080493927,0.01639884163935979,0.01625341409817338,128
untrained,3,0.22948607802391052,0,0,40,0.012345750127733925,0.012350438821195351,-0.00018985493959948902,0.012354547251015901,0.012341667152941226,0.012151430128142238,128
untrained,3,0.22948607802391052,0,0,49,0.010106343281693443,0.010099610916703547,0.0003331871845031438,0.010094663850506959,0.010111191443034582,0.009913093294017017,128
untrained,3,0.22948607802391052,0,1,5,0.09087252933717645,0.09090252611841072,-0.00016502143904690002,0.0905622698366642,0.09121456444263458,0.09111581277102232,128
untrained,3,0.22948607802391052,0,1,10,0.04758792793939984,0.04762337207794189,-0.00037226819227578355,0.04755567312240601,0.04765618070960045,0.04788146913051605,128
untrained,3,0.22948607802391052,0,1,20,0.024366150447513876,0.02440377891017233,-0.0007715504851710991,0.024392045475542544,0.02437797114253044,0.02459965436719358,128
untrained,3,0.22948607802391052,0,1,30,0.01639698960223203,0.01638717685884872,0.0002993134931357016,0.016396125654379527,0.016387969876329105,0.016477153170853853,128
untrained,3,0.22948607802391052,0,1,40,0.012339286699317518,0.012352174904889253,-0.0005219701359848336,0.012337074801325797,0.012354456447064876,0.012338735745288432,128
untrained,3,0.22948607802391052,0,1,49,0.01009973461188159,0.010102114536565928,-0.00011780726936094049,0.010070812109173561,0.010131072176962483,0.01010767207480967,128
untrained,3,0.22948607802391052,0,2,5,0.09106972051221271,0.09101030889865572,0.00032629395848021324,0.09044088274240494,0.09163562357425689,0.08961748145520687,128
untrained,3,0.22948607802391052,0,2,10,0.0476685399100894,0.047624016174903284,0.00046723203799821974,0.04743851982057094,0.04785333760082722,0.047081411350518465,128
untrained,3,0.22948607802391052,0,2,20,0.024409128523657075,0.02438428099045787,0.0005092395355464525,0.024255138263106345,0.024538211710751056,0.024132987018674612,128
untrained,3,0.22948607802391052,0,2,30,0.01639681835614872,0.0163943766314833,7.446281437034463e-05,0.016329945251345634,0.01646123230457306,0.016264672856777906,128
untrained,3,0.22948607802391052,0,2,40,0.012343456496053668,0.01234845199970284,-0.00020231338739279208,0.012299896962940694,0.012392038479447365,0.012322565540671349,128
untrained,3,0.22948607802391052,0,2,49,0.010097504742323002,0.010105162877694831,-0.0003790655529006406,0.010039802792729164,0.010162976931552497,0.01006378245074302,128
untrained,3,0.22948607802391052,0,3,5,0.09058525633574324,0.09080203092907031,-0.001195092537049739,0.09066572263836861,0.0907344289124012,0.09299922548234463,128
untrained,3,0.22948607802391052,0,3,10,0.047544806722610716,0.04756773985349215,-0.00024111572770100037,0.047723688557744025,0.047389215975999835,0.048870956525206566,128
untrained,3,0.22948607802391052,0,3,20,0.024390464661731885,0.024383151336099054,0.00014994429842984922,0.024372314848005772,0.024401283450424673,0.02452802355401218,128
untrained,3,0.22948607802391052,0,3,30,0.016378843771823432,0.016394719342781076,-0.0004844017387320765,0.01639080196619034,0.01638287678360939,0.016789630986750126,128
untrained,3,0.22948607802391052,0,3,40,0.012341025769008208,0.012345991582951995,-0.00020115082647645402,0.012344669457525015,0.012342375796288252,0.012518198695033789,128
untrained,3,0.22948607802391052,0,3,49,0.010102579122993938,0.010095180542044935,0.00036630700985333133,0.010125012041962877,0.010072638945920127,0.010315106599591672,128
untrained,3,0.22948607802391052,1,0,5,0.0907971407487939,0.0907899278455076,3.972145892378843e-05,0.09080416411161422,0.09078247249126434,0.0920668039470911,128
untrained,3,0.22948607802391052,1,0,10,0.04754981691875155,0.047616496819716234,-0.0007006670569087207,0.04750664830207825,0.04766070805490017,0.04832643177360296,128
untrained,3,0.22948607802391052,1,0,20,0.024385733070463152,0.024373190717035594,0.0002572319578250689,0.024360731430351733,0.024398163706064225,0.024822107516229153,128
untrained,3,0.22948607802391052,1,0,30,0.016407175554433624,0.0163736901830616,0.0010214913675297061,0.016405777384837467,0.016374843691786132,0.016581352101638913,128
untrained,3,0.22948607802391052,1,0,40,0.012341818843221252,0.012346067906537535,-0.0001721112608454326,0.01233680872246623,0.012351101078093053,0.012483590980991721,128
untrained,3,0.22948607802391052,1,0,49,0.01009961517111769,0.010099229387035166,1.909931438875816e-05,0.010087541475587962,0.010111297195663258,0.01025689160451293,128
untrained,3,0.22948607802391052,1,1,5,0.09092178534827755,0.09073639830305161,0.0010205268020335961,0.09087808355689049,0.0907690905034542,0.091764104552567,128
untrained,3,0.22948607802391052,1,1,10,0.04761154348888094,0.04752014857072097,0.0009607199891047011,0.0477693933993578,0.04736086875200272,0.04869736731052399,128
untrained,3,0.22948607802391052,1,1,20,0.02437648608895513,0.024385682884269826,-0.00018860513197345387,0.024500249326229094,0.024261941947042943,0.02475618338212371,128
untrained,3,0.22948607802391052,1,1,30,0.01639377307791775,0.016390591644081975,9.704119212480412e-05,0.01643098220229149,0.016353359694282213,0.016469746129587293,128
untrained,3,0.22948607802391052,1,1,40,0.012341835511920026,0.012347931906337782,-0.000246919880379304,0.012381309736520052,0.012308491487056017,0.012407966889441013,128
untrained,3,0.22948607802391052,1,1,49,0.010102530667696955,0.010096697744373103,0.00028876961062918234,0.010110744712304096,0.010088398216330275,0.010241983109153807,128
untrained,3,0.22948607802391052,1,2,5,0.09095320194662608,0.09068032492578557,0.001502349403977023,0.09081952273845673,0.09079780578613281,0.09191337134689093,128
untrained,3,0.22948607802391052,1,2,10,0.04759822308071076,0.0475818472642165,0.0001720508971546567,0.047579416632652284,0.04760039784014225,0.04820184828713536,128
untrained,3,0.22948607802391052,1,2,20,0.024388355114726975,0.02437486447864274,0.0002766559754760936,0.024410094507038592,0.02435309235006571,0.024736254010349512,128
untrained,3,0.22948607802391052,1,2,30,0.016397727624066605,0.016382844642867964,0.0004540183458968707,0.016387141744295754,0.016393321752548217,0.01658608647994697,128
untrained,3,0.22948607802391052,1,2,40,0.012332443168382428,0.01235631684879045,-0.0009669858020592901,0.012353598698973655,0.012335291784256696,0.012444381136447191,128
untrained,3,0.22948607802391052,1,2,49,0.010099632531693839,0.010100153989570086,-2.581501916727908e-05,0.010108543065737705,0.010091251180488236,0.01021008298266679,128
untrained,3,0.22948607802391052,1,3,5,0.09095532870371872,0.09087399395517895,0.0004473137079870589,0.09092643037438393,0.09089805632829666,0.09087753668427467,128
untrained,3,0.22948607802391052,1,3,10,0.047649856219216,0.04759552772228534,0.0005704055638376472,0.047616612166166306,0.047627922520041464,0.04755465313792229,128
untrained,3,0.22948607802391052,1,3,20,0.02438959892410362,0.024392712794517227,-6.383195678600529e-05,0.02429409995675087,0.024488218873739243,0.024353607092052698,128
untrained,3,0.22948607802391052,1,3,30,0.016387305629966393,0.016395507332211075,-0.000250182992347065,0.016408574332793555,0.01637429843346278,0.016513810260221362,128
untrained,3,0.22948607802391052,1,3,40,0.01234169195509294,0.012349324626522464,-0.0003091274676352378,0.012308868113905191,0.012382190488278867,0.012357668485492468,128
untrained,3,0.22948607802391052,1,3,49,0.010099556376633135,0.010100771015653964,-6.012967003853284e-05,0.010124080795414594,0.010076264641722855,0.010183074395172298,128
untrained,3,0.22948607802391052,2,0,5,0.09074316785185044,0.09098049602677337,-0.001305983876046774,0.09069847837090492,0.091039277613163,0.09131121728569269,128
untrained,3,0.22948607802391052,2,0,10,0.047574551900227864,0.04762514517857478,-0.0005314436904615978,0.04761000052094459,0.04759048745036125,0.04799513425678015,128
untrained,3,0.22948607802391052,2,0,20,0.024394425920144413,0.024379245954292042,0.00031123278745834727,0.02431268822401762,0.024460947141051292,0.02452729269862175,128
untrained,3,0.22948607802391052,2,0,30,0.016392993526718923,0.016388244071692197,0.00014488333493582804,0.01637934533258279,0.0164018581310908,0.016563909826800227,128
untrained,3,0.22948607802391052,2,0,40,0.012348955106473025,0.012341452830506557,0.00030385386848662363,0.012318058218806983,0.012372309435158968,0.01238530594855547,128
untrained,3,0.22948607802391052,2,0,49,0.010101460716099415,0.010099063048491607,0.00011869333862980812,0.01008883301092654,0.0101116557358479,0.010176043258979917,128
untrained,3,0.22948607802391052,2,1,5,0.09087725810434336,0.0908545941378163,0.0001247110302751674,0.0909034289419651,0.09082707390189171,0.09134747739881277,128
untrained,3,0.22948607802391052,2,1,10,0.047602419626145136,0.04757452231187087,0.00029311000864201225,0.0477705929428339,0.04740591458976269,0.04823492048308253,128
untrained,3,0.22948607802391052,2,1,20,0.024360737020183376,0.024396685632243346,-0.0007372951666353738,0.02441339660435915,0.024344111606478692,0.024849864887073636,128
untrained,3,0.22948607802391052,2,1,30,0.016388008627035936,0.016396641361429872,-0.0002633163506918589,0.016369765996932982,0.016414946566025417,0.016458622179925442,128
untrained,3,0.22948607802391052,2,1,40,0.01235088165220274,0.012338581711354882,0.0004981858319980816,0.012368026375770568,0.012321369536221028,0.012424171902239323,128
untrained,3,0.22948607802391052,2,1,49,0.010100093628596334,0.010098946161947484,5.680798001745124e-05,0.010108469320195062,0.010090553334781103,0.01024790108203888,128
untrained,3,0.22948607802391052,2,2,5,0.0909430640084403,0.09100860621021913,-0.0003602176429581895,0.09111166372895241,0.09084389582276345,0.0902221892029047,128
untrained,3,0.22948607802391052,2,2,10,0.04768335213736882,0.04762685262239896,0.0005927960716449603,0.047726962342858316,0.0475823599845171,0.04690679255872965,128
untrained,3,0.22948607802391052,2,2,20,0.024402799135833955,0.02439478292933499,0.0001642746660704102,0.024428011476993562,0.02436955031007528,0.024048747261986136,128
untrained,3,0.22948607802391052,2,2,30,0.016398442754715463,0.016397417392947682,3.126497561377252e-05,0.01636252539853255,0.016433327769239742,0.016124407527968287,128
untrained,3,0.22948607802391052,2,2,40,0.012344422063205716,0.012354145516882409,-0.0003936849230130427,0.012349510844796897,0.012349109910428525,0.012055185623466969,128
untrained,3,0.22948607802391052,2,2,49,0.010110613597635312,0.010093648054553307,0.0008397012161703004,0.010134290447648691,0.010069722119642764,0.01000337046571076,128
untrained,3,0.22948607802391052,2,3,5,0.09106502659693112,0.09085976760999291,0.0011282628507668865,0.09092693626880646,0.09098567068576813,0.09043695870786905,128
untrained,3,0.22948607802391052,2,3,10,0.04765263020046174,0.04759308961721567,0.0006251260776800868,0.0476811733096838,0.047563618049025536,0.047552109230309725,128
untrained,3,0.22948607802391052,2,3,20,0.02438518640672031,0.024397476892032758,-0.00025194371280893755,0.024391484446823597,0.02439120803028345,0.02434614673256874,128
untrained,3,0.22948607802391052,2,3,30,0.016394100934736127,0.016391643200689907,7.496349742722069e-05,0.016396096100409825,0.016389630114038784,0.016428209142759442,128
untrained,3,0.22948607802391052,2,3,40,0.01233681879545513,0.012353729627441785,-0.0006849111528963789,0.012359502073377372,0.012331138551235198,0.012374375597573817,128
untrained,3,0.22948607802391052,2,3,49,0.010095365610709083,0.010106485269116127,-0.0005504277045030021,0.010101041243392594,0.01010097266764057,0.01010131067596376,128
untrained,3,0.22948607802391052,3,0,5,0.09099928722825161,0.09071369790046264,0.0015716506312694158,0.09123260527849197,0.0904634177684784,0.09151986800134182,128
untrained,3,0.22948607802391052,3,0,10,0.047632066030350945,0.0476162837101863,0.0001656965208055581,0.04771891534328461,0.047529188171029094,0.047518952284008265,128
untrained,3,0.22948607802391052,3,0,20,0.024382748077320885,0.024393064382944085,-0.00021150453683150416,0.024527185410261155,0.024248651042580605,0.024483281187713146,128
untrained,3,0.22948607802391052,3,0,30,0.016385057665493655,0.016402019833088415,-0.0005173430780762951,0.016401204590996105,0.016385996341705324,0.01638399832881987,128
untrained,3,0.22948607802391052,3,0,40,0.012360143736414524,0.012329606279997097,0.0012368475337292408,0.012397472281008959,0.01229211101308465,0.01241666718851775,128
untrained,3,0.22948607802391052,3,0,49,0.01009896974347556,0.010103565877822119,-0.00022750284580546444,0.010114543215960873,0.01008805936696578,0.01007245306391269,128
untrained,3,0.22948607802391052,3,1,5,0.09083669843071719,0.0908921208001871,-0.0003049729245155546,0.09060788750648499,0.09112422615289688,0.09133943449705839,128
untrained,3,0.22948607802391052,3,1,10,0.04756004394046844,0.047622846823472245,-0.0006598127299883951,0.04759470783174038,0.04758916534483433,0.048161267302930355,128
untrained,3,0.22948607802391052,3,1,20,0.024393862453212754,0.024376534152012363,0.00035530367612757316,0.024339466542005538,0.024430889822542667,0.024592887377366424,128
untrained,3,0.22948607802391052,3,1,30,0.016392810272144745,0.016388862801189875,0.0001204170069635669,0.016361426934599875,0.01642021673421065,0.01655068784020841,128
untrained,3,0.22948607802391052,3,1,40,0.012345864280227218,0.01234398910771439,7.594911493758366e-05,0.012332161050289869,0.012357681710273027,0.012406263500452042,128
untrained,3,0.22948607802391052,3,1,49,0.010096946426194077,0.010103678418584472,-0.000333256641405416,0.010069347005717608,0.0101313765863983,0.010164547595195472,128
untrained,3,0.22948607802391052,3,2,5,0.09096853043945921,0.09078471920834881,0.0010113229417662085,0.09108738824725152,0.09065494164824486,0.09128833469003439,128
untrained,3,0.22948607802391052,3,2,10,0.04765171588413299,0.0475751466017503,0.0008040723004313928,0.0476368460804224,0.04758881963789463,0.04774332977831364,128
untrained,3,0.22948607802391052,3,2,20,0.024398257420598854,0.02438286441615663,0.0003155524896171923,0.02439220268279314,0.024388884007930756,0.024378296919167042,128
untrained,3,0.22948607802391052,3,2,30,0.016381690534689745,0.016406069004054894,-0.0007435234888677999,0.01645699640115102,0.016330941021442412,0.016361880814656615,128
untrained,3,0.22948607802391052,3,2,40,0.012347201521904189,0.012342162899204067,0.00020408069701500201,0.012390326336026191,0.012299010623246431,0.012426521396264434,128
untrained,3,0.22948607802391052,3,2,49,0.010103254565143277,0.01009900595391044,0.00021030375430609072,0.010113261564045536,0.01008893655879157,0.010092283831909299,128
untrained,3,0.22948607802391052,3,3,5,0.09109738578035982,0.09091541971077258,0.000999743227380284,0.09111062064766884,0.09089138135313987,0.08998999185860157,128
untrained,3,0.22948607802391052,3,3,10,0.04767835821424212,0.04764015271113469,0.0004008193449112922,0.04769696444272995,0.047620948404073715,0.046820870134979486,128
untrained,3,0.22948607802391052,3,3,20,0.024400130789449838,0.024400631896425575,-1.0268425084922674e-05,0.02443040329962969,0.024370358698070048,0.023984734900295734,128
untrained,3,0.22948607802391052,3,3,30,0.016422128252067444,0.016377700151800494,0.0013545223383045622,0.016435345634818077,0.016364159435033797,0.016014864202588797,128
untrained,3,0.22948607802391052,3,3,40,0.012347983077859092,0.01234777259011554,8.523235586472374e-06,0.012377187423408032,0.01231856681406498,0.012169824563898146,128
untrained,3,0.22948607802391052,3,3,49,0.010108743439214515,0.010095739724274928,0.000643605423297464,0.01013461781703696,0.010069674375105878,0.009989679674617946,128
untrained,3,0.22948607802391052,4,0,5,0.09066936740051472,0.09076019725968353,-0.0005006342783130298,0.0906505085527897,0.09078445136547089,0.09282521530985832,128
untrained,3,0.22948607802391052,4,0,10,0.047543373183598595,0.047560044802152195,-0.00017529988833758466,0.04749716855585575,0.04760651029646397,0.04896322079002857,128
untrained,3,0.22948607802391052,4,0,20,0.024377158963316197,0.024380560322655242,-6.976042745202004e-05,0.024364331923425197,0.024393394775688648,0.02484546392224729,128
untrained,3,0.22948607802391052,4,0,30,0.016380573369773714,0.01639239889142925,-0.000360831527910367,0.016369846711556117,0.01640321227411429,0.016808250220492482,128
untrained,3,0.22948607802391052,4,0,40,0.012349132094342036,0.012335697624603723,0.0005442399194456913,0.012342278938740492,0.012342477962374688,0.012609730241820216,128
untrained,3,0.22948607802391052,4,0,49,0.010102048043680036,0.010097028997842056,0.00024847896898524637,0.01003116323631637,0.010167839651813313,0.010248841368593276,128
untrained,3,0.22948607802391052,4,1,5,0.09080642719205431,0.09084224560267806,-0.000197185094019535,0.09055307656526565,0.09109772816300392,0.09174599591642618,128
untrained,3,0.22948607802391052,4,1,10,0.047566806323944576,0.04766666962550237,-0.0010486155268526938,0.04744095206260681,0.04779408276081085,0.04764965269714594,128
untrained,3,0.22948607802391052,4,1,20,0.02439666149106545,0.02437163179773701,0.0005132370161018714,0.024343008175492287,0.024425225518643855,0.024635308887809515,128
untrained,3,0.22948607802391052,4,1,30,0.016411297844189286,0.016367126275489596,0.0013475806078128128,0.016385636230309805,0.01639246642589569,0.01665693032555282,128
untrained,3,0.22948607802391052,4,1,40,0.012349785825724876,0.012337578574909011,0.0004944736350655917,0.012320995423942804,0.012366302777081728,0.012508096056990325,128
untrained,3,0.22948607802391052,4,1,49,0.010094207390226593,0.010105294375056969,-0.0005488741731680605,0.010097170438693494,0.010102494182635327,0.010216427501291037,128
untrained,3,0.22948607802391052,4,2,5,0.09069394194010484,0.09114941453511737,-0.002504752462991857,0.09121883660554886,0.09065156579017639,0.09064798150211573,128
untrained,3,0.22948607802391052,4,2,10,0.0476555657765222,0.047602111376248875,0.0005611558235567017,0.04786001518368721,0.04739682599902153,0.04743159096688032,128
untrained,3,0.22948607802391052,4,2,20,0.02437253901990205,0.024403978676323955,-0.0006445654160278876,0.024451022781431676,0.024325568601489066,0.024468162562698126,128
untrained,3,0.22948607802391052,4,2,30,0.016381572075930873,0.016401338478648553,-0.0006029483771481501,0.016471166660388312,0.01631188802421093,0.01650834921747446,128
untrained,3,0.22948607802391052,4,2,40,0.0123500060772952,0.012343030802112452,0.0002824794380913874,0.012364873848855495,0.012328124977648259,0.012280041351914406,128
untrained,3,0.22948607802391052,4,2,49,0.010100161141948021,0.010101321806029507,-5.745439997734312e-05,0.01012871619694087,0.010072782787741447,0.010126517503522336,128
untrained,3,0.22948607802391052,4,3,5,0.09109394178041984,0.0908221108371881,0.0014942658403084665,0.09084420204162598,0.09105571061372757,0.09050046000629663,128
untrained,3,0.22948607802391052,4,3,10,0.047667016301836285,0.04760125343616192,0.0006902913830022294,0.04752570874989033,0.04774153046309948,0.047327577602118254,128
untrained,3,0.22948607802391052,4,3,20,0.024389756500674303,0.024403060309513416,-0.0002726591680614459,0.024327696301043034,0.024465150758624078,0.024143055779859424,128
untrained,3,0.22948607802391052,4,3,30,0.0163967124062345,0.01640188620033777,-0.0001577443647874469,0.01632780333360036,0.016470834612846375,0.016040896764025092,128
untrained,3,0.22948607802391052,4,3,40,0.012348886933367925,0.012346532239224805,9.53494300528897e-05,0.012273506168276072,0.012421900033950805,0.012183737359009683,128
untrained,3,0.22948607802391052,4,3,49,0.010101192514487455,0.010103278981298114,-0.00010326757673377501,0.010062597083802126,0.010141904636913416,0.009979414870031178,128
untrained,3,0.22948607802391052,5,0,5,0.09104168613091655,0.09085245259040226,0.0010403498531812647,0.0908950001001358,0.09098790511488915,0.090585483238101,128
untrained,3,0.22948607802391052,5,0,10,0.047686210889664904,0.04753837695488563,0.0015524764992320467,0.04750260300934315,0.04771967642009258,0.04777721222490072,128
untrained,3,0.22948607802391052,5,0,20,0.02439868179446753,0.024377597837083896,0.00043225841623151755,0.02438828572630882,0.024387944862246512,0.024475402431562543,128
untrained,3,0.22948607802391052,5,0,30,0.016377210742153876,0.016410949065002314,-0.0010289788462005986,0.016393150265018145,0.01639525480568409,0.016347840428352356,128
untrained,3,0.22948607802391052,5,0,40,0.012358538578180282,0.012331060133150778,0.001112956324226518,0.012337124068289995,0.012352323811501264,0.012422060477547348,128
untrained,3,0.22948607802391052,5,0,49,0.010105103890872696,0.010096600638628755,0.00042091756322355865,0.010093060531178298,0.010108519117442928,0.010122590698301792,128
untrained,3,0.22948607802391052,5,1,5,0.09087314716605253,0.0909316617127365,-0.0003218536794736922,0.09200214222073555,0.08980614468455314,0.09095858037471771,128
untrained,3,0.22948607802391052,5,1,10,0.047630787652636335,0.047569072796748234,0.0006482662432080443,0.04815476611256599,0.04704412966966629,0.04801102774217725,128
untrained,3,0.22948607802391052,5,1,20,0.02436923588638485,0.024413550541164907,-0.0009084076172024874,0.02460072785615921,0.0241821626201272,0.024342203978449106,128
untrained,3,0.22948607802391052,5,1,30,0.016402073196699337,0.016382656398209076,0.0005922512928910824,0.016540696223576862,0.01624389154215654,0.016462360741570592,128
untrained,3,0.22948607802391052,5,1,40,0.012349296627509153,0.012340973121951324,0.00033711683355237777,0.012448936700820923,0.012241287715733051,0.012391020311042666,128
untrained,3,0.22948607802391052,5,1,49,0.010094750197574158,0.010104911646552238,-0.0005030504498535419,0.01019086582320077,0.01000894552895001,0.010209251078777015,128
untrained,3,0.22948607802391052,5,2,5,0.09076488691310947,0.09091481346647999,-0.0008252245741073595,0.09072722047567368,0.0909613847732544,0.09155699424445629,128
untrained,3,0.22948607802391052,5,2,10,0.04764013631003244,0.04760432390066294,0.0003760051691185103,0.0477672278881073,0.04747667200863361,0.04756100755184889,128
untrained,3,0.22948607802391052,5,2,20,0.02437983440438004,0.02439498325297355,-0.0003105874982377605,0.024344590306282044,0.02443026229739189,0.024502931162714958,128
untrained,3,0.22948607802391052,5,2,30,0.016382101700413515,0.016402004176852867,-0.0006070769937497656,0.016409965852896374,0.01637428564329942,0.016472464660182595,128
untrained,3,0.22948607802391052,5,2,40,0.012342532975226056,0.012349229963046224,-0.00027122355891067584,0.012346689961850644,0.012345108948647977,0.012328046839684248,128
untrained,3,0.22948607802391052,5,2,49,0.010096344670045722,0.010106108609720419,-0.0004833046531033278,0.010094338077671674,0.010108258347122036,0.010072772740386426,128
untrained,3,0.22948607802391052,5,3,5,0.09092127524341063,0.09079657121393885,0.0006862508658464213,0.09109377786517144,0.09061666578054428,0.09144777711480856,128
untrained,3,0.22948607802391052,5,3,10,0.047621865878029475,0.04757050550900973,0.0005395429094877972,0.04770073816180229,0.04749083146452904,0.048084297217428684,128
untrained,3,0.22948607802391052,5,3,20,0.024397390002651707,0.02438447666837197,0.0002647158700702494,0.024472102895379065,0.02430973295122385,0.024363276315853,128
untrained,3,0.22948607802391052,5,3,30,0.01639731733396196,0.016386693118153585,0.0003240669967321141,0.016408028826117516,0.016375904033581416,0.016482018632814288,128
untrained,3,0.22948607802391052,5,3,40,0.01234787735335956,0.01234004714272239,0.00031716763546067825,0.012401018850505352,0.012286863289773464,0.012484726146794856,128
untrained,3,0.22948607802391052,5,3,49,0.01010439966874601,0.010097181474840318,0.00035730836383695685,0.010138291637508236,0.0100631838550373,0.010127707500942051,128
untrained,4,0.5655080080032349,0,0,5,0.09074372233766498,0.09122492412088912,-0.0026444214021842214,0.09084883108735084,0.09115440770983696,0.08998383302241564,128
untrained,4,0.5655080080032349,0,0,10,0.04751935743617854,0.04774897803523388,-0.002410250981259485,0.047585850581526756,0.04769432470202446,0.047198244370520115,128
untrained,4,0.5655080080032349,0,0,20,0.024385799178781434,0.024405421234491305,-0.00040216365861041586,0.02441627662628889,0.02437478955835104,0.02417866582982242,128
untrained,4,0.5655080080032349,0,0,30,0.01640048998510856,0.01639075693442895,0.00029681855963565847,0.01639070821305116,0.01640058495104313,0.016261202283203602,128
untrained,4,0.5655080080032349,0,0,40,0.012343591295465344,0.012350579699733227,-0.00028299813218910224,0.012337320297956467,0.0123568594455719,0.012232823413796723,128
untrained,4,0.5655080080032349,0,0,49,0.010101365937025993,0.010103546600341797,-0.00010792738209894858,0.010082429769087811,0.01012247473913796,0.009959674905985594,128
untrained,4,0.5655080080032349,0,1,5,0.09098155891855156,0.09101112173875636,-0.00016243961074625878,0.0906171202659607,0.09137768149375916,0.09002596326172352,128
untrained,4,0.5655080080032349,0,1,10,0.04762567209058381,0.0476508937654311,-0.00026472065423872594,0.04757292792201042,0.04770494066178799,0.047221328131854534,128
untrained,4,0.5655080080032349,0,1,20,0.02439096731732982,0.024400530462189922,-0.00019600023149767646,0.02441842406988144,0.02437299769371748,0.024171548197045922,128
untrained,4,0.5655080080032349,0,1,30,0.016386016160481454,0.016403731471390577,-0.0005402698156591812,0.016364773611227672,0.01642489160100619,0.01631005830131471,128
untrained,4,0.5655080080032349,0,1,40,0.012345558691640173,0.012347233932649908,-6.784331910755891e-05,0.01231717700138688,0.01237561721354723,0.012288212194107473,128
untrained,4,0.5655080080032349,0,1,49,0.010104337040113577,0.010100537338256835,0.0001880586726449144,0.010056393335060197,0.010148494067240735,0.009960506460629404,128
untrained,4,0.5655080080032349,0,2,5,0.09100871134285975,0.09085478935575346,0.0008463599706052192,0.09044824615120887,0.09140418991446495,0.09073782619088888,128
untrained,4,0.5655080080032349,0,2,10,0.04764107699449215,0.047631679282677294,9.864007489632889e-05,0.047510674223303795,0.04776159897446632,0.04727727174758911,128
untrained,4,0.5655080080032349,0,2,20,0.024364545733429666,0.024420034040616254,-0.0011374148848356214,0.024302041344344615,0.024482105486094953,0.024317084345966578,128
untrained,4,0.5655080080032349,0,2,30,0.016380945965068335,0.016405309450557754,-0.0007431005822355703,0.016297513246536256,0.016488627716898917,0.016415759455412626,128
untrained,4,0.5655080080032349,0,2,40,0.012347180161757725,0.01234584881651927,5.3915833475580946e-05,0.01227778783068061,0.012415239494293928,0.012278897571377456,128
untrained,4,0.5655080080032349,0,2,49,0.010106851912923643,0.01009650032043457,0.0005123700447823719,0.010046036799951476,0.010157351667175487,0.010033955331891775,128
untrained,4,0.5655080080032349,0,3,5,0.09056836426860154,0.09081839194450712,-0.0013784229958357548,0.09060396552085877,0.09080076590180397,0.09297635033726692,128
untrained,4,0.5655080080032349,0,3,10,0.047621051797756844,0.0475337299868398,0.0009176817946343171,0.047562331333756445,0.04758795015513897,0.04849720420315862,128
untrained,4,0.5655080080032349,0,3,20,0.02438341924386431,0.02436251677866057,0.00042880426367548403,0.024404711462557314,0.024341388046741484,0.02507800213061273,128
untrained,4,0.5655080080032349,0,3,30,0.016395196326351214,0.01637567106433591,0.0005958115719652144,0.016423078750570617,0.01634788028895855,0.01687122881412506,128
untrained,4,0.5655080080032349,0,3,40,0.01234698416807244,0.012337916166206565,0.00036735015101175,0.012388075329363346,0.012296815495938062,0.01260438037570566,128
untrained,4,0.5655080080032349,0,3,49,0.010098077851626697,0.010098041381835938,1.805782107697182e-06,0.010107459614471513,0.010088659290756499,0.010390165378339589,128
untrained,4,0.5655080080032349,1,0,5,0.09074717178087845,0.09070348600604444,0.00024075842637651668,0.09099715501070023,0.09045036435127259,0.0927624236792326,128
untrained,4,0.5655080080032349,1,0,10,0.047553780836956897,0.04757331526474294,-0.000205350826277245,0.04769398085772991,0.04743412472307682,0.04871896607801318,128
untrained,4,0.5655080080032349,1,0,20,0.0243610609409421,0.02439602341238908,-0.0007170746961179984,0.024366183206439018,0.024390627257525922,0.02486379211768508,128
untrained,4,0.5655080080032349,1,0,30,0.01638552399729743,0.016395762976023118,-0.0003123421827125731,0.016372709100445113,0.016408530995249748,0.016562812263146043,128
untrained,4,0.5655080080032349,1,0,40,0.012340452878979625,0.012347631420979405,-0.00029076950290149954,0.012353941518813371,0.012334150541573764,0.01247629418503493,128
untrained,4,0.5655080080032349,1,0,49,0.010096953715981094,0.010100475234985352,-0.00017435481578532795,0.01011727225719666,0.010080144645608202,0.010326582822017372,128
untrained,4,0.5655080080032349,1,1,5,0.09091555791270452,0.09079542104426348,0.0006611425965011358,0.09104964286088943,0.0906527005136013,0.09148829244077206,128
untrained,4,0.5655080080032349,1,1,10,0.04755072970759535,0.04763029801367296,-0.000835968133374065,0.04767966605722904,0.047505464404821396,0.04814870748668909,128
untrained,4,0.5655080080032349,1,1,20,0.02438651388005693,0.024379092689574233,0.00015218082998613768,0.024419751204550266,0.024345913715660573,0.024686689488589764,128
untrained,4,0.5655080080032349,1,1,30,0.016373512595351216,0.016408223621761656,-0.0010588525933919483,0.016434406116604804,0.016347167765100798,0.016552795423194766,128
untrained,4,0.5655080080032349,1,1,40,0.012344097223979307,0.012342615607563424,6.001675581245726e-05,0.012359075248241425,0.012327635195106268,0.012531560380011797,128
untrained,4,0.5655080080032349,1,1,49,0.010091187198615886,0.010109958724975585,-0.0009292307688767542,0.01011659691528398,0.010084483392384588,0.010147059569135308,128
untrained,4,0.5655080080032349,1,2,5,0.09069560111973823,0.09102212166299625,-0.0017968557951093006,0.09070311039686203,0.091038079559803,0.09129403717815876,128
untrained,4,0.5655080080032349,1,2,10,0.0476333144469159,0.04758059996198226,0.000553642660952968,0.04771510474383831,0.04749609418213367,0.04788804054260254,128
untrained,4,0.5655080080032349,1,2,20,0.024375018408132155,0.024398951643095242,-0.000490696880681635,0.024387775920331478,0.024386008642613886,0.024524322478100657,128
untrained,4,0.5655080080032349,1,2,30,0.016404969263348695,0.016378035662624614,0.0008215720549131508,0.016416256998976073,0.016366873309016226,0.016506070271134377,128
untrained,4,0.5655080080032349,1,2,40,0.012335821665680683,0.012352800629727784,-0.000687724241687299,0.012331124674528838,0.012357516959309579,0.012454297160729766,128
untrained,4,0.5655080080032349,1,2,49,0.010097485858370548,0.010104669952392578,-0.00035561026699175414,0.010096980752993603,0.010105149326275806,0.01009560702368617,128
untrained,4,0.5655080080032349,1,3,5,0.09069828473357641,0.09087761359034058,-0.0009876247807033833,0.09053710997104644,0.09105167537927628,0.09205607231706381,128
untrained,4,0.5655080080032349,1,3,10,0.04759480729330902,0.047587577868003904,7.595339508236511e-05,0.047661717608571054,0.047520294040441516,0.0481798741966486,128
untrained,4,0.5655080080032349,1,3,20,0.02439825553302617,0.02437407200730692,0.0004958452249127358,0.024420471116900443,0.02435204517096281,0.02454966912046075,128
untrained,4,0.5655080080032349,1,3,30,0.01639106386124377,0.01639321572739438,-6.563713394173648e-05,0.01639304148654143,0.016391227518518767,0.016471917275339365,128
untrained,4,0.5655080080032349,1,3,40,0.012356548231003291,0.012331609097115007,0.0010101658684291393,0.012384520005434751,0.012303608283400536,0.012474890681914985,128
untrained,4,0.5655080080032349,1,3,49,0.010104415452325008,0.010096346969604493,0.00039941476225452687,0.010099852951813718,0.010100938075659226,0.010161255719140172,128
untrained,4,0.5655080080032349,2,0,5,0.0906638553246906,0.09091416253292874,-0.0013785105223091208,0.09068184047937393,0.09091417416930199,0.09201995003968477,128
untrained,4,0.5655080080032349,2,0,10,0.04753035257832811,0.047674827023034286,-0.0015175061410481105,0.04766111820936203,0.047551507502794264,0.047873714473098516,128
untrained,4,0.5655080080032349,2,0,20,0.024397775923558906,0.024366134545934483,0.0006488687498425629,0.02435089126229286,0.024413267336785793,0.024716832442209125,128
untrained,4,0.5655080080032349,2,0,30,0.0163927509600539,0.016392493360270884,7.857186620000353e-06,0.016351210325956343,0.01643403582274914,0.016442621825262904,128
untrained,4,0.5655080080032349,2,0,40,0.01235180242387028,0.012337739887155688,0.0005695746213870452,0.012338581308722497,0.012350944709032774,0.012418973725289106,128
untrained,4,0.5655080080032349,2,0,49,0.010102258927109206,0.010099027252197265,0.00015997372063824956,0.010077101843697684,0.010124195671203186,0.01013642072211951,128
untrained,4,0.5655080080032349,2,1,5,0.0910530443544741,0.09063707148715984,0.0022894633832175352,0.09070722609758378,0.09095299318432808,0.0916989054530859,128
untrained,4,0.5655080080032349,2,1,10,0.04760380003361961,0.04763876063331275,-0.0003670690860048868,0.04766499400138855,0.04757937043905258,0.04755635606124997,128
untrained,4,0.5655080080032349,2,1,20,0.024369268639143123,0.02440572010250542,-0.0007473392470601099,0.024418340995907784,0.024356363527476787,0.024505911860615015,128
untrained,4,0.5655080080032349,2,1,30,0.016403763698382104,0.016382595433545075,0.0006456424377957261,0.01640526031454404,0.01638119804362456,0.01640623458661139,128
untrained,4,0.5655080080032349,2,1,40,0.012355422339590444,0.012333386771343111,0.0008925326510253544,0.012362904381006956,0.012325878906995057,0.012448678608052433,128
untrained,4,0.5655080080032349,2,1,49,0.010098142096607655,0.010102343597412109,-0.0002079900883516803,0.01007731631398201,0.010123154490577931,0.010176919866353273,128
untrained,4,0.5655080080032349,2,2,5,0.0907596883549032,0.09101725041692528,-0.001416912749003695,0.09112966433167458,0.09066578969359398,0.0910227382555604,128
untrained,4,0.5655080080032349,2,2,10,0.04762879234954985,0.04765443816050378,-0.0002691534577110254,0.047795603051781654,0.04748895093798637,0.0471544680185616,128
untrained,4,0.5655080080032349,2,2,20,0.02437091446662134,0.0244174923483781,-0.0009546915916402883,0.02435044217854738,0.024437601305544378,0.02423914708197117,128
untrained,4,0.5655080080032349,2,2,30,0.01640338907592837,0.016386740373604464,0.0005077351813758823,0.016383346791068714,0.016406860699256263,0.016293783206492662,128
untrained,4,0.5655080080032349,2,2,40,0.012348837436620826,0.012346832537344084,8.11842431800378e-05,0.012351007107645274,0.012344660609960556,0.012173298513516784,128
untrained,4,0.5655080080032349,2,2,49,0.01010132442022226,0.010101469650268554,-7.188611920737313e-06,0.010143289228483123,0.01005950387643308,0.01006312237586826,128
untrained,4,0.5655080080032349,2,3,5,0.09100554928635106,0.09081258857215459,0.0010612841846701577,0.09101149886846542,0.09079276695847512,0.09097866620868444,128
untrained,4,0.5655080080032349,2,3,10,0.047596132539249526,0.047609678172073254,-0.00014227737490369815,0.04761026352643967,0.04759624674916267,0.04793490143492818,128
untrained,4,0.5655080080032349,2,3,20,0.024359360961026925,0.024404252983453705,-0.0009206049099841374,0.024397454224526882,0.024365808814764023,0.024734741542488337,128
untrained,4,0.5655080080032349,2,3,30,0.01638823373754016,0.016398976449252797,-0.00032764945999087954,0.01640013468762239,0.016387025391062102,0.016385196009650826,128
untrained,4,0.5655080080032349,2,3,40,0.012344361936668423,0.012346254862987386,-7.666581739311168e-05,0.012355394009500743,0.012335224729031324,0.012375260470435023,128
untrained,4,0.5655080080032349,2,3,49,0.010096713251866042,0.010103877868652343,-0.00035467362035110573,0.010126031555083334,0.010074534814576713,0.010172257549129426,128
untrained,4,0.5655080080032349,3,0,5,0.09102243847317165,0.09094171134793029,0.00044364302155278855,0.09140175431966782,0.09055658876895904,0.09020826127380133,128
untrained,4,0.5655080080032349,3,0,10,0.047678996546460926,0.047572951437282705,0.0011133117109080662,0.047690481692552564,0.047555997595191,0.04753520805388689,128
untrained,4,0.5655080080032349,3,0,20,0.024379075959671374,0.024391445775670328,-0.0002536330463271759,0.024480896629393102,0.024289528653025628,0.02459148899652064,128
untrained,4,0.5655080080032349,3,0,30,0.01639484222099656,0.01639200504508585,8.653396551366985e-05,0.016415052736798923,0.0163718082010746,0.016394178150221705,128
untrained,4,0.5655080080032349,3,0,40,0.012343385324936897,0.012347442676813584,-0.00016432627841543235,0.01235990421846509,0.012330928258597851,0.012366697541438043,128
untrained,4,0.5655080080032349,3,0,49,0.010099450785052333,0.010103159255981445,-0.0001835639514595208,0.01012307557524467,0.010079521229680704,0.010072742472402751,128
untrained,4,0.5655080080032349,3,1,5,0.09068906748736347,0.09079493864632208,-0.0005833635768434983,0.09069230258464814,0.09079931154847146,0.09254192560911179,128
untrained,4,0.5655080080032349,3,1,10,0.04759377781209678,0.04755323354769249,0.0004261223114045404,0.04750262200832367,0.04764229618012905,0.04855078971013427,128
untrained,4,0.5655080080032349,3,1,20,0.024355916274610416,0.024405153905312844,-0.0010097733810955519,0.02434257883578539,0.024418104253709317,0.02478629001416266,128
untrained,4,0.5655080080032349,3,1,30,0.016396046426396346,0.016382793179985616,0.0004043232332039354,0.01637813523411751,0.01640076662103335,0.01663293200545013,128
untrained,4,0.5655080080032349,3,1,40,0.012340230591184328,0.012346329653677046,-0.0002470600372014492,0.012310456577688455,0.012376111466437578,0.012537287548184395,128
untrained,4,0.5655080080032349,3,1,49,0.01009907448219806,0.010100613174438477,-7.617406102984496e-05,0.010064258411222575,0.010135424228347078,0.010215570568107069,128
untrained,4,0.5655080080032349,3,2,5,0.09085449305447665,0.09096123664789228,-0.0005870976817560283,0.09105790853500366,0.09076548665761948,0.09088300447911024,128
untrained,4,0.5655080080032349,3,2,10,0.04763583571357036,0.047564832806410086,0.0007458236193438429,0.04767553508281708,0.047521472722291944,0.048029931262135506,128
untrained,4,0.5655080080032349,3,2,20,0.024362145468246107,0.024410380340936615,-0.0009889763117504437,0.02445604931563139,0.02431609872728586,0.02455703541636467,128
untrained,4,0.5655080080032349,3,2,30,0.01638547492929541,0.016398253208801172,-0.0003897750570510892,0.016435378914078078,0.01634828969836235,0.016489960020408034,128
untrained,4,0.5655080080032349,3,2,40,0.01234257281828915,0.012345706304906636,-0.00012692203461097296,0.01238178601488471,0.012306497525423765,0.012468672939576209,128
untrained,4,0.5655080080032349,3,2,49,0.01010185307762454,0.010099141387939454,0.00013423545507000204,0.010121498332948101,0.010079505416203519,0.010150793357752264,128
untrained,4,0.5655080080032349,3,3,5,0.09119063354903198,0.09092892154660238,0.0014370340532115211,0.0912016548216343,0.09089909121394157,0.08949627727270126,128
untrained,4,0.5655080080032349,3,3,10,0.04765949807017796,0.04767673118330572,-0.0001807614299675601,0.04765894785523415,0.04767816923558712,0.046628816053271294,128
untrained,4,0.5655080080032349,3,3,20,0.024405419179635453,0.024387983074338416,0.0003573455527024703,0.02443838194012642,0.024355155974626543,0.02412924077361822,128
untrained,4,0.5655080080032349,3,3,30,0.016382697952294238,0.016412847270396665,-0.0009193113850306467,0.016455995167295137,0.01633940910299619,0.016137882135808468,128
untrained,4,0.5655080080032349,3,3,40,0.012342112951088474,0.012353939885419652,-0.0004788997824468236,0.012383847311139107,0.012312220130115747,0.012157321209087968,128
untrained,4,0.5655080080032349,3,3,49,0.010103657922178062,0.010101052017211913,0.00012897512381204076,0.010144134565275542,0.010060583830487971,0.009968778234906495,128
untrained,4,0.5655080080032349,4,0,5,0.09091237418177954,0.09065419105329597,0.001421975065441551,0.09035691469907761,0.09119109734892845,0.09225994814187288,128
untrained,4,0.5655080080032349,4,0,10,0.04756825799015051,0.047533384226760754,0.0003666999073459831,0.047461049631237984,0.047638796269893646,0.04900154145434499,128
untrained,4,0.5655080080032349,4,0,20,0.02438331777735274,0.024371602028373657,0.00024029880523906058,0.024352730810642244,0.024402280524373054,0.02489975211210549,128
untrained,4,0.5655080080032349,4,0,30,0.016393946390067932,0.01638787432779884,0.00018522651078978545,0.016342362388968468,0.016439486294984818,0.016544530168175697,128
untrained,4,0.5655080080032349,4,0,40,0.012348688996113228,0.012337860352259058,0.0004386455028979535,0.012276759557425975,0.012409777380526066,0.012538528651930392,128
untrained,4,0.5655080080032349,4,0,49,0.010103412836666974,0.010093925323486328,0.00046974077004335933,0.010036476032466305,0.010160895254538983,0.010328807635232806,128
untrained,4,0.5655080080032349,4,1,5,0.09111668927099568,0.09074324908131413,0.002053449446111914,0.09052990153431892,0.09130319654941559,0.09083450585603714,128
untrained,4,0.5655080080032349,4,1,10,0.04756293069000495,0.04767293136505989,-0.0011550341717931605,0.047634003311395647,0.04760753251612186,0.047584657557308674,128
untrained,4,0.5655080080032349,4,1,20,0.02438725427139637,0.02438966533330482,-4.943038486108254e-05,0.024358442425727843,0.024418457970023157,0.024461994878947735,128
untrained,4,0.5655080080032349,4,1,30,0.016389778081835584,0.016394491784551393,-0.00014377940197772023,0.016375302523374557,0.01640894462664922,0.01647258293814957,128
untrained,4,0.5655080080032349,4,1,40,0.012352161124016468,0.012337922026671054,0.0005767132195519044,0.012338353414088487,0.012351713050156832,0.012397338752634823,128
untrained,4,0.5655080080032349,4,1,49,0.010097264485924367,0.010103716506958007,-0.00031939147091889083,0.01009686671349467,0.010104091343831043,0.010153043549507856,128
untrained,4,0.5655080080032349,4,2,5,0.0908901314141373,0.09085283613065936,0.00020520894965877733,0.09115006253123284,0.09059022590517998,0.09129856061190367,128
untrained,4,0.5655080080032349,4,2,10,0.04761202842046244,0.047605611239995856,6.739487020896242e-05,0.047786497697234157,0.04743080995976925,0.047826915979385376,128
untrained,4,0.5655080080032349,4,2,20,0.024391394068104352,0.02438461517724465,0.00013898002244224904,0.024511700496077538,0.024264361150562762,0.02447875519283116,128
untrained,4,0.5655080080032349,4,2,30,0.016391479147104725,0.01639188015916346,-1.2232183254252897e-05,0.016461054608225823,0.01632230281829834,0.01649928535334766,128
untrained,4,0.5655080080032349,4,2,40,0.012351391321987112,0.012337641282515093,0.0005569290499035163,0.012380348052829504,0.012308668997138738,0.012439334881491959,128
untrained,4,0.5655080080032349,4,2,49,0.010093822000441113,0.010107244491577148,-0.0006644446787338866,0.010106974034285059,0.010094046060528074,0.010150016983971,128
untrained,4,0.5655080080032349,4,3,5,0.09107125086415095,0.09113715271908063,-0.00036168394889213,0.09064764901995659,0.09156549200415612,0.08893430512398481,128
untrained,4,0.5655080080032349,4,3,10,0.04774161068572244,0.047615738184278465,0.001320008399292388,0.04731032177805901,0.048040537536144255,0.046491415705531836,128
untrained,4,0.5655080080032349,4,3,20,0.02441723864207896,0.02439162524666373,0.0005247693425745109,0.024295066855847834,0.024513997323811054,0.023818710818886757,128
untrained,4,0.5655080080032349,4,3,30,0.016398570153180525,0.01639873054500402,-4.89039707771733e-06,0.01634389584263166,0.01645340472459793,0.016080991132184863,128
untrained,4,0.5655080080032349,4,3,40,0.012350547392945482,0.012347683513997077,0.00011595482118045886,0.012293269112706184,0.01240495890378952,0.012070901575498283,128
untrained,4,0.5655080080032349,4,3,49,0.01010184815318614,0.010105103454589844,-0.0001610980946918734,0.010069176478653538,0.010137764014759841,0.009859948069788516,128
untrained,4,0.5655080080032349,5,0,5,0.09090391794840495,0.09093021303849734,-0.00014461031022903483,0.09088030532002449,0.0909557156264782,0.09081990551203489,128
untrained,4,0.5655080080032349,5,0,10,0.04763415185780659,0.04756682694932504,0.0007071871458090187,0.04765692204236984,0.047540584951639174,0.048024927731603384,128
untrained,4,0.5655080080032349,5,0,20,0.024408302196236544,0.024377140285461906,0.0006387542920347494,0.02438160888850689,0.024404075369238852,0.024286291329190135,128
untrained,4,0.5655080080032349,5,0,30,0.016371617730013627,0.016419179647895816,-0.0014504654257898458,0.016400665789842606,0.016389908765753112,0.016282757045701146,128
untrained,4,0.5655080080032349,5,0,40,0.012348596314037504,0.012343240072612784,0.0002169235750889391,0.012338775023818017,0.012353055644780397,0.01232678210362792,128
untrained,4,0.5655080080032349,5,0,49,0.010101929217018246,0.010099017715454102,0.00014412698442960883,0.010105251657719515,0.010095706019474536,0.010153081500902772,128
untrained,4,0.5655080080032349,5,1,5,0.09093910194807983,0.09095809202500058,-0.00010440005426059549,0.09199257791042328,0.08990598171949386,0.0905072158202529,128
untrained,4,0.5655080080032349,5,1,10,0.047663141121777906,0.04759067199559658,0.000760800264145526,0.04808727614581585,0.047162801399827,0.04749923758208752,128
untrained,4,0.5655080080032349,5,1,20,0.02438208446946255,0.024401607663612667,-0.0004001991914933332,0.02457993272691965,0.024203607439994813,0.0243291980586946,128
untrained,4,0.5655080080032349,5,1,30,0.01639935215128834,0.01638581152675914,0.0004130107344210757,0.01657672847310702,0.016208498800794283,0.0164431924931705,128
untrained,4,0.5655080080032349,5,1,40,0.012339880376016903,0.012351154025253075,-0.00045658877844081746,0.012450881768018007,0.012240165378898382,0.012358083971776068,128
untrained,4,0.5655080080032349,5,1,49,0.01009928752097926,0.010104275741577148,-0.00024689806113983566,0.010198042176815927,0.010005503664819561,0.010026264237239957,128
untrained,4,0.5655080080032349,5,2,5,0.09071337895762639,0.0909115858050199,-0.0010912973756192663,0.09109842181205749,0.09054078832268715,0.09180393815040588,128
untrained,4,0.5655080080032349,5,2,10,0.04754840443908088,0.04760398163306589,-0.000584086183002134,0.04764855764806271,0.04750669412314892,0.048447474371641874,128
untrained,4,0.5655080080032349,5,2,20,0.024380809946577677,0.024391494961235466,-0.00021907955094117263,0.024398066475987433,0.024374154582619666,0.024555586744099855,128
untrained,4,0.5655080080032349,5,2,30,0.016365945370102126,0.016414593178086852,-0.0014840454165122377,0.016424469649791718,0.01635584086179733,0.016590682789683342,128
untrained,4,0.5655080080032349,5,2,40,0.012337352598277581,0.012350437932306559,-0.0005300326091246178,0.012384541146457196,0.012303264532238244,0.012487772153690457,128
untrained,4,0.5655080080032349,5,2,49,0.010107622928455741,0.010091722946166993,0.0007871533259865125,0.010140120374913119,0.010059281119278498,0.010229311301372945,128
untrained,4,0.5655080080032349,5,3,5,0.09086980643095793,0.09079958398557612,0.00038653977547024307,0.09081593751907349,0.0908484049141407,0.09167828597128391,128
untrained,4,0.5655080080032349,5,3,10,0.047596340320844824,0.047603602926585865,-7.62879209086221e-05,0.04769373200833797,0.047506583482027055,0.047996845096349716,128
untrained,4,0.5655080080032349,5,3,20,0.024384451836578606,0.02438531804272509,-1.776112843283685e-05,0.024443799071013926,0.024325964227318763,0.02460473612882197,128
untrained,4,0.5655080080032349,5,3,30,0.016381030876195263,0.016404782833696223,-0.0007244583803960606,0.01644094077249368,0.016344761848449706,0.016428933711722493,128
untrained,4,0.5655080080032349,5,3,40,0.012349456094138362,0.012340578398479412,0.00035956594800402424,0.012368140462785959,0.012321883626282216,0.0123990373685956,128
untrained,4,0.5655080080032349,5,3,49,0.010105384733323109,0.010094972457885742,0.0005154500654762126,0.010131949368788272,0.010068444116991393,0.010180718614719808,128
untrained,5,0.4275728166103363,0,0,5,0.09090948183285563,0.09105041268325988,-0.0007745160040801641,0.09094038456678391,0.09102655574679375,0.09016529563814402,128
untrained,5,0.4275728166103363,0,0,10,0.04762259483337403,0.04763333304854464,-0.00011273015138556291,0.04758690148591995,0.047668439149856565,0.04744659690186381,128
untrained,5,0.4275728166103363,0,0,20,0.024408424093618517,0.024392958019616013,0.00031691877017542557,0.02436073087155819,0.024440854229032992,0.023968273773789406,128
untrained,5,0.4275728166103363,0,0,30,0.016396770769647514,0.016396836333695868,-1.9992935862478184e-06,0.016411290193597477,0.01638231836259365,0.01619174564257264,128
untrained,5,0.4275728166103363,0,0,40,0.012351456035878488,0.012343537914274637,0.00032063670959034087,0.01234672050923109,0.012348251603543758,0.012201112578622997,128
untrained,5,0.4275728166103363,0,0,49,0.010101629819484115,0.010102485387366055,-4.234621873508019e-05,0.010087854475999365,0.01011626680894774,0.009998046793043613,128
untrained,5,0.4275728166103363,0,1,5,0.09091759120163165,0.09095260217076256,-0.00019250526148084112,0.09069594070315361,0.09117600321769714,0.09064027387648821,128
untrained,5,0.4275728166103363,0,1,10,0.047670355549565065,0.04756575182449719,0.0010983620388422782,0.04757031984627247,0.04767150916159153,0.04758170945569873,128
untrained,5,0.4275728166103363,0,1,20,0.02439011071586756,0.024379533335790685,0.0002168845043333347,0.02438302282243967,0.024386763200163843,0.024604281643405557,128
untrained,5,0.4275728166103363,0,1,30,0.016393603658575336,0.016393387219744298,6.601363078268882e-06,0.01635659672319889,0.016430390998721123,0.016390346456319094,128
untrained,5,0.4275728166103363,0,1,40,0.012346579894989647,0.012345759563052242,3.3222122948929e-05,0.012308638822287322,0.012383698765188456,0.012306500924751163,128
untrained,5,0.4275728166103363,0,1,49,0.010103753153605574,0.010100131098268302,0.00017927519737981793,0.010074595103458482,0.010129263358456748,0.010010917321778834,128
untrained,5,0.4275728166103363,0,2,5,0.09095509350299835,0.09090916244756608,0.00025255680502991016,0.09065500646829605,0.09120695516467095,0.09069018997251987,128
untrained,5,0.4275728166103363,0,2,10,0.04755094210306803,0.04773765240819001,-0.0019594192366638096,0.047440605238080025,0.04783777706325054,0.04721615929156542,128
untrained,5,0.4275728166103363,0,2,20,0.024379990518139064,0.02439394151985126,-0.00028603397612161815,0.024304376915097237,0.02446936946362257,0.02452506311237812,128
untrained,5,0.4275728166103363,0,2,30,0.016410973687000556,0.016380473328811675,0.000930131511831211,0.016304852440953255,0.016486151019732158,0.01626990851946175,128
untrained,5,0.4275728166103363,0,2,40,0.012349312696744543,0.012342644239335752,0.00027006597434879197,0.01226745154708624,0.012424487434327603,0.012322448077611625,128
untrained,5,0.4275728166103363,0,2,49,0.010100344548871598,0.010102857737091239,-0.00012439553809062012,0.010050944375748537,0.01015227485676201,0.010042228270322084,128
untrained,5,0.4275728166103363,0,3,5,0.09061823942159351,0.09079185412043617,-0.0009570288810940514,0.09080109223723412,0.09061768501996995,0.09290612023323774,128
untrained,5,0.4275728166103363,0,3,10,0.047532387486210574,0.04756790507923473,-0.00037347511837926983,0.047660014033317565,0.04743833541870117,0.049016520380973816,128
untrained,5,0.4275728166103363,0,3,20,0.024378948792550963,0.024365135911713492,0.0002833755299949052,0.024476789869368076,0.024267478473484518,0.025114631047472358,128
untrained,5,0.4275728166103363,0,3,30,0.01638065420295925,0.016388019864319286,-0.00022477752211418322,0.016407248253623646,0.016361533477902413,0.016936552245169878,128
untrained,5,0.4275728166103363,0,3,40,0.012342546950869593,0.012339254460262333,0.00013339750013714705,0.012387849669903517,0.012293942645192147,0.01272830821108073,128
untrained,5,0.4275728166103363,0,3,49,0.010097002324647603,0.010101829245544975,-0.00023897030282958584,0.010081699612189313,0.010117166352515318,0.010255577741190791,128
untrained,5,0.4275728166103363,1,0,5,0.09085936060077265,0.09075231140568144,0.000589440061356988,0.09085932746529579,0.09074699357151986,0.09196839947253466,128
untrained,5,0.4275728166103363,1,0,10,0.04756938439828378,0.0475838527206547,-0.00015205286555497092,0.04748377464711666,0.04766867384314537,0.04847553838044405,128
untrained,5,0.4275728166103363,1,0,20,0.024392973209401692,0.024358519843336333,0.0007067140698107733,0.024317931197583676,0.024434018507599832,0.024960997514426708,128
untrained,5,0.4275728166103363,1,0,30,0.016387622023737707,0.016393981063145633,-0.00019398195356334398,0.016395869478583337,0.016385826840996744,0.01654913485981524,128
untrained,5,0.4275728166103363,1,0,40,0.012346086995161798,0.012344611865980968,5.974432676313445e-05,0.012344049010425805,0.01234664609655738,0.012372196884825826,128
untrained,5,0.4275728166103363,1,0,49,0.010098203375466604,0.010100525870513433,-0.00011498223568575272,0.010101320336059648,0.010097424746776114,0.010261486750096083,128
untrained,5,0.4275728166103363,1,1,5,0.09063656706559031,0.09094148164703733,-0.0016792480346999933,0.09096526801586151,0.09062802791595459,0.09203352965414524,128
untrained,5,0.4275728166103363,1,1,10,0.04747409326058847,0.04769422081876392,-0.0023130341259339007,0.047589126974344254,0.04756714589893818,0.04843725124374032,128
untrained,5,0.4275728166103363,1,1,20,0.02436598301301484,0.024391354782092412,-0.0005203682199317668,0.024343322776257992,0.024413678608834744,0.02485999185591936,128
untrained,5,0.4275728166103363,1,1,30,0.01638620234947124,0.016391844597685265,-0.00017213497262207075,0.016415416325132052,0.016362713028987248,0.016656132880598307,128
untrained,5,0.4275728166103363,1,1,40,0.012344227460987466,0.012343513765918359,2.8908884880114297e-05,0.012378669902682304,0.012309069465845823,0.012490431661717594,128
untrained,5,0.4275728166103363,1,1,49,0.010099926589005409,0.010100193458542633,-1.3211284714278654e-05,0.010091891246182578,0.010108230749563294,0.01019402570091188,128
untrained,5,0.4275728166103363,1,2,5,0.09086302628642634,0.09081148533594041,0.0002836994029893384,0.0909341499209404,0.09073778837919236,0.09164032433182001,128
untrained,5,0.4275728166103363,1,2,10,0.047588279158980756,0.0476041912047331,-0.00016715655861626355,0.04756257571280002,0.04762902595102787,0.0480839922092855,128
untrained,5,0.4275728166103363,1,2,20,0.024386165320367748,0.02439030294652412,-8.482832610278935e-05,0.024373497255146502,0.024402916058897973,0.0244717332534492,128
untrained,5,0.4275728166103363,1,2,30,0.016394806714693032,0.016385573748445608,0.0002816613509878108,0.016389974827567735,0.016390271484851837,0.016592601779848337,128
untrained,5,0.4275728166103363,1,2,40,0.01234336409249401,0.012343528254932125,-6.649781422404182e-06,0.012342291045933962,0.012344602309167386,0.01252428290899843,128
untrained,5,0.4275728166103363,1,2,49,0.010104373700356897,0.010096161179787152,0.00040654965910886224,0.010114809840309377,0.010085667350462504,0.010176620446145535,128
untrained,5,0.4275728166103363,1,3,5,0.09073276974652943,0.09113878863198417,-0.002232448487671177,0.09092052802443504,0.0909713238477707,0.09054072480648756,128
untrained,5,0.4275728166103363,1,3,10,0.047666084501478405,0.047539005988885545,0.0013347869524307319,0.04782477356493473,0.04738726802170277,0.04787960276007652,128
untrained,5,0.4275728166103363,1,3,20,0.0244117601154948,0.02435308529664294,0.0012032196217329108,0.024446049332618715,0.024319574795663358,0.024687502533197403,128
untrained,5,0.4275728166103363,1,3,30,0.01638738335313051,0.01639698650802675,-0.0002929186968246994,0.016359958176811535,0.01642455334464709,0.016464666463434696,128
untrained,5,0.4275728166103363,1,3,40,0.012343782655780941,0.012345195977568023,-5.72450488136234e-05,0.01234817486256361,0.01234080819413066,0.012440698454156518,128
untrained,5,0.4275728166103363,1,3,49,0.010101797799690457,0.010099389645176043,0.00011920856241085885,0.010103656777313777,0.010097513241427285,0.010142644285224378,128
untrained,5,0.4275728166103363,2,0,5,0.09093727092993886,0.09068443377812703,0.001392108681155948,0.09075745940208435,0.09085159823298454,0.09195468202233315,128
untrained,5,0.4275728166103363,2,0,10,0.04758252779642741,0.04757278694594202,0.00010236790779014621,0.04751448184251785,0.04764136709272861,0.048441534861922264,128
untrained,5,0.4275728166103363,2,0,20,0.024382338306953473,0.024392536492547814,-0.00020908686359634947,0.02431320194154978,0.02446153648197651,0.02450522151775658,128
untrained,5,0.4275728166103363,2,0,30,0.016395471438797028,0.016387011481016813,0.0002580633627004444,0.01636880760391553,0.016413551196455954,0.016529217828065157,128
untrained,5,0.4275728166103363,2,0,40,0.01233396397540955,0.012353606571424876,-0.0007956471851803556,0.012317436933517455,0.012370186951011419,0.012495018658228219,128
untrained,5,0.4275728166103363,2,0,49,0.010095641103094024,0.010105191038106347,-0.00047274958502197656,0.01008948379633378,0.010111415492636817,0.010155951720662415,128
untrained,5,0.4275728166103363,2,1,5,0.09079976066162712,0.09090996994858697,-0.0006065128520588059,0.09097169190645218,0.09074354991316795,0.09142380300909281,128
untrained,5,0.4275728166103363,2,1,10,0.047633336031878436,0.04756045656755936,0.0007655905109797986,0.047691143304109576,0.04750663824379444,0.04802219849079847,128
untrained,5,0.4275728166103363,2,1,20,0.0244009428605173,0.024382991065888395,0.00036798579334787094,0.024468646571040153,0.024315526336431505,0.024316544644534588,128
untrained,5,0.4275728166103363,2,1,30,0.0163770660789522,0.016407143531149172,-0.0009174371611748697,0.01642982264359792,0.016354825471838315,0.016460548620671034,128
untrained,5,0.4275728166103363,2,1,40,0.012355353754733154,0.012335384128898974,0.0008087901595929578,0.01239268397912383,0.012297999951988459,0.012372667202726007,128
untrained,5,0.4275728166103363,2,1,49,0.010096310573889034,0.01010523520367594,-0.0004417795491855335,0.01013054143713445,0.01007106672136151,0.01012119825463742,128
untrained,5,0.4275728166103363,2,2,5,0.09087879171496943,0.09107821399257296,-0.0010959857073212203,0.09109488278627395,0.09087209701538086,0.0901651056483388,128
untrained,5,0.4275728166103363,2,2,10,0.04761724189475731,0.04764752112144281,-0.0003178428804786705,0.04768078215420246,0.04758232645690441,0.04736891621723771,128
untrained,5,0.4275728166103363,2,2,20,0.024393363649696225,0.02439495824389484,-3.26839320700494e-05,0.02435184959322214,0.024436451494693756,0.02423398639075458,128
untrained,5,0.4275728166103363,2,2,30,0.01639595306448906,0.016399204975770486,-9.91582744420182e-05,0.016381666188438733,0.016413539523879687,0.01614381792023778,128
untrained,5,0.4275728166103363,2,2,40,0.012352435765339261,0.012342130808129959,0.0004172965408494443,0.012351677939295768,0.012342860084027052,0.012218480464071035,128
untrained,5,0.4275728166103363,2,2,49,0.010103508533387132,0.010101255470623767,0.00011151146149521217,0.010131941994234008,0.010072806431930892,0.009967339923605323,128
untrained,5,0.4275728166103363,2,3,5,0.09098133209504579,0.09090834926991236,0.0004012477485547579,0.09113888889551162,0.09074714481830597,0.09056984260678291,128
untrained,5,0.4275728166103363,2,3,10,0.04761394394768609,0.04762874043677464,-0.00015535564945511567,0.047674237936735156,0.047567637637257576,0.04758125124499202,128
untrained,5,0.4275728166103363,2,3,20,0.024372065352217087,0.024415414293701462,-0.0008885259455519574,0.024352876283228398,0.02443402763456106,0.024261913262307644,128
untrained,5,0.4275728166103363,2,3,30,0.016403593800284645,0.01638407041404771,0.0005954491332080197,0.01638008120159308,0.01640729767580827,0.01637863158248365,128
untrained,5,0.4275728166103363,2,3,40,0.01234336941558802,0.012346465995351675,-0.00012541921450627926,0.01234469674527645,0.01234514731913805,0.01240623474586755,128
untrained,5,0.4275728166103363,2,3,49,0.010103151594589518,0.010099376282260115,0.0001868732641889947,0.010112085968864207,0.010090415194934728,0.010077454266138375,128
untrained,5,0.4275728166103363,3,0,5,0.09078686017739146,0.09088730528241112,-0.0005528860130712195,0.09125527068972587,0.09042391777038575,0.09160406142473221,128
untrained,5,0.4275728166103363,3,0,10,0.04764252344767252,0.04758843153961434,0.0005680076196320462,0.047833967581391336,0.047399948537349704,0.04766085371375084,128
untrained,5,0.4275728166103363,3,0,20,0.02440212741666513,0.024378167384216356,0.0004911826085940062,0.024527753703296185,0.024252858757972718,0.02438774984329939,128
untrained,5,0.4275728166103363,3,0,30,0.0163912618135045,0.016390117776467324,3.489898995867816e-05,0.016443928455313048,0.01633743420243263,0.016559121664613485,128
untrained,5,0.4275728166103363,3,0,40,0.01234508942866671,0.012343311941386848,7.199685605994839e-05,0.01238614059984684,0.012302255630493164,0.01246415008790791,128
untrained,5,0.4275728166103363,3,0,49,0.010096402526590866,0.01010418481808663,-0.00038525075348513845,0.010135955804464768,0.010064685983317239,0.010168562643229961,128
untrained,5,0.4275728166103363,3,1,5,0.09085028265651904,0.09082386465299697,0.00014541421502817546,0.09063620194792747,0.091036619246006,0.09163587726652622,128
untrained,5,0.4275728166103363,3,1,10,0.04756528571799949,0.04761690778180588,-0.0005423500122000043,0.047496845573186876,0.047682522982358935,0.04820628929883242,128
untrained,5,0.4275728166103363,3,1,20,0.024387006678761383,0.02437833255939982,0.00017787468511234504,0.024351998791098596,0.02441345565021038,0.02469090884551406,128
untrained,5,0.4275728166103363,3,1,30,0.016382088620869352,0.016396319474527722,-0.0004341532882414263,0.016367384791374208,0.016411229968070984,0.016641531139612198,128
untrained,5,0.4275728166103363,3,1,40,0.012340602340578707,0.012346794320118766,-0.00025081541099334227,0.012322484515607357,0.012364929169416427,0.012503463076427579,128
untrained,5,0.4275728166103363,3,1,49,0.010106312210313311,0.010093045053488096,0.0006568108406267919,0.010085430756515386,0.010113833206040519,0.010236047208309174,128
untrained,5,0.4275728166103363,3,2,5,0.09086203653561442,0.0908921765429633,-0.0001658283834977024,0.09090511500835419,0.09085060954093933,0.09122138936072588,128
untrained,5,0.4275728166103363,3,2,10,0.04760712235062211,0.04762007067026185,-0.00013597292148229487,0.04767772741615772,0.04754875637590885,0.04773514764383435,128
untrained,5,0.4275728166103363,3,2,20,0.024406335311572002,0.02436833785624138,0.0007790406959593426,0.02448460031300783,0.024290576204657556,0.024496451718732715,128
untrained,5,0.4275728166103363,3,2,30,0.016388691000908173,0.016395914725944,-0.00022033893272323978,0.016465684150656065,0.016319026922186217,0.016458673169836402,128
untrained,5,0.4275728166103363,3,2,40,0.012354690609284583,0.01233404807464873,0.0008361113501699426,0.01238150168210268,0.012307180278003215,0.012452714494429529,128
untrained,5,0.4275728166103363,3,2,49,0.010103996931626082,0.010097943958864701,0.0002996233279709708,0.010108097019244214,0.010093801255737032,0.010106990346685052,128
untrained,5,0.4275728166103363,3,3,5,0.0909457371423119,0.09111172670409792,-0.0009117426897979242,0.09108148291707038,0.09098428040742874,0.0896711777895689,128
untrained,5,0.4275728166103363,3,3,10,0.04763624226605451,0.04770495162522497,-0.0007206681221979984,0.047799235209822655,0.0475382000207901,0.04662563558667898,128
untrained,5,0.4275728166103363,3,3,20,0.024401987711098347,0.02440787871867442,-0.00012069296654248948,0.024485903978347778,0.024323884397745132,0.023804249707609415,128
untrained,5,0.4275728166103363,3,3,30,0.016398267312483353,0.016398173950046484,2.8467246222886167e-06,0.016441953058044117,0.01635448696712653,0.01610681228339672,128
untrained,5,0.4275728166103363,3,3,40,0.012361853252519966,0.012337302065657231,0.0009940091693610444,0.012387182097882032,0.012311905808746814,0.012036471045576036,128
untrained,5,0.4275728166103363,3,3,49,0.010101516964960802,0.010102938216573609,-7.034347622673257e-05,0.01012506115497375,0.010079403768996803,0.00998121767770499,128
untrained,5,0.4275728166103363,4,0,5,0.09081816673278809,0.09065509835879008,0.0008985807023134376,0.09038904756307602,0.0910760648548603,0.09267444349825382,128
untrained,5,0.4275728166103363,4,0,10,0.047518976352832934,0.0476342918459049,-0.0012118920900320762,0.047370510175824165,0.047776450589299205,0.048530390951782465,128
untrained,5,0.4275728166103363,4,0,20,0.02436028100383585,0.02439541072951171,-0.0007205256335459431,0.024283138662576677,0.024472086504101754,0.024895494570955634,128
untrained,5,0.4275728166103363,4,0,30,0.016391772044385463,0.016382208839823824,0.0002917925837308006,0.016364712516466776,0.01640912878016631,0.01678476110100746,128
untrained,5,0.4275728166103363,4,0,40,0.012347751629385255,0.01233656321883341,0.00045325991911008716,0.012309748865664005,0.012374535016715527,0.012628641678020358,128
untrained,5,0.4275728166103363,4,0,49,0.01009696220540051,0.010098704210635301,-8.625638782196073e-05,0.010070822220675799,0.010124856035928336,0.010411755414679646,128
untrained,5,0.4275728166103363,4,1,5,0.09098474681377411,0.09079238701434363,0.0010582178042883759,0.09080681353807449,0.09096070453524589,0.09116241615265608,128
untrained,5,0.4275728166103363,4,1,10,0.0476872730255127,0.047528790639451715,0.0016644500933893761,0.047600191459059714,0.047624538838863376,0.04775270354002714,128
untrained,5,0.4275728166103363,4,1,20,0.024410468941940742,0.02436363366701635,0.000960248829156921,0.024378789030015467,0.024395935609936713,0.024505504174157977,128
untrained,5,0.4275728166103363,4,1,30,0.016393000807368982,0.016387488318175016,0.00016816372607149512,0.016397371888160706,0.01638303672273954,0.016587726306170225,128
untrained,5,0.4275728166103363,4,1,40,0.012340076007984967,0.012347693939268427,-0.00030857105763004396,0.0123256778344512,0.01236211322247982,0.012488369015045464,128
untrained,5,0.4275728166103363,4,1,49,0.010100298381112061,0.010101672438898745,-6.801602669649042e-05,0.010121857405317073,0.01008012252194541,0.010102974832989275,128
untrained,5,0.4275728166103363,4,2,5,0.09080954680317327,0.09083859338646844,-0.00015990575661651286,0.09112572520971299,0.09052386805415154,0.09175203368067741,128
untrained,5,0.4275728166103363,4,2,10,0.047595065434773765,0.04762354724663348,-0.0002991202146025129,0.047830166295170784,0.047386888042092325,0.04782943520694971,128
untrained,5,0.4275728166103363,4,2,20,0.024378107801803554,0.024390778084737576,-0.00025980259141535213,0.024501689709722996,0.024267028085887432,0.024625651072710752,128
untrained,5,0.4275728166103363,4,2,30,0.01639671595353657,0.01638621605886816,0.0003202854053480049,0.016418131068348885,0.016364646578828492,0.016516640316694975,128
untrained,5,0.4275728166103363,4,2,40,0.012346690465924882,0.012341600380196476,0.00020617408308764215,0.012393141258507967,0.01229513632133603,0.01246890565380454,128
untrained,5,0.4275728166103363,4,2,49,0.010106279977101429,0.01009531448429487,0.0005428033330225887,0.010113288705446283,0.010088228753634862,0.010125644388608634,128
untrained,5,0.4275728166103363,4,3,5,0.09082459462316413,0.09117426120099567,-0.0019212570114586758,0.09079279974102974,0.09122353941202163,0.08991830982267857,128
untrained,5,0.4275728166103363,4,3,10,0.04766503651936849,0.04763936917643902,0.0002693195843550535,0.04728731401264667,0.04801849462091923,0.046941923443228006,128
untrained,5,0.4275728166103363,4,3,20,0.024397639375332236,0.02439495503477699,5.5015327379995706e-05,0.024251744896173478,0.02454088591039181,0.02414739760570228,128
untrained,5,0.4275728166103363,4,3,30,0.016381871624678437,0.016411877265945844,-0.000914980515541804,0.01634790524840355,0.016446280851960184,0.0161744044162333,128
untrained,5,0.4275728166103363,4,3,40,0.012348169538958885,0.012344355521891245,0.00015446039066830395,0.012307813204824925,0.012384701706469058,0.012299406109377742,128
untrained,5,0.4275728166103363,4,3,49,0.010107816835206215,0.010097195786566128,0.0005256640437886555,0.010043349801277628,0.010161588310587163,0.009958046488463879,128
untrained,5,0.4275728166103363,5,0,5,0.09089074323051854,0.09078711413201832,0.0005704002678370881,0.09070107787847519,0.0909715972840786,0.09163663350045681,128
untrained,5,0.4275728166103363,5,0,10,0.04760318014356825,0.047588896948443954,0.0001500460496343559,0.04755234159529209,0.047640515863895415,0.04807142121717334,128
untrained,5,0.4275728166103363,5,0,20,0.02436749385519035,0.024392312609384858,-0.0005090002605328331,0.02434967514127493,0.024409801699221134,0.024810487870126963,128
untrained,5,0.4275728166103363,5,0,30,0.01640123557338755,0.016381961486667578,0.000587925780517235,0.0163846871505181,0.01639822795987129,0.016512527829036117,128
untrained,5,0.4275728166103363,5,0,40,0.012350732188480675,0.012338632547209873,0.0004900750343252353,0.012336815521121026,0.01235251622274518,0.012426725588738918,128
untrained,5,0.4275728166103363,5,0,49,0.010104591063987619,0.01009639340763684,0.00040580479440930847,0.010090278043430679,0.010110648995151326,0.01015456987079233,128
untrained,5,0.4275728166103363,5,1,5,0.09092201370941966,0.09089028409549169,0.00017451852438411068,0.09178762435913086,0.09002308398485184,0.09094645362347364,128
untrained,5,0.4275728166103363,5,1,10,0.047648936730844006,0.047592642681657776,0.0005910658929943096,0.04803662709891796,0.04720802940428257,0.04755341727286577,128
untrained,5,0.4275728166103363,5,1,20,0.024384744367695076,0.02439517778531012,-0.00021388754131472602,0.024628819711506367,0.024150964431464673,0.024404336232692003,128
untrained,5,0.4275728166103363,5,1,30,0.016388050345487373,0.01639936983707749,-0.00034523886071989807,0.016588515415787698,0.016199069221814473,0.016372443176805973,128
untrained,5,0.4275728166103363,5,1,40,0.012340769971346229,0.012350547717710762,-0.00039599937464944804,0.01248149611055851,0.012209848128259182,0.012346230214461684,128
untrained,5,0.4275728166103363,5,1,49,0.010104037586817315,0.010099959192282041,0.00020186077931326816,0.010181791928349709,0.01002217639161616,0.01000556442886591,128
untrained,5,0.4275728166103363,5,2,5,0.09082592161078203,0.09087437391281128,-0.00026666055709686587,0.09074767753481865,0.09095503762364388,0.09148641675710678,128
untrained,5,0.4275728166103363,5,2,10,0.04761483757584183,0.047578084961441926,0.00038608557674154974,0.0476816538721323,0.047513275593519214,0.0480506825260818,128
untrained,5,0.4275728166103363,5,2,20,0.024359910416437647,0.02440871271177218,-0.001000690448143936,0.024399394169449806,0.024368581362068653,0.024640502640977502,128
untrained,5,0.4275728166103363,5,2,30,0.016396836801008743,0.016386103336326396,0.0003274100686837337,0.01641230098903179,0.016370482618610065,0.016516505740582943,128
untrained,5,0.4275728166103363,5,2,40,0.012344466253117024,0.012343368225632634,4.447646006741304e-05,0.01237122155725956,0.012316609639674425,0.01248676294926554,128
untrained,5,0.4275728166103363,5,2,49,0.010101951385968453,0.01009722523027919,0.00023397764071373276,0.010080953185655633,0.010118190199136734,0.010241969139315188,128
untrained,5,0.4275728166103363,5,3,5,0.09068767647994191,0.09087602013633364,-0.001037342045247858,0.09112152308225632,0.09045158922672272,0.092134446837008,128
untrained,5,0.4275728166103363,5,3,10,0.04758402117976436,0.047651543499024444,-0.0007090031910569841,0.047596181929111483,0.04763569161295891,0.04768127761781216,128
untrained,5,0.4275728166103363,5,3,20,0.024365460036254977,0.024404911039749594,-0.0008089133345392665,0.024490183964371682,0.024279663152992726,0.024603056721389294,128
untrained,5,0.4275728166103363,5,3,30,0.01640103319482622,0.01637587850833086,0.0007674513914674169,0.016465753565231958,0.01631079092621803,0.01670365151949227,128
untrained,5,0.4275728166103363,5,3,40,0.012335295029075016,0.012350657871366709,-0.0006223313458074137,0.012374516297131776,0.012311478331685066,0.012560220202431083,128
untrained,5,0.4275728166103363,5,3,49,0.010100485195926772,0.0100982281284441,0.00011174313166955581,0.01015426188099141,0.010044435609360131,0.01026380981784314,128
untrained,6,-0.6407904624938965,0,0,5,0.09102131260765924,0.09090006591489651,0.0006664785290587945,0.09128902181982994,0.09064069092273712,0.09035144094377756,128
untrained,6,-0.6407904624938965,0,0,10,0.04765439214677434,0.04760765991026949,0.0004905650833175089,0.047619594261050224,0.04764377325773239,0.04736633272841573,128
untrained,6,-0.6407904624938965,0,0,20,0.024408977185342646,0.024380694328595014,0.0005796894274841135,0.024509328417479992,0.02427983470261097,0.024216739693656564,128
untrained,6,-0.6407904624938965,0,0,30,0.016394633186076146,0.01639581269044294,-3.597097676564303e-05,0.01636568208535512,0.016424772267540296,0.016286361264064908,128
untrained,6,-0.6407904624938965,0,0,40,0.012341180337747566,0.012351818526573624,-0.0004308180178551658,0.012335391994565726,0.012357731629163028,0.012275065295398235,128
untrained,6,-0.6407904624938965,0,0,49,0.010102684995231556,0.010101531238568143,5.710474734602767e-05,0.01008864340125298,0.010115578466532181,0.009993093088269234,128
untrained,6,-0.6407904624938965,0,1,5,0.09078434127116064,0.09113215760096607,-0.001911955935607632,0.09066322445869446,0.09122935980558396,0.09053707029670477,128
untrained,6,-0.6407904624938965,0,1,10,0.04765478637080787,0.047617641292584285,0.0003898827723213942,0.04754023849964142,0.04773323498666286,0.047265276312828064,128
untrained,6,-0.6407904624938965,0,1,20,0.02439148291388294,0.02439592146269651,-9.097735102320201e-05,0.024351621232926845,0.024435863271355628,0.024250312009826303,128
untrained,6,-0.6407904624938965,0,1,30,0.01639485596859943,0.016393527373163012,4.052030935860543e-05,0.0163424551486969,0.0164459191262722,0.01634878828190267,128
untrained,6,-0.6407904624938965,0,1,40,0.012348472365277557,0.012345018165912408,0.00013988299307651618,0.012311931699514389,0.012381517887115478,0.012262009200640023,128
untrained,6,-0.6407904624938965,0,1,49,0.010101801470706337,0.010102960755994796,-5.737683400544854e-05,0.010069874400387004,0.010134881476358491,0.00996698928065598,128
untrained,6,-0.6407904624938965,0,2,5,0.09109272733766433,0.09083020607097037,0.0014430355853093178,0.0903012603521347,0.0916397213935852,0.0902950819581747,128
untrained,6,-0.6407904624938965,0,2,10,0.047662034223144904,0.04758358040039946,0.0008237001047734341,0.04737427160143852,0.04787355065345764,0.04752178257331252,128
untrained,6,-0.6407904624938965,0,2,20,0.02437680850639738,0.024402301492639805,-0.0005226209793989078,0.024242609180510043,0.02453695647418499,0.02440865454263985,128
untrained,6,-0.6407904624938965,0,2,30,0.01639108580282077,0.016396702630320156,-0.00017130851965411337,0.0163096501181523,0.016478179767727853,0.016365113900974393,128
untrained,6,-0.6407904624938965,0,2,40,0.012357792646988578,0.012334892096206489,0.0009274224742804854,0.012277500797063112,0.012414916045963764,0.012303341063670814,128
untrained,6,-0.6407904624938965,0,2,49,0.010101972158452568,0.010100550724956912,7.035920730240524e-05,0.010063456029308086,0.010139075164892236,0.010075982427224517,128
untrained,6,-0.6407904624938965,0,3,5,0.09088764622894643,0.09065022964605549,0.0013078074299663705,0.09098094180226327,0.09057325348258019,0.09222901612520218,128
untrained,6,-0.6407904624938965,0,3,10,0.047619001481308404,0.04756825414884512,0.0005331315849668635,0.04777881391346454,0.04740987047553062,0.048113171476870775,128
untrained,6,-0.6407904624938965,0,3,20,0.024380648809476987,0.024373944136882323,0.0001375187892944325,0.024466579034924506,0.024287894554436206,0.0249105307739228,128
untrained,6,-0.6407904624938965,0,3,30,0.01638679802105034,0.016389812284073144,-9.196384234524969e-05,0.01644114889204502,0.016335483516256015,0.01670103194192052,128
untrained,6,-0.6407904624938965,0,3,40,0.012340244379910556,0.012347450955954298,-0.0002919096313125754,0.012357869930565358,0.01232991013675928,0.012488811160437763,128
untrained,6,-0.6407904624938965,0,3,49,0.010097650387049779,0.010101276685826055,-0.00017952927712511875,0.010088671987154046,0.010110234575612205,0.010253602755255997,128
untrained,6,-0.6407904624938965,1,0,5,0.0906500572349593,0.09078042939205298,-0.0007185791071651121,0.09076885655522346,0.09065266326069832,0.09289238788187504,128
untrained,6,-0.6407904624938965,1,0,10,0.04753054855079999,0.04762272781114486,-0.0009687449961604516,0.04763924293220043,0.047511442005634306,0.048493155278265476,128
untrained,6,-0.6407904624938965,1,0,20,0.02437798049398709,0.024385199579749762,-0.0001480437853233982,0.02433581594377756,0.024427495338022708,0.024733804631978273,128
untrained,6,-0.6407904624938965,1,0,30,0.01638269374403098,0.016393312623853396,-0.00032398333411655936,0.01639471041659514,0.016381373504797618,0.01671747211366892,128
untrained,6,-0.6407904624938965,1,0,40,0.012338419865242577,0.012343572741769915,-0.00020877068594799648,0.012346532847732305,0.012335519958287477,0.012717889505438507,128
untrained,6,-0.6407904624938965,1,0,49,0.010096116843069363,0.010102011287265898,-0.00029183121119972475,0.010097233312470573,0.010100860908931615,0.010293389554135501,128
untrained,6,-0.6407904624938965,1,1,5,0.09079076532731976,0.09066812304042329,0.000675868170465419,0.09104185700416564,0.09042545929551124,0.09266340732574463,128
untrained,6,-0.6407904624938965,1,1,10,0.047571255443306315,0.047572155474083215,-9.459727880388875e-06,0.04769262745976448,0.0474507600069046,0.04856613464653492,128
untrained,6,-0.6407904624938965,1,1,20,0.024401433522870074,0.024346658841335855,0.0011236271795799337,0.024427969567477704,0.024319140426814555,0.025057838996872306,128
untrained,6,-0.6407904624938965,1,1,30,0.016396349024297308,0.016383031654752397,0.00040627276259115223,0.016382357105612755,0.01639692634344101,0.016621500719338655,128
untrained,6,-0.6407904624938965,1,1,40,0.01234164935326859,0.012343158132781393,-6.112178568115436e-05,0.012342703156173229,0.012342122010886669,0.012606983073055744,128
untrained,6,-0.6407904624938965,1,1,49,0.010093950514711757,0.010106289822601065,-0.0006108495583542405,0.010100683615523942,0.010099485668600822,0.010191698442213237,128
untrained,6,-0.6407904624938965,1,2,5,0.09076742122047826,0.09088784016218761,-0.0006628981775265795,0.09067847803235055,0.09096850231289863,0.0917650805786252,128
untrained,6,-0.6407904624938965,1,2,10,0.04758749327036385,0.047594772274471175,-7.647437330454496e-05,0.04764683693647385,0.04753522761166096,0.04817937035113573,128
untrained,6,-0.6407904624938965,1,2,20,0.024392482868337215,0.02436803691861086,0.0005013471930296512,0.024405522830784322,0.024354558810591696,0.02479838510043919,128
untrained,6,-0.6407904624938965,1,2,30,0.01639883453173002,0.016381359149652774,0.0005331079567914862,0.01642268014450868,0.016357387105623882,0.016598000889644027,128
untrained,6,-0.6407904624938965,1,2,40,0.012343346837009836,0.012343454453015419,-4.359252716214087e-06,0.01237532589584589,0.012311477586627007,0.012527888640761375,128
untrained,6,-0.6407904624938965,1,2,49,0.010098473891171762,0.010101446897422296,-0.0001471791043886773,0.010110038579726706,0.010089865524549874,0.010204710066318512,128
untrained,6,-0.6407904624938965,1,3,5,0.09082437049575716,0.09083992202809993,-8.560588394464868e-05,0.09075276181101799,0.0909104585647583,0.09168388601392508,128
untrained,6,-0.6407904624938965,1,3,10,0.04762187518609693,0.04757568192252009,0.0004852358083480097,0.04765316881239414,0.04754568561911583,0.04801144124940038,128
untrained,6,-0.6407904624938965,1,3,20,0.02438878842356097,0.024395029817465535,-0.00012793984008387707,0.024399636313319206,0.024384292587637902,0.02432140475139022,128
untrained,6,-0.6407904624938965,1,3,30,0.016394076417400604,0.016386249935737934,0.00023875545283222685,0.016408090045054755,0.016372178867459296,0.016591913998126984,128
untrained,6,-0.6407904624938965,1,3,40,0.01234398086080438,0.012344172378304381,-7.757465620803197e-06,0.01234400449320674,0.012344151176512242,0.012473764130845666,128
untrained,6,-0.6407904624938965,1,3,49,0.010105089213021133,0.010094982909422184,0.0005003102730123511,0.010104360553074856,0.010095770413778266,0.01019359810743481,128
untrained,6,-0.6407904624938965,2,0,5,0.0907141423364829,0.09090297814183587,-0.0010397467202134189,0.09062912166118622,0.09097501635551453,0.09197930805385113,128
untrained,6,-0.6407904624938965,2,0,10,0.047575027746994805,0.047644141019348926,-0.000725833603137103,0.047503907978534696,0.04771331734955311,0.04782776441425085,128
untrained,6,-0.6407904624938965,2,0,20,0.0243646391062103,0.02440989264505054,-0.0009278108310725244,0.024339383468031883,0.024435960873961448,0.02449311502277851,128
untrained,6,-0.6407904624938965,2,0,30,0.016404670157937912,0.016383564459870742,0.0006436972991239789,0.016364462425311407,0.01642361804842949,0.016357565531507134,128
untrained,6,-0.6407904624938965,2,0,40,0.012353014286327738,0.012338512284415109,0.000587327068275541,0.012315702717751264,0.012375653255730867,0.012345737894065678,128
untrained,6,-0.6407904624938965,2,0,49,0.010091350436890965,0.01010901213762774,-0.0008743259271088138,0.01009263455563662,0.01010762656829795,0.01018720050342381,128
untrained,6,-0.6407904624938965,2,1,5,0.09083345340706452,0.090809957293056,0.00012935296644021822,0.0908785454928875,0.09076647982001304,0.09177486971020699,128
untrained,6,-0.6407904624938965,2,1,10,0.047553191793725844,0.04760467431169614,-0.0005410221989711336,0.04768549427390099,0.047470925748348235,0.04843580722808838,128
untrained,6,-0.6407904624938965,2,1,20,0.0244111360399706,0.024354110931490168,0.0011693800815288711,0.02446849588304758,0.02429572492837906,0.024715553736314178,128
untrained,6,-0.6407904624938965,2,1,30,0.016377788400599988,0.016407559428367892,-0.0009080589268810902,0.01639821839829286,0.016387347256143887,0.016433035722002387,128
untrained,6,-0.6407904624938965,2,1,40,0.012338425236728352,0.012352463269325757,-0.0005685511314586455,0.012342663947492838,0.012348388880491256,0.012357885716482997,128
untrained,6,-0.6407904624938965,2,1,49,0.01010001786690992,0.0100999907700965,1.3414258332945114e-06,0.010110462274478406,0.010089546518058193,0.010199562995694578,128
untrained,6,-0.6407904624938965,2,2,5,0.0909188553603769,0.09095983217226579,-0.00022529749056666114,0.090934057533741,0.09094181433320045,0.09062066115438938,128
untrained,6,-0.6407904624938965,2,2,10,0.047652887718293443,0.04759595708448404,0.0005977041918638221,0.04769186787307263,0.04755857922136784,0.04749552672728896,128
untrained,6,-0.6407904624938965,2,2,20,0.024404126116465082,0.0243785888162468,0.0005234907539070871,0.024383367970585823,0.02439888771623373,0.024354879511520267,128
untrained,6,-0.6407904624938965,2,2,30,0.01639960632744516,0.016391063919974705,0.00026051335351600903,0.016406396528085072,0.016384210934241614,0.016281759832054377,128
untrained,6,-0.6407904624938965,2,2,40,0.012348797293048603,0.012344197232750853,0.00018629009506147164,0.012389016989618539,0.012303922977298497,0.012282375944778323,128
untrained,6,-0.6407904624938965,2,2,49,0.010101207767624453,0.010102789626815826,-7.829436721913564e-05,0.010137239204985755,0.010066749109905593,0.010004571173340082,128
untrained,6,-0.6407904624938965,2,3,5,0.0910199552948712,0.09083474002428503,0.0010184794528406017,0.0909180112183094,0.09094941914081574,0.09066287241876125,128
untrained,6,-0.6407904624938965,2,3,10,0.04765337723729096,0.047628709740960715,0.00025888912714116245,0.04768103882670403,0.04760174006223679,0.04717218829318881,128
untrained,6,-0.6407904624938965,2,3,20,0.024382543829384547,0.024398747171151664,-0.00033216303698496133,0.024349746480584144,0.0244318351149559,0.024368343874812126,128
untrained,6,-0.6407904624938965,2,3,30,0.016396346272351484,0.01638947438059573,0.00020959950425786526,0.016396449133753776,0.0163893211632967,0.01642688363790512,128
untrained,6,-0.6407904624938965,2,3,40,0.012342905527047018,0.012348204505949867,-0.00021461080103536755,0.012341690994799138,0.012349481601268053,0.012353099999018013,128
untrained,6,-0.6407904624938965,2,3,49,0.010102149573926618,0.010100633383867755,7.50485743451873e-05,0.010121747775345432,0.010081044341228446,0.01006321795284748,128
untrained,6,-0.6407904624938965,3,0,5,0.09104639326619823,0.09078762355266802,0.0014231094822404057,0.091068347543478,0.09078345820307732,0.09074095916002989,128
untrained,6,-0.6407904624938965,3,0,10,0.04763966744431609,0.047602529694413066,0.00038992957972753064,0.0476788155734539,0.04756442457437515,0.0475675854831934,128
untrained,6,-0.6407904624938965,3,0,20,0.02439256518628736,0.024389035868260463,7.234936842020169e-05,0.024481816217303276,0.024299722537398337,0.024369235849007964,128
untrained,6,-0.6407904624938965,3,0,30,0.016383842181058646,0.016401970891942654,-0.000552943763910584,0.016395305345455805,0.016390640661120413,0.016421629581600428,128
untrained,6,-0.6407904624938965,3,0,40,0.012345090590918017,0.012345963187199301,-3.534058485676119e-05,0.012419807352125644,0.012271256651729345,0.012357456609606743,128
untrained,6,-0.6407904624938965,3,0,49,0.01010057853609229,0.010099817194030252,3.7689462729873866e-05,0.010140599872992963,0.010059800683235635,0.010180387180298567,128
untrained,6,-0.6407904624938965,3,1,5,0.09100588162740071,0.09070989589563153,0.0016288389252828684,0.09069125726819038,0.09104486852884293,0.09131938125938177,128
untrained,6,-0.6407904624938965,3,1,10,0.04763947902841771,0.047578764115115836,0.0006376395037000914,0.04755363576114178,0.047666314616799356,0.04780050599947572,128
untrained,6,-0.6407904624938965,3,1,20,0.02438976960041832,0.024381341517017333,0.0001728089274103693,0.024350402876734734,0.024420557916164397,0.0245807773899287,128
untrained,6,-0.6407904624938965,3,1,30,0.016379104581234462,0.016405149600868266,-0.0007944368503349288,0.016337033237020175,0.01644741048415502,0.016466686502099037,128
untrained,6,-0.6407904624938965,3,1,40,0.012345581375091915,0.012345484140756967,3.938037217628929e-06,0.012308020889759064,0.012383042741566897,0.01235743728466332,128
untrained,6,-0.6407904624938965,3,1,49,0.010104262004869228,0.010095945300774517,0.00041171379919331647,0.010085077234068695,0.010115177427627603,0.010187504114583135,128
untrained,6,-0.6407904624938965,3,2,5,0.0909631447485316,0.09087496075854205,0.00048495880301406335,0.09116827100515365,0.09067590013146401,0.09077914897352457,128
untrained,6,-0.6407904624938965,3,2,10,0.047611141277301636,0.04759433070179734,0.00017657152634892662,0.04767512492835522,0.04753081798553467,0.04794056946411729,128
untrained,6,-0.6407904624938965,3,2,20,0.0244052927932193,0.024375215824621967,0.0006165775931601826,0.024402884021401405,0.02437708545476198,0.02440060838125646,128
untrained,6,-0.6407904624938965,3,2,30,0.016399180776550035,0.016383995561096758,0.0004632014694493281,0.016443892071644466,0.016339174161354702,0.016508030705153942,128
untrained,6,-0.6407904624938965,3,2,40,0.012349754642592118,0.012343698670965363,0.00024524603949113043,0.012346849963068961,0.012346532195806503,0.01226471655536443,128
untrained,6,-0.6407904624938965,3,2,49,0.01010368757786143,0.010097622183211879,0.0003002475938931228,0.010104832220442441,0.010096512202705656,0.010134115000255406,128
untrained,6,-0.6407904624938965,3,3,5,0.09103908873440926,0.09085499200244877,0.0010121095266745009,0.09121647924184799,0.09069025814533234,0.09046631585806608,128
untrained,6,-0.6407904624938965,3,3,10,0.04767432038907222,0.04759556534205986,0.000826652057018234,0.04779256507754326,0.04747953452169895,0.04727900121361017,128
untrained,6,-0.6407904624938965,3,3,20,0.024400789015048444,0.024393669934979056,0.00014589935460773427,0.024436627887189387,0.02435770407319069,0.02411337709054351,128
untrained,6,-0.6407904624938965,3,3,30,0.016389838420831894,0.016402155068445848,-0.0003755992333191186,0.0164627934495608,0.016329290221134822,0.016237495467066765,128
untrained,6,-0.6407904624938965,3,3,40,0.012351649646231309,0.012342766445115727,0.00035972509260241004,0.012358181923627854,0.012336130440235137,0.012227504863403738,128
untrained,6,-0.6407904624938965,3,3,49,0.010104083606693362,0.010098837674466978,0.00025966206337774134,0.01012784911661732,0.010075102731281397,0.010055373888462782,128
untrained,6,-0.6407904624938965,4,0,5,0.09069776674460249,0.09096811201748432,-0.0014881455709929694,0.09041679799556732,0.0912304937839508,0.09176353923976421,128
untrained,6,-0.6407904624938965,4,0,10,0.047646822538057,0.04749652695425837,0.0015796751386095431,0.04747199565172196,0.04767558462917805,0.048524219542741776,128
untrained,6,-0.6407904624938965,4,0,20,0.024402199610889953,0.024360642100148995,0.0008522372626757215,0.02427314016968012,0.024488954059779643,0.0247581135481596,128
untrained,6,-0.6407904624938965,4,0,30,0.0164006219205426,0.016381350150399272,0.0005878770838141118,0.01632382720708847,0.016458004464705786,0.016545044956728816,128
untrained,6,-0.6407904624938965,4,0,40,0.012340613504643497,0.012346375402796683,-0.00023339817482623585,0.012259216234087943,0.01242784047499299,0.012517746770754457,128
untrained,6,-0.6407904624938965,4,0,49,0.01010302629513157,0.010096250626427612,0.00033544115118249823,0.01006708104087382,0.010132234619588268,0.010233535431325436,128
untrained,6,-0.6407904624938965,4,1,5,0.09087197334445708,0.09079458489514038,0.00042599171837787555,0.09086987674236298,0.09080199971795082,0.09164061397314072,128
untrained,6,-0.6407904624938965,4,1,10,0.047561865084801765,0.04765592242360498,-0.00098781268987083,0.047653209790587424,0.04756193235516548,0.04784857761114836,128
untrained,6,-0.6407904624938965,4,1,20,0.02437753533216915,0.024391738067474716,-0.000291223024564895,0.024359911680221558,0.024409616738557814,0.02460942091420293,128
untrained,6,-0.6407904624938965,4,1,30,0.016374296806791772,0.016407984735553983,-0.001027626119239665,0.016358676925301553,0.01642385038236777,0.01652418216690421,128
untrained,6,-0.6407904624938965,4,1,40,0.012350750063719015,0.012337913752522708,0.0005199273355305107,0.01233722222968936,0.012351291440427303,0.012459462159313262,128
untrained,6,-0.6407904624938965,4,1,49,0.010097257684285533,0.010102359356981122,-0.0002525628424001254,0.010100830726477564,0.010098757032228976,0.010220199706964195,128
untrained,6,-0.6407904624938965,4,2,5,0.09096247689765796,0.09068542678884212,0.001525203997357835,0.09109235927462578,0.09057459235191345,0.09166523907333612,128
untrained,6,-0.6407904624938965,4,2,10,0.04764239403976858,0.0476001830729641,0.00044319429485910355,0.04779860451817512,0.04744516052305699,0.047562357038259506,128
untrained,6,-0.6407904624938965,4,2,20,0.02438203797230383,0.02438412788549205,-4.2855802817698654e-05,0.024524544924497606,0.02424165979027748,0.02467591897584498,128
untrained,6,-0.6407904624938965,4,2,30,0.016404919834477203,0.01638683833898408,0.0005514036605455337,0.016436562066276868,0.016355063517888388,0.016251209657639265,128
untrained,6,-0.6407904624938965,4,2,40,0.012347077192525148,0.012344120920394839,0.00011972979669395257,0.012375962361693383,0.012315200455486775,0.012353462865576148,128
untrained,6,-0.6407904624938965,4,2,49,0.010096857497868995,0.010104393026169636,-0.00037302286268370305,0.010117769393385673,0.010083438106337371,0.01014084555208683,128
untrained,6,-0.6407904624938965,4,3,5,0.09087619725723713,0.09109894941317155,-0.001224080101095601,0.09071245640516282,0.09124738276004792,0.09020081628113985,128
untrained,6,-0.6407904624938965,4,3,10,0.04762310242580425,0.04765054267319069,-0.00028801508914279815,0.04748997315764427,0.04778290018439293,0.04727126890793443,128
untrained,6,-0.6407904624938965,4,3,20,0.02440633864846605,0.024379601774998837,0.0005480446463589498,0.024295451305806636,0.024490007571876048,0.02429081196896732,128
untrained,6,-0.6407904624938965,4,3,30,0.016385037025899978,0.016408559085171373,-0.0007172759947097223,0.016341297949353854,0.01645246855914593,0.016186980763450265,128
untrained,6,-0.6407904624938965,4,3,40,0.01234456446802192,0.012349699915145815,-0.00020796112992082317,0.012314209435135125,0.01238011596724391,0.012227008468471467,128
untrained,6,-0.6407904624938965,4,3,49,0.010098063197405034,0.010106153638031025,-0.000400433270514147,0.010046056338718959,0.010158113983212685,0.009995663654990494,128
untrained,6,-0.6407904624938965,5,0,5,0.09078334646615369,0.09093192039720165,-0.000817619419720335,0.09069967344403267,0.0910053789615631,0.09147473517805338,128
untrained,6,-0.6407904624938965,5,0,10,0.04753673982475304,0.0476803212303824,-0.0015079378006081438,0.047411983087658885,0.04780104234814644,0.04786977684125304,128
untrained,6,-0.6407904624938965,5,0,20,0.0243878178683746,0.024380953606512577,0.00014075117445633864,0.02440074793994427,0.024367899633944035,0.024627031525596976,128
untrained,6,-0.6407904624938965,5,0,30,0.016380806284461168,0.016401731856976326,-0.0006383145937095651,0.016373402004440627,0.016409290333588917,0.01651926408521831,128
untrained,6,-0.6407904624938965,5,0,40,0.012339237179209593,0.012350566783006587,-0.0004588778353150751,0.012320943176746368,0.012368994113057852,0.012402535183355212,128
untrained,6,-0.6407904624938965,5,0,49,0.010099835613519237,0.010101436498151367,-7.924672383015449e-05,0.010075229999362206,0.010126032999583654,0.010138120502233505,128
untrained,6,-0.6407904624938965,5,1,5,0.0909181603214197,0.09094415735078339,-0.0001429489610398958,0.0918361373245716,0.09002439230680466,0.09069734904915094,128
untrained,6,-0.6407904624938965,5,1,10,0.0475767075471965,0.047639539770758035,-0.0006598897281790711,0.04817627966403961,0.047038200125098226,0.04785520862787962,128
untrained,6,-0.6407904624938965,5,1,20,0.02439324421453969,0.024397191320669625,-8.089917801627473e-05,0.024727443978190423,0.02406306304037571,0.02418987825512886,128
untrained,6,-0.6407904624938965,5,1,30,0.016391455063914952,0.01639234785456692,-2.7232675054785382e-05,0.016547182202339174,0.016236626729369163,0.016485716216266155,128
untrained,6,-0.6407904624938965,5,1,40,0.012354053527470163,0.01233826815851867,0.000639282492411851,0.012419224716722965,0.012272912263870239,0.0123145233374089,128
untrained,6,-0.6407904624938965,5,1,49,0.010105712094787713,0.010097323357103115,0.000415221648457714,0.010189197881489384,0.010013885415938437,0.010048914118669927,128
untrained,6,-0.6407904624938965,5,2,5,0.09097617969178316,0.0908991034398943,0.00042378629223982766,0.0907476432621479,0.09113293811678887,0.09059709217399359,128
untrained,6,-0.6407904624938965,5,2,10,0.047621001950875604,0.04763112267497268,-0.00010625195119504593,0.047690441459417345,0.047561397403478624,0.047481600660830736,128
untrained,6,-0.6407904624938965,5,2,20,0.02438030341549724,0.02439508690618133,-0.00030309323177712656,0.024399871565401555,0.024375784024596215,0.024486878653988242,128
untrained,6,-0.6407904624938965,5,2,30,0.016400206376723202,0.016386024954400363,0.0004325420076245125,0.016423490146795908,0.016362638399004936,0.01641615806147456,128
untrained,6,-0.6407904624938965,5,2,40,0.012349063322949315,0.012341443912403004,0.0003085967604218619,0.012398235313594342,0.012292182631790638,0.012383290799334645,128
untrained,6,-0.6407904624938965,5,2,49,0.01010069048850689,0.010099830575445052,4.25688554801946e-05,0.010128022988840026,0.010072503390969063,0.0101742452243343,128
untrained,6,-0.6407904624938965,5,3,5,0.09085706939474184,0.09081232627766245,0.00024628868783063793,0.09115229919552803,0.09052017703652382,0.09163764584809542,128
untrained,6,-0.6407904624938965,5,3,10,0.04762080012846138,0.04760240780195622,0.00019314962081934823,0.04769998677074909,0.04752373769879341,0.0477627576328814,128
untrained,6,-0.6407904624938965,5,3,20,0.02438584299626195,0.024382377713804325,7.105615925901603e-05,0.024491624161601066,0.024276533909142018,0.024636829970404506,128
untrained,6,-0.6407904624938965,5,3,30,0.016388352620263915,0.016395437064067285,-0.00021609593861382886,0.016413872564832368,0.016369970267017683,0.016484764171764255,128
untrained,6,-0.6407904624938965,5,3,40,0.012348013810018306,0.012341182388394035,0.00027669680167365546,0.01235871035605669,0.012330405507236719,0.012435355456545949,128
untrained,6,-0.6407904624938965,5,3,49,0.010104658184886055,0.010094481450460751,0.0005038201927666232,0.010154561272689275,0.010044637383246909,0.01023928786162287,128
untrained,7,0.23712193965911865,0,0,5,0.09093129368254933,0.09104616853439844,-0.0006312586759316636,0.0909023754298687,0.09107760041952133,0.09010012075304985,128
untrained,7,0.23712193965911865,0,0,10,0.04766281173120137,0.04760167805734509,0.000641725725832728,0.047592902183532716,0.04766891337931156,0.04738183971494436,128
untrained,7,0.23712193965911865,0,0,20,0.024385820936273644,0.024411618520941914,-0.0005286667692955431,0.024450191296637058,0.024346925131976605,0.02405766397714615,128
untrained,7,0.23712193965911865,0,0,30,0.01638984743517593,0.01640121332836833,-0.00034661559972133595,0.016389377042651178,0.016401908919215204,0.016261414624750614,128
untrained,7,0.23712193965911865,0,0,40,0.012354756713147716,0.012340941105074095,0.0005594337999579827,0.012334941048175096,0.012360675353556871,0.012175345094874501,128
untrained,7,0.23712193965911865,0,0,49,0.01010058241473762,0.010103102523813402,-0.00012473512051500263,0.010101382753678731,0.01010231331599002,0.01001891097985208,128
untrained,7,0.23712193965911865,0,1,5,0.09083237967932947,0.09096537452954401,-0.0007315538676071944,0.09048505797982216,0.09131560698151589,0.09099668264389038,128
untrained,7,0.23712193965911865,0,1,10,0.047637728304644814,0.04762245580821694,0.00016032402802854055,0.04759177565574646,0.04766773730516434,0.04740484803915024,128
untrained,7,0.23712193965911865,0,1,20,0.02440027211919243,0.024364467285856416,0.0007342361257768536,0.02438827697187662,0.02437690906226635,0.024696258595213294,128
untrained,7,0.23712193965911865,0,1,30,0.01639818005050027,0.016386700723704573,0.00035014087360592776,0.01634096143146356,0.016443692023555438,0.01646038959734142,128
untrained,7,0.23712193965911865,0,1,40,0.012350065722212577,0.012340696205213232,0.00037947459971082937,0.012326113414019346,0.012364593520760535,0.012371717602945864,128
untrained,7,0.23712193965911865,0,1,49,0.010100197799687504,0.010101240299814806,-5.16052432562317e-05,0.010090663572963404,0.01011077930428544,0.010129318805411458,128
untrained,7,0.23712193965911865,0,2,5,0.090865011032397,0.0909370158425894,-0.00039606164699977094,0.09029924273490905,0.09150435402989388,0.09098199289292097,128
untrained,7,0.23712193965911865,0,2,10,0.04758202523187874,0.04765159427048917,-0.0007305092358478771,0.04754336066544056,0.04769329950213432,0.04763338761404157,128
untrained,7,0.23712193965911865,0,2,20,0.024374976754188538,0.024412605015537405,-0.0007712671951173778,0.024334547109901905,0.024452564865350725,0.024257763754576445,128
untrained,7,0.23712193965911865,0,2,30,0.016402323745135672,0.016382678780054047,0.0005992058431574593,0.016320855418841044,0.01646375792721907,0.016461597755551338,128
untrained,7,0.23712193965911865,0,2,40,0.012339793207134854,0.012351456799553436,-0.0004723775594572866,0.012272185273468494,0.012419132515788078,0.012347267125733197,128
untrained,7,0.23712193965911865,0,2,49,0.010099745163198393,0.010101523843028122,-8.804792555822013e-05,0.010060432310007056,0.010140843993547012,0.010137445642612875,128
untrained,7,0.23712193965911865,0,3,5,0.09092410837118618,0.09050295914349571,0.002321314197806072,0.09088249728083611,0.09053535759449005,0.09291072748601437,128
untrained,7,0.23712193965911865,0,3,10,0.047564409916696984,0.0475518964007943,0.000131560153952852,0.0477148462086916,0.04740091413259506,0.04884241847321391,128
untrained,7,0.23712193965911865,0,3,20,0.02435967528525694,0.024388414206384105,-0.0005895394348019095,0.024422407895326615,0.02432532124221325,0.025045402580872178,128
untrained,7,0.23712193965911865,0,3,30,0.016384038230944642,0.016388514068689238,-0.0001365727546496175,0.01643791894117991,0.01633472281197707,0.01682075927965343,128
untrained,7,0.23712193965911865,0,3,40,0.01233992567231004,0.012341519235407265,-6.456522716227403e-05,0.012389619927853346,0.012291834596544505,0.012741816462948918,128
untrained,7,0.23712193965911865,0,3,49,0.01009824601954235,0.01009769067191896,2.7497987929348305e-05,0.010133078587906701,0.010062855725385705,0.010399203631095588,128
untrained,7,0.23712193965911865,1,0,5,0.09059485002828482,0.09094169380467966,-0.0019106003070768181,0.0906628742814064,0.09088125750422478,0.09227934665977955,128
untrained,7,0.23712193965911865,1,0,10,0.047610150832755896,0.04751587128210925,0.0009911015781971296,0.04751998744904995,0.04760191142559052,0.04878102568909526,128
untrained,7,0.23712193965911865,1,0,20,0.024379684233371123,0.024395095019400875,-0.00031595808869930113,0.02436551861464977,0.02440906669944525,0.024508266942575574,128
untrained,7,0.23712193965911865,1,0,30,0.01639066112408856,0.016390055265806548,1.8482155020274554e-05,0.01635887809097767,0.016421826928853987,0.016578865237534046,128
untrained,7,0.23712193965911865,1,0,40,0.012340109662129041,0.012344596547987854,-0.0001817678452576608,0.012327525671571493,0.012357206735759973,0.0126107067335397,128
untrained,7,0.23712193965911865,1,0,49,0.010100790296194838,0.010097544395420127,0.00016070140554198727,0.01008577713248681,0.010112544027518253,0.01028227072674781,128
untrained,7,0.23712193965911865,1,1,5,0.09044605703018725,0.09106966844027925,-0.0034355778733343254,0.09076796546578407,0.09076140597462654,0.09235315397381783,128
untrained,7,0.23712193965911865,1,1,10,0.04761175626243641,0.047544639624521406,0.0007053297604296745,0.047533904388546946,0.04761955626308918,0.048465396743267775,128
untrained,7,0.23712193965911865,1,1,20,0.024371991370931084,0.0243924446875536,-0.00041943100905682203,0.02445086520165205,0.024313314631581307,0.024716393556445837,128
untrained,7,0.23712193965911865,1,1,30,0.01639761960215067,0.016381466595705246,0.0004927839155560647,0.01643777551750342,0.01634099210302035,0.016636998625472188,128
untrained,7,0.23712193965911865,1,1,40,0.012340121184913021,0.012341864687725178,-7.063867636432316e-05,0.012367746047675609,0.01231424929574132,0.012720166821964085,128
untrained,7,0.23712193965911865,1,1,49,0.010096692290780944,0.010100910647705116,-0.00020885433468572408,0.010110690885660599,0.010086928779373363,0.010316614410839975,128
untrained,7,0.23712193965911865,1,2,5,0.09099109332782392,0.09084497387620652,0.000803577936233291,0.09085151925683022,0.09098135381937027,0.09083562809973955,128
untrained,7,0.23712193965911865,1,2,10,0.04755163270663592,0.0476328387945712,-0.0008531442855507628,0.0476519662886858,0.047536058351397514,0.04811976058408618,128
untrained,7,0.23712193965911865,1,2,20,0.024387258070486563,0.02438766820521294,-8.40872058015976e-06,0.024395611323416232,0.02437930814921856,0.024501590058207512,128
untrained,7,0.23712193965911865,1,2,30,0.016397689784877992,0.016389266950239078,0.0002568958963378323,0.016406460478901864,0.01638032967845599,0.016396275721490383,128
untrained,7,0.23712193965911865,1,2,40,0.012347157671315731,0.012341905797569497,0.0002127206547401298,0.012341684475541116,0.01234734831377864,0.012438686564564705,128
untrained,7,0.23712193965911865,1,2,49,0.01009553417043353,0.010104903799270818,-0.00046383295505159235,0.010104874719162377,0.010095602091477841,0.010176656185649335,128
untrained,7,0.23712193965911865,1,3,5,0.09095940193810022,0.09079375252446632,0.0009113977367974662,0.09045961052179337,0.09128991886973381,0.09125235117971897,128
untrained,7,0.23712193965911865,1,3,10,0.04762341033399495,0.0475924507586542,0.0003251514504531359,0.04772511310875416,0.04748939163982868,0.0478549562394619,128
untrained,7,0.23712193965911865,1,3,20,0.024393948323932695,0.024390528850917574,7.009346441892174e-05,0.024378332681953906,0.024406186677515505,0.024309605360031128,128
untrained,7,0.23712193965911865,1,3,30,0.016396095344794796,0.016388892396843106,0.00021970262756337708,0.016364936158061026,0.016419909397761025,0.016454649856314063,128
untrained,7,0.23712193965911865,1,3,40,0.01234548874126202,0.012344028417346546,5.914752832280417e-05,0.012352550402283669,0.012336958013474942,0.012419659993611276,128
untrained,7,0.23712193965911865,1,3,49,0.010099123274711245,0.01010135560991197,-0.00011050902373968777,0.010143281701876193,0.010057206664766585,0.010176078998483717,128
untrained,7,0.23712193965911865,2,0,5,0.09076120373540031,0.09089788019839412,-0.0007523789068697026,0.09053616374731063,0.09112591519951821,0.09168963506817818,128
untrained,7,0.23712193965911865,2,0,10,0.04758435176088919,0.0475875788820004,-3.390832874125381e-05,0.04758771136403084,0.047584359720349315,0.0482792854309082,128
untrained,7,0.23712193965911865,2,0,20,0.02439853806554535,0.024363646778879287,0.0007155398548418086,0.024324186891317368,0.02443843465298414,0.02474758098833263,128
untrained,7,0.23712193965911865,2,0,30,0.016392806891300474,0.01639033557202161,7.538384343580607e-05,0.016332361350456872,0.016450733070572217,0.016507184598594904,128
untrained,7,0.23712193965911865,2,0,40,0.012342233414265871,0.012346972030343361,-0.00019193068355031866,0.012313993647694588,0.012375239655375481,0.012430676026269794,128
untrained,7,0.23712193965911865,2,0,49,0.010096179801532943,0.01010306004911576,-0.00034061913385598463,0.010084956352199827,0.010114311639751707,0.010235844063572586,128
untrained,7,0.23712193965911865,2,1,5,0.09105494304206044,0.09070832867870272,0.0019069549093961022,0.0910491980612278,0.09070648774504661,0.09122155699878931,128
untrained,7,0.23712193965911865,2,1,10,0.04767145518383949,0.0475782652101117,0.000978375299595378,0.04768016636371612,0.04756547510623932,0.04754356760531664,128
untrained,7,0.23712193965911865,2,1,20,0.024381058635535063,0.024395579967317702,-0.0002977107934922872,0.024447112716734408,0.024329344369471075,0.024470827309414744,128
untrained,7,0.23712193965911865,2,1,30,0.016403121978646257,0.016384682811195445,0.0005623788347051106,0.01642987591524919,0.016357563684384027,0.016376795480027795,128
untrained,7,0.23712193965911865,2,1,40,0.012348320535686021,0.012342963820522272,0.000216947611402213,0.012372819799929857,0.012318433821201324,0.01234988507349044,128
untrained,7,0.23712193965911865,2,1,49,0.0101063391966122,0.010095923618499572,0.0005155649249508961,0.010092162736216369,0.01011005758630986,0.010091228410601616,128
untrained,7,0.23712193965911865,2,2,5,0.09101088283161005,0.09101085998231848,1.255305614404453e-07,0.091191316395998,0.09083042293787003,0.08989128284156322,128
untrained,7,0.23712193965911865,2,2,10,0.04766574404598062,0.047584220677792666,0.0008558886968988996,0.04764734543859959,0.047599054500460626,0.04753601085394621,128
untrained,7,0.23712193965911865,2,2,20,0.02437870921912017,0.024408418732353405,-0.0006089621275140084,0.024303627386689185,0.024483129382133484,0.024264883482828736,128
untrained,7,0.23712193965911865,2,2,30,0.016397090951390525,0.016394965738758246,6.48087630579186e-05,0.016397858038544655,0.01639415683845679,0.01623956556431949,128
untrained,7,0.23712193965911865,2,2,40,0.012348628840418367,0.012345256527650703,0.00013656468867746595,0.012343558296561242,0.012350307870656252,0.012245370890013874,128
untrained,7,0.23712193965911865,2,2,49,0.010101091010502581,0.010101722058283786,-3.123563926595049e-05,0.010099557741564147,0.010103257715093846,0.010062037850730121,128
untrained,7,0.23712193965911865,2,3,5,0.09082605815924014,0.09106682491594134,-0.0013236733215139906,0.09126056134700775,0.0906375877559185,0.09050923679023981,128
untrained,7,0.23712193965911865,2,3,10,0.04758960865681468,0.04770294527807636,-0.0011893544309655912,0.04761634208261967,0.04768117107450962,0.047024864703416824,128
untrained,7,0.23712193965911865,2,3,20,0.024389666355686422,0.024405939292304123,-0.00033349184626910996,0.024397053569555283,0.024398348294198513,0.02409194177016616,128
untrained,7,0.23712193965911865,2,3,30,0.01639206161154444,0.01639796508831924,-0.0001800387913269447,0.01640507479508718,0.016385069116950035,0.01629568450152874,128
untrained,7,0.23712193965911865,2,3,40,0.01234720507398804,0.012346777684480241,1.7307435255029164e-05,0.01234984928742051,0.012344130594283343,0.012240796932019293,128
untrained,7,0.23712193965911865,2,3,49,0.010103368469052616,0.010100664052178876,0.00013385530194350028,0.01009612340404063,0.010107897526147415,0.010002954048104584,128
untrained,7,0.23712193965911865,3,0,5,0.09107195531217435,0.09065720429843355,0.002282248014722635,0.09141606688499451,0.09030402451753616,0.09139956720173359,128
untrained,7,0.23712193965911865,3,0,10,0.047570943053251775,0.04762821104712115,-0.0006015599026057893,0.04773055240511894,0.0474711075425148,0.0479834065772593,128
untrained,7,0.23712193965911865,3,0,20,0.024382279059033334,0.02438921038108536,-0.00014211831812915485,0.02449204996228218,0.024279350973665716,0.024571962654590607,128
untrained,7,0.23712193965911865,3,0,30,0.016402251915521245,0.016380927170625868,0.0006504782479664455,0.016494947051008544,0.016287809982895852,0.01651729387231171,128
untrained,7,0.23712193965911865,3,0,40,0.012341320959664516,0.01234931640254641,-0.0003238248881257231,0.012396240700036287,0.01229444332420826,0.012372633325867355,128
untrained,7,0.23712193965911865,3,0,49,0.010097984316407814,0.010104168631152979,-0.00030612156837499954,0.01010155122803182,0.010100627203985137,0.010093260323628783,128
untrained,7,0.23712193965911865,3,1,5,0.09091433777976722,0.09079043799584065,0.0006818741191420225,0.0907483384013176,0.09095372557640076,0.09148967172950506,128
untrained,7,0.23712193965911865,3,1,10,0.047557655113195284,0.047634619438719605,-0.0008085144081890713,0.04752783477306366,0.04766780808568001,0.04804356396198273,128
untrained,7,0.23712193965911865,3,1,20,0.024378521942798003,0.024393235958075223,-0.0003016913047674735,0.02437252514064312,0.024399049021303652,0.024568527471274137,128
untrained,7,0.23712193965911865,3,1,30,0.016377639061079523,0.016403374681677345,-0.0007850770204665627,0.0163919597864151,0.016389562313755355,0.016554322559386492,128
untrained,7,0.23712193965911865,3,1,40,0.012339719761097127,0.012347453959937235,-0.00031328814416714816,0.012328551057726145,0.01235866891220212,0.012511215754784644,128
untrained,7,0.23712193965911865,3,1,49,0.010104036392251001,0.010096686043107877,0.0003638656570962089,0.010082960432889511,0.010117731608298361,0.01016609591897577,128
untrained,7,0.23712193965911865,3,2,5,0.09090192097063643,0.09077855643876102,0.0006790191969648884,0.09093867912888527,0.09073910042643547,0.09161110315471888,128
untrained,7,0.23712193965911865,3,2,10,0.04759053934633342,0.0476244067003627,-0.0003556936745236702,0.04779915474355221,0.047417270764708516,0.04783572442829609,128
untrained,7,0.23712193965911865,3,2,20,0.024365772251729614,0.02440742054317571,-0.0008539176760556721,0.024443509243428706,0.024329161643981932,0.024546567583456635,128
untrained,7,0.23712193965911865,3,2,30,0.016401501568420282,0.016385657551096215,0.0004832384918079835,0.016423552483320236,0.016363292932510376,0.016394637757912278,128
untrained,7,0.23712193965911865,3,2,40,0.012341929980954394,0.01234870947680427,-0.00027457757265464465,0.012390325218439103,0.01230035424232483,0.012372821453027427,128
untrained,7,0.23712193965911865,3,2,49,0.0100962440058317,0.010104403188395932,-0.00040390698799785605,0.010135697999170848,0.01006498324627779,0.010166618856601417,128
untrained,7,0.23712193965911865,3,3,5,0.09096263391903034,0.09121164633957983,-0.001366891199979668,0.09122500941157341,0.09095471799373626,0.08910135738551617,128
untrained,7,0.23712193965911865,3,3,10,0.04761802215202182,0.047676626793638675,-0.0006149835511714472,0.047864191606640814,0.04743302166461945,0.047027881257236004,128
untrained,7,0.23712193965911865,3,3,20,0.024397759709829166,0.024406726790379873,-0.00018373475869856633,0.024417584016919135,0.024386790953576563,0.023912508273497224,128
untrained,7,0.23712193965911865,3,3,30,0.016395040956997845,0.01640208310564643,-0.0002147184806484759,0.016423207148909567,0.016374056537946064,0.016082096146419644,128
untrained,7,0.23712193965911865,3,3,40,0.012352086893467631,0.01234465043521622,0.0003011109585910335,0.012392961420118809,0.012303732428699731,0.012132234638556838,128
untrained,7,0.23712193965911865,3,3,49,0.010104930442836932,0.010102103422012886,0.0001399028102201434,0.010128485304968697,0.01007853661264692,0.009855926502496004,128
untrained,7,0.23712193965911865,4,0,5,0.09084873001415508,0.09067684211497642,0.0009469073539425904,0.09071687832474709,0.09080493077635765,0.09239095915108919,128
untrained,7,0.23712193965911865,4,0,10,0.0475298957107893,0.04760612806160293,-0.0008012984754882239,0.047508704662323,0.047630656883120535,0.04860641248524189,128
untrained,7,0.23712193965911865,4,0,20,0.024363285781424722,0.02438670642013791,-0.0004804234350617705,0.024404417537152768,0.02434528395533562,0.02500600111670792,128
untrained,7,0.23712193965911865,4,0,30,0.0163889522886935,0.016386264678284877,8.200130028887325e-05,0.016375038648645084,0.016400124629338583,0.016745090717449784,128
untrained,7,0.23712193965911865,4,0,40,0.012341957804262053,0.012342724013097078,-3.103985057061031e-05,0.01230519451200962,0.0123794911429286,0.012612554244697094,128
untrained,7,0.23712193965911865,4,0,49,0.010104618811508115,0.010094245148674198,0.0005135765483570314,0.010047435912550712,0.01015138519661767,0.010257772402837873,128
untrained,7,0.23712193965911865,4,1,5,0.09075674005209829,0.09080150368016794,-0.000246552440413661,0.09047670811414718,0.09108251631259918,0.0922038834542036,128
untrained,7,0.23712193965911865,4,1,10,0.047674259718726665,0.04754756524891197,0.0013305192360724505,0.047573406249284744,0.047642874717712405,0.047837191727012396,128
untrained,7,0.23712193965911865,4,1,20,0.024406487927024746,0.024362486940395982,0.0009022331666285561,0.024276303313672542,0.024493221566081046,0.02460950776003301,128
untrained,7,0.23712193965911865,4,1,30,0.016399774997317956,0.016383251203823383,0.0005040350269278602,0.016379907603065173,0.016402791937192282,0.01651901938021183,128
untrained,7,0.23712193965911865,4,1,40,0.0123419525581165,0.01234433118579457,-9.635422255730892e-05,0.012336948234587908,0.012349348794668914,0.01254809694364667,128
untrained,7,0.23712193965911865,4,1,49,0.010101328360282416,0.010096953535276808,0.00021659391764177312,0.010112132192874441,0.01008613118711783,0.010285070748068392,128
untrained,7,0.23712193965911865,4,2,5,0.0909877630849235,0.09091038660171928,0.00042538356402793746,0.09145747423171997,0.09043898284435273,0.09051771648228168,128
untrained,7,0.23712193965911865,4,2,10,0.04757021416246501,0.04763903946219804,-0.0007228845633390536,0.047775201871991156,0.047437059506773946,0.04787736339494586,128
untrained,7,0.23712193965911865,4,2,20,0.024389640784557954,0.024388181635096103,2.991419849102492e-05,0.024562994390726088,0.0242148470133543,0.02444318775087595,128
untrained,7,0.23712193965911865,4,2,30,0.01639254592303642,0.01639194715010864,1.8263906854503367e-05,0.016454153756300608,0.016330328583717347,0.016465558670461178,128
untrained,7,0.23712193965911865,4,2,40,0.012345931291111794,0.012343822868124953,8.539667803725292e-05,0.012378038372844458,0.012311703525483608,0.012410311959683895,128
untrained,7,0.23712193965911865,4,2,49,0.010099692944719973,0.010101115752795872,-7.04332235968018e-05,0.010144785046577454,0.01005602947303227,0.010160094941966236,128
untrained,7,0.23712193965911865,4,3,5,0.09131226067344983,0.09088077822227361,0.0023682707845978966,0.09070819616317749,0.09147540032863617,0.08908200263977051,128
untrained,7,0.23712193965911865,4,3,10,0.047624192206688176,0.04769201407175578,-0.0007115459974221623,0.04742971993982792,0.04788945391774178,0.04680825583636761,128
untrained,7,0.23712193965911865,4,3,20,0.024401886411655097,0.02439179431788529,0.00020683198354189546,0.02428851891309023,0.02450528759509325,0.02412387472577393,128
untrained,7,0.23712193965911865,4,3,30,0.016412338718977796,0.01638591666996053,0.0008055931238761314,0.016275058314204217,0.01652267463505268,0.016068020835518837,128
untrained,7,0.23712193965911865,4,3,40,0.012339701586950035,0.0123568743177988,-0.0006953486553885824,0.01229320066049695,0.012403476424515248,0.012132932897657156,128
untrained,7,0.23712193965911865,4,3,49,0.010107644276858674,0.01009607625484618,0.0005725688985733331,0.010044243566843927,0.01015942923876704,0.010020047426223755,128
untrained,7,0.23712193965911865,5,0,5,0.09084129409668164,0.0909111492495289,-0.00038434230407460656,0.09059105664491654,0.09116291478276253,0.09123012237250805,128
untrained,7,0.23712193965911865,5,0,10,0.047653197073468975,0.047565636520614164,0.0009195717858418752,0.047620360553264615,0.047594638913869856,0.04784997832030058,128
untrained,7,0.23712193965911865,5,0,20,0.024379525471616675,0.024398271041580395,-0.0003843053869451266,0.024396366067230703,0.024381195940077306,0.02444877359084785,128
untrained,7,0.23712193965911865,5,0,30,0.016382767214151803,0.016400418924481682,-0.0005384379131026119,0.01630260075132052,0.01648093437155088,0.01649393909610808,128
untrained,7,0.23712193965911865,5,0,40,0.012351713667684078,0.012339224583894304,0.000505816492756021,0.012327643111348152,0.01236322158947587,0.012365414993837476,128
untrained,7,0.23712193965911865,5,0,49,0.010102215616358727,0.010098155470793874,0.00020099361279729165,0.010087313548642762,0.010113040935628268,0.010182647267356515,128
untrained,7,0.23712193965911865,5,1,5,0.0907739480844321,0.09096252663055326,-0.0010376483114678998,0.09188711643218994,0.08985347971320153,0.09129700809717178,128
untrained,7,0.23712193965911865,5,1,10,0.04763788686079137,0.0476246433343716,0.00013902135910626246,0.04807311967015267,0.047188831493258476,0.047380493488162756,128
untrained,7,0.23712193965911865,5,1,20,0.02438746319140917,0.024396700760986233,-0.00018935590627085872,0.024645472317934035,0.024138576909899713,0.02431902172975242,128
untrained,7,0.23712193965911865,5,1,30,0.01640256419065275,0.01638364889283224,0.0005769284110905806,0.0165821835398674,0.01620365505417188,0.016424848465248942,128
untrained,7,0.23712193965911865,5,1,40,0.01234397438513975,0.012347898390686628,-0.00015891891159266607,0.012448074668645859,0.012243820540606975,0.012324171722866595,128
untrained,7,0.23712193965911865,5,1,49,0.0101032498323341,0.010099504364222033,0.00018539393567045063,0.010185084552789221,0.01001765426932549,0.010065803304314613,128
untrained,7,0.23712193965911865,5,2,5,0.09087895737669338,0.09072473289769724,0.0008492364817161536,0.09079009518027306,0.09081022068858147,0.09199842251837254,128
untrained,7,0.23712193965911865,5,2,10,0.04757252471898896,0.04760201319962919,-0.0003098358162257148,0.04757030420005322,0.047605525329709054,0.048241712152957916,128
untrained,7,0.23712193965911865,5,2,20,0.024384739222349943,0.024374605356892454,0.00020783432477875592,0.024383680336177348,0.024375791475176812,0.024810559581965208,128
untrained,7,0.23712193965911865,5,2,30,0.016394923521279022,0.016383023135386886,0.0003630607498518586,0.01644043984512488,0.016337271283070245,0.01666867476888001,128
untrained,7,0.23712193965911865,5,2,40,0.012340250558609578,0.012345891508083899,-0.00022850672490068037,0.012356216926127673,0.012329957447946072,0.012553014792501926,128
untrained,7,0.23712193965911865,5,2,49,0.010099529952831922,0.010100139743299779,-3.018814054880627e-05,0.010110351808217108,0.010089320947929305,0.010216051014140248,128
untrained,7,0.23712193965911865,5,3,5,0.09092302139574727,0.09086659559780669,0.00031039065307166496,0.09132646843791008,0.09046191722154617,0.09105808567255735,128
untrained,7,0.23712193965911865,5,3,10,0.04754976899016137,0.04763183122623466,-0.0008621649130279637,0.04760322757065296,0.047581962496042254,0.04814809560775757,128
untrained,7,0.23712193965911865,5,3,20,0.024375100194672008,0.02439356981953488,-0.00037871905994389915,0.02442130297422409,0.024347135983407497,0.024631214328110218,128
untrained,7,0.23712193965911865,5,3,30,0.016384368495150656,0.016393113063231674,-0.0002667858439695982,0.016497013345360755,0.016280641158421833,0.016670372569933534,128
untrained,7,0.23712193965911865,5,3,40,0.012341699244231279,0.012345341710211004,-0.00014754566925616853,0.012378435861319304,0.012308626435697079,0.012517516152001917,128
untrained,7,0.23712193965911865,5,3,49,0.010102048272930809,0.01009729121290869,0.00023550572162114134,0.010132712521115127,0.010066606940663591,0.010233338922262192,128
untrained,8,0.5009912252426147,0,0,5,0.09113628925031918,0.09088411433565105,0.001385421137953012,0.09073043540120125,0.09128524512052535,0.08992162719368935,128
untrained,8,0.5009912252426147,0,0,10,0.0475800688281381,0.04773293483029505,-0.0016038315475101548,0.04763850681483746,0.04767163321375847,0.0468986202031374,128
untrained,8,0.5009912252426147,0,0,20,0.02439675039946324,0.024399135000802995,-4.886890196063532e-05,0.024467333778738977,0.024328588135540487,0.02408157614991069,128
untrained,8,0.5009912252426147,0,0,30,0.01639480120561899,0.016402737611921556,-0.00024198176413402363,0.01633552201092243,0.01646186349292596,0.01607842743396759,128
untrained,8,0.5009912252426147,0,0,40,0.012339290002171847,0.012355397365036769,-0.0006522602462932158,0.01235245568677783,0.012342596147209405,0.012197924894280732,128
untrained,8,0.5009912252426147,0,0,49,0.010096675905181492,0.010107307285986376,-0.0005262022198180193,0.01010659329441129,0.0100972373418662,0.010012304759584367,128
untrained,8,0.5009912252426147,0,1,5,0.09108618186537627,0.09081666381812535,0.0014816593233422134,0.09068314284086228,0.0912146471440792,0.09051104821264744,128
untrained,8,0.5009912252426147,0,1,10,0.04766325460621185,0.047605262060833584,0.0006087272837503385,0.047478965297341344,0.047790637239813805,0.04730396205559373,128
untrained,8,0.5009912252426147,0,1,20,0.024391685942635473,0.0244007975069535,-0.00018674114686645444,0.02438298296183348,0.024409636110067367,0.024147623917087913,128
untrained,8,0.5009912252426147,0,1,30,0.016387832243952998,0.016405001132335045,-0.0005235561131456676,0.016308969631791116,0.0164835328857104,0.01622493239119649,128
untrained,8,0.5009912252426147,0,1,40,0.012351688816488314,0.01234358799557726,0.00032803118476359673,0.012325321696698666,0.01236977120861411,0.01219627435784787,128
untrained,8,0.5009912252426147,0,1,49,0.010097420691544437,0.010105541476691205,-0.00040196012241875307,0.010098198770868535,0.010104647096322507,0.010060552274808288,128
untrained,8,0.5009912252426147,0,2,5,0.09067389084275361,0.09105079671356575,-0.0020740488035961447,0.09042652025818824,0.09130523055791855,0.09134124591946602,128
untrained,8,0.5009912252426147,0,2,10,0.047562772510973225,0.047675363197448146,-0.00118220170561133,0.04739446640014648,0.04784155711531639,0.047639766708016396,128
untrained,8,0.5009912252426147,0,2,20,0.024373456847563705,0.024398504173507866,-0.0005135599516456953,0.024266947619616987,0.02450538519769907,0.024553342489525676,128
untrained,8,0.5009912252426147,0,2,30,0.01639211902706125,0.016394148718721996,-6.190676158757932e-05,0.016323720663785936,0.016462508340676626,0.016413144767284393,128
untrained,8,0.5009912252426147,0,2,40,0.012336841780695317,0.012352886684438125,-0.0006498614905715295,0.012275316566228867,0.01241477495059371,0.012396321748383343,128
untrained,8,0.5009912252426147,0,2,49,0.010101813784338175,0.010100656788312899,5.7270026507825725e-05,0.010046161939294971,0.010156325007579764,0.0100781210931018,128
untrained,8,0.5009912252426147,0,3,5,0.0908101538943637,0.09077174166228874,0.00021154219123548088,0.09111489206552506,0.09046628922224045,0.09209411684423685,128
untrained,8,0.5009912252426147,0,3,10,0.0475986322010953,0.047570716423593506,0.00029332739905146556,0.0476815227419138,0.04748834706842899,0.04830129258334637,128
untrained,8,0.5009912252426147,0,3,20,0.024368618141555484,0.024383026604656077,-0.00029554824612183344,0.0244360426440835,0.02431581635028124,0.02496282570064068,128
untrained,8,0.5009912252426147,0,3,30,0.016401958757964824,0.016375079537349627,0.0008200625197493552,0.016443739707271258,0.01633381818731626,0.016673296224325895,128
untrained,8,0.5009912252426147,0,3,40,0.012343205708108073,0.012341896935762386,5.301871191366421e-05,0.012363765761256218,0.01232130704447627,0.012597065418958664,128
untrained,8,0.5009912252426147,0,3,49,0.010107657625329678,0.010089451500760896,0.0009014223003014875,0.01010838576725551,0.010088985063591781,0.010328851756639779,128
untrained,8,0.5009912252426147,1,0,5,0.09058864784848158,0.09081269919506611,-0.0012351140178110493,0.09058902561664581,0.09081652164459228,0.09297226462513208,128
untrained,8,0.5009912252426147,1,0,10,0.047615543464941484,0.047513694899856664,0.0010706336646277457,0.047571095451712606,0.047560049965977666,0.0486885248683393,128
untrained,8,0.5009912252426147,1,0,20,0.02438347364209362,0.02436508372529274,0.00037724022604215167,0.02432635985314846,0.024421924725174904,0.02503431704826653,128
untrained,8,0.5009912252426147,1,0,30,0.016380572233750737,0.01639218540566435,-0.0003543544318434512,0.016381013890107474,0.016391519581278165,0.016823988407850266,128
untrained,8,0.5009912252426147,1,0,40,0.012352766274071806,0.012329201920511524,0.0009547193875931925,0.012330826744437218,0.012350607383996248,0.012742636376060545,128
untrained,8,0.5009912252426147,1,0,49,0.010094322749032648,0.010102394906805773,-0.0003996767153098562,0.010093209846895568,0.01010339152143926,0.010366507689468563,128
untrained,8,0.5009912252426147,1,1,5,0.09084268436310397,0.0907724115746153,0.000386932529619591,0.09094596132636071,0.09066781476140022,0.0919311186298728,128
untrained,8,0.5009912252426147,1,1,10,0.04758014232834424,0.04760708209056004,-0.00028301867587776555,0.04765345267951489,0.04753326587378979,0.048132795840501785,128
untrained,8,0.5009912252426147,1,1,20,0.024379996247560046,0.024386135590269163,-0.00012589357567680684,0.02440002616494894,0.02436619680374861,0.024675548542290926,128
untrained,8,0.5009912252426147,1,1,30,0.016400322477977132,0.016379287125136203,0.0006417206640035634,0.016398500775297482,0.016381514817476274,0.01659953105263412,128
untrained,8,0.5009912252426147,1,1,40,0.012348182100376828,0.012335435591916986,0.0005163954740436702,0.012375339027494192,0.012307989131659269,0.012666850350797176,128
untrained,8,0.5009912252426147,1,1,49,0.0101027807999017,0.010095873992831064,0.00034194391365004623,0.010136322783572333,0.010062431650502341,0.010261036921292543,128
untrained,8,0.5009912252426147,1,2,5,0.09081395796150159,0.09089508817239773,-0.00044648416037535116,0.09081171452999115,0.09089885577559471,0.09144715406000614,128
untrained,8,0.5009912252426147,1,2,10,0.04762282437342076,0.047595859712855834,0.00028318665420970274,0.047574232518672946,0.04764495640993118,0.047808096278458834,128
untrained,8,0.5009912252426147,1,2,20,0.024389408960123087,0.02439630261010808,-0.00014130469276703048,0.024367882311344145,0.02441793102771044,0.024283720878884196,128
untrained,8,0.5009912252426147,1,2,30,0.01638462815165337,0.01640130431488734,-0.0005086377595171858,0.01639279859761397,0.016392812753717106,0.01643167156726122,128
untrained,8,0.5009912252426147,1,2,40,0.012345783906779605,0.012343166801563377,0.00010600309616388855,0.012341475579887629,0.012347416300326586,0.012444342020899057,128
untrained,8,0.5009912252426147,1,2,49,0.010097674250190493,0.010103276770155779,-0.00027733941631591147,0.010116003301678871,0.01008486770549599,0.010157348704524338,128
untrained,8,0.5009912252426147,1,3,5,0.0907773265413418,0.09090406251099943,-0.0006975726590268715,0.09081711694598198,0.09086664840579033,0.09158117510378361,128
untrained,8,0.5009912252426147,1,3,10,0.04750536409623784,0.0476741642708991,-0.0017734924469091004,0.047773012146353724,0.0474033497273922,0.04823639104142785,128
untrained,8,0.5009912252426147,1,3,20,0.02438002838963653,0.024392088896683126,-0.000247282827102783,0.024418340995907784,0.024353955313563345,0.02455406589433551,128
untrained,8,0.5009912252426147,1,3,30,0.01638883160399611,0.016391231098266214,-7.319980720675565e-05,0.016413268571098646,0.016366748263438542,0.016599497059360147,128
untrained,8,0.5009912252426147,1,3,40,0.012343739338820691,0.012345968993954116,-9.030706654295557e-05,0.012368022557348013,0.012321736104786396,0.012409657472744584,128
untrained,8,0.5009912252426147,1,3,49,0.010099643283353516,0.010102490089117844,-0.00014091609592410144,0.010091208529715635,0.010110883384334798,0.010097477003000677,128
untrained,8,0.5009912252426147,2,0,5,0.09093536161313391,0.0907860672547042,0.0008215561552593095,0.09080958068370819,0.09090904667973518,0.09140685386955738,128
untrained,8,0.5009912252426147,2,0,10,0.04757928153488534,0.047629138466658866,-0.0005236609511238081,0.04755453802645206,0.047652946785092354,0.04792514303699136,128
untrained,8,0.5009912252426147,2,0,20,0.024432440393978787,0.024345254971487325,0.0017874034809647974,0.02436087839305401,0.02441552300006151,0.024471963057294488,128
untrained,8,0.5009912252426147,2,0,30,0.016408641909724544,0.01637539797745926,0.0010140279348936046,0.016338852047920228,0.016445828850070635,0.0164595867972821,128
untrained,8,0.5009912252426147,2,0,40,0.012354973408815672,0.012336734964066193,0.0007386465315932096,0.012332243472337722,0.012359051406383515,0.012348219170235097,128
untrained,8,0.5009912252426147,2,0,49,0.01009708858443221,0.010103867378716174,-0.00033556799470255746,0.010081112232743477,0.010119746914323496,0.010157891199924052,128
untrained,8,0.5009912252426147,2,1,5,0.09084772152505863,0.09079960738223024,0.0002648766877969454,0.09098879992961884,0.09065763279795647,0.09176784660667181,128
untrained,8,0.5009912252426147,2,1,10,0.04762519502932309,0.04762030521016212,5.133910944478115e-05,0.047841059789061544,0.04740453287959099,0.04754409287124872,128
untrained,8,0.5009912252426147,2,1,20,0.02436533756997262,0.024404683234234604,-0.0008067592265161465,0.02444782331585884,0.02432278133928776,0.02458791504614055,128
untrained,8,0.5009912252426147,2,1,30,0.01638690927044494,0.016397094954471923,-0.00031069066355633257,0.016455353051424027,0.01632845476269722,0.01648576487787068,128
untrained,8,0.5009912252426147,2,1,40,0.012339086079006668,0.012348740951444831,-0.0003910782599806353,0.01236983947455883,0.012318206671625375,0.012478161253966391,128
untrained,8,0.5009912252426147,2,1,49,0.010107393498617086,0.010092875904267138,0.0007186832046485752,0.010103932144690533,0.010096545882371008,0.010176580981351435,128
untrained,8,0.5009912252426147,2,2,5,0.0910957861857809,0.09080887352762047,0.0015772694257029764,0.09109534248709679,0.09080393686890602,0.09050359018146992,128
untrained,8,0.5009912252426147,2,2,10,0.04766077680821799,0.04766523724148987,-4.679135403174162e-05,0.04768790528178215,0.04763802438974381,0.04674068931490183,128
untrained,8,0.5009912252426147,2,2,20,0.024388494612582613,0.02440198794798818,-0.0002765567114147708,0.024390990659594537,0.024399692192673683,0.02418633969500661,128
untrained,8,0.5009912252426147,2,2,30,0.016394974080408842,0.016397411115487332,-7.431710331093447e-05,0.01642645336687565,0.01636588598291079,0.016229846281930804,128
untrained,8,0.5009912252426147,2,2,40,0.012344789828994958,0.012347903754348697,-0.00012610715566944972,0.01233529793098569,0.012357466388493776,0.012289428967051208,128
untrained,8,0.5009912252426147,2,2,49,0.010096349719184557,0.010106796741639862,-0.0005170987833526702,0.01010558822629403,0.0100974084011146,0.010053156991489232,128
untrained,8,0.5009912252426147,2,3,5,0.09085012013745156,0.09105376890100585,-0.0011195404596881149,0.09120121598243713,0.09070649519562721,0.09046145249158144,128
untrained,8,0.5009912252426147,2,3,10,0.04760319469896562,0.047643626571460894,-0.0004244957674760773,0.04769051782786846,0.04755554683506489,0.04753935802727938,128
untrained,8,0.5009912252426147,2,3,20,0.024383259235536362,0.024396872869172952,-0.000279081524565959,0.024343011900782585,0.024437323771417142,0.024393311236053705,128
untrained,8,0.5009912252426147,2,3,30,0.016410458739704176,0.016376978782536307,0.0010211214933810355,0.016432008519768716,0.01635607418914636,0.0163575392216444,128
untrained,8,0.5009912252426147,2,3,40,0.012345269429597924,0.012349056778653512,-0.0001533692000136151,0.012352255545556546,0.012342156283557415,0.012223537778481841,128
untrained,8,0.5009912252426147,2,3,49,0.010105611018061225,0.0100964883584029,0.00045156988330140145,0.010100231106792177,0.010101999327236292,0.010090704425238073,128
untrained,8,0.5009912252426147,3,0,5,0.09071369611533583,0.0910943293132665,-0.0020935995373760202,0.09131550192832946,0.090499659627676,0.09092418663203716,128
untrained,8,0.5009912252426147,3,0,10,0.04759422913650794,0.047649484531135315,-0.0005801474186486707,0.047715619578957556,0.04752706028521061,0.04757322510704398,128
untrained,8,0.5009912252426147,3,0,20,0.024382114599471427,0.02439914307656703,-0.00034907827117415177,0.02444765865802765,0.024333852156996728,0.024369780207052827,128
untrained,8,0.5009912252426147,3,0,30,0.01638647032198275,0.01640211668536186,-0.000477189315145761,0.016433775549133618,0.016354510684808095,0.01635143021121621,128
untrained,8,0.5009912252426147,3,0,40,0.012345983637132043,0.012344881994656883,4.4617409998651556e-05,0.01235739402472973,0.012333445809781551,0.012366382055915892,128
untrained,8,0.5009912252426147,3,0,49,0.010098008680778342,0.010103209510045466,-0.00025745126941052667,0.010131938573049039,0.010069205596738932,0.010143967461772263,128
untrained,8,0.5009912252426147,3,1,5,0.09078865066455429,0.0908657955977083,-0.0004246795756499754,0.09085830673575401,0.0907975859940052,0.09172054287046194,128
untrained,8,0.5009912252426147,3,1,10,0.04764606214008448,0.0475449102699377,0.001062620410158446,0.04749919883906841,0.04769367016851902,0.04807130107656121,128
untrained,8,0.5009912252426147,3,1,20,0.024380607136084295,0.02438582302149302,-0.00010695647378255945,0.024350418709218502,0.024416089989244938,0.024669832084327936,128
untrained,8,0.5009912252426147,3,1,30,0.01639034520257902,0.016388766257862935,4.816923478668814e-05,0.016373556728164356,0.01640558453897635,0.01662575756199658,128
untrained,8,0.5009912252426147,3,1,40,0.012341264626390928,0.012348096911646738,-0.00027672992859727945,0.012322483863681555,0.012367033399641514,0.012419349746778607,128
untrained,8,0.5009912252426147,3,1,49,0.010103067561763894,0.0100972111731893,0.00028991622596628955,0.010088539549282618,0.01011182360199033,0.010182221536524594,128
untrained,8,0.5009912252426147,3,2,5,0.09078398859424955,0.09084718797835836,-0.00034795449383218574,0.09114393815398217,0.09048842489719391,0.09183818101882935,128
untrained,8,0.5009912252426147,3,2,10,0.04761853832408695,0.04763619876970911,-0.00018540228193149593,0.04764559380710125,0.047608813270926476,0.047455939929932356,128
untrained,8,0.5009912252426147,3,2,20,0.024377486140457625,0.024397397793835176,-0.00040823579209264143,0.02442663926631212,0.02434854004532099,0.024496408412232995,128
untrained,8,0.5009912252426147,3,2,30,0.01637760266151487,0.01640420218319318,-0.0008114111411346796,0.01643486147125562,0.01634643127520879,0.016561232274398208,128
untrained,8,0.5009912252426147,3,2,40,0.0123479166190973,0.01234309977479706,0.00019508489335564035,0.012387088127434253,0.012303818855434656,0.012363715330138803,128
untrained,8,0.5009912252426147,3,2,49,0.010103008575463437,0.010097055441351317,0.0002947086755205363,0.010116591517414366,0.010083557619732253,0.01019269588869065,128
untrained,8,0.5009912252426147,3,3,5,0.09088837037420576,0.09111581843323503,-0.001249685847992551,0.09105868861079217,0.09094976335763931,0.08995773922652006,128
untrained,8,0.5009912252426147,3,3,10,0.04759519963176704,0.04766894715606786,-0.0007741372466631623,0.04775819219648838,0.047504572197794914,0.047372352331876755,128
untrained,8,0.5009912252426147,3,3,20,0.024402766261754954,0.02439490568647025,0.00016108504710804183,0.024448206275701524,0.024349349550902843,0.02404889347963035,128
untrained,8,0.5009912252426147,3,3,30,0.016394110924745617,0.016397125215778564,-9.192367801986541e-05,0.01645260825753212,0.01633856991926829,0.01626466028392315,128
untrained,8,0.5009912252426147,3,3,40,0.01234745331328931,0.012347514252338453,-2.4676707502244473e-06,0.012382191140204668,0.012312777992337941,0.012201222940348089,128
untrained,8,0.5009912252426147,3,3,49,0.010099945110331838,0.010103672848901714,-0.00018450846661290503,0.010121939209650974,0.010081625182409676,0.010025338153354824,128
untrained,8,0.5009912252426147,4,0,5,0.09066781420616588,0.0909294233731697,-0.001440601027249062,0.09092260822653771,0.09067953974008561,0.09198928158730268,128
untrained,8,0.5009912252426147,4,0,10,0.047546412315836714,0.047660851934153564,-0.0012020051118700188,0.04758016802370548,0.047624950483441356,0.047948810271918774,128
untrained,8,0.5009912252426147,4,0,20,0.02440497309891219,0.02435721921590404,0.0009793219037172193,0.02429869994521141,0.024462783150374888,0.024770342046394944,128
untrained,8,0.5009912252426147,4,0,30,0.016404068585738396,0.016377389779194708,0.0008138383059678989,0.016361201306184132,0.016420770560701688,0.01654082164168358,128
untrained,8,0.5009912252426147,4,0,40,0.012341815028354514,0.012347605412383405,-0.00023452895715210244,0.012315201759338378,0.01237434959039092,0.012417939491569996,128
untrained,8,0.5009912252426147,4,0,49,0.010105337972200281,0.010093605429637937,0.0005808493210934906,0.010094528219529561,0.01010458422254543,0.010243506054393947,128
untrained,8,0.5009912252426147,4,1,5,0.09086975018689587,0.09074263265527831,0.000699938680543242,0.09057915285229683,0.09103084504604339,0.09194999095052481,128
untrained,8,0.5009912252426147,4,1,10,0.047543924644680845,0.04759370483410586,-0.0005232439540191937,0.04750792570412159,0.04762876927852631,0.04863304644823074,128
untrained,8,0.5009912252426147,4,1,20,0.024382039349198248,0.024369961670309512,0.00024773709049717956,0.024308261834084986,0.024443559534847736,0.02496356167830527,128
untrained,8,0.5009912252426147,4,1,30,0.016380158869295506,0.016401051841893857,-0.0006373459718063971,0.016363993535439172,0.016416813929875693,0.01657575066201389,128
untrained,8,0.5009912252426147,4,1,40,0.012348885730587893,0.01233555971893124,0.0005398546093881193,0.012338901404291391,0.012345242034643888,0.012634242069907486,128
untrained,8,0.5009912252426147,4,1,49,0.010106083882825623,0.010094056889988465,0.0005953915357237953,0.010085824877023697,0.010114489313291043,0.010184627841226757,128
untrained,8,0.5009912252426147,4,2,5,0.09105710163237943,0.09092657478309117,0.0007172448202966582,0.09129972979426385,0.09068150073289871,0.09009384643286467,128
untrained,8,0.5009912252426147,4,2,10,0.04767188996625093,0.047585141127276576,0.0009106817415742087,0.04778479039669037,0.04747386649250984,0.047413429245352745,128
untrained,8,0.5009912252426147,4,2,20,0.024393222901104558,0.024389275410617656,8.092021982138382e-05,0.02451735083013773,0.024265088327229022,0.024351226864382625,128
untrained,8,0.5009912252426147,4,2,30,0.01638889483304187,0.016405580528733327,-0.0005087959330612757,0.01639980102578799,0.016394352664550145,0.016175390454009175,128
untrained,8,0.5009912252426147,4,2,40,0.012342456338121642,0.01234934683334199,-0.00027906002539467765,0.012384587433189154,0.012307371664792299,0.012321652146056294,128
untrained,8,0.5009912252426147,4,2,49,0.01010086333290731,0.01010044197247893,2.085807931655583e-05,0.010144867535148348,0.010056443816545059,0.010135745629668236,128
untrained,8,0.5009912252426147,4,3,5,0.09105756252434603,0.0910735708072873,-8.789426963060174e-05,0.09052426442503929,0.09160717353224754,0.08934282511472702,128
untrained,8,0.5009912252426147,4,3,10,0.0475612447305691,0.04776756436961472,-0.002164294728853969,0.047524609789252284,0.0478003304451704,0.046750578097999096,128
untrained,8,0.5009912252426147,4,3,20,0.02439432178197826,0.024399287522619186,-0.00010177030786604556,0.024309654720127583,0.024484027922153474,0.024126337841153145,128
untrained,8,0.5009912252426147,4,3,30,0.01640888373950457,0.016383738955853787,0.0007667817204988836,0.016345752775669097,0.01644735410809517,0.01620678650215268,128
untrained,8,0.5009912252426147,4,3,40,0.012346204617421785,0.012351795769174924,-0.00022638074602779058,0.012296191602945327,0.012401935085654259,0.012074925703927875,128
untrained,8,0.5009912252426147,4,3,49,0.01010465539502333,0.01010235556889722,0.00011381327649613694,0.010055327597929507,0.01015171606321724,0.009854855015873909,128
untrained,8,0.5009912252426147,5,0,5,0.09106610231338792,0.0908538446835945,0.001166763916195365,0.09066234380006791,0.0912536233663559,0.09042017068713903,128
untrained,8,0.5009912252426147,5,0,10,0.047656928469066974,0.04764198269813683,0.00015683044797607404,0.04749001264572143,0.04780917838215828,0.047008092515170574,128
untrained,8,0.5009912252426147,5,0,20,0.024417842786336682,0.024375752176662147,0.000862625713591921,0.02444685120135546,0.02434611991047859,0.02414059406146407,128
untrained,8,0.5009912252426147,5,0,30,0.016395203605499814,0.016395139111778676,1.966851084540423e-06,0.01630722644428412,0.016483117764194807,0.01628967747092247,128
untrained,8,0.5009912252426147,5,0,40,0.012338089237777258,0.012356180740368101,-0.000732619454072627,0.012332843616604805,0.01236183661967516,0.012212820001877844,128
untrained,8,0.5009912252426147,5,0,49,0.010105327554035396,0.010097083209286766,0.00040808717557558127,0.010103511110860474,0.010099017726523536,0.010076105128973722,128
untrained,8,0.5009912252426147,5,1,5,0.0909991028961862,0.09073555615782006,0.0014501732346297626,0.09164739698171616,0.09008231833577156,0.09135142154991627,128
untrained,8,0.5009912252426147,5,1,10,0.04757617148884966,0.047631777395868,-0.0005840468959695994,0.0481839906424284,0.04702291786670685,0.04793091816827655,128
untrained,8,0.5009912252426147,5,1,20,0.024390684433346414,0.024382028146557298,0.00017748216843090368,0.02469347808510065,0.024079105257987975,0.024548327084630728,128
untrained,8,0.5009912252426147,5,1,30,0.016397055278460346,0.016385360278161485,0.00035674614270886574,0.016582133993506432,0.016200506314635276,0.016520768404006958,128
untrained,8,0.5009912252426147,5,1,40,0.012333748056638918,0.012355754901836444,-0.0008913441973152603,0.0124741998501122,0.012215801421552897,0.012399941449984908,128
untrained,8,0.5009912252426147,5,1,49,0.010100813040902726,0.01010140991642883,-2.954504201523334e-05,0.010184239139970469,0.01001797555660715,0.010091501870192587,128
untrained,8,0.5009912252426147,5,2,5,0.09090656991217547,0.0906886286530758,0.0012001487969967453,0.09098704308271408,0.09060406908392907,0.09204443078488111,128
untrained,8,0.5009912252426147,5,2,10,0.04755795952732578,0.047645216534851466,-0.0009165346276660411,0.04758298881351948,0.047618549689650534,0.04798459634184837,128
untrained,8,0.5009912252426147,5,2,20,0.024362533079263806,0.024411686389973018,-0.0010077723691551033,0.0243321068584919,0.024442842975258828,0.024501013569533825,128
untrained,8,0.5009912252426147,5,2,30,0.01637714714436246,0.016402844476117395,-0.0007839334448790824,0.016451718906561535,0.016327777380744615,0.016615092055872083,128
untrained,8,0.5009912252426147,5,2,40,0.012352238741995905,0.012333624138915875,0.0007540592431010414,0.01235725050792098,0.012328190356492996,0.012582356808707118,128
untrained,8,0.5009912252426147,5,2,49,0.010098151686955308,0.010103102603493983,-0.0002450796602649824,0.010092015777315413,0.01010916731795486,0.010142018320038915,128
untrained,8,0.5009912252426147,5,3,5,0.09110598047827459,0.09086738919919254,0.001311132939416453,0.09139911308884621,0.09056978151202202,0.09015550650656223,128
untrained,8,0.5009912252426147,5,3,10,0.04761134444570249,0.04765849166614994,-0.0004948808812014837,0.047735323384404185,0.04753363057971001,0.04731048224493861,128
untrained,8,0.5009912252426147,5,3,20,0.024385465694551522,0.024392738628607698,-0.00014910212782419103,0.024493074230849742,0.02428523972630501,0.024433755315840244,128
untrained,8,0.5009912252426147,5,3,30,0.016397610207754067,0.016391506615434627,0.00018614689600110644,0.016470423589150112,0.016318811227877934,0.016322955023497343,128
untrained,8,0.5009912252426147,5,3,40,0.012346156209492854,0.012346285276507676,-5.226984739043041e-06,0.01238303929567337,0.012309404462575913,0.012302248505875468,128
untrained,8,0.5009912252426147,5,3,49,0.010105391412139576,0.010096270225843309,0.00045150673539974534,0.010135620148206244,0.010066171765935664,0.010112181073054671,128
untrained,9,0.28277045488357544,0,0,5,0.09108973374156831,0.09087374713850317,0.001186977749707406,0.09116487503051758,0.09079725667834282,0.09018935076892376,128
untrained,9,0.28277045488357544,0,0,10,0.047712225977792386,0.04760469404483471,0.0011281515698474355,0.047650871053338054,0.04765899255871773,0.046901342459023,128
untrained,9,0.28277045488357544,0,0,20,0.024390986732945114,0.02439944664575593,-0.00017339286054251504,0.02441079244017601,0.02437969986349344,0.024190156953409314,128
untrained,9,0.28277045488357544,0,0,30,0.016402736526715075,0.016389673862613936,0.000398344127365283,0.016397865737477937,0.016394353782137234,0.016233406960964203,128
untrained,9,0.28277045488357544,0,0,40,0.012352900525806166,0.012343064646424588,0.0003982788003053755,0.012341497465968132,0.012354348786175251,0.012166138389147818,128
untrained,9,0.28277045488357544,0,0,49,0.01009968592890091,0.01010520533946297,-0.0002731720002091611,0.010106226923514386,0.010098630828516824,0.009961971431039274,128
untrained,9,0.28277045488357544,0,1,5,0.09102924139994495,0.0908708653835036,0.0008706757749682107,0.09056292697787285,0.09133619517087936,0.09050441440194845,128
untrained,9,0.28277045488357544,0,1,10,0.04761090446076664,0.04764316403621103,-0.0003386687409060248,0.04752441793680191,0.04773176722228527,0.04743814002722502,128
untrained,9,0.28277045488357544,0,1,20,0.024378620480853305,0.02439925335838963,-0.0004229966563098087,0.024348522536456585,0.024429496563971042,0.024439625209197402,128
untrained,9,0.28277045488357544,0,1,30,0.01639077867564389,0.016400479438123762,-0.00029583379954255284,0.016343457003434498,0.016447943324844044,0.016258022747933865,128
untrained,9,0.28277045488357544,0,1,40,0.012349532969434444,0.012345890518506491,0.0001474949773420165,0.012336718197911978,0.01235866118222475,0.01218481408432126,128
untrained,9,0.28277045488357544,0,1,49,0.010100170474044873,0.010102715980253198,-0.0001259971546123968,0.010069552580921017,0.010133318831117786,0.010059306863695383,128
untrained,9,0.28277045488357544,0,2,5,0.09104115408171648,0.09104680792885537,-3.105008742168109e-05,0.09063315242528916,0.09145484566688537,0.08956000674515963,128
untrained,9,0.28277045488357544,0,2,10,0.04770630019962987,0.047654546600632654,0.0005427132909701611,0.047320883348584176,0.048036566004157066,0.04642549902200699,128
untrained,9,0.28277045488357544,0,2,20,0.024404866220817896,0.024397387256725894,0.00015325038413012185,0.024300810508430006,0.024501390382647516,0.02395598078146577,128
untrained,9,0.28277045488357544,0,2,30,0.016390602255976477,0.01640702872795246,-0.0005008432463774834,0.01632573132713636,0.01647213896115621,0.016063882736489177,128
untrained,9,0.28277045488357544,0,2,40,0.01235196466924834,0.012341611590545549,0.00041926202156589143,0.012294451147317887,0.01239900030195713,0.012261960771866143,128
untrained,9,0.28277045488357544,0,2,49,0.01010680742762546,0.010099794530394293,0.00034705970085368025,0.010062769967682508,0.010143874099059981,0.009874441777355969,128
untrained,9,0.28277045488357544,0,3,5,0.09075528795614182,0.09095727656939015,-0.0011115830860382514,0.09104509055614471,0.0906687319278717,0.09143087919801474,128
untrained,9,0.28277045488357544,0,3,10,0.04763607556205928,0.04755446568262542,0.0008573318143367739,0.04750178642570972,0.04768340028822422,0.04814812634140253,128
untrained,9,0.28277045488357544,0,3,20,0.024376409247013456,0.024382407948247586,-0.00012302803019163274,0.024399198591709137,0.024359661154448986,0.02482282230630517,128
untrained,9,0.28277045488357544,0,3,30,0.016397647701408596,0.01638726495374644,0.0003166928572007315,0.016417494043707848,0.01636726694802443,0.016457165824249387,128
untrained,9,0.28277045488357544,0,3,40,0.01234763825349819,0.012341333696254198,0.0002553592452763315,0.012370852287858725,0.01231804359704256,0.012444166117347777,128
untrained,9,0.28277045488357544,0,3,49,0.010098127102133966,0.010101606419807755,-0.00017224572145159138,0.010115334117899135,0.010084378704124567,0.010214079637080431,128
untrained,9,0.28277045488357544,1,0,5,0.09081948328318086,0.09068189422536341,0.0007580606808905212,0.09079577550292015,0.0907047413289547,0.09249741490930319,128
untrained,9,0.28277045488357544,1,0,10,0.04761655075494262,0.04756223421292571,0.0005706790860450924,0.04757180884480476,0.047603413090109827,0.04824779834598303,128
untrained,9,0.28277045488357544,1,0,20,0.024394727522327055,0.02437379676487392,0.00042918578650118753,0.024354805983603,0.024413570016622543,0.02463247301056981,128
untrained,9,0.28277045488357544,1,0,30,0.0163875578825872,0.016390566830762357,-9.179744727255408e-05,0.016359235967199008,0.01641893188158671,0.016654948703944683,128
untrained,9,0.28277045488357544,1,0,40,0.012342159999788585,0.012344372313899545,-8.961623620352992e-05,0.012334711384028196,0.012351848650723696,0.012537625501863658,128
untrained,9,0.28277045488357544,1,0,49,0.010105492913779669,0.010091822155783258,0.0006768601642668616,0.010094890865136166,0.010102506879032875,0.01032753090839833,128
untrained,9,0.28277045488357544,1,1,5,0.09106480475491698,0.09060584758379445,0.0025263143232640067,0.09103256389498711,0.09063522219657898,0.09166105464100838,128
untrained,9,0.28277045488357544,1,1,10,0.0475826869441514,0.047631841600815225,-0.0005162516415768717,0.04754398241639137,0.04767377078533173,0.04782245075330138,128
untrained,9,0.28277045488357544,1,1,20,0.02436445230203384,0.024402785615647272,-0.0007860464371050148,0.024433918111026288,0.02433358859270811,0.024649852188304067,128
untrained,9,0.28277045488357544,1,1,30,0.0163948940424284,0.016386064415839664,0.0002693523009618179,0.01644105079273383,0.016339779645204545,0.01657509128563106,128
untrained,9,0.28277045488357544,1,1,40,0.012349485455411561,0.012337614513648978,0.00048085606559620413,0.012352976854890585,0.012333978898823261,0.012521762633696198,128
untrained,9,0.28277045488357544,1,1,49,0.010103212407953954,0.010096779304090737,0.0003184706189291365,0.010119844608160913,0.01008018661214381,0.010198499425314367,128
untrained,9,0.28277045488357544,1,2,5,0.09074413626448913,0.09084066470957691,-0.000531588792506038,0.0906971625983715,0.09088824167847634,0.09207299258559942,128
untrained,9,0.28277045488357544,1,2,10,0.0476214367410411,0.04756832856936189,0.000557918926530295,0.047716179862618446,0.047470100596547125,0.04813718516379595,128
untrained,9,0.28277045488357544,1,2,20,0.02439532741423576,0.024374781698104114,0.00042127681289168045,0.024375320225954056,0.02439464461058378,0.024600689997896552,128
untrained,9,0.28277045488357544,1,2,30,0.016397085552739794,0.016383735550992054,0.0004072503768312434,0.016387361908952396,0.016393264507253966,0.016581210307776928,128
untrained,9,0.28277045488357544,1,2,40,0.012331772152262273,0.012353188280247666,-0.0008675779749810912,0.012333498243242503,0.01235172115266323,0.012591212755069137,128
untrained,9,0.28277045488357544,1,2,49,0.010097400511123488,0.010100171777886155,-0.00013720791404405087,0.010130656997160035,0.01006689865370186,0.010319774271920323,128
untrained,9,0.28277045488357544,1,3,5,0.09099674224853516,0.09069490358696221,0.0016612687951793324,0.09070070087909698,0.09098905771970749,0.09155119955539703,128
untrained,9,0.28277045488357544,1,3,10,0.04759010024692701,0.04762705295316635,-0.0003880887528877868,0.04777623042464256,0.047443348169326785,0.04780421918258071,128
untrained,9,0.28277045488357544,1,3,20,0.02438218043977871,0.02438723143909771,-0.00010356900205070461,0.02438412345945835,0.02438532467931509,0.024611046072095633,128
untrained,9,0.28277045488357544,1,3,30,0.016400407283049052,0.016382116679048635,0.0005579376383894514,0.016372363517681756,0.01640989345808824,0.016532274428755045,128
untrained,9,0.28277045488357544,1,3,40,0.012344647321176887,0.012344032767563426,2.4892121054184104e-05,0.012369722407311202,0.012318950146436691,0.012453104718588293,128
untrained,9,0.28277045488357544,1,3,49,0.010096283382167906,0.010103864626965539,-0.0003753063984397524,0.010078722649082845,0.010121378895579552,0.010195008595474064,128
untrained,9,0.28277045488357544,2,0,5,0.09082535077940743,0.09077375127662042,0.00028413963616847617,0.09064524322748184,0.09095353186130524,0.09200610406696796,128
untrained,9,0.28277045488357544,2,0,10,0.04754386617985856,0.04762915851783193,-0.0008961818566068841,0.0474815845489502,0.04769703932106495,0.048213773872703314,128
untrained,9,0.28277045488357544,2,0,20,0.024377521241771057,0.02438932153214957,-0.00024197363837916445,0.0243127528578043,0.02445417195558548,0.024661478120833635,128
untrained,9,0.28277045488357544,2,0,30,0.016403450018255706,0.016383013441332556,0.0006233236148728441,0.016359159722924232,0.016427005703250567,0.016415043734014034,128
untrained,9,0.28277045488357544,2,0,40,0.01235128759442228,0.012337651044785953,0.0005523343807950717,0.012322063930332661,0.012366709765046835,0.012449053581804037,128
untrained,9,0.28277045488357544,2,0,49,0.010097818480429671,0.010101078334510957,-0.00016138772879479676,0.010074237551616162,0.01012463981703836,0.010255018598400056,128
untrained,9,0.28277045488357544,2,1,5,0.09081451173098583,0.09088283295957197,-0.0003760166594736186,0.09083142876625061,0.09086634963750839,0.09151112381368876,128
untrained,9,0.28277045488357544,2,1,10,0.04762193949326225,0.04758622674298776,0.0003751017553000933,0.04758949875831604,0.04761632084846497,0.047941789496690035,128
untrained,9,0.28277045488357544,2,1,20,0.024387523004335273,0.024381542316788938,0.0001226328105087112,0.02436834219843149,0.024400680512189864,0.024619545554742217,128
untrained,9,0.28277045488357544,2,1,30,0.01639223149160502,0.016390395849881965,5.599434431773717e-05,0.016425816838939986,0.01635678398112456,0.016521965619176626,128
untrained,9,0.28277045488357544,2,1,40,0.012334300577051321,0.012354602596558276,-0.0008223135456188987,0.012401774432510138,0.01228737412020564,0.012434050790034235,128
untrained,9,0.28277045488357544,2,1,49,0.01010124876079771,0.010099869796317244,6.826178840041674e-05,0.010123829680437945,0.010077297079319857,0.010144787142053246,128
untrained,9,0.28277045488357544,2,2,5,0.09103326377628734,0.09107222764388374,-0.00021396316658175548,0.09130054712295532,0.09080518931150436,0.08947133831679821,128
untrained,9,0.28277045488357544,2,2,10,0.047708557999652366,0.04761472580369966,0.0009843575693982073,0.047841093689203265,0.047476031631231305,0.046828748658299446,128
untrained,9,0.28277045488357544,2,2,20,0.02439463579401456,0.024403276695032467,-0.00017707521852844166,0.02440939173102379,0.02438858188688755,0.02404052810743451,128
untrained,9,0.28277045488357544,2,2,30,0.01640550996990083,0.01639414629162704,0.0003464572367110648,0.016423230494062104,0.01637626054386298,0.016015282832086086,128
untrained,9,0.28277045488357544,2,2,40,0.01235352980378778,0.012345805585913472,0.0003127297861308346,0.012341304775327444,0.012357937451452018,0.012030326295644045,128
untrained,9,0.28277045488357544,2,2,49,0.010101570153576447,0.010105033543464042,-0.00017139891192752564,0.010111361209835325,0.010095221351604072,0.009877443197183311,128
untrained,9,0.28277045488357544,2,3,5,0.09087695415664769,0.09071769625503824,0.0008769966584782401,0.0906452439725399,0.09094841405749321,0.09203172381967306,128
untrained,9,0.28277045488357544,2,3,10,0.04759767382439961,0.0476402152668346,-0.00044668611243359023,0.04755533561110496,0.047685347497463226,0.04759317683055997,128
untrained,9,0.28277045488357544,2,3,20,0.024375850248299274,0.02439738448226609,-0.00044151744466680104,0.024399495869874954,0.024373890087008476,0.024532290641218424,128
untrained,9,0.28277045488357544,2,3,30,0.01637961559517439,0.016404068690305862,-0.0007458922224173898,0.016393418858448663,0.016390621413787207,0.016478776466101408,128
untrained,9,0.28277045488357544,2,3,40,0.012348492845993072,0.01234497171900347,0.00014259347772733837,0.012339402176439761,0.01235401937738061,0.012263138894923031,128
untrained,9,0.28277045488357544,2,3,49,0.010096567821956096,0.010105848006418894,-0.0004593601350044567,0.010101459464248346,0.010100900138519248,0.01008437224663794,128
untrained,9,0.28277045488357544,3,0,5,0.09066393090494024,0.09111600707036367,-0.002486942016023602,0.09108026251196862,0.09070250317454338,0.09108617343008518,128
untrained,9,0.28277045488357544,3,0,10,0.04766105608796595,0.04757916018410512,0.0008598878400907287,0.04772357456386089,0.04751126654446125,0.04765158286318183,128
untrained,9,0.28277045488357544,3,0,20,0.02440065778586735,0.024381626845330948,0.0003901199109449002,0.024523359537124634,0.024258790537714958,0.024356980109587312,128
untrained,9,0.28277045488357544,3,0,30,0.016386138712376923,0.016402012513648312,-0.000484132245257711,0.016431700438261032,0.01635668290158113,0.016348512610420585,128
untrained,9,0.28277045488357544,3,0,40,0.012345079283980147,0.012346935750710279,-7.518490197937775e-05,0.012384804151952266,0.012307233363389968,0.012318494613282382,128
untrained,9,0.28277045488357544,3,0,49,0.010099669757244516,0.010102142765998535,-0.00012241519175825065,0.01013649901261135,0.010065298527479172,0.010111914365552366,128
untrained,9,0.28277045488357544,3,1,5,0.09081241019866751,0.09082667723945949,-7.854609375727349e-05,0.09061149433255196,0.09102768227458,0.09180410299450159,128
untrained,9,0.28277045488357544,3,1,10,0.04756809915587256,0.047638815519047625,-0.000742764991553187,0.04746785946190357,0.047743697091937064,0.0478844465687871,128
untrained,9,0.28277045488357544,3,1,20,0.02438685595754748,0.024381948682668138,0.00010062323477980373,0.024351996928453447,0.02441677302122116,0.024624600308015943,128
untrained,9,0.28277045488357544,3,1,30,0.016384919274432967,0.016395873235236447,-0.00033415790054234417,0.016375586017966272,0.016405366361141205,0.016571444226428866,128
untrained,9,0.28277045488357544,3,1,40,0.01234093311984061,0.012345529531981668,-0.00018619160653754973,0.012334587331861258,0.01235193107277155,0.012539250194095075,128
untrained,9,0.28277045488357544,3,1,49,0.01010876359350141,0.010091177882542395,0.0008705822726763668,0.0100825057193941,0.01011754253080913,0.010197624913416803,128
untrained,9,0.28277045488357544,3,2,5,0.09085532104444204,0.09091913996275908,-0.00035108847504249427,0.09119172170758247,0.0905831441283226,0.09112569782882929,128
untrained,9,0.28277045488357544,3,2,10,0.047599535721998945,0.04768617621614786,-0.0009092705756792496,0.04768135324120522,0.04761004410684109,0.047086022794246674,128
untrained,9,0.28277045488357544,3,2,20,0.024375999189567416,0.024415068704088685,-0.0008007513712473527,0.024437681771814823,0.024353661015629767,0.02417314681224525,128
untrained,9,0.28277045488357544,3,2,30,0.016401707748025973,0.016385674843797937,0.0004889961613326352,0.016417272637287775,0.01636987626552582,0.016385524533689022,128
untrained,9,0.28277045488357544,3,2,40,0.012342567074294144,0.012351289949376626,-0.0003532406895272235,0.012382750120013952,0.012311212811619043,0.012241477845236659,128
untrained,9,0.28277045488357544,3,2,49,0.010101578919521036,0.010102196691278697,-3.057704507963753e-05,0.010124946279185159,0.010078826272974208,0.01001516543328762,128
untrained,9,0.28277045488357544,3,3,5,0.09110060352949226,0.09089701220115519,0.0011186483268949027,0.09107234701514244,0.0909239962697029,0.09001829475164413,128
untrained,9,0.28277045488357544,3,3,10,0.04760817540529181,0.04764384678032391,-0.0003744946743725504,0.047762823104858396,0.0474915400147438,0.04745637392625213,128
untrained,9,0.28277045488357544,3,3,20,0.02438787978807835,0.024405295576949374,-0.0003569308359289444,0.02442235331982374,0.024370945431292056,0.02413403452374041,128
untrained,9,0.28277045488357544,3,3,30,0.01639189427801217,0.016401387215639777,-0.00028947812463218963,0.016416166722774506,0.016377253085374834,0.016197415068745613,128
untrained,9,0.28277045488357544,3,3,40,0.012350076929577352,0.012345744854048475,0.00017541734657214122,0.01238661278039217,0.012309156823903322,0.012169219553470612,128
untrained,9,0.28277045488357544,3,3,49,0.010105994461833391,0.010099170297470313,0.0003377435642833706,0.010125529857314363,0.010079676323399251,0.009944900404661894,128
untrained,9,0.28277045488357544,4,0,5,0.09081189212559154,0.09068452497446759,0.0007017612422234789,0.09057909473776818,0.09091652184724808,0.09252191334962845,128
untrained,9,0.28277045488357544,4,0,10,0.047560134061602845,0.047585288100927804,-0.000264374667251211,0.04731549397110939,0.04783157594501972,0.048529292456805706,128
untrained,9,0.28277045488357544,4,0,20,0.02436344516643101,0.024389409205079357,-0.0005325644822754883,0.024288448318839074,0.024464588426053525,0.024939260678365827,128
untrained,9,0.28277045488357544,4,0,30,0.01639177141431522,0.01638778989075146,0.00012146360125402388,0.016353800892829895,0.01642570284505685,0.016614897409453988,128
untrained,9,0.28277045488357544,4,0,40,0.012341365931108565,0.012345121524270461,-0.00015213153222109246,0.012315948214381933,0.012370585091412067,0.012538686860352755,128
untrained,9,0.28277045488357544,4,0,49,0.010097168969276779,0.010102510987698822,-0.00026446054755111935,0.010106140481574195,0.010093506957803453,0.010217267321422696,128
untrained,9,0.28277045488357544,4,1,5,0.09098601266273162,0.09076367550014709,0.001223315235534582,0.09040406420826912,0.09134423658251763,0.09125849604606628,128
untrained,9,0.28277045488357544,4,1,10,0.047568644169580974,0.047632826737993975,-0.0006741762264853736,0.047593149915337564,0.047612530365586284,0.047943183686584234,128
untrained,9,0.28277045488357544,4,1,20,0.02437300273135926,0.024388858382326396,-0.00032516500815759925,0.02430018726736307,0.0244617847725749,0.02476055920124054,128
untrained,9,0.28277045488357544,4,1,30,0.01639368581973473,0.016387607649856036,0.00018541580380734582,0.016330657775203386,0.01645054705440998,0.0165638686157763,128
untrained,9,0.28277045488357544,4,1,40,0.012347137659328546,0.012341563741197369,0.00022576797542022694,0.01234025526791811,0.012348378356546164,0.012454639305360615,128
untrained,9,0.28277045488357544,4,1,49,0.010098646484350817,0.01010166852949214,-0.0001496038620735618,0.010091815371902622,0.010108481408381949,0.010185452061705291,128
untrained,9,0.28277045488357544,4,2,5,0.09088908951237516,0.09089418449757262,-2.8027799725708478e-05,0.091139767318964,0.09064353927969933,0.0910834725946188,128
untrained,9,0.28277045488357544,4,2,10,0.04754547929285362,0.047658617545432706,-0.001188375882290828,0.04768342487514019,0.04752809815108776,0.047884775791317225,128
untrained,9,0.28277045488357544,4,2,20,0.024388683958376234,0.024385812025462313,5.8881857329985996e-05,0.02448404524475336,0.024290430918335916,0.024510475108399987,128
untrained,9,0.28277045488357544,4,2,30,0.016402657389892838,0.016384553982736638,0.0005521484261012829,0.01644548438489437,0.01634146235883236,0.016391596058383584,128
untrained,9,0.28277045488357544,4,2,40,0.012335368039910621,0.012354164775022436,-0.0007613240498291119,0.012389623746275901,0.012300136126577854,0.012409586692228913,128
untrained,9,0.28277045488357544,4,2,49,0.010095061288582731,0.010108429688767894,-0.0006616876360371395,0.01012463076990478,0.01007877845241099,0.010032933088950813,128
untrained,9,0.28277045488357544,4,3,5,0.09077986231390035,0.09090618983558986,-0.0006953066577992993,0.09044287651777268,0.09124396443367004,0.09156579244881868,128
untrained,9,0.28277045488357544,4,3,10,0.0477076637306341,0.047612098654693874,0.0010025735854533812,0.047310822457075116,0.04800266623497009,0.04686510283499956,128
untrained,9,0.28277045488357544,4,3,20,0.024405406648769425,0.024380977436772977,0.0005007383197966159,0.02431323230266571,0.024472979828715324,0.024275757372379303,128
untrained,9,0.28277045488357544,4,3,30,0.01639110706825337,0.016398016187444606,-0.00021071375215330813,0.016301536560058595,0.016487686584393185,0.01632328424602747,128
untrained,9,0.28277045488357544,4,3,40,0.012338871067811868,0.012356263981137853,-0.0007043052524638635,0.012301314156502485,0.012394031230360269,0.012186181033030152,128
untrained,9,0.28277045488357544,4,3,49,0.010092579770579391,0.010111239157619483,-0.0009235574277061474,0.010074158256151239,0.010129546860651093,0.01001842599362135,128
untrained,9,0.28277045488357544,5,0,5,0.09097467278534511,0.09065804792487103,0.001743214874689317,0.09089654758572578,0.09073419645428657,0.0918462872505188,128
untrained,9,0.28277045488357544,5,0,10,0.04766323614279961,0.04754911419932793,0.0011986044148726855,0.04755032658576965,0.04765453413128853,0.04795139888301492,128
untrained,9,0.28277045488357544,5,0,20,0.024379223186513928,0.02439404939661847,-0.00030398226977632373,0.02431778274476528,0.024455594085156917,0.02453247387893498,128
untrained,9,0.28277045488357544,5,0,30,0.016407018484071244,0.016377202294445625,0.0009094676925872825,0.016374947627385457,0.016408837462464968,0.016486441949382424,128
untrained,9,0.28277045488357544,5,0,40,0.012334520140859439,0.012354954289267396,-0.0008276461479550787,0.012330116145312786,0.012359605450183154,0.012411137809976935,128
untrained,9,0.28277045488357544,5,0,49,0.010098440786926947,0.010103157020204144,-0.0002334584284861861,0.010064169688492405,0.010137399544521255,0.01012309780344367,128
untrained,9,0.28277045488357544,5,1,5,0.09102804180960986,0.09073575609219,0.0016080524328400748,0.09165739864110947,0.0901045709848404,0.09119016211479902,128
untrained,9,0.28277045488357544,5,1,10,0.04761617957150258,0.047623918902489445,-8.126126611360822e-05,0.0481185220181942,0.047122083604335785,0.04759393399581313,128
untrained,9,0.28277045488357544,5,1,20,0.02439086536644576,0.02439112215656195,-5.264035543077008e-06,0.024636101350188254,0.024145888164639473,0.02436021831817925,128
untrained,9,0.28277045488357544,5,1,30,0.016392693333091495,0.016392787256769577,-2.86479491497038e-06,0.016594399139285086,0.016191082323590913,0.016435553319752216,128
untrained,9,0.28277045488357544,5,1,40,0.01234445377695273,0.012346443546549872,-8.05871723085365e-05,0.012457701284438372,0.012233219761401414,0.012363153975456953,128
untrained,9,0.28277045488357544,5,1,49,0.010095298951476954,0.010105514511069235,-0.00050570040710074,0.010192761007620364,0.01000799086629128,0.010163178900256753,128
untrained,9,0.28277045488357544,5,2,5,0.09094407573436042,0.09106055549953294,-0.0006399824245252177,0.09114165753126144,0.09086370468139648,0.08997319545596838,128
untrained,9,0.28277045488357544,5,2,10,0.04765335413125845,0.04767977911705845,-0.0002771857474871213,0.04769187569618225,0.047642994299530984,0.04665131401270628,128
untrained,9,0.28277045488357544,5,2,20,0.024381341003790136,0.02440511394231425,-0.0004872856318396086,0.02446679212152958,0.024319830164313317,0.024267556378617883,128
untrained,9,0.28277045488357544,5,2,30,0.01640738127851587,0.0163816869626055,0.0007836244604645305,0.01643717127541701,0.01635152238110701,0.01633918727748096,128
untrained,9,0.28277045488357544,5,2,40,0.01233664978724216,0.012356805046844188,-0.0008162186999200335,0.012322701420634985,0.01237099850550294,0.012252042652107775,128
untrained,9,0.28277045488357544,5,2,49,0.010105088395664317,0.010099683467264087,0.0002675075193439774,0.010103976392016118,0.010100828445687587,0.009964572731405497,128
untrained,9,0.28277045488357544,5,3,5,0.09093336114343607,0.09063020848339388,0.0016696777919909408,0.090814208984375,0.09074746668338776,0.09219162445515394,128
untrained,9,0.28277045488357544,5,3,10,0.04762054526287576,0.04758717797019265,0.00035046833964383025,0.047660406306385995,0.04754512570798397,0.047944659832865,128
untrained,9,0.28277045488357544,5,3,20,0.024376488407234054,0.02439067639335354,-0.0002909331755744206,0.02448750417679548,0.02427976056933403,0.024654703913256526,128
untrained,9,0.28277045488357544,5,3,30,0.016382724487756323,0.016396865218082247,-0.0004313882648437772,0.016444601491093634,0.016335195178786913,0.016606107354164124,128
untrained,9,0.28277045488357544,5,3,40,0.012350365784668837,0.012338192202510267,0.0004930859941029797,0.012389884050935506,0.012298526335507631,0.012463576276786625,128
untrained,9,0.28277045488357544,5,3,49,0.01009276498894306,0.01010822614951894,-0.0007653664351981932,0.010140428281560237,0.010060469030725713,0.010156020289286971,128
