model_type,pool_index,layer,key_task,is_self,attention,input_attention,output_attention,same_attention,different_attention
trained,0,0,0,False,0.008121526261675172,0.0005310702458700689,0.007590456058096606,0.008401455330675926,0.007794151587759035
trained,0,0,1,False,0.006696949581964873,0.0006951799896341981,0.006001769477734342,0.006861103670810586,0.006516648918298669
trained,0,0,2,False,0.007322922952880617,0.000767578576642336,0.006555344531079754,0.0073292631535760815,0.007316967112604867
trained,0,0,3,False,0.007757508057693485,0.000981585428917242,0.006775922563974746,0.008048427107573395,0.007395135261232784
trained,0,0,4,False,0.008385379769606516,0.0008129225277571095,0.007572457179776393,0.008033492512543473,0.0086678807479395
trained,0,0,5,False,0.009306389794801362,0.001133107498390018,0.008173282352800015,0.009543745368441095,0.00904568803084434
trained,0,0,6,False,0.009528972776024602,0.0009104229875447345,0.008618549836683087,0.009635409711336251,0.009422535920748487
trained,0,0,7,False,0.01027635890932288,0.001086901320832112,0.009189457632601261,0.010658912073053858,0.009842798757987718
trained,0,0,8,False,0.011360901044099592,0.0011391241655474005,0.010221776959951967,0.011196741679062447,0.011535651380977324
trained,0,0,9,False,0.011874568808707409,0.0010937384895441937,0.010780830314615741,0.01249302199141959,0.011345746549035328
trained,0,0,10,False,0.011752221354981884,0.001013730831346038,0.010738490571384318,0.011919483214754749,0.01163016536549942
trained,0,0,11,False,0.012805346137611195,0.0015047691811105324,0.011300576850771904,0.013290919584490484,0.012390145546068316
trained,0,0,12,False,0.013991408020956442,0.001390724713473901,0.012600683083292097,0.014150269690956643,0.013816920658726185
trained,0,0,13,False,0.014691515563754365,0.0015179340111899364,0.013173581595765427,0.014573900945833884,0.01480913010891527
trained,0,0,14,False,0.014881088107358664,0.0015988083346201165,0.013282279716804624,0.014024518164140838,0.01554730927778615
trained,0,0,15,False,0.014942847396014258,0.001368150059988693,0.013574697193689644,0.015301583118030222,0.014645609339433057
trained,0,0,16,False,0.014936468156520277,0.0012367003591862158,0.013699767761863768,0.014999086241004989,0.014873850101139396
trained,0,0,17,False,0.015526811213931069,0.00113021624679277,0.014396595099242404,0.015057945688223016,0.01591529968593802
trained,0,0,18,False,0.016413626755820587,0.0014870379386593413,0.014926588773960248,0.016412415413250184,0.016414630093744824
trained,0,0,19,False,0.016570005100220442,0.0014996318877820158,0.015070373425260186,0.01614160546887433,0.0169984050153289
trained,0,0,20,False,0.017558204126544297,0.0019859151952914544,0.015572289092233405,0.017807071316329873,0.017276154768963655
trained,0,0,21,False,0.017737711692461744,0.0016122241231641965,0.016125487396493554,0.017992403416428715,0.01748301976476796
trained,0,0,22,False,0.01856772488099523,0.0014400734676200955,0.017127651546616107,0.018312860610744643,0.018807142577839622
trained,0,0,23,False,0.020320900453953072,0.0017223266181645158,0.01859857395174913,0.01978655284843766,0.020686506710358356
trained,0,0,24,False,0.020251282316166908,0.0018455760027791257,0.018405706417979673,0.02000791527744797,0.020487161181294
trained,0,0,25,False,0.01907093051704578,0.001426598643320176,0.01764433170319535,0.01868736824641625,0.01940936743117431
trained,0,0,26,False,0.01958777371328324,0.001774746619958023,0.017813026992371306,0.02001859282777793,0.01908393453617217
trained,0,0,27,False,0.0198612027161289,0.0018151282447433914,0.018046074255835265,0.019500735269061154,0.020296249410201764
trained,0,0,28,False,0.020264978607883677,0.0016792384485597722,0.0185857402975671,0.021324564060517425,0.019387036455529076
trained,0,0,29,False,0.020706419280031696,0.0019316492762300186,0.018774769589072093,0.021687539915243786,0.019918758448370745
trained,0,0,30,False,0.021437830262584612,0.001416570957417207,0.020021259173518047,0.02206944905478379,0.020914489163884095
trained,0,0,31,False,0.022764693159842864,0.0025662791904323967,0.02019841381115839,0.024075924167557366,0.021493807606972178
trained,0,0,32,False,0.020760441315360367,0.001391158732076292,0.01936928296345286,0.020436949233579284,0.02112706598515312
trained,0,0,33,False,0.023522993607912213,0.002202806894274545,0.02132018655538559,0.02340164475265096,0.023633475206903558
trained,0,0,34,False,0.022775449499022216,0.0016813035795166797,0.021094145893584937,0.022376594366505742,0.023174304253188893
trained,0,0,35,False,0.02226091828197241,0.0021413830181700177,0.020119535154663026,0.021975488853499744,0.02256476278266599
trained,0,0,36,False,0.02276723535032943,0.0021869224251531705,0.020580312906531617,0.024687095949391148,0.021410533860325813
trained,0,0,37,False,0.02357395621947944,0.0016781861572781054,0.021895769983530045,0.02523285987191513,0.022063610713873336
trained,0,0,38,False,0.024059097399003804,0.0019418834683619934,0.02211721384082921,0.02436753027141094,0.023740873095535096
trained,0,0,39,False,0.02344112185528502,0.0019467287834231684,0.02149439341155812,0.023590092418285517,0.023287422275022854
trained,0,0,40,False,0.02357363939518109,0.0020220506376062986,0.021551588841248304,0.023259654497871034,0.024063455648720266
trained,0,0,41,False,0.023441293684300035,0.0015871939867793117,0.021854100050404668,0.022806514159474572,0.024231984198354838
trained,0,0,42,False,0.022080830996856093,0.0014806654985477508,0.02060016558971256,0.021609507216993028,0.02248384738745897
trained,0,0,43,False,0.022868969303090125,0.002330851199985773,0.020538118318654597,0.02325716123370261,0.022547325172594616
trained,0,0,44,False,0.02103944288683124,0.00211499877514143,0.01892444462282583,0.019716054695891216,0.022362832125509158
trained,0,0,45,False,0.020674636180046946,0.002753823702732916,0.01792081235907972,0.0218320518865117,0.01977442360172669
trained,0,0,46,False,0.0201040567480959,0.001943626403772214,0.01816043013241142,0.02045445240695368,0.019840059750904776
trained,0,0,47,False,0.022227525885682553,0.0026288976514479145,0.019598628336098045,0.022683953925494167,0.021785141842869612
trained,0,0,48,False,0.01948380784597248,0.0022869625581734,0.017196845030412078,0.019404898161318764,0.019570478711460455
trained,0,0,49,True,0.14607211959082633,0.14607211959082633,0.0,nan,nan
trained,0,1,0,False,0.1432970224705059,0.009301068810600555,0.13399595494411187,0.14539335803061293,0.14084538024992257
trained,0,1,1,False,0.016214128147112206,0.009819351012993138,0.006394776926754275,0.01802561740710664,0.014224458806460998
trained,0,1,2,False,0.014014622298418544,0.00910540389122616,0.004909218559987494,0.01584616681981471,0.012294080559954498
trained,0,1,3,False,0.014627731579821557,0.010196565615842701,0.004431166051290347,0.01677038885233268,0.011958807625137922
trained,0,1,4,False,0.013282526604598388,0.009239459588570753,0.0040430669687339105,0.01611474381040847,0.011008774756755628
trained,0,1,5,False,0.013146908808266744,0.009064861804290558,0.004082047064002836,0.015149904109203994,0.010946897652427682
trained,0,1,6,False,0.013329799912753515,0.009400976705364883,0.003928823277419724,0.01430758043716196,0.012352019606623799
trained,0,1,7,False,0.013238111903774552,0.009305170762672788,0.003932940882805269,0.014369420960600322,0.011955961088339488
trained,0,1,8,False,0.013914046707213856,0.00997307805937453,0.003940968541428447,0.015907484868710693,0.011791999759753384
trained,0,1,9,False,0.012791490167728625,0.008843026149406796,0.003948464026507281,0.014096553437411785,0.011675566799290802
trained,0,1,10,False,0.012994434277061373,0.008840634383886936,0.0041537998395142495,0.014449059230240958,0.011932951184241352
trained,0,1,11,False,0.013612619455670938,0.009480687333052629,0.0041319317342640716,0.014722599569013563,0.012663505782467731
trained,0,1,12,False,0.013547184455092065,0.009399450133059872,0.004147734337493603,0.015710801497769,0.011170752766374192
trained,0,1,13,False,0.013766390009550378,0.009216339462000178,0.004550050573016051,0.015590000650263391,0.01194277938338928
trained,0,1,14,False,0.014476501295575872,0.010235839865345042,0.004240661382937105,0.01620955439284444,0.013128570888915824
trained,0,1,15,False,0.014383367029950023,0.010025368501374032,0.004357998477644287,0.017201681942518414,0.012048191763460635
trained,0,1,16,False,0.015008969799964689,0.010278676945745246,0.004730292955173354,0.016713444812921807,0.013304494685144164
trained,0,1,17,False,0.013980060277390294,0.009475729244513786,0.004504330838244641,0.014995259770738154,0.013138894670243775
trained,0,1,18,False,0.014110995733062737,0.009264296984838438,0.004846698848268716,0.015632700905653423,0.012850154217864786
trained,0,1,19,False,0.015252437820890918,0.010414351458166493,0.004838086336349079,0.017233151083928533,0.013271725227241404
trained,0,1,20,False,0.015467668941710144,0.01073087340046186,0.004736795511234959,0.016773806186392903,0.013987379955748717
trained,0,1,21,False,0.015068119915667921,0.009864922754786676,0.005203197216360422,0.01705378964834381,0.013082450386718847
trained,0,1,22,False,0.014198084842064418,0.009292283168178983,0.004905801570203039,0.01618028726548918,0.012336015701293944
trained,0,1,23,False,0.014948305091820657,0.009234977227606578,0.005713328047932009,0.01585626174122668,0.014327071925723238
trained,0,1,24,False,0.015251368604367599,0.009604336508346023,0.0056470318622814375,0.016787656915507147,0.013762350394748723
trained,0,1,25,False,0.014954076366848312,0.00954238902158977,0.005411687599917059,0.017922122202192744,0.012335212483509059
trained,0,1,26,False,0.017045128653990105,0.011198635595064843,0.005846493240824202,0.018145451133233913,0.0157583108708515
trained,0,1,27,False,0.016638041415717453,0.010285133499564836,0.006352907881591818,0.018838211494897093,0.013982663637605206
trained,0,1,28,False,0.01557166880229488,0.009596990917998482,0.005974677840640652,0.017123948686338705,0.014285494333931378
trained,0,1,29,False,0.015534446662059054,0.009844618974966579,0.005689827620699361,0.01725534544113958,0.014152879931662284
trained,0,1,30,False,0.016151879681274295,0.010441923044709256,0.005709956621103629,0.01742675720617689,0.01509555277547666
trained,0,1,31,False,0.018596555601106957,0.011769707347411895,0.006826848198215885,0.021628183652720755,0.01565820835530758
trained,0,1,32,False,0.018112130725057796,0.011829566905362299,0.0062825637332935,0.019704382510527092,0.01630757825138668
trained,0,1,33,False,0.016392346267821267,0.010199043299508048,0.006193303146574181,0.018407653162225347,0.014557515396111047
trained,0,1,34,False,0.01647700709872879,0.010005056028603576,0.00647195081000973,0.017798957152990624,0.015155056986259297
trained,0,1,35,False,0.01648307972936891,0.010259479171509156,0.00622360069246497,0.018165312721535112,0.014692315771695108
trained,0,1,36,False,0.016759203048422933,0.010511945463804295,0.006247257430004538,0.019288895282683505,0.014971553670863311
trained,0,1,37,False,0.018256864306749776,0.011510525655467063,0.00674633840117167,0.020321452471076463,0.01637716435674411
trained,0,1,38,False,0.016303578566294163,0.010241626827337313,0.0060619516734732315,0.017444697509591395,0.015126233506533835
trained,0,1,39,False,0.01785459934035316,0.010451804842887213,0.007402794351946795,0.019247782029784645,0.016417188688166558
trained,0,1,40,False,0.018089127348503098,0.011034025810658932,0.007055101508740336,0.018433051374860298,0.017552606258541346
trained,0,1,41,False,0.017776161228539422,0.010717437377024908,0.007058723920636112,0.01913541450466908,0.016083056638180687
trained,0,1,42,False,0.017104550264775753,0.010353923535149079,0.006750626598659437,0.019245470384672538,0.015273908747063168
trained,0,1,43,False,0.0197351464885287,0.012184857994725462,0.007550288337370148,0.021589113174584406,0.018199002689548903
trained,0,1,44,False,0.018289331084815785,0.011332032590871677,0.0069572984439219,0.019767976133152843,0.016810685716336593
trained,0,1,45,False,0.019846488517941907,0.011744043127691839,0.008102445422991877,0.022900589908074056,0.017471076273876757
trained,0,1,46,False,0.019445020734565333,0.011969334500463447,0.007475686350517208,0.02144589884714647,0.017937510210561426
trained,0,1,47,False,0.020135043159825727,0.012162716106104199,0.007972327033712645,0.021422893695888064,0.018886818306950423
trained,0,1,48,False,0.01912980928318575,0.011938503703277092,0.00719130554352887,0.020629859793542038,0.01748221277518839
trained,0,1,49,True,0.09539581573335454,0.09539581573335454,0.0,nan,nan
trained,0,2,0,False,0.00672228562325472,0.0008308688005342901,0.005891416847589426,0.0069371541030704975,0.006470998749136925
trained,0,2,1,False,0.003058570358916768,0.0013821729513097125,0.0016763975072535686,0.003215031162314395,0.0028867200799439037
trained,0,2,2,False,0.002958149617370509,0.0012872267864167952,0.0016709228530089604,0.0028528979511916516,0.0030570224714183223
trained,0,2,3,False,0.0031596428798366105,0.0013606829340915283,0.0017989599527936662,0.00346090501210403,0.002784386499051675
trained,0,2,4,False,0.00396783333417261,0.0020466632283842046,0.0019211702692700783,0.0035248816466743223,0.004323442676432536
trained,0,2,5,False,0.0035277690330985934,0.0014472115545345332,0.002080557516819681,0.0035936417659299807,0.0034554169654510305
trained,0,2,6,False,0.00387141061037255,0.0015682514693367011,0.0023031591590552125,0.0037325545599742327,0.004010266541172314
trained,0,2,7,False,0.0039338722854154184,0.0016700890771232935,0.002263783231683192,0.003525477519039722,0.004396719805663452
trained,0,2,8,False,0.004513483145274222,0.0019051765747519767,0.002608306644106051,0.0034796786582746517,0.005613984730688014
trained,0,2,9,False,0.00569842207187321,0.0026704296398065708,0.0030279923958005384,0.004830701908065101,0.006440385842047955
trained,0,2,10,False,0.0051072744390694425,0.0020603478635621286,0.0030469265948340762,0.003952339703337876,0.005950064712984337
trained,0,2,11,False,0.005488555609190371,0.0018782540708457418,0.003610301373555558,0.00506467203031515,0.005851006786595436
trained,0,2,12,False,0.005901022246689536,0.002560325532783736,0.003340696719533298,0.00573992094984139,0.006077969920073377
trained,0,2,13,False,0.005326756381691666,0.0018718614884392082,0.0034548950388852973,0.00467644799118716,0.005977064785838593
trained,0,2,14,False,0.006120818405179307,0.0019936891530960565,0.0041271291265729815,0.006181237560148085,0.006073825701605529
trained,0,2,15,False,0.0076653835421893746,0.0028070316595858458,0.004858351705479436,0.006441434612497687,0.008679512356008803
trained,0,2,16,False,0.006510530525702052,0.0021196698651237966,0.0043908606603508815,0.00581982408039039,0.007201236903711106
trained,0,2,17,False,0.00772779935869039,0.002404056708542157,0.005323742603650317,0.00764274957252602,0.007798269164881536
trained,0,2,18,False,0.008360410800378304,0.0026164352025261906,0.005743975496443454,0.008176821219766962,0.00851252768188715
trained,0,2,19,False,0.008422014776442666,0.002757572672180686,0.005664442098350264,0.0074151845001324546,0.009428845354705118
trained,0,2,20,False,0.008922308064938989,0.0024628746912185306,0.006459433483541943,0.007762853665660848,0.010236356834260127
trained,0,2,21,False,0.009616789437131956,0.0026538238544162596,0.006962965686398093,0.008846563519909978,0.010387015659944154
trained,0,2,22,False,0.009872218462987803,0.0024386848267567984,0.007433533559378702,0.009327200248897556,0.010384205136109484
trained,0,2,23,False,0.009845992615737487,0.0029048074934507895,0.006941185129107907,0.009959909572409322,0.009768049459365245
trained,0,2,24,False,0.010812373948283494,0.002611822192193358,0.008200551761547104,0.009342202443688635,0.012237309528371463
trained,0,2,25,False,0.0124087389849592,0.003294606588951865,0.009114132306422107,0.010252846567891537,0.014310996948659201
trained,0,2,26,False,0.012986973102670163,0.003141788763969089,0.009845184002188034,0.01232688936094443,0.013758934560721204
trained,0,2,27,False,0.01449315741774626,0.003702015127601044,0.010791142442030832,0.013190371463341373,0.016065485502496875
trained,0,2,28,False,0.01578819946735166,0.004563372138818522,0.011224827205296606,0.013987065742498842,0.01728056733097349
trained,0,2,29,False,0.014945627917768434,0.003236758297589404,0.011708869598805904,0.01430594655603432,0.015459174854339848
trained,0,2,30,False,0.01724959517014213,0.0034389158581689117,0.01381067928741686,0.01597159917883832,0.018308506081146852
trained,0,2,31,False,0.016448196765850298,0.0032495147088411613,0.013198682048823684,0.017216462035855605,0.015703570162161038
trained,0,2,32,False,0.018256956478580832,0.0031490158653468825,0.015107940518646501,0.018449670018847376,0.018038547799612083
trained,0,2,33,False,0.021650267066434026,0.004334218609074014,0.017316048790235072,0.019983074795760093,0.02316815907886224
trained,0,2,34,False,0.01821758363803383,0.0038128225969558116,0.014404761415789835,0.017925968961208127,0.018509198882384226
trained,0,2,35,False,0.021663035731762648,0.004646569805117906,0.01701646580477245,0.01961687980501941,0.023841201297698483
trained,0,2,36,False,0.02100957476068288,0.0029213959378466825,0.01808817868004553,0.017999303597464877,0.02313683234155178
trained,0,2,37,False,0.022199982224265113,0.0039911497060529655,0.018208832712844014,0.02166766432098678,0.022684630173355785
trained,0,2,38,False,0.025734108523465693,0.004240711816237308,0.02149339677998796,0.02397109462091556,0.027553091239598062
trained,0,2,39,False,0.02241258956200909,0.0043142721533513395,0.018098317785188556,0.02135311819326419,0.02350569569638797
trained,0,2,40,False,0.028155433188658208,0.00434584991671727,0.02380958353751339,0.028311526307310812,0.027911927737295623
trained,0,2,41,False,0.027533844229765236,0.005209139813814545,0.022324704623315483,0.02812846959896491,0.02679317091640673
trained,0,2,42,False,0.026703655545134097,0.004733586951260804,0.021970068686641753,0.02323499945450132,0.029669608164956604
trained,0,2,43,False,0.02946291700936854,0.005286706589686219,0.024176210339646786,0.03157663827055487,0.02771154809743166
trained,0,2,44,False,0.030509893607813865,0.004905167894321494,0.02560472523327917,0.030505713453749195,0.030514073121594265
trained,0,2,45,False,0.029662952234502882,0.006187569455505582,0.02347538192407228,0.02989537388618503,0.029482178803947236
trained,0,2,46,False,0.033735226723365486,0.005155144663149258,0.02858008144539781,0.03326047267764807,0.034092917221866234
trained,0,2,47,False,0.03386652219342068,0.008075011439359514,0.025791510241106153,0.03194923522985644,0.035724814780629596
trained,0,2,48,False,0.03063744871178642,0.006010926448652754,0.024626522121252492,0.028958710244120056,0.032481309057014886
trained,0,2,49,True,0.2971558346034726,0.2971558346034726,0.0,nan,nan
trained,0,3,0,False,0.020110806901357137,0.006041913315129932,0.014068893551666406,0.022852367827790265,0.016904574471636343
trained,0,3,1,False,0.012422769024851732,0.008154000264767092,0.004268768696420011,0.014286566374531543,0.010375647248364372
trained,0,3,2,False,0.012006741599179804,0.007924968733277638,0.004081772807694506,0.014330934614859403,0.009823408852698225
trained,0,3,3,False,0.0146989775748807,0.010638386129357968,0.004060591516463319,0.01708156707808113,0.011731190970494297
trained,0,3,4,False,0.013335940690012649,0.009152735525276512,0.004183205168374116,0.014738301814966753,0.012210101499156632
trained,0,3,5,False,0.014777501215576194,0.010629229684127495,0.0041482714950689115,0.01500365808658274,0.014529099497089132
trained,0,3,6,False,0.014043417468201369,0.009978972884709947,0.004064444470714079,0.015394612981253886,0.01269222226983402
trained,0,3,7,False,0.015984317287802696,0.011444714793469757,0.004539602692602784,0.016498798889669535,0.015401238327225049
trained,0,3,8,False,0.015329201356507838,0.010501583135919645,0.004827618246054044,0.019040319677018983,0.011378656066353283
trained,0,3,9,False,0.014085349917877465,0.009477620362304151,0.004607729459166876,0.015848982893719762,0.012577315751949081
trained,0,3,10,False,0.016454655007692054,0.011387624086637516,0.005067030979262199,0.01869670074665919,0.014818567468004452
trained,0,3,11,False,0.016078579355962574,0.011196873827429954,0.0048817053884704364,0.01874804734528633,0.013795990429386711
trained,0,3,12,False,0.01966252620331943,0.014586104611225892,0.005076421173725976,0.020845819017919362,0.01836284350023651
trained,0,3,13,False,0.015824987582163885,0.010028883334598504,0.0057961040383816,0.018279627938682097,0.013370347369345836
trained,0,3,14,False,0.01676414714893326,0.011434611456934363,0.005329535710188793,0.0176104364665142,0.016105922314131424
trained,0,3,15,False,0.017855285259429365,0.012364995665848255,0.005490289138833759,0.021742357707839333,0.014634567445942333
trained,0,3,16,False,0.018042521871393546,0.012245633319253102,0.005796888704935554,0.02081576810178376,0.015269276460458059
trained,0,3,17,False,0.017291091760853305,0.011496318176796194,0.005794773784145946,0.022774345069874784,0.012747824404920852
trained,0,3,18,False,0.019906152709154412,0.01392182293056976,0.005984329698549118,0.024330251159222698,0.016240471308784827
trained,0,3,19,False,0.01974230128689669,0.013523514891858213,0.006218786478711991,0.02352031044938485,0.01596429228084162
trained,0,3,20,False,0.02106269440264441,0.014978171762777492,0.0060845224288641475,0.024641023246872732,0.01700725451422234
trained,0,3,21,False,0.01911206693330314,0.012877745160949416,0.006234321597730741,0.020924111013300717,0.01730002206750214
trained,0,3,22,False,0.01951876250677742,0.013177548011299223,0.006341214320855215,0.023256628071859242,0.01600743428041989
trained,0,3,23,False,0.018677348707569763,0.011951806387514807,0.00672554236734868,0.02159727221945874,0.016679506442558608
trained,0,3,24,False,0.01867576368385926,0.012087436145520769,0.006588327432837104,0.019638032582218922,0.017743103206157684
trained,0,3,25,False,0.020381691807415336,0.01390994180837879,0.006471749951742822,0.023559500061674045,0.01757774326731177
trained,0,3,26,False,0.020770626928424463,0.014227710664272308,0.00654291624596226,0.023730006440124216,0.01730965764530129
trained,0,3,27,False,0.02147647726815194,0.014787421605433337,0.006689055993774673,0.024477702545534285,0.017854309391936867
trained,0,3,28,False,0.02280154832988046,0.01583673761342652,0.006964810316276271,0.02673418151519807,0.0195430802048317
trained,0,3,29,False,0.022146338189486414,0.015158902679104358,0.00698743565226323,0.027156536087491794,0.018124066712990612
trained,0,3,30,False,0.021134869050001726,0.014281465140811633,0.00685340391646605,0.025405279027522897,0.01759652911818453
trained,0,3,31,False,0.022381099493941292,0.01503561651770724,0.007345483099925332,0.026192945106664582,0.018686541599723012
trained,0,3,32,False,0.022587611369090155,0.015433012493303977,0.00715459862476564,0.025871490649639298,0.018865881410116952
trained,0,3,33,False,0.02116406592540443,0.013927735199104063,0.007236331086460268,0.02470228724853426,0.017942701285677168
trained,0,3,34,False,0.022491193347377703,0.015312197501771152,0.007178995874710381,0.024885066100978293,0.020097321263165213
trained,0,3,35,False,0.022198860038770363,0.014718197344336659,0.007480662367015611,0.025711652632294732,0.018459435041633346
trained,0,3,36,False,0.023228764272062108,0.01578048394731013,0.007448280088283354,0.02788736152172721,0.019936688418189685
trained,0,3,37,False,0.022155950602609664,0.014442421117564663,0.00771352960873628,0.027474481711683214,0.017313706785885254
trained,0,3,38,False,0.020343843032605946,0.012905309806228615,0.0074385330772202,0.023189670936419413,0.017407671474511662
trained,0,3,39,False,0.023578527296194807,0.01581685757264495,0.0077616698799829464,0.02695016023129798,0.020099859019475322
trained,0,3,40,False,0.022895391914062202,0.015210225217742845,0.007685166936425958,0.026572375134445533,0.017159298704937098
trained,0,3,41,False,0.023346192319877446,0.015887624947936274,0.007458567321009468,0.027678088226001443,0.017950321449653098
trained,0,3,42,False,0.0226673275756184,0.015092023881152272,0.007575303436169634,0.02712664817818993,0.018854284200115482
trained,0,3,43,False,0.02234387764474377,0.01445251191034913,0.007891365501563996,0.027835078938896286,0.017794025343443667
trained,0,3,44,False,0.026583168568322435,0.01893276150804013,0.0076504068420035765,0.029249395531223854,0.023916941267088987
trained,0,3,45,False,0.021961699705570936,0.014539537573000416,0.007422162281727651,0.025131815316854045,0.019496054543803137
trained,0,3,46,False,0.025260259892093018,0.01725064510537777,0.00800961520508281,0.030567297241015534,0.021261807199414465
trained,0,3,47,False,0.023202583426609635,0.015240819280734286,0.007961763833009172,0.02677953327887706,0.019735692942944857
trained,0,3,48,False,0.023373433330561966,0.015813768870430067,0.007559664350992534,0.027375328278085635,0.018977908921412757
trained,0,3,49,True,0.03806069489610309,0.03806069489610309,0.0,nan,nan
trained,0,4,0,False,0.012236392052727751,0.0059910642594331875,0.00624532753136009,0.014516177695190561,0.009570201669456595
trained,0,4,1,False,0.01084131134848576,0.00686743127880618,0.003973880047851708,0.013395579323283772,0.008035804022897462
trained,0,4,2,False,0.013047507716692053,0.008878287218976766,0.004169220424955711,0.017325937537656676,0.009028376510479686
trained,0,4,3,False,0.013631778681883588,0.009181517154502217,0.004450261403690092,0.017530890286598405,0.008774990583524891
trained,0,4,4,False,0.0129836533596972,0.00816478168417234,0.004818871704628691,0.016916380124983556,0.009826394060338048
trained,0,4,5,False,0.014024988340679556,0.008929068135330454,0.0050959200743818656,0.017333944689538052,0.01039056089844127
trained,0,4,6,False,0.015176262037130073,0.009901729936245829,0.005274532231851481,0.01878352343919687,0.011569001086172648
trained,0,4,7,False,0.015131262043723837,0.009522611944703385,0.0056086501717800274,0.01809518354232697,0.011772151074061791
trained,0,4,8,False,0.015965747617883608,0.010137001067050733,0.005828746645420324,0.020274549214677376,0.011378958798764695
trained,0,4,9,False,0.016798522177850828,0.01077903073746711,0.006019491556799039,0.021305403151249482,0.012944812144058338
trained,0,4,10,False,0.017123505007475615,0.010719047539168969,0.006404457599273883,0.022965534046913184,0.012860402464866638
trained,0,4,11,False,0.01834356487961486,0.011777120380429551,0.0065664445864968,0.024097968398009314,0.013423132791143396
trained,0,4,12,False,0.019273568934295326,0.012591235878062434,0.006682333085336722,0.024257774617689756,0.013799113664226455
trained,0,4,13,False,0.018355859559960663,0.011356340735801496,0.006999518926022574,0.023099285986972973,0.013612433365778998
trained,0,4,14,False,0.01815079868538305,0.011137176508782431,0.007013622278464027,0.022132741886058023,0.01505373186794006
trained,0,4,15,False,0.019200970215024427,0.011934864625800401,0.007266105487360619,0.024246760098070932,0.015020172876705016
trained,0,4,16,False,0.019151698739733547,0.01164670973957982,0.0075049894221592695,0.023293459264095873,0.015009938506409526
trained,0,4,17,False,0.01957595208659768,0.01208270869392436,0.007493243188946508,0.025525397059090175,0.014646411660526479
trained,0,4,18,False,0.02080386070883833,0.013192488549975678,0.007611372275277972,0.026458368315522014,0.016118697210081984
trained,0,4,19,False,0.020820390956941992,0.012874272710178047,0.007946118072140962,0.025806567384279333,0.015834214515052736
trained,0,4,20,False,0.02147657671594061,0.013864902488421649,0.007611674256622791,0.026345920790096414,0.01595798653240005
trained,0,4,21,False,0.020127240160945803,0.012160204321844503,0.007967035911860876,0.023942866740981117,0.016311613566358574
trained,0,4,22,False,0.021463250508531928,0.01338598296570126,0.008077267484623007,0.026221642946644176,0.01699324558968797
trained,0,4,23,False,0.01986851738183759,0.011742821297957562,0.008125696011120453,0.024065148300276354,0.016997138320125248
trained,0,4,24,False,0.02057590091135353,0.012307982862694189,0.008267917946795933,0.024016782345752868,0.0172408929739434
trained,0,4,25,False,0.02043648812104948,0.012224157311720774,0.008212330954847857,0.024954764048258464,0.016449773999150184
trained,0,4,26,False,0.02237446728395298,0.014013464358868077,0.008361002808669582,0.02671230699111154,0.01730140016051167
trained,0,4,27,False,0.02253301430027932,0.01404158040531911,0.008491433662129566,0.026968519602503092,0.017179818221785385
trained,0,4,28,False,0.0224326488096267,0.013820949621731415,0.008611698925960809,0.027413762752609004,0.01830544039340956
trained,0,4,29,False,0.022064436197979376,0.013614689785754308,0.00844974661595188,0.027415151691489052,0.01776879132581009
trained,0,4,30,False,0.021906015346758068,0.013499965076334774,0.008406050546909682,0.02608834691987983,0.018440655286290818
trained,0,4,31,False,0.022456505190348253,0.013618955708807334,0.008837549758027308,0.026563756966165135,0.01847563049254509
trained,0,4,32,False,0.023180934484116733,0.014454975433181971,0.008725959007279016,0.02713168876738671,0.018703412466372055
trained,0,4,33,False,0.02211213589180261,0.013424141943687573,0.008687994079082273,0.025970573246967596,0.01859923015668321
trained,0,4,34,False,0.023191479092929512,0.014212289825081825,0.008979189282399602,0.02683577052084729,0.019547188421711326
trained,0,4,35,False,0.021771981177153066,0.013155648703104816,0.008616332488600165,0.025135395512210598,0.018191571978311383
trained,0,4,36,False,0.023754235939122736,0.014641689049312845,0.009112546817050315,0.029602051079976106,0.01962178014218807
trained,0,4,37,False,0.02234514377778396,0.013452633749693632,0.008892509737052023,0.02774281112752,0.017430848970230835
trained,0,4,38,False,0.023136048577725887,0.01420356787275523,0.008932480763178319,0.027877445433002253,0.018244131867374693
trained,0,4,39,False,0.022757724189432338,0.0135857691639103,0.009171955054625869,0.025702478192173518,0.01971948640568862
trained,0,4,40,False,0.024526509980205446,0.015600163635099307,0.008926346752559766,0.027627230359193608,0.01968938749283552
trained,0,4,41,False,0.023633300908841193,0.01467839177348651,0.008954909208114259,0.027215726726071934,0.019170980590085186
trained,0,4,42,False,0.023149954358814284,0.014316598593723029,0.00883335602702573,0.026884003210875945,0.019957071858579697
trained,0,4,43,False,0.02262610977049917,0.013632191636133939,0.008993918090709485,0.026458116569395722,0.01945101836962359
trained,0,4,44,False,0.024093012209050357,0.01538349111797288,0.008709521047421731,0.02785155241144821,0.020334471264504828
trained,0,4,45,False,0.022450318792834878,0.013428625927190296,0.009021693476825021,0.026336507771962454,0.0194277283994274
trained,0,4,46,False,0.024516891193343326,0.015691466978751123,0.00882542401086539,0.030361603708429767,0.02011334078309879
trained,0,4,47,False,0.022814675758127123,0.013702536598430015,0.009112139232456684,0.026110611471628385,0.019620154110284952
trained,0,4,48,False,0.02331494924146682,0.014872800500597805,0.008442148202448152,0.02611911966840723,0.020234957856477283
trained,0,4,49,True,0.018271933065989288,0.018271933065989288,0.0,nan,nan
trained,0,5,0,False,0.005514194388524629,0.0028683357159025036,0.002645858670803136,0.008779597509166468,0.0016953331789285955
trained,0,5,1,False,0.00746363794314675,0.0039772203163011,0.003486417634121608,0.012037437944325494,0.0024399558315053582
trained,0,5,2,False,0.009480919085035566,0.005019564050599001,0.004461355030798586,0.01694730950909997,0.002467037376129266
trained,0,5,3,False,0.011591595161007717,0.00615734001439705,0.005434255115687847,0.018244908020739824,0.0033041350308625973
trained,0,5,4,False,0.009570121052092873,0.004882031942543108,0.004688089200499235,0.017096386793510696,0.0035279077481032467
trained,0,5,5,False,0.012273370841285214,0.006365761828419636,0.005907608996494673,0.019707237870724342,0.004108303636846851
trained,0,5,6,False,0.012075123930117115,0.006594174930796726,0.005480948915646877,0.02026154125633184,0.0038887061018613167
trained,0,5,7,False,0.0136443848896306,0.007462439520168118,0.006181945362186525,0.02180908076629481,0.0043910630086126425
trained,0,5,8,False,0.014154292381135747,0.007544727148342645,0.0066095651854993775,0.023117550691081717,0.004612759275797514
trained,0,5,9,False,0.013818730338243768,0.007113364157703472,0.0067053663660772145,0.0238500952215518,0.005241186631357541
trained,0,5,10,False,0.014781999270780943,0.007712984224781394,0.007069014925946249,0.026819371118175762,0.005997971093558983
trained,0,5,11,False,0.015088284126250073,0.007768261530145537,0.0073200227780034766,0.025948917430083634,0.005801655701361597
trained,0,5,12,False,0.017506950098322704,0.009154859559203032,0.008352090633707121,0.028035415322589338,0.005942897964650612
trained,0,5,13,False,0.0176528838055674,0.009098535629163962,0.008554348329198547,0.02854354567534756,0.006762222310499055
trained,0,5,14,False,0.015853383083594963,0.008106843954010401,0.007746538976789452,0.027390234671267014,0.006880276144430456
trained,0,5,15,False,0.018322572897886857,0.009355889833386755,0.008966683250037022,0.031693126620917486,0.007244114045585905
trained,0,5,16,False,0.018097146006766707,0.00941836746642366,0.008678778482135385,0.028989731683395803,0.007204560231912183
trained,0,5,17,False,0.018104828777723014,0.009112170846492518,0.008992657880298793,0.03132139387187259,0.007153960550203919
trained,0,5,18,False,0.01904323635972105,0.00973857578355819,0.009304660976340529,0.03309828026926723,0.007397628861612507
trained,0,5,19,False,0.020072683546459302,0.010399571860034484,0.0096731116209412,0.0318632151465863,0.008282152226456674
trained,0,5,20,False,0.021504100906895474,0.010959058337903116,0.010545042619924061,0.03360247321646003,0.007792612281627954
trained,0,5,21,False,0.01964510214747861,0.009744430091814138,0.00990067224483937,0.031298161862650886,0.007992042857949855
trained,0,5,22,False,0.021344697306631133,0.010977872007060796,0.010366825386881828,0.03448313342467431,0.009002529998366354
trained,0,5,23,False,0.019671386980917305,0.010073201272462029,0.009598185759386979,0.03469129134184466,0.009394610055575245
trained,0,5,24,False,0.02050254330970347,0.010536325447901618,0.009966218254703563,0.03271399426554877,0.008666829549922392
trained,0,5,25,False,0.020511357142822817,0.010802049808262382,0.009709307298180647,0.03340627985695998,0.009133484531262451
trained,0,5,26,False,0.024160578730516136,0.012844409109675325,0.011316169402562082,0.036376311565222946,0.00987438241146126
trained,0,5,27,False,0.024581809353549033,0.012693783108261414,0.011888026434462517,0.03674061516565936,0.009907387907552564
trained,0,5,28,False,0.02240402644383721,0.011211273820663337,0.011192752554052277,0.03792515567279068,0.009543662571481298
trained,0,5,29,False,0.02199935496901162,0.011304171210213099,0.010695183656935114,0.03719382135099487,0.009800980152877075
trained,0,5,30,False,0.021744508936535567,0.011196492505405331,0.010548016332904808,0.036833353565427766,0.009242322864676161
trained,0,5,31,False,0.023869156721048057,0.012289954735024367,0.011579201949643902,0.037837041689763,0.0103310528712777
trained,0,5,32,False,0.02479688249877654,0.012786905717803165,0.012009976402623579,0.037442030549487644,0.010465714773939302
trained,0,5,33,False,0.022684644907712936,0.011432331157266162,0.011252313983277418,0.034146709153886706,0.012249034155271392
trained,0,5,34,False,0.02410177345154807,0.012962317669007462,0.011139455586089753,0.036736111651407555,0.011467434876976768
trained,0,5,35,False,0.024640853109303862,0.0126733936558594,0.011967459402512759,0.03797131321026068,0.010450363384499665
trained,0,5,36,False,0.022955631953664124,0.011920900309632998,0.011034731869585812,0.03903292962964976,0.01159434172635277
trained,0,5,37,False,0.024281660153064877,0.012765521823894233,0.011516138503793627,0.03906261670540591,0.010824371087573358
trained,0,5,38,False,0.026079608069267124,0.013886125343560707,0.012193482922157273,0.03983517409517215,0.011887357688494145
trained,0,5,39,False,0.02544140728423372,0.013305493754160125,0.012135913624661043,0.038169767822210605,0.012308972170724282
trained,0,5,40,False,0.02982879226328805,0.015984110192221124,0.013844681991031393,0.04074186158294861,0.012804403360933064
trained,0,5,41,False,0.02821302623488009,0.015295397985028103,0.012917628162540495,0.040858934253034454,0.01246110461407194
trained,0,5,42,False,0.02491089640534483,0.012695858618826605,0.012215037480928004,0.03955904441743584,0.012385667959714065
trained,0,5,43,False,0.024395903543336317,0.012111767995520495,0.012284135285881348,0.0385294891572718,0.012685218639671803
trained,0,5,44,False,0.0258613521582447,0.014205646060872823,0.011655706221063156,0.03901182417757809,0.012710879844235023
trained,0,5,45,False,0.02497923723421991,0.013464269519317895,0.011514967802213505,0.041764689376577735,0.011923885212228116
trained,0,5,46,False,0.025140604557236657,0.013536728743929416,0.011603875827859156,0.03957972272553227,0.014261816641035145
trained,0,5,47,False,0.024931220046710223,0.013714939865167253,0.011216280166991055,0.037780799976890045,0.012477011735049578
trained,0,5,48,False,0.026397723879199475,0.015005763285444118,0.011391960608307272,0.037362562631493186,0.014354377708275665
trained,0,5,49,True,0.02430981892212003,0.02430981892212003,0.0,nan,nan
trained,1,0,0,False,0.00790940652223071,0.0004648834822091885,0.007444522940204479,0.007981236640212906,0.0078109723464068435
trained,1,0,1,False,0.006798063557653222,0.0005964711123169764,0.006201592426805291,0.006670715541986283,0.006925411624251865
trained,1,0,2,False,0.007249836846312974,0.0008236886167196644,0.0064261484003509395,0.0073910450834470485,0.007068283702080538
trained,1,0,3,False,0.007854793773731217,0.0009535635285828903,0.006901230175571982,0.008887571035302244,0.006822016242949758
trained,1,0,4,False,0.008328634692588821,0.0009310337995884765,0.007397600871627219,0.008501629960739006,0.00818071117543656
trained,1,0,5,False,0.009106260986300185,0.0009225074052210402,0.008183753743651323,0.00890508946031332,0.009307432657806203
trained,1,0,6,False,0.010076183549244888,0.0013098833960611955,0.008766300030401908,0.010438614306622185,0.009713752384413965
trained,1,0,7,False,0.010359832114772871,0.0009480300582254131,0.009411802107933909,0.011041496444733873,0.009719480774506475
trained,1,0,8,False,0.011387673395802267,0.0012633100927814667,0.010124363194336183,0.011931493806724366,0.011015585427613637
trained,1,0,9,False,0.011516201630001888,0.001178119433006941,0.010338082109228708,0.01149493646586225,0.01153681229513425
trained,1,0,10,False,0.0116836775559932,0.0016475664715471794,0.01003611100895796,0.01274230733203391,0.010749592596445891
trained,1,0,11,False,0.01240751301520504,0.0016288028696180845,0.010778710304293782,0.01313674496486783,0.011722476913057493
trained,1,0,12,False,0.013416028785286471,0.0013029675706093258,0.01211306155892089,0.013351839009140219,0.013493499413518044
trained,1,0,13,False,0.014293714833911508,0.0014898024232934404,0.01280391238105949,0.014652087077222488,0.014032200280878995
trained,1,0,14,False,0.014544126839609817,0.0014065672589822498,0.013137559493770823,0.014402509502628271,0.014704626674453419
trained,1,0,15,False,0.015014655247796327,0.001732104339680518,0.013282550848089159,0.016171026292821054,0.013574262827700169
trained,1,0,16,False,0.015290179842850193,0.001544518993227939,0.013745660631684586,0.014995911334087885,0.015634324149054996
trained,1,0,17,False,0.01623981972807087,0.0013914564319748024,0.014848363382043317,0.01599764877132007,0.016532095181274003
trained,1,0,18,False,0.01744432424311526,0.0018188549311162205,0.0156254690955393,0.01791456798474266,0.01682018234648488
trained,1,0,19,False,0.017022229527356103,0.0017702699469737126,0.015251959674060345,0.016956810473052204,0.01708179000598281
trained,1,0,20,False,0.01730140167637728,0.0015668312280467944,0.01573457077029161,0.017654789761374037,0.017026544574441183
trained,1,0,21,False,0.017794046725612134,0.0016519237206011894,0.01614212294225581,0.018502666795205687,0.01712837335512494
trained,1,0,22,False,0.018367643730016425,0.0016667563077135128,0.016700887557817623,0.019229076566204192,0.01753271663418183
trained,1,0,23,False,0.019180624949513003,0.001567951302149595,0.01761267366237007,0.019846120942384006,0.018593422821996844
trained,1,0,24,False,0.019940087164286524,0.0015376800840840588,0.018402406887616962,0.02038564594196422,0.01940234336231289
trained,1,0,25,False,0.019312848744448274,0.0014084246822676505,0.017904423992149532,0.020042769145220518,0.018485605095823608
trained,1,0,26,False,0.018648017692612484,0.0017527654254081426,0.01689525242545642,0.018910352424111054,0.018341220094490858
trained,1,0,27,False,0.02050801322911866,0.0022782673449910362,0.018229745677672327,0.02249634259792625,0.01869774320677145
trained,1,0,28,False,0.020795477234059945,0.0021200318487899494,0.01867544517153874,0.020910307003015823,0.02067323837188944
trained,1,0,29,False,0.02127973610186018,0.0021302797699718212,0.01914945649332367,0.02224174809331695,0.02004286350815424
trained,1,0,30,False,0.021857008279766887,0.0017545752357364108,0.020102432696148753,0.022138017963505154,0.02155786899909858
trained,1,0,31,False,0.020527656277408823,0.0018424747590870538,0.018685181479668245,0.02116149486673455,0.01993223200693275
trained,1,0,32,False,0.0226511224755086,0.002630780609251815,0.02002034179167822,0.022393009650546154,0.023004832298115445
trained,1,0,33,False,0.023075798235367984,0.0018334359738219064,0.02124236198142171,0.02338974688653693,0.02274159426170011
trained,1,0,34,False,0.022449466458056122,0.0017681733716017334,0.020681293128291145,0.02307825463099612,0.021641024720988104
trained,1,0,35,False,0.02324859774671495,0.0021010913214922766,0.021147506136912853,0.02351801076696979,0.022902209211939147
trained,1,0,36,False,0.02328479813877493,0.0018835354640032165,0.02140126278391108,0.023593647806690286,0.022966143926457756
trained,1,0,37,False,0.02494705596473068,0.0019986941028946603,0.022948361933231354,0.02315382186382536,0.026685113459825518
trained,1,0,38,False,0.023679892474319786,0.0018467784061613202,0.021833113860338926,0.023522231856296802,0.023810525611042976
trained,1,0,39,False,0.026325025944970548,0.002201383965257264,0.02412364212796092,0.02542114762936608,0.02709790810510732
trained,1,0,40,False,0.02525023597991094,0.0021587534192804014,0.023091482755262405,0.026296479168577473,0.024026664005497755
trained,1,0,41,False,0.02483695070259273,0.0023367593630609917,0.02250019140774384,0.024289808759931475,0.02538409220869653
trained,1,0,42,False,0.023968182620592415,0.0018508836756154778,0.02211729879491031,0.025013694011453372,0.022819834562842964
trained,1,0,43,False,0.023591542500071228,0.0017439112680222024,0.021847630850970745,0.022658982929789413,0.024388948617422062
trained,1,0,44,False,0.022227831272175536,0.0022199613422344555,0.020007869985420257,0.02167152078641999,0.022750425660474735
trained,1,0,45,False,0.019560935033950955,0.0019624002952696173,0.01759853449766524,0.01912804982014771,0.019919611433787003
trained,1,0,46,False,0.021102172730024904,0.0022753482526240987,0.01882682414725423,0.020604434147687027,0.021722162730599705
trained,1,0,47,False,0.02166005887556821,0.0021186433514230885,0.019541415735147893,0.021888336928730663,0.021417053145987373
trained,1,0,48,False,0.019820781832095236,0.002262671687276452,0.017558109655510634,0.019458698700108225,0.02017172340017099
trained,1,0,49,True,0.13486383424606174,0.13486383424606174,0.0,nan,nan
trained,1,1,0,False,0.13433549183537252,0.009025641116750194,0.12530985047487775,0.1322817239104896,0.1371499098388961
trained,1,1,1,False,0.015273658704245463,0.009154110115559888,0.006119548270362429,0.018225212741526775,0.012322104696067981
trained,1,1,2,False,0.014847850674414076,0.010126641198439756,0.004721209670606186,0.016272759867004223,0.013015824569655318
trained,1,1,3,False,0.014322027273010463,0.009839617840043502,0.004482409580305102,0.0162155822472414,0.01242847228422761
trained,1,1,4,False,0.013072044268483296,0.009034942891958053,0.004037101087305928,0.014605253098248425,0.011761039286257997
trained,1,1,5,False,0.012700039922492579,0.0088222450340254,0.0038777946811023867,0.01450154541817028,0.010898534121224657
trained,1,1,6,False,0.01178255099512171,0.00794795044384955,0.0038346005258063087,0.013603031227830797,0.009962070653273258
trained,1,1,7,False,0.012809825013391674,0.009101773322981899,0.003708051610374241,0.014961107626497265,0.010788923178827674
trained,1,1,8,False,0.013371703316806816,0.009272701710870024,0.004099001644135569,0.015139585280289443,0.012162099751692855
trained,1,1,9,False,0.012658350053243339,0.008611696739535546,0.00404665323185327,0.015102827625851783,0.010289087103536496
trained,1,1,10,False,0.013289043607073836,0.009041560922923964,0.004247482575010508,0.015371108443165818,0.011451927287613645
trained,1,1,11,False,0.013425878336420283,0.009155587818895583,0.0042702905575424666,0.015720302404295054,0.011270510343213877
trained,1,1,12,False,0.014269033068558201,0.009996047218010062,0.004272985721399891,0.016718065778591803,0.011313303991959527
trained,1,1,13,False,0.013610944006359205,0.009336301838629879,0.004274642100426718,0.016974829171818716,0.01115621706923923
trained,1,1,14,False,0.014435744829825126,0.010088116619954235,0.0043476280734466854,0.016328420366763192,0.012290712663282952
trained,1,1,15,False,0.014542656281264499,0.010173721970204497,0.004368934138256009,0.01605024107430183,0.01266478690759916
trained,1,1,16,False,0.013861525992979296,0.009146600732492516,0.004714925315056462,0.01532905264015215,0.01214526614205817
trained,1,1,17,False,0.014669207637780346,0.009910997017868795,0.004758210627187509,0.01657770661903279,0.012365846726079953
trained,1,1,18,False,0.015534775113337673,0.010765274684672477,0.0047695005141576985,0.016807675374391144,0.013845289058306
trained,1,1,19,False,0.014287211932241917,0.009363105877127964,0.004924106317048427,0.016075986635978104,0.012658626091346811
trained,1,1,20,False,0.014551465137628838,0.009493625351751689,0.005057839933215291,0.016603722386727374,0.012955265650008287
trained,1,1,21,False,0.014036439533811063,0.008717706557945348,0.005318733394233277,0.01580677384270295,0.012373398834218582
trained,1,1,22,False,0.015517224470386282,0.010129336249519838,0.005387888493714854,0.018265225540196137,0.012853777451583972
trained,1,1,23,False,0.016217595373746008,0.010574052983429283,0.005643542315738159,0.019065576481322448,0.013704670894452754
trained,1,1,24,False,0.01595436653587967,0.009908207382977707,0.00604615913471207,0.017387689437185015,0.014224493892156874
trained,1,1,25,False,0.01522766234120354,0.009394067692483077,0.0058335946523584425,0.016261471873697114,0.014056011863673726
trained,1,1,26,False,0.016103323345305398,0.00989785123965703,0.006205472014698898,0.017700973587731518,0.014234885320825091
trained,1,1,27,False,0.016447792440885678,0.0101330190882436,0.006314773172562127,0.01856426755729757,0.014520852284422563
trained,1,1,28,False,0.0163119857897982,0.010184549340920057,0.006127436328824842,0.018624062776904215,0.013850742890950172
trained,1,1,29,False,0.016176183649804443,0.01013825363406795,0.006037929935700959,0.018320474307984114,0.01341923838481307
trained,1,1,30,False,0.016628682176815346,0.010573108334938297,0.0060555736599781085,0.018846124467073067,0.014268179093637774
trained,1,1,31,False,0.016404114256147295,0.009785962643945822,0.006618151510338066,0.019318860444811084,0.013666019012982195
trained,1,1,32,False,0.018492875067749992,0.011308501590974629,0.007184373629570473,0.021212811430765165,0.014765555125281767
trained,1,1,33,False,0.01680292870150879,0.010108931717695668,0.006693996821923065,0.01832860200242563,0.015178824504536967
trained,1,1,34,False,0.017803930473746732,0.011191987461643293,0.006611943163079559,0.01947308153224488,0.01565787959511259
trained,1,1,35,False,0.017914519587066025,0.01118973641860066,0.006724783117533661,0.020461228598530095,0.014640179246531002
trained,1,1,36,False,0.016710763331502676,0.010032447695266455,0.006678315887256758,0.017777925428862758,0.015609723146236133
trained,1,1,37,False,0.018296891445061192,0.010816353340487694,0.007480538020899985,0.020049559987253614,0.0165981511800335
trained,1,1,38,False,0.01729573670309037,0.010742767590272706,0.006552968920004787,0.019374464943619635,0.015573361702263356
trained,1,1,39,False,0.018332617823034525,0.010627470088365953,0.0077051476309861755,0.02063662044198836,0.016362528357168903
trained,1,1,40,False,0.019079602789133787,0.011765657807700336,0.0073139448704750976,0.020224486653139626,0.01774067097043587
trained,1,1,41,False,0.019404060440137982,0.01159996485512238,0.007804095594110549,0.021587165887467563,0.01722095521108713
trained,1,1,42,False,0.018513278948375955,0.01100558738107793,0.00750769164369558,0.019706728353874006,0.017202441488988085
trained,1,1,43,False,0.01926145178731531,0.011145653934363509,0.008115797872960684,0.019898806367132624,0.018716467449954453
trained,1,1,44,False,0.018903945456258953,0.011397536865842994,0.00750640855403617,0.02096741556400253,0.01696553377603943
trained,1,1,45,False,0.02037461832514964,0.01239047297713114,0.007984145027876366,0.023343455014300754,0.0179147243765848
trained,1,1,46,False,0.019119666860206053,0.011447737851995043,0.00767192882267409,0.019147806341799214,0.019084616155739417
trained,1,1,47,False,0.019682714599184692,0.011766964540584013,0.007915750220490736,0.02210129893413096,0.017108092595252297
trained,1,1,48,False,0.019308626069687307,0.011692458312609233,0.007616167706146371,0.021849701698455543,0.01684573749796702
trained,1,1,49,True,0.09802537603536621,0.09802537603536621,0.0,nan,nan
trained,1,2,0,False,0.006626524613238871,0.000971722548570142,0.00565480212753755,0.00690247245585999,0.006248373932774282
trained,1,2,1,False,0.0028731264974339865,0.0012471012355774747,0.0016260252796200803,0.0028846494778917986,0.002861603631572507
trained,1,2,2,False,0.003241890521167079,0.001628695514654055,0.0016131949250848265,0.0035541852331435722,0.0028403688556863926
trained,1,2,3,False,0.0033092877001763554,0.0016404303564740985,0.0016688573705323506,0.003226827750040684,0.0033917477958311792
trained,1,2,4,False,0.003347916424900177,0.0014845147505297973,0.0018634016523719765,0.00326316629860045,0.003420383920825586
trained,1,2,5,False,0.003497823727229843,0.0014092549239990149,0.002088568868202856,0.0033688820876704995,0.003626765374065144
trained,1,2,6,False,0.0037852745881536976,0.0015587245898132096,0.002226550028353813,0.0036291693395469338,0.0039413798240275355
trained,1,2,7,False,0.00425690617703367,0.0017550904120184896,0.0025018158230523113,0.004258941620543239,0.004254994173110886
trained,1,2,8,False,0.004040782549054711,0.0017370814474020335,0.002303701005075709,0.0038653711464856034,0.004160800739651006
trained,1,2,9,False,0.004400661782710813,0.0016941421905016796,0.0027065195390605368,0.00402830307564092,0.004761563227153742
trained,1,2,10,False,0.004931483359541744,0.002057261777281383,0.002874221547244815,0.00479932691087015,0.005048091999282513
trained,1,2,11,False,0.0054271130575216375,0.0018121773012182985,0.0036149357656540815,0.005061348731208952,0.005770709922988758
trained,1,2,12,False,0.005062290529167512,0.0017626708391844659,0.0032996196569001768,0.004925941035617143,0.005226850119250795
trained,1,2,13,False,0.005414126382675022,0.001833417509260471,0.0035807087988359854,0.005218804938960131,0.005556658017323226
trained,1,2,14,False,0.006167615872982424,0.0019089900019935158,0.004258625860529719,0.00651623124448473,0.005772518331650645
trained,1,2,15,False,0.006875720326206647,0.002186960005246874,0.004688760374847334,0.006386338693784996,0.0074853009397262025
trained,1,2,16,False,0.006976346441661008,0.0024968782447558624,0.004479468152567279,0.006715774812830099,0.007281082591547046
trained,1,2,17,False,0.008116928285744507,0.0031115038518692018,0.005005424674891401,0.006905632412859372,0.009578837579565829
trained,1,2,18,False,0.00804528831213247,0.002182744216156607,0.005862544203409925,0.008581096434021648,0.007334124847230586
trained,1,2,19,False,0.007747206022031605,0.0024258521023057256,0.005321353746694513,0.007498119369943123,0.007973986224326959
trained,1,2,20,False,0.008633600889879744,0.0024626906069897814,0.006170910251967143,0.007585264744453265,0.00944897345551807
trained,1,2,21,False,0.009841691025940236,0.0027497109790601826,0.007091980180121027,0.009661698000385396,0.01001077538327963
trained,1,2,22,False,0.009671319377957843,0.002532241134758806,0.007139078312320635,0.009581222546301664,0.009758644114033533
trained,1,2,23,False,0.010212788853095844,0.002298076968713758,0.00791471197589999,0.009952907217666507,0.01044209658935228
trained,1,2,24,False,0.010041281348094344,0.0026648706443666015,0.007376410641882103,0.009292857528531125,0.010944551322609186
trained,1,2,25,False,0.01105977340193931,0.002535561841227718,0.008524211618350819,0.010464790328542757,0.011734087765216826
trained,1,2,26,False,0.012438276695320383,0.0025237825693693594,0.009914494279655628,0.012351665612094212,0.01253956745741731
trained,1,2,27,False,0.01280912762740627,0.002618884694584267,0.010190243090619333,0.011689969460617324,0.013828062718437025
trained,1,2,28,False,0.013840796731528826,0.0032563046304403542,0.010584492090856656,0.012027366397281488,0.015771222721424796
trained,1,2,29,False,0.013998443828313611,0.0031906390759104397,0.010807804923388176,0.013355775399961405,0.014824732314861777
trained,1,2,30,False,0.01639384016743861,0.0036038907237525564,0.012789949512807652,0.01635522004499128,0.01643495197077432
trained,1,2,31,False,0.01890821967390366,0.0036386281544764643,0.01526959115290083,0.01813119712976679,0.019638149646308386
trained,1,2,32,False,0.017736572932335548,0.00441576568846358,0.013320807222044095,0.01579870984612687,0.020392163035770256
trained,1,2,33,False,0.020065706979949027,0.0035657331281981897,0.016499974444741383,0.019802761856805195,0.020345617280972582
trained,1,2,34,False,0.019763489166507497,0.003382537765901361,0.016380951623432338,0.019668562674067084,0.01988553804611521
trained,1,2,35,False,0.021263506496325135,0.003990143274904767,0.017273363249842077,0.019994246191345155,0.022895412469681888
trained,1,2,36,False,0.022965182812185958,0.004425651172823564,0.01853953188401647,0.024224707169028428,0.021665673939481614
trained,1,2,37,False,0.02189462524256669,0.003931784210180922,0.017962840938707814,0.02236736273126943,0.02143643303559377
trained,1,2,38,False,0.026046317361760885,0.004000470407845569,0.022045847174013034,0.022622937986884136,0.02888283176081521
trained,1,2,39,False,0.024560031481087208,0.004195852155135071,0.02036417947965674,0.021865524635729144,0.026864029764049294
trained,1,2,40,False,0.030966631311457604,0.005658772541210055,0.02530785949784331,0.029095514340029247,0.03315488757344626
trained,1,2,41,False,0.02760830643819645,0.00576787160935055,0.021840434899786487,0.028057169285602868,0.02715944378724089
trained,1,2,42,False,0.026999746143701486,0.004973682645868394,0.022026063583325595,0.02591890312119651,0.028186900968678662
trained,1,2,43,False,0.030127364676445723,0.0056192488700617105,0.024508115981006995,0.029801193845726673,0.030406265006657093
trained,1,2,44,False,0.03269577882019803,0.006361604971971246,0.026334173453506082,0.032536030386484435,0.03284584490977453
trained,1,2,45,False,0.03175723127787933,0.006576698640856193,0.025180533208185807,0.0290335801285531,0.0340139705155577
trained,1,2,46,False,0.03972146095475182,0.005866093923032167,0.033855368092190474,0.044213418337241024,0.03412621764041353
trained,1,2,47,False,0.03628614655463025,0.006550621319547645,0.029735525517025962,0.03623570239340717,0.03633984571863567
trained,1,2,48,False,0.031031841470394284,0.006265874184464337,0.024765967711573467,0.028650604454534392,0.03333981011349421
trained,1,2,49,True,0.28651658224407583,0.28651658224407583,0.0,nan,nan
trained,1,3,0,False,0.020115630388318095,0.00699493677711871,0.01312069380946923,0.022538393282809772,0.016795547864468838
trained,1,3,1,False,0.011878978715685662,0.007729591485258425,0.004149387215875322,0.015321662260248559,0.008436295269348193
trained,1,3,2,False,0.012782398982380982,0.0088671815537964,0.003915217470421339,0.013632909058489733,0.011688886048172469
trained,1,3,3,False,0.01218909838644322,0.008317631014506333,0.0038714672646165127,0.015169305242579867,0.00920889172994066
trained,1,3,4,False,0.013784057169687003,0.009781308086530771,0.004002749006758677,0.015732202190073142,0.012118251373370489
trained,1,3,5,False,0.012620084395166487,0.00874956607731292,0.003870518254188937,0.014346761852721102,0.010893406841205433
trained,1,3,6,False,0.013442846480756998,0.009142720235104207,0.004300126358430134,0.014462560222455068,0.012423132997355424
trained,1,3,7,False,0.01545121634262614,0.011294017953332514,0.004157198276516283,0.01833488819594946,0.012742312265221368
trained,1,3,8,False,0.01413414062699303,0.009594925959390821,0.004539214583928697,0.016888589071011387,0.012249517842735116
trained,1,3,9,False,0.01866685427376069,0.014048787037609145,0.004618067210685695,0.019963029886610688,0.017410561055518112
trained,1,3,10,False,0.014164908672682941,0.00930419385258574,0.004860714750975603,0.016248313857552907,0.012326610233525144
trained,1,3,11,False,0.016235428221989423,0.011225623093196191,0.005009805294321268,0.018622476761529762,0.013993049576652775
trained,1,3,12,False,0.01700780406827107,0.012031335718347691,0.004976468491804553,0.021066769265702792,0.012109052807349583
trained,1,3,13,False,0.019215694075683132,0.013663754652952775,0.005551939399083494,0.021640367910516,0.017446337683075987
trained,1,3,14,False,0.01724670614930801,0.011970142222708091,0.005276563839288428,0.019449699248926824,0.014749980298802257
trained,1,3,15,False,0.019440582153038122,0.0137090221978724,0.005731559522246243,0.02109385544145611,0.017381240760809498
trained,1,3,16,False,0.017680150500382297,0.011810429918114096,0.005869720507689635,0.02017232942381415,0.014765567825002185
trained,1,3,17,False,0.02037261496298015,0.014477374439593405,0.005895240643440047,0.022143359455679145,0.018235509877960233
trained,1,3,18,False,0.017634935618843883,0.011794111313065514,0.005840824749611784,0.021565564330794835,0.012417919866063377
trained,1,3,19,False,0.01852856123878155,0.012467812761315145,0.006060748695745133,0.021029709124571232,0.016251397152334007
trained,1,3,20,False,0.020252369198715314,0.014290887149400078,0.005961482032944332,0.02305791216869173,0.018070280241469543
trained,1,3,21,False,0.018990950426086783,0.01231239421031205,0.0066785564813471865,0.020822238742238694,0.017270649247097244
trained,1,3,22,False,0.021628727088682353,0.015031138886115514,0.0065975882826023735,0.025261138643448554,0.0181080823047803
trained,1,3,23,False,0.019849019270623103,0.013160781978513114,0.006688237488560844,0.023581295293600608,0.016555834842352745
trained,1,3,24,False,0.01937492552679032,0.012607524549821392,0.006767401169781806,0.02251790708729199,0.01558167273820988
trained,1,3,25,False,0.01981890294700861,0.012872804552898742,0.006946098463231465,0.02360710607814219,0.015525606259082756
trained,1,3,26,False,0.019217798922909424,0.01203435446950607,0.007183444213296752,0.022358061057393967,0.015545288969020722
trained,1,3,27,False,0.022362288931617513,0.015360828198026866,0.007001460526225856,0.025912863200484606,0.019129676230029383
trained,1,3,28,False,0.02136959950439632,0.014460690726991743,0.006908908813784365,0.025134860368614845,0.0173614181337818
trained,1,3,29,False,0.023498910581110977,0.016839803269249387,0.00665910712632467,0.024867992747911356,0.021738662076781375
trained,1,3,30,False,0.01976552975247614,0.012655561498831958,0.007109967940778006,0.024466274528425525,0.014761510920981246
trained,1,3,31,False,0.021247322903946042,0.014172060531564057,0.007075261986756232,0.026178651406700094,0.01661486276002093
trained,1,3,32,False,0.022074908221838996,0.015016541132354178,0.007058367071294924,0.024637050926685333,0.018563824015910977
trained,1,3,33,False,0.025863393471809104,0.018102181958965957,0.007761211814795388,0.02760237384107754,0.02401222184961361
trained,1,3,34,False,0.023639900115085766,0.016377057690988295,0.007262842529598856,0.026043751335237175,0.02054923418576696
trained,1,3,35,False,0.024354467110242695,0.01698241158737801,0.007372055457381066,0.027733371586590592,0.020010161762391884
trained,1,3,36,False,0.020768619055161253,0.013676678863703273,0.007091940118698403,0.02426822710639009,0.017157912409553923
trained,1,3,37,False,0.022581451456062496,0.01497329223639099,0.007608159314258955,0.024990130906983737,0.020246884857232753
trained,1,3,38,False,0.023929547547595575,0.01634111772000324,0.007588429791212548,0.027666874948471528,0.020832904348415986
trained,1,3,39,False,0.023009097552858293,0.015265764770447277,0.0077433329897758085,0.026862018544353168,0.01971457007786502
trained,1,3,40,False,0.022343725169776008,0.013937178307969589,0.008406547087361105,0.027499669401879437,0.01631389286811069
trained,1,3,41,False,0.022070221893955022,0.014416152727790177,0.0076540701047633775,0.02436824481083022,0.01977220033586491
trained,1,3,42,False,0.020336236717412248,0.01280064413731452,0.007535592529166024,0.024018821400353937,0.016291430273444436
trained,1,3,43,False,0.02191034288262017,0.01393409405136481,0.007976248889463022,0.025416494153787272,0.018912329581444676
trained,1,3,44,False,0.022100126836448908,0.014480730256764218,0.007619396310474258,0.02385153462209048,0.020454864694990894
trained,1,3,45,False,0.02348639038973488,0.015327847642765846,0.008158542288583703,0.028740406213007098,0.01913306268730334
trained,1,3,46,False,0.022977861517574638,0.015129670093301684,0.00784819159161998,0.027497844377034147,0.01734770690662819
trained,1,3,47,False,0.02481652144342661,0.016823960715555586,0.007992560749698896,0.02748357582922009,0.021977399220509872
trained,1,3,48,False,0.02296472989837639,0.015417050359246787,0.007547679739218438,0.02536163774747697,0.020641573260609922
trained,1,3,49,True,0.04080342273664428,0.04080342273664428,0.0,nan,nan
trained,1,4,0,False,0.012976615515071899,0.006754891233867966,0.00622172441217117,0.01541529136483331,0.009634726732555363
trained,1,4,1,False,0.010907365547609515,0.006803189429774648,0.004104176026885398,0.014074780083319638,0.007739950888208114
trained,1,4,2,False,0.012757856064126827,0.008461806937702931,0.004296049344702624,0.01612464075959805,0.008429133578569495
trained,1,4,3,False,0.013407219346845523,0.008752085661399178,0.004655133627238683,0.018076208427373786,0.00873823026631726
trained,1,4,4,False,0.013407418387942016,0.008455750707071275,0.00495166771725053,0.016909180974619367,0.01041315780763609
trained,1,4,5,False,0.014051230216864496,0.00897906263708137,0.005072167710750364,0.01776819171209354,0.010334269201848656
trained,1,4,6,False,0.0143935177475214,0.009033781650941819,0.00535973613295937,0.01882882829522714,0.00995820729440311
trained,1,4,7,False,0.015529731346759945,0.009898713673464954,0.005631017753330525,0.020066096327237545,0.011268297753607234
trained,1,4,8,False,0.015378496173070744,0.009347948245704174,0.006030547563568689,0.021085756920421354,0.011473528035965406
trained,1,4,9,False,0.017624203552259132,0.011367822764441371,0.0062563806131947786,0.022912884655866828,0.012498251133813308
trained,1,4,10,False,0.016470959642902017,0.009725884679937735,0.006745075152139179,0.021205422623703875,0.012293492293204455
trained,1,4,11,False,0.01750298633123748,0.010824018361745402,0.006678968275082298,0.02263698050932538,0.01268014410567103
trained,1,4,12,False,0.020130675518885255,0.01326489745406434,0.006865778035717085,0.025623797332601887,0.013501045430592936
trained,1,4,13,False,0.018698656815104187,0.011659317504381761,0.0070393393689300865,0.026338471944823312,0.013123656698578113
trained,1,4,14,False,0.020686463336460292,0.013389839412411675,0.007296624025912024,0.026338877813781008,0.01428039347132047
trained,1,4,15,False,0.020106052805203944,0.012738264791551046,0.007367788159172051,0.024876833132559985,0.014163502181569736
trained,1,4,16,False,0.01997537087299861,0.01229945347586181,0.007675917455344461,0.02449516914245011,0.014689505344919734
trained,1,4,17,False,0.02061357381171547,0.012727580338832922,0.007885993545642123,0.024699395575693672,0.015682410368503166
trained,1,4,18,False,0.020782659179531038,0.013291567403939553,0.00749109176103957,0.02528566068472111,0.014805947582830083
trained,1,4,19,False,0.02013377205003053,0.012306158037972637,0.007827613851986825,0.025115068124027036,0.015598561725954512
trained,1,4,20,False,0.019016779900994152,0.011176294356118888,0.007840485501219518,0.02354434470180422,0.015495340947786138
trained,1,4,21,False,0.019741538970265538,0.01152184003876755,0.008219699055189267,0.024802115084903854,0.014987664424221624
trained,1,4,22,False,0.020861037744907662,0.012486609906773083,0.008374427488888614,0.026217221371119932,0.01566965963978034
trained,1,4,23,False,0.022096883738413453,0.013721342053031549,0.008375541641726159,0.02824797017189364,0.016669454491313768
trained,1,4,24,False,0.021343656990211457,0.012896157189970836,0.008447499552858062,0.025327482194240605,0.01653559128593268
trained,1,4,25,False,0.02119840052910149,0.012872414707089774,0.008325986229465343,0.024966964388594907,0.016927361985047656
trained,1,4,26,False,0.020613863336620852,0.012104911700589582,0.008508951883413829,0.024320884594234864,0.01627853288615154
trained,1,4,27,False,0.022406124480767176,0.013957653151010163,0.00844847084954381,0.027158514504916357,0.018079321143398087
trained,1,4,28,False,0.021693676622817293,0.013199511507991701,0.008494165493175387,0.026777095457708292,0.016282295372577443
trained,1,4,29,False,0.022327658312860876,0.014003414864419028,0.008324243783135898,0.02694101036629743,0.01639620604692027
trained,1,4,30,False,0.023375431657768786,0.014943314250558615,0.00843211768369656,0.02747130035563852,0.0190153140724907
trained,1,4,31,False,0.021795423730509356,0.013226019975263625,0.008569403522415087,0.027947473099395152,0.016016225344642546
trained,1,4,32,False,0.023985783627722412,0.015216434985632077,0.008769348845817149,0.027846868451986764,0.018694667490544138
trained,1,4,33,False,0.023606811126228422,0.014660483167972416,0.008946328001911752,0.027774138545448128,0.019170623437892043
trained,1,4,34,False,0.02469088276848197,0.015854998491704464,0.008835884378640912,0.029136567208398547,0.01897500300713416
trained,1,4,35,False,0.023928650247398764,0.015029252681415528,0.008899397304048762,0.026947349258181118,0.020047466012848805
trained,1,4,36,False,0.022771222342271358,0.01387371054443065,0.00889751194335986,0.02696303895746286,0.01844633286375375
trained,1,4,37,False,0.0228613747167401,0.013931804365711287,0.008929570452892222,0.027460546543200806,0.018403715683290592
trained,1,4,38,False,0.02260623426991515,0.013785872986773029,0.008820361064863391,0.026168011048616005,0.01965504749012845
trained,1,4,39,False,0.022440000029746443,0.013214287493610755,0.009225712419720367,0.027437064165281036,0.0181671481417573
trained,1,4,40,False,0.02454400938586332,0.015866299450863153,0.008677709745825268,0.029390225807825722,0.018876399908025386
trained,1,4,41,False,0.022651894891168922,0.013517283921828493,0.00913461108575575,0.026313676877180114,0.01899011357454583
trained,1,4,42,False,0.0219370155245997,0.012818959134165198,0.009118056841543876,0.025239081664094283,0.018310156223348906
trained,1,4,43,False,0.021462021220941097,0.012379298859741539,0.00908272220112849,0.024431645586076432,0.018922777158086716
trained,1,4,44,False,0.022195972298504785,0.01336500997422263,0.008830962746287696,0.025115619278362682,0.019453274100228693
trained,1,4,45,False,0.02230456890538335,0.013388640101766214,0.008915929138311185,0.026750742104546775,0.018620596985731805
trained,1,4,46,False,0.022894110123161227,0.013917037984356284,0.008977072255220264,0.026615792413202805,0.018258330665463417
trained,1,4,47,False,0.023904790548840538,0.015096462011570111,0.00880832840630319,0.027351177749082897,0.02023605509631095
trained,1,4,48,False,0.021643789252266288,0.013222840410890058,0.008420949161518365,0.025179278489852706,0.018217084291749275
trained,1,4,49,True,0.01756556523469044,0.01756556523469044,0.0,nan,nan
trained,1,5,0,False,0.0060959741022088565,0.0029984942029841477,0.003097479941061465,0.00938534110507651,0.0015883228576664503
trained,1,5,1,False,0.0072725673380773515,0.0037875419984629843,0.0034850252195610665,0.01165007904273807,0.002895055477893038
trained,1,5,2,False,0.009224121924489737,0.004875632106632111,0.0043484897396410815,0.014173092120068355,0.002861160231467303
trained,1,5,3,False,0.009584793777321465,0.005201324074732838,0.004383469800814055,0.015382780744403135,0.003786806662901654
trained,1,5,4,False,0.00933191661897581,0.00505457264080178,0.004277343879948603,0.015879751940778758,0.0037330428452190495
trained,1,5,5,False,0.011236817546887323,0.005897343944525346,0.0053394735950860195,0.01844794279895723,0.004025692851428175
trained,1,5,6,False,0.012393077748129144,0.00647826238127891,0.0059148151995032094,0.020270140339562204,0.004516015125773265
trained,1,5,7,False,0.012560997987748124,0.0066878486177301966,0.005873149450053461,0.020840281770835002,0.004783489066705277
trained,1,5,8,False,0.011893757691723295,0.0060895556744071655,0.005804202031868044,0.02200479911138805,0.004975676976181077
trained,1,5,9,False,0.014753840398043394,0.00767651177739026,0.0070773288534837775,0.024618219702489792,0.005192981148138643
trained,1,5,10,False,0.014395531310583465,0.007354114328336436,0.007041416822175961,0.023674193614472948,0.006208476124276571
trained,1,5,11,False,0.015462853625649586,0.007834085776266875,0.007628767911228351,0.026065899389645743,0.0055024171332744036
trained,1,5,12,False,0.017678824020549655,0.009070194224477746,0.008608630116214044,0.027167176734656094,0.006227364261827335
trained,1,5,13,False,0.016355938627384603,0.008248480298789218,0.008107458459562622,0.029027318892379604,0.007109256012906396
trained,1,5,14,False,0.01855558410170488,0.009429534286027774,0.009126049830229022,0.029170616803800356,0.00652521356047752
trained,1,5,15,False,0.019281721441075206,0.009967041201889515,0.009314680341049097,0.028952368233405367,0.007235827994647255
trained,1,5,16,False,0.01912263673148118,0.009928734820277896,0.009193902056722436,0.028950669276325596,0.007628836204353088
trained,1,5,17,False,0.020250733563443646,0.010624063819705043,0.009626669765566476,0.030692556872963905,0.0076485338785428686
trained,1,5,18,False,0.02139260360854678,0.01092218864505412,0.010470414767041802,0.031409602918445245,0.008097312451255593
trained,1,5,19,False,0.01956590951886028,0.009705712931463495,0.009860196587396786,0.032213586672651964,0.008050859905779362
trained,1,5,20,False,0.017834564874647185,0.008719421515706927,0.009115143613598775,0.029480213299393654,0.008776838136125458
trained,1,5,21,False,0.019005128706339747,0.009584687002643477,0.00942044191469904,0.030825648306598584,0.007901004411520042
trained,1,5,22,False,0.021305457776179537,0.010878992827201728,0.010426464767078869,0.033641073971040665,0.009349398938222573
trained,1,5,23,False,0.02066852236748673,0.01075336780922953,0.009915154325426556,0.03332321895286441,0.0095026132030933
trained,1,5,24,False,0.0222013202146627,0.011572268929739948,0.010629051088471897,0.033273102555956155,0.008838823966376868
trained,1,5,25,False,0.0215091040590778,0.01115351943008136,0.01035558502189815,0.031919049564749,0.009711166118116428
trained,1,5,26,False,0.02289898309390992,0.011714301581378095,0.011184681796294171,0.03378178705663784,0.010171636333294466
trained,1,5,27,False,0.021933259820798412,0.010842194387805648,0.011091065396612976,0.03535493803744922,0.009713523496470568
trained,1,5,28,False,0.023281004832824692,0.012190774563350715,0.011090230371337384,0.035876126367260106,0.009873295326777283
trained,1,5,29,False,0.02547287556808442,0.013459204157697968,0.012013671468594112,0.03720845727043019,0.010384270137624947
trained,1,5,30,False,0.024084641714580357,0.012623849208466709,0.011460792418802157,0.03589597831226208,0.011511283671303142
trained,1,5,31,False,0.024131980491802096,0.012510865824879147,0.011621114797890186,0.03792451310061639,0.011175358770274079
trained,1,5,32,False,0.027480191143695265,0.014512915164232254,0.012967275994014926,0.039054287345828234,0.011619392916111759
trained,1,5,33,False,0.025072318909224123,0.012937480554683134,0.012134838572819717,0.03732385192856644,0.012030364322145621
trained,1,5,34,False,0.02732185978675261,0.014842271877569146,0.012479587807320058,0.03898605005815625,0.01232504373183474
trained,1,5,35,False,0.025427149492315948,0.013189535020501353,0.012237614937475882,0.03587123003995253,0.011999046756370393
trained,1,5,36,False,0.02429246375686489,0.012653520636376925,0.01163894335331861,0.036519107365837467,0.011677673430226387
trained,1,5,37,False,0.023737232346320525,0.012198398580949288,0.011538833525264636,0.03557729339670568,0.012261481228499458
trained,1,5,38,False,0.02302214186056517,0.012031827325699851,0.010990314651280642,0.03583865673762971,0.012402743586738194
trained,1,5,39,False,0.024821787956170738,0.012824192803236656,0.011997595094726421,0.0397223715938754,0.012080708883054878
trained,1,5,40,False,0.026607267907820642,0.014324418203614186,0.012282849696930498,0.03851677315390628,0.012679202564976224
trained,1,5,41,False,0.025919520703610033,0.013824690919136629,0.012094829566194676,0.038983240199740976,0.012855800818215357
trained,1,5,42,False,0.025970025395508856,0.014117493788944557,0.011852531715703662,0.03763720582225429,0.013155253838793542
trained,1,5,43,False,0.02386359326192178,0.012170227142632939,0.011693365886458196,0.036851693639310734,0.01275782609709363
trained,1,5,44,False,0.024369932390982285,0.012403226559399627,0.011966705831582658,0.03667288252543057,0.012812615615654397
trained,1,5,45,False,0.024292699177749455,0.012721956183668226,0.01157074332877528,0.03828645195683529,0.012697875948755868
trained,1,5,46,False,0.0256076819205191,0.014482766258879565,0.01112491570529528,0.03572640111538726,0.013003662673821836
trained,1,5,47,False,0.024838342185830697,0.01396377815399319,0.01087456417735666,0.03625087078773614,0.012689521558763038
trained,1,5,48,False,0.02426936005940661,0.01366748393047601,0.010601876150758471,0.0359745698847941,0.012924311191846545
trained,1,5,49,True,0.022349384306835418,0.022349384306835418,0.0,nan,nan
trained,2,0,0,False,0.008306330666528083,0.0005518930752259621,0.0077544376472360454,0.008479467698282773,0.00814368680232402
trained,2,0,1,False,0.0070421584823634475,0.000662621998344548,0.006379536651365925,0.007364275690633804,0.006791622905034779
trained,2,0,2,False,0.007301828445633873,0.0008563189742289978,0.0064455093670403585,0.007388331508991541,0.007215325116703752
trained,2,0,3,False,0.008184940386854578,0.0010296844650383719,0.00715525601117406,0.008949473162271803,0.007466743042283324
trained,2,0,4,False,0.008561150068999268,0.0007150432227263082,0.007846106847864576,0.00871759662678575,0.008383844047784805
trained,2,0,5,False,0.009625831255107187,0.0010605341867631068,0.008565297117456794,0.009339456611241284,0.009921297238814452
trained,2,0,6,False,0.010146586340852082,0.0013343495061235444,0.008812236657831818,0.010245954378900166,0.01000135602393689
trained,2,0,7,False,0.010160889680264518,0.0011233903910579102,0.00903749928693287,0.009935776026532898,0.010319969741006692
trained,2,0,8,False,0.011188019809196703,0.0011042087203350093,0.010083811182994395,0.011683886109943122,0.0105703616465785
trained,2,0,9,False,0.011568296802579425,0.001141234787837675,0.010427062094095163,0.01182030915198001,0.011378424663147698
trained,2,0,10,False,0.012009326135739684,0.0010394254786660895,0.01096990070072934,0.012219335143573774,0.011681711608543992
trained,2,0,11,False,0.012915179278934374,0.0013779545392935688,0.0115372248692438,0.01257071134057783,0.013249048132162827
trained,2,0,12,False,0.01385429542278871,0.001276103371537829,0.012578191905049607,0.01423540644464083,0.01347318421176169
trained,2,0,13,False,0.013773607526673004,0.0013880910405532632,0.012385516340145841,0.014220100354903668,0.013283197691694634
trained,2,0,14,False,0.014740321494173259,0.001332317217020318,0.013408004160737619,0.014645961709902622,0.014834681220236234
trained,2,0,15,False,0.015437893831403926,0.0012906629274311854,0.014147230656817555,0.015385569590661261,0.015505167389554637
trained,2,0,16,False,0.01562194895814173,0.0015758661593281431,0.014046082942513749,0.015518652179333216,0.015739018780489764
trained,2,0,17,False,0.01685673973406665,0.0016663941441947827,0.015190345380688086,0.017908080212645613,0.015957766900891845
trained,2,0,18,False,0.01761526457266882,0.0015714642759121489,0.016043800191255286,0.016942787212891535,0.018155140644857584
trained,2,0,19,False,0.018268540705321357,0.0017841917010628094,0.016484349209349602,0.018645166567918182,0.017828080061254865
trained,2,0,20,False,0.01748966204468161,0.001496165135904448,0.01599349663592875,0.01776648830208513,0.017133742437830994
trained,2,0,21,False,0.017411890614312142,0.0020151665157754906,0.01539672410581261,0.01843789517163084,0.016709888010824982
trained,2,0,22,False,0.018520313780754805,0.0014396586457223748,0.017080655612517148,0.018218979103998705,0.01874734736876945
trained,2,0,23,False,0.01854765898315236,0.001494902866738812,0.01705275577842258,0.018734139390289783,0.01838311761179391
trained,2,0,24,False,0.01986985217081383,0.0019280475921732432,0.017941804602742195,0.021303273209681114,0.018605068709482163
trained,2,0,25,False,0.019194491527741775,0.0017219542614839156,0.01747253688517958,0.019461628889114083,0.018861741350408186
trained,2,0,26,False,0.020200190891046077,0.0017980335846914386,0.018402157176751643,0.020063973615987826,0.020316666505043057
trained,2,0,27,False,0.021339713188353926,0.0015541685702373798,0.019785544456681237,0.02183796763420105,0.020825641377577704
trained,2,0,28,False,0.021559257642365992,0.0019419319032749627,0.01961732580093667,0.021957859833491966,0.021160655800485983
trained,2,0,29,False,0.021323992928955704,0.002017836499362602,0.019306156842503697,0.021052699851302,0.02160389881048884
trained,2,0,30,False,0.022506634704768658,0.0019968838978456915,0.020509750756900758,0.02180741314704602,0.02322805386095766
trained,2,0,31,False,0.02072244172450155,0.0014567654866368684,0.01926567600457929,0.02052601625950172,0.020885193534195424
trained,2,0,32,False,0.02265228674514219,0.0017955514592813415,0.020856735412962735,0.022831903835921957,0.022508087240054573
trained,2,0,33,False,0.02378410944947973,0.0022071488283472718,0.021576960862148553,0.0235451461126407,0.023994960520854765
trained,2,0,34,False,0.0213689494994469,0.0017411771277693333,0.019627772155217826,0.0202408856453581,0.022819317378369827
trained,2,0,35,False,0.023020666441880167,0.0023422545896210067,0.020678411732660607,0.02338184097754782,0.02259827556751542
trained,2,0,36,False,0.023665546788834035,0.0017837386621977203,0.021881808119360358,0.02608711140660139,0.021167106453388457
trained,2,0,37,False,0.02453194430563599,0.002310785410372773,0.02222115866607055,0.0245085493920164,0.02456202334724367
trained,2,0,38,False,0.02409124540281482,0.0022214449318198604,0.021869800286367536,0.024554655674312795,0.023531957079881222
trained,2,0,39,False,0.02500993851572275,0.002133252698513388,0.02287668630015105,0.02504074651627771,0.024980997610272785
trained,2,0,40,False,0.024164638249203563,0.0026253669770994748,0.021539270877838135,0.02628596083007076,0.022566380515082238
trained,2,0,41,False,0.023530653736088425,0.001595340161884451,0.021935313590802252,0.02432375072755597,0.022933114600712307
trained,2,0,42,False,0.022001024335622787,0.001677575496614736,0.020323448785347864,0.023004575322071712,0.021115537732839584
trained,2,0,43,False,0.022869563370477408,0.0019215191914554453,0.020948043995304033,0.022376213989713612,0.023428692296147347
trained,2,0,44,False,0.02068888902431354,0.001499866290942009,0.019189022743375972,0.020938743946745116,0.020405720267444846
trained,2,0,45,False,0.020625777600798756,0.0021134089624865737,0.018512368522351608,0.019690014585329776,0.02137702378168912
trained,2,0,46,False,0.0207292509439867,0.0025190788855979918,0.018210172274848446,0.021434294912269558,0.020126387368941654
trained,2,0,47,False,0.02179787668865174,0.002439466612486285,0.0193584100343287,0.02351470647946648,0.01979005879769891
trained,2,0,48,False,0.019026184920221567,0.0014866185456412495,0.017539566644700244,0.019140241634366766,0.018937474608214367
trained,2,0,49,True,0.13457620632834733,0.13457620632834733,0.0,nan,nan
trained,2,1,0,False,0.14988439937587827,0.009299904224462807,0.14058449211006518,0.15121413992657776,0.1486352492462505
trained,2,1,1,False,0.01539621115080081,0.009118213041801937,0.00627799805442919,0.01728469569934532,0.013927389777058527
trained,2,1,2,False,0.01438695061369799,0.009379874045407632,0.005007076601032168,0.01668948121368885,0.01208441959170159
trained,2,1,3,False,0.014270527346525341,0.009653352434725093,0.004617174838131177,0.017257842340416486,0.011464261534539135
trained,2,1,4,False,0.013635973606142215,0.009524290062472573,0.004111683309020009,0.01505066583836999,0.0120326553316166
trained,2,1,5,False,0.013482197129633278,0.009461044764975668,0.004021152310087928,0.01363729823094148,0.013322171917746938
trained,2,1,6,False,0.0133449548156932,0.009393045193064609,0.003951909495299333,0.014888160139028179,0.011089500577117387
trained,2,1,7,False,0.013213273865403607,0.009225246651112684,0.003988027085142676,0.014603314670857112,0.012230978334943453
trained,2,1,8,False,0.014120300387730822,0.010031270638137357,0.004089029604074312,0.015545838014025924,0.012344631015143374
trained,2,1,9,False,0.012846143916249275,0.00841655667136365,0.0044295874304225435,0.014845410903746432,0.011339846985695297
trained,2,1,10,False,0.01340329079539515,0.00912077179600601,0.00428251924313372,0.014801151059472408,0.011222628392279149
trained,2,1,11,False,0.013646519320900552,0.009203883721056627,0.0044426354088500375,0.015784004126631078,0.011574802920222282
trained,2,1,12,False,0.013565126995672472,0.009303487559009227,0.004261639205651591,0.0152881854592124,0.011842068415717222
trained,2,1,13,False,0.014944470982300118,0.010329429862395045,0.004615041496435879,0.016967139721139154,0.012722851303940425
trained,2,1,14,False,0.014246335849747993,0.009715952715851017,0.004530383253950276,0.016382598187192343,0.012110073759686202
trained,2,1,15,False,0.014196758784237318,0.009957818303519161,0.004238940567120153,0.0154028604997115,0.01264605694450438
trained,2,1,16,False,0.014696836835355498,0.009871919475699542,0.004824917616133462,0.016999197945765713,0.012087494491909942
trained,2,1,17,False,0.014221683100913651,0.009707389061077265,0.004514294070759206,0.01589349805677341,0.01279215988419626
trained,2,1,18,False,0.013965959849883802,0.009006074427816202,0.004959885487551219,0.01543873744575601,0.012783589261308521
trained,2,1,19,False,0.015042490224004723,0.010217247841865174,0.004825242276638164,0.016512874135936516,0.013322888399963663
trained,2,1,20,False,0.015142914053285494,0.010062581339298049,0.005080332660327258,0.016912989085540175,0.012867103513729359
trained,2,1,21,False,0.01501321600517258,0.009217964074196061,0.005795251667223056,0.016909784350830778,0.0137155638076365
trained,2,1,22,False,0.014814727823249996,0.009610791381419403,0.005203936283578514,0.017323294637555425,0.012924711487881125
trained,2,1,23,False,0.014994080207543448,0.009309556509833783,0.005684523737727432,0.01666541926873227,0.013519369052065647
trained,2,1,24,False,0.015626755892299116,0.009823600346862804,0.005803155507237534,0.017793903142834702,0.0137145672513939
trained,2,1,25,False,0.015554292884189636,0.010281934699378326,0.005272358086585882,0.017391239096161346,0.013266166672110558
trained,2,1,26,False,0.015294645447283983,0.009287073859013617,0.006007571499139885,0.01634229183733716,0.014398831887629587
trained,2,1,27,False,0.01626189108355902,0.009742441390699241,0.006519449621919193,0.018086400971962856,0.01437945995065901
trained,2,1,28,False,0.015732476604171097,0.009778047235158738,0.005954429288976826,0.016838244351674803,0.014626708900323138
trained,2,1,29,False,0.01708522456465289,0.01112566854499164,0.005959556072411942,0.018163034090628992,0.01597319859715681
trained,2,1,30,False,0.01684288666001521,0.010699085407395614,0.006143801439975505,0.019403411276065388,0.014201076316928105
trained,2,1,31,False,0.016801818943349645,0.009867036704235943,0.006934782277312479,0.019703776864656086,0.014397339403097119
trained,2,1,32,False,0.017410272907000035,0.01044955815814319,0.006960714683373226,0.018612450609604515,0.016445143935336193
trained,2,1,33,False,0.017114765621954575,0.010275905806338415,0.006838859613708337,0.018859983220075566,0.015574867754955502
trained,2,1,34,False,0.0170051486347802,0.010794267553137615,0.006210881161678117,0.018291650728012126,0.015351074182295374
trained,2,1,35,False,0.01728310587350279,0.010299587989720749,0.006983517863773159,0.018945859313227127,0.015338529493280892
trained,2,1,36,False,0.016688220523064956,0.01016922314738622,0.006518997428429429,0.01823062933981419,0.01509684690880397
trained,2,1,37,False,0.017254367179702967,0.010434905932925176,0.006819461148552364,0.01917984357310666,0.014778754823575062
trained,2,1,38,False,0.017901120736496523,0.01173818674578797,0.00616293390703504,0.01968313024512359,0.01575041976596775
trained,2,1,39,False,0.018837743351468816,0.011282255618425552,0.007555487835816166,0.02104706733277248,0.01676231775094162
trained,2,1,40,False,0.01940459737670608,0.011952446460782085,0.007452150992321549,0.023314292017709126,0.016458936826619384
trained,2,1,41,False,0.01758416063967161,0.010352260964282323,0.007231899868202163,0.019371651417829774,0.016237421471574538
trained,2,1,42,False,0.01902282191440463,0.011619880337093491,0.007402941495456616,0.02108354059358438,0.017204540548846126
trained,2,1,43,False,0.020339284470537677,0.012323149298026692,0.00801613518888189,0.02269006397246438,0.017675067282592258
trained,2,1,44,False,0.019342231680639088,0.011860273942147614,0.007481957805794082,0.020038704209796646,0.018552896101027727
trained,2,1,45,False,0.01777148083783686,0.010255978937493637,0.0075155019185331184,0.019356222104346545,0.01649922385654399
trained,2,1,46,False,0.019419118121732026,0.01226191201567417,0.007157206198826316,0.020894623693015615,0.018157453937590984
trained,2,1,47,False,0.02017785530188121,0.012210738954308908,0.007967116751387948,0.021845936329792377,0.01822704896015131
trained,2,1,48,False,0.017305251123616472,0.01016356139734853,0.007141689762647729,0.019077832012304237,0.015926577435392473
trained,2,1,49,True,0.08446311799343675,0.08446311799343675,0.0,nan,nan
trained,2,2,0,False,0.007643633660336491,0.0013115617917094369,0.006332071869110223,0.007855599682267395,0.007444514101018396
trained,2,2,1,False,0.0035290847463329555,0.0016599130030385822,0.0018691716868488584,0.003788863446970936,0.0033270344235158214
trained,2,2,2,False,0.0033213731312571326,0.001561105410729624,0.0017602678035473218,0.0036294800556788687,0.003013266275956994
trained,2,2,3,False,0.00367215566438972,0.0018602806345597855,0.0018118750413123053,0.0031385158663690695,0.004173453783909226
trained,2,2,4,False,0.003397163699446537,0.001353234879786669,0.0020439287800400052,0.0034028833872392114,0.0033906812745650916
trained,2,2,5,False,0.004126069710764568,0.0019483369419504015,0.0021777328329335432,0.00438014866443924,0.0038639248832912435
trained,2,2,6,False,0.0037241005829855567,0.0014545208846357127,0.002269579767016694,0.0034432717519322117,0.004134542939062577
trained,2,2,7,False,0.003852026160529931,0.0014740440996661164,0.0023779819912306266,0.0037031281884443365,0.003957247358436386
trained,2,2,8,False,0.004407619941048324,0.0016820971084712255,0.002725522754190024,0.004137075201175372,0.004744613956733558
trained,2,2,9,False,0.0039502312738477485,0.001409272740374945,0.0025409585286979564,0.0036026398524303333,0.004212115278901303
trained,2,2,10,False,0.004791180856045685,0.0017444911451889311,0.0030466896132566035,0.00457548699192464,0.005127663279417902
trained,2,2,11,False,0.0052978805906604975,0.002001145033659668,0.0032967355800792575,0.005531799037098175,0.005071159729805703
trained,2,2,12,False,0.005326730311935535,0.0015412766441613712,0.003785453751333989,0.004918846443615621,0.0057346144058101345
trained,2,2,13,False,0.0061148515342210885,0.002446126670065496,0.0036687247520603705,0.0053644557379241755,0.0069390563561474205
trained,2,2,14,False,0.005847282904142048,0.0018006360933213728,0.004046646834467538,0.005125186733494047,0.006569379082066007
trained,2,2,15,False,0.006703922190354206,0.001596954030787856,0.00510696825949708,0.00612705741595063,0.007445605646353215
trained,2,2,16,False,0.006712924026942346,0.0021150535548031257,0.004597870552970562,0.00677173352896181,0.006646273444251468
trained,2,2,17,False,0.007478614461433608,0.0021556864380727347,0.005322928052919451,0.007384769231775555,0.00755885890280099
trained,2,2,18,False,0.00837376007984858,0.002645038326136273,0.005728721756895538,0.008772657130305703,0.00805351902192957
trained,2,2,19,False,0.008062101129326038,0.0023932982458063634,0.00566880292899441,0.007153516380534764,0.009124683097825718
trained,2,2,20,False,0.008444749342743307,0.0022704752175286558,0.006174274123623036,0.007013162449260967,0.01028536116271945
trained,2,2,21,False,0.008931274089263752,0.0027600774542406725,0.006171196742798202,0.007269139701607995,0.01006852429648126
trained,2,2,22,False,0.010813755201525055,0.0030235973817980266,0.007790157636918593,0.010868102820082146,0.010772808241236904
trained,2,2,23,False,0.010505944810574874,0.0021056577099898277,0.00840028694801731,0.010611773177515715,0.01041256668566562
trained,2,2,24,False,0.0112532222919981,0.00326583545165704,0.00798738678713562,0.01012978806781272,0.012244487735990654
trained,2,2,25,False,0.012787272629793733,0.002463123592406191,0.010324149130610749,0.01206130566547664,0.013691547408438566
trained,2,2,26,False,0.013406230049440637,0.003645129344477027,0.009761100554896984,0.013893296873054893,0.012989752392783977
trained,2,2,27,False,0.012819598981877789,0.0028625518866647326,0.009957046844647266,0.01259762945656593,0.013048615033132215
trained,2,2,28,False,0.015312924719182774,0.00308708436523375,0.01222584025526885,0.015344284300226718,0.015281564839824568
trained,2,2,29,False,0.014853349901386537,0.0034111598176878033,0.011442190283560194,0.013427075743675233,0.016324903062056927
trained,2,2,30,False,0.01622652330843266,0.0032404750768364465,0.01298604829935357,0.01616806572733017,0.016286837018375834
trained,2,2,31,False,0.016857596376212314,0.0034262534459230665,0.013431342886178754,0.014993269502281628,0.018402324257684604
trained,2,2,32,False,0.01640907602268271,0.0030613309963882784,0.013347745349165052,0.016192524040346608,0.016582927784659494
trained,2,2,33,False,0.018518641067203134,0.0037787327792102587,0.014739908569026738,0.018451036656430612,0.018578292404794517
trained,2,2,34,False,0.0198368126002606,0.003181702981237322,0.01665510982275009,0.02032908535976377,0.019203890248068744
trained,2,2,35,False,0.019744869379792362,0.004120045380659576,0.015624823703547008,0.017717343053200107,0.02211604440995192
trained,2,2,36,False,0.022472533222753555,0.004351986093752203,0.018120547494618222,0.02109784525460922,0.02389086268487431
trained,2,2,37,False,0.023816071479814127,0.0038666076125082327,0.01994946418562904,0.023351848940365016,0.02441292895569599
trained,2,2,38,False,0.026307058782549575,0.004159264394274942,0.022147794195916504,0.027357282117009163,0.025039547733191787
trained,2,2,39,False,0.021935373777523637,0.004315167638196726,0.01762020625756122,0.02030182835615931,0.023469916149748093
trained,2,2,40,False,0.026852678216528147,0.0047518357168883085,0.02210084258695133,0.028287475352937526,0.02577166690503898
trained,2,2,41,False,0.02938211365835741,0.005168054789464804,0.02421405937639065,0.027302412113005464,0.030949011853296463
trained,2,2,42,False,0.024003933474887162,0.004560542420222191,0.01944339142937679,0.024944631988182666,0.023173906128196153
trained,2,2,43,False,0.02724527072859928,0.004522475661360659,0.022722794965375215,0.02635399463093456,0.02825538298736016
trained,2,2,44,False,0.027278507011942565,0.0043917231350860675,0.022886784427100793,0.029522871927303428,0.02473489393790563
trained,2,2,45,False,0.03586732392432168,0.007019188074991689,0.028848136455053464,0.034768221703799146,0.03674970231425594
trained,2,2,46,False,0.0378924899850972,0.00709720727900276,0.03079528288799338,0.03904021676566641,0.03691110101299009
trained,2,2,47,False,0.03387719107558951,0.006496022866485873,0.027381168794818223,0.0336577829675398,0.03413378804038136
trained,2,2,48,False,0.03157918684883043,0.005607981260254746,0.025971205832320265,0.029527810385583768,0.03317470142307381
trained,2,2,49,True,0.2984357215464115,0.2984357215464115,0.0,nan,nan
trained,2,3,0,False,0.01986258955730591,0.0070289936775225215,0.012833596039854456,0.02195921378968764,0.01789303343376201
trained,2,3,1,False,0.012375728983897716,0.008397505138418637,0.003978223900048761,0.014029707154674855,0.011089301254186366
trained,2,3,2,False,0.013534909550799057,0.009664115066698287,0.003870794640533859,0.01506586590767256,0.012003953484963859
trained,2,3,3,False,0.013507482464774512,0.009779038868146017,0.0037284434692992363,0.014841004468185166,0.012254780341842861
trained,2,3,4,False,0.013508039424777962,0.009734108643897343,0.0037739307117590215,0.014248250263763647,0.012669133394956589
trained,2,3,5,False,0.013285497945616953,0.009510315721854568,0.003775182081881212,0.01612017326630079,0.010360833331351241
trained,2,3,6,False,0.014985565765528008,0.010897588625084609,0.00408797735326516,0.017389888039600156,0.011471556342887476
trained,2,3,7,False,0.012750087204040028,0.008453262365947012,0.0042968250691046705,0.017131047652823465,0.009654208980500699
trained,2,3,8,False,0.015401091164676473,0.01098535003256984,0.004415740750118857,0.01869624355253698,0.011296602782973073
trained,2,3,9,False,0.014675189144327305,0.009848171641351655,0.0048270174593199044,0.017296026211062618,0.012700585737722377
trained,2,3,10,False,0.019710696709807962,0.014889140162267722,0.004821556593014975,0.019113861887047116,0.020641759037971497
trained,2,3,11,False,0.01772843685466796,0.012569213227834553,0.005159223725058837,0.020208981459117717,0.01532421699510171
trained,2,3,12,False,0.016089088676380925,0.011221433873288333,0.004867654628469609,0.018842527799279196,0.01333564898231998
trained,2,3,13,False,0.018121050554327667,0.013017569683142938,0.005103480641992064,0.02123184892376746,0.014704271616627934
trained,2,3,14,False,0.017484372889157385,0.012206489787786268,0.00527788312138,0.020628630201827036,0.014340115652885288
trained,2,3,15,False,0.018835305170796346,0.013301980055985041,0.005533325229407637,0.022591792983196985,0.014005534716748766
trained,2,3,16,False,0.01802502009377349,0.012251767780981027,0.005773252316430444,0.021112359556889927,0.014526035202046235
trained,2,3,17,False,0.018060442263958976,0.012756870906741824,0.0053035711898701265,0.020106400832754827,0.016310999291422573
trained,2,3,18,False,0.018457735859556124,0.013025114763877355,0.005432621463114629,0.019088500826782956,0.017951347235537752
trained,2,3,19,False,0.018190626964496914,0.012395675679726992,0.005794951310235774,0.02017692396876173,0.015867669245828005
trained,2,3,20,False,0.020224577165208757,0.014236995586543344,0.0059875819461012725,0.02258264452878696,0.017192776714052473
trained,2,3,21,False,0.02070174360414967,0.014422477208427154,0.006279266617639223,0.0225881786721472,0.019411024894859446
trained,2,3,22,False,0.01876572781475261,0.012871316910604946,0.0058944108805008,0.023241935065016147,0.015393242928875636
trained,2,3,23,False,0.018411492696031928,0.012155470009020064,0.006256023101741448,0.022985468026793875,0.01437563224531272
trained,2,3,24,False,0.020475154160521924,0.01381874103390146,0.006656413326709298,0.024544874582594883,0.01688422421541284
trained,2,3,25,False,0.022672726918244734,0.016612568142591044,0.006060159073967952,0.023600020609848518,0.021517677330657056
trained,2,3,26,False,0.018745947309071198,0.012411856718244962,0.006334090299787931,0.021588367556016577,0.016315471502425877
trained,2,3,27,False,0.020762557978741825,0.013842705520801246,0.006919852225109935,0.024916441688457358,0.016476804878385293
trained,2,3,28,False,0.02092259714845568,0.014395509962923825,0.0065270869054074865,0.02452858386823209,0.017316609839326702
trained,2,3,29,False,0.021089050103910267,0.01418997124710586,0.006899078816786641,0.025988001795485615,0.01603457605141023
trained,2,3,30,False,0.02099806566548068,0.014320527858217247,0.006677537501673214,0.02646426263336952,0.015358337541184729
trained,2,3,31,False,0.020872436041827314,0.013988417325890623,0.006884018192067742,0.02309514098029969,0.01903076646849513
trained,2,3,32,False,0.022234765870962292,0.015009728143922985,0.007225037625175901,0.027266387688812982,0.0181952943946694
trained,2,3,33,False,0.020645860786316916,0.01299839394778246,0.007647466685739346,0.025046406597054253,0.016763025456491637
trained,2,3,34,False,0.020284231010009535,0.013222970446804538,0.007061261072522029,0.022496819295661732,0.01743947506682681
trained,2,3,35,False,0.023440903751179576,0.016193287636269815,0.007247616111271782,0.026532435668227466,0.01982538419444177
trained,2,3,36,False,0.025498658942524344,0.018163729066145606,0.007334929920034483,0.029414623821727354,0.021458377396421775
trained,2,3,37,False,0.023430222892784514,0.015952685062075034,0.007477537656086497,0.02873041272525572,0.01661569290029417
trained,2,3,38,False,0.021034454519394785,0.013582497427705675,0.007451957026205491,0.0244788863829204,0.016877381163167542
trained,2,3,39,False,0.023108890716684982,0.015137520895223133,0.007971369954248075,0.027175729636163,0.019288526692738138
trained,2,3,40,False,0.022402297123335302,0.014804655496845953,0.007597641699248925,0.028580869078128172,0.017747208986380332
trained,2,3,41,False,0.020999637781642377,0.013832871307386085,0.007166766778027522,0.02636624271134761,0.016956305641629928
trained,2,3,42,False,0.021617234830046073,0.014447169451159425,0.007170065338868881,0.025352265425802517,0.018321619437569204
trained,2,3,43,False,0.026228629343677312,0.018725235378951766,0.007503393830120331,0.030704865708043254,0.02115556054438154
trained,2,3,44,False,0.02491641706728842,0.01729333246476017,0.0076230843624216504,0.02986751171171336,0.019305176318933567
trained,2,3,45,False,0.022014338232111186,0.01463316883018706,0.0073811694455798715,0.02632627764863795,0.018552640229988267
trained,2,3,46,False,0.023032273107673973,0.01526784866291564,0.007764424753986532,0.02670511403278905,0.0198917282016381
trained,2,3,47,False,0.024365527438931167,0.01663914680830203,0.007726380186795723,0.028893127651088802,0.01907053742936607
trained,2,3,48,False,0.025909689866239205,0.018806783948093653,0.007102906194631942,0.02743852459077191,0.024720596188368894
trained,2,3,49,True,0.039604933727787284,0.039604933727787284,0.0,nan,nan
trained,2,4,0,False,0.01196795677242335,0.006038587798684603,0.005929368904617149,0.014675577456552173,0.009424434163410104
trained,2,4,1,False,0.010441828693728894,0.006614059951971285,0.0038277687708614394,0.014064129807853272,0.007624483311600569
trained,2,4,2,False,0.012386155867716298,0.008245370001532137,0.004140785815252457,0.016458679237985052,0.008313632279168814
trained,2,4,3,False,0.013247600087197497,0.00889548790291883,0.004352112446213141,0.017832263320263834,0.008940795457667924
trained,2,4,4,False,0.013592853269074112,0.009023645448905881,0.004569207907479722,0.01656352193779586,0.010226095786007743
trained,2,4,5,False,0.014635303028626367,0.009653477289248258,0.004981825535651296,0.019010749788811572,0.010120952767985207
trained,2,4,6,False,0.015930122521240264,0.010691780975321308,0.005238341567746829,0.019574019506475644,0.010604427164742867
trained,2,4,7,False,0.014505352242849767,0.008952889184001833,0.00555246313160751,0.019194717967074434,0.011191534164051215
trained,2,4,8,False,0.016267018887447193,0.010545924655161798,0.005721094319596887,0.020008286067717512,0.01160684415024885
trained,2,4,9,False,0.015354439965449274,0.009189112359308638,0.006165327722555958,0.019758235697041857,0.01203651213380572
trained,2,4,10,False,0.01846535169170238,0.012304254618356936,0.0061610967823071405,0.022152959345242917,0.012712683668360114
trained,2,4,11,False,0.017451898107538,0.010925320777460001,0.006526577519252896,0.021813975750572152,0.01322403855335254
trained,2,4,12,False,0.017776698776287958,0.01115233768359758,0.0066243612091057,0.02221595552691724,0.013337441982002929
trained,2,4,13,False,0.017947438784176484,0.011064740334404632,0.00688269836246036,0.021866897440779565,0.013642459588705514
trained,2,4,14,False,0.018164472334319726,0.011110154533525929,0.0070543178444495425,0.022692728525726125,0.013636216412123758
trained,2,4,15,False,0.020343938493169844,0.013043003767961636,0.007300934346858412,0.025231931914782357,0.014059375289694538
trained,2,4,16,False,0.02020319548319094,0.012829602579586208,0.007373592947260477,0.025203275549061155,0.014536438789218665
trained,2,4,17,False,0.01912803074810654,0.011611823851126246,0.007516206649597734,0.0237425202819503,0.015182307219483713
trained,2,4,18,False,0.019226909731514752,0.01182466113823466,0.007402248767903075,0.02454314509962212,0.014958946296656634
trained,2,4,19,False,0.019717227667570114,0.01190367472008802,0.007813552874722518,0.02336519968736431,0.015450954847669198
trained,2,4,20,False,0.01994554212433286,0.01209677045699209,0.007848771725548431,0.023666815948672593,0.015161047290478433
trained,2,4,21,False,0.020165900117717683,0.012002611780189909,0.008163288148352876,0.025519996182993054,0.016502570973611193
trained,2,4,22,False,0.020114110258873552,0.012030778787448071,0.008083331602392718,0.025641907209699805,0.01594933220631864
trained,2,4,23,False,0.0203600108216051,0.011963374432525598,0.008396636345423758,0.02426309819954137,0.016916110317277556
trained,2,4,24,False,0.02046970830997452,0.011974671637290157,0.008495036789099686,0.024761773506179453,0.016682591727551294
trained,2,4,25,False,0.022431871620938182,0.014126998474239372,0.008304873263114132,0.026562104552564483,0.01728719557847893
trained,2,4,26,False,0.020666903612436727,0.012249720428371802,0.00841718322772067,0.02550231262852075,0.016532279389060062
trained,2,4,27,False,0.022086024226155132,0.013334853938431479,0.008751170040341094,0.026816553880388918,0.01720531853950686
trained,2,4,28,False,0.021868227719096467,0.013267956950585358,0.00860027119051665,0.02605058695189655,0.017685869242995977
trained,2,4,29,False,0.02274770411895588,0.013922018930315971,0.008825685290503316,0.026962429371017678,0.018399177710451776
trained,2,4,30,False,0.022467113216407597,0.013596228032838553,0.008870885576470755,0.02715864723118452,0.017626642293873288
trained,2,4,31,False,0.022597542498260736,0.013698464201297611,0.008899078442482278,0.02882831744400078,0.017434900413666455
trained,2,4,32,False,0.022869734617415816,0.013785276270937175,0.00908445862296503,0.028195146618312912,0.018594404393938228
trained,2,4,33,False,0.021724630350945517,0.012630981451366097,0.009093648593989201,0.02668912927620113,0.017344189205152148
trained,2,4,34,False,0.023264223360456526,0.01418363829725422,0.009080584888579324,0.026581896106816,0.01899864400703726
trained,2,4,35,False,0.022740917571354657,0.013433138665277511,0.009307778353104368,0.026934280694610832,0.017836814209566277
trained,2,4,36,False,0.02270166523521766,0.013542292697820812,0.009159372566500679,0.025706548673602253,0.019601389085726135
trained,2,4,37,False,0.023075293458532542,0.013862788662663661,0.00921250476676505,0.02636494093005442,0.01884574727487883
trained,2,4,38,False,0.023913244891446084,0.01464240820496343,0.009270837079384364,0.02806696423462459,0.018900135580193378
trained,2,4,39,False,0.02512904244940728,0.015394512811326422,0.009734529710840434,0.029710273498729352,0.020825462288815867
trained,2,4,40,False,0.02280867559602484,0.013322552782483399,0.00948612266802229,0.027695763754573735,0.01912662236351673
trained,2,4,41,False,0.02178612447460182,0.012694593460764736,0.009091530737350695,0.02552060784602707,0.018972472198409578
trained,2,4,42,False,0.024177325423806906,0.01467372159822844,0.009503603592747822,0.028624053485691546,0.0202537416069604
trained,2,4,43,False,0.0245180829660967,0.015275388403097168,0.009242694868589751,0.028730046661461103,0.019744525384157895
trained,2,4,44,False,0.02442319947294891,0.015355521551100537,0.009067677514394745,0.028542305507204112,0.0197548788972199
trained,2,4,45,False,0.022249312372878194,0.013141023780917749,0.009108288824791089,0.025360248688804477,0.019751800670170447
trained,2,4,46,False,0.02483233984094113,0.01557053520809859,0.009261804967536591,0.028901806385335273,0.021352651650490967
trained,2,4,47,False,0.024760419502854347,0.015358668169938028,0.00940175105642993,0.028591384787274444,0.020280137571300993
trained,2,4,48,False,0.023106377222575247,0.014240171731216833,0.008866205404046923,0.02538095404660063,0.021337261837389734
trained,2,4,49,True,0.019244941520810244,0.019244941520810244,0.0,nan,nan
trained,2,5,0,False,0.005659402413584758,0.0029048861433693673,0.002754516246568528,0.009620152646675706,0.0019386976773878841
trained,2,5,1,False,0.00707479527045507,0.0038879212825122522,0.003186873993399786,0.012461442933792047,0.002885180274056943
trained,2,5,2,False,0.008759085372730624,0.004671115682867821,0.004087969464308117,0.014861802588711726,0.0026563682595224236
trained,2,5,3,False,0.010727305605541915,0.005679471883922815,0.00504783368887729,0.018631235350884737,0.003302401693707163
trained,2,5,4,False,0.010830798200913705,0.005779529321443988,0.005051268813986098,0.017270287238609267,0.003532710527845969
trained,2,5,5,False,0.01168085819517728,0.006425330888305325,0.005255527445115149,0.01911187471392063,0.004013936411375032
trained,2,5,6,False,0.015559104969725013,0.00831855644537427,0.007240548628033139,0.023270426183252743,0.004288712576033924
trained,2,5,7,False,0.01195644355902914,0.006391636918124277,0.005564806604525074,0.021988660316773743,0.004867010392869513
trained,2,5,8,False,0.015732077590655535,0.00848858815152198,0.007243489497341216,0.0241303550682857,0.005271065369526153
trained,2,5,9,False,0.01316533429780975,0.006977172080951277,0.0061881623332737945,0.02292014815929261,0.005815817432299461
trained,2,5,10,False,0.01775215263478458,0.00977021125072497,0.007981941220350564,0.02543347567701951,0.00576928849099204
trained,2,5,11,False,0.016269979416392744,0.00863675041910028,0.007633229033672251,0.027135452817356777,0.005738828940173754
trained,2,5,12,False,0.01643271103966981,0.00878928948804969,0.007643421216926072,0.026324730009946506,0.0065406914090999635
trained,2,5,13,False,0.017608473252039403,0.00907697973161703,0.00853149386239238,0.027649491719567952,0.00657981404935422
trained,2,5,14,False,0.01752866368042305,0.009392562940774951,0.008136100805131719,0.028133722284110263,0.006923604973508191
trained,2,5,15,False,0.020139195694355294,0.010701385734137148,0.009437809756491333,0.03078462610331674,0.006452213274315
trained,2,5,16,False,0.020232944225426763,0.010670788353309035,0.00956215568294283,0.032060136388549036,0.006828792804541687
trained,2,5,17,False,0.017816407402278855,0.00906547240447253,0.008750934881391004,0.030128856584177174,0.007288371040688261
trained,2,5,18,False,0.018320994422538206,0.009448162192711607,0.008872832360793836,0.031069643354337463,0.008086163842473442
trained,2,5,19,False,0.019847244635457173,0.010261947427352425,0.009585297331796028,0.03014008471391339,0.007809855410892327
trained,2,5,20,False,0.021541174413869157,0.011280515158432536,0.010260659269988537,0.032202635374334126,0.00783358143131149
trained,2,5,21,False,0.017565526068210602,0.008686893197591417,0.008878632557753008,0.030962976447951332,0.008398848743557832
trained,2,5,22,False,0.01962428231490776,0.009883490507490933,0.009740791691001505,0.034294426475058905,0.008571433723100447
trained,2,5,23,False,0.01995927351526916,0.010063088906463236,0.009896184885292314,0.03272250629961491,0.008697598176213966
trained,2,5,24,False,0.021427716768812388,0.011147938064823393,0.010279778711264953,0.03504379435131947,0.009413531050086021
trained,2,5,25,False,0.0229923301958479,0.012060471810400486,0.01093185823992826,0.033995976461700994,0.009286033867842013
trained,2,5,26,False,0.020358342953841202,0.010056771236122586,0.010301571397576481,0.033604580845873235,0.009031849661909477
trained,2,5,27,False,0.023348673013970256,0.012063397763995454,0.011285275308182463,0.03695820128688446,0.009307096375980312
trained,2,5,28,False,0.02280213200720027,0.011659907155262772,0.011142225135699846,0.035525379731552675,0.010078884566610213
trained,2,5,29,False,0.02308116084896028,0.012004151853034273,0.011077009054133669,0.0362848912867216,0.009458264860782833
trained,2,5,30,False,0.023562259157188237,0.011904294951818883,0.011657963870675303,0.03674332545353816,0.009962745576298664
trained,2,5,31,False,0.024169020325643942,0.012581751303514466,0.01158726867288351,0.04002999122543582,0.011027072290224689
trained,2,5,32,False,0.02251925552263856,0.011667207087157294,0.010852048340893816,0.036878048720067,0.010991773784527897
trained,2,5,33,False,0.02313870601938106,0.011996893445029855,0.011141813010908663,0.03659030689547459,0.01126964683541754
trained,2,5,34,False,0.024931098625529557,0.01316606158070499,0.011765036833821796,0.03589685271597571,0.010832270788211773
trained,2,5,35,False,0.02588833385379985,0.01356195451808162,0.012326379815931432,0.03785143568571927,0.011897587612018748
trained,2,5,36,False,0.02404799679061398,0.012468359665945172,0.011579637284739874,0.03609088421441042,0.011622796201014094
trained,2,5,37,False,0.025858762674033642,0.013416206966212485,0.012442556224414147,0.03710608512887524,0.011397920698592705
trained,2,5,38,False,0.026402490329928696,0.014141623229079414,0.012260867239092477,0.03789900706282683,0.012527383735467648
trained,2,5,39,False,0.025869661156320944,0.013128129066899419,0.012741531958454289,0.04049540371183426,0.012130327413394822
trained,2,5,40,False,0.024144271505065262,0.012491906818468124,0.011652364264591597,0.03985673873261972,0.012306110518793129
trained,2,5,41,False,0.02280817218706943,0.01174142089439556,0.011066750987083651,0.03898399079387838,0.01062091132498359
trained,2,5,42,False,0.024361252784729004,0.012893924154923297,0.011467328309663571,0.03804184477776289,0.012290142250576001
trained,2,5,43,False,0.02722566173179075,0.014453873984166421,0.012771787762176245,0.04094749924672001,0.011674245778704061
trained,2,5,44,False,0.02666278270771727,0.014359935114043765,0.012302848001127131,0.03852259022567202,0.01322166797084113
trained,2,5,45,False,0.02416493627242744,0.012460039331926964,0.011704896838637069,0.03892385103462035,0.012316229723682497
trained,2,5,46,False,0.024874177324818447,0.013437300367513672,0.011436877044616267,0.03885369754191172,0.012920674493374383
trained,2,5,47,False,0.027226427162531763,0.014823872974375263,0.012402554100845009,0.039911082473354065,0.01239183184027798
trained,2,5,48,False,0.02367663785116747,0.012617080385098234,0.01105955718230689,0.03564786002971232,0.014365686705180755
trained,2,5,49,True,0.02267350703550619,0.02267350703550619,0.0,nan,nan
trained,3,0,0,False,0.008460102399112657,0.0007491479873351636,0.007710954516369384,0.008689187965437509,0.008276188582129461
trained,3,0,1,False,0.006904580055561382,0.0006767898436237374,0.00622779039258603,0.007351901059249236,0.006484369648564041
trained,3,0,2,False,0.007639953983016312,0.0009122708386257727,0.006727683168719523,0.007874639511394959,0.0073978181721435655
trained,3,0,3,False,0.008476623217575252,0.0011617624950304162,0.007314860529731959,0.008623076113477603,0.008351395203583483
trained,3,0,4,False,0.00860093095980119,0.0009390808495481906,0.007661850147997029,0.008553747711102328,0.008645254885777831
trained,3,0,5,False,0.009105003598961048,0.0009758702021827048,0.0081291332753608,0.009508614705683774,0.008647577449058494
trained,3,0,6,False,0.010222396842436865,0.0012563602315367461,0.008966036621131934,0.010541892839504071,0.00993151276080466
trained,3,0,7,False,0.010881750844419003,0.0011954475507991447,0.009686303194030188,0.010472011941848165,0.011232107108377893
trained,3,0,8,False,0.011411473373300396,0.0014145993588954298,0.009996874010539614,0.011482228771509492,0.01133128379782041
trained,3,0,9,False,0.012114660115912557,0.001224930042099004,0.010889730066992342,0.011988284317628732,0.012237147284814946
trained,3,0,10,False,0.011919891912839375,0.0012287771953651827,0.010691114541259594,0.011952212433619748,0.011893111746758223
trained,3,0,11,False,0.013239925930975005,0.0015174459481386293,0.011722479874151759,0.013366009465941828,0.013072578998451883
trained,3,0,12,False,0.013212648467742838,0.0015071884577082528,0.011705459939548746,0.013077288527380337,0.013356741052120924
trained,3,0,13,False,0.014444779459154233,0.0012148211269504827,0.013229958480224013,0.014727815391560053,0.01421026387917144
trained,3,0,14,False,0.01399295631563291,0.0014807141099026921,0.012512242275988683,0.014214512359883105,0.013820634922012687
trained,3,0,15,False,0.015056592324981466,0.0015956649358486175,0.013460927351843566,0.015597582164713564,0.014443470661838848
trained,3,0,16,False,0.016248852538410574,0.0019472920889711531,0.014301560411695391,0.016524226912720638,0.015955712045392683
trained,3,0,17,False,0.01613954169442877,0.0015792247368153767,0.01456031686393544,0.01591237878701726,0.016346361571505888
trained,3,0,18,False,0.017419548996258527,0.001621999704184418,0.015797549218405038,0.017816403029220444,0.016940587023594255
trained,3,0,19,False,0.016665606992319226,0.0013269180203678843,0.015338688826886937,0.01612372655007574,0.01719081450540286
trained,3,0,20,False,0.017599275364773348,0.0017350811908727337,0.015864194283494726,0.017560423915864716,0.017647668474206797
trained,3,0,21,False,0.017168519843835384,0.0012391531397497602,0.015929366636555642,0.01744628155773336,0.016872838019363342
trained,3,0,22,False,0.01960254888399504,0.0016310533728756127,0.017971495253732428,0.01956111656463876,0.019628247269723988
trained,3,0,23,False,0.020409002958331257,0.0018463210358277138,0.018562681827461347,0.021302527122913972,0.01922305305911736
trained,3,0,24,False,0.01943666723673232,0.0016317233128120279,0.01780494410195388,0.018916829443368754,0.019909953059100396
trained,3,0,25,False,0.019048239017138258,0.0017044440778590797,0.017343794606858864,0.018771766837853105,0.019351904723243635
trained,3,0,26,False,0.020890618849080056,0.001854800511864596,0.019035818229895085,0.021154272129699107,0.020642944668052776
trained,3,0,27,False,0.020188894995953888,0.0025390845194124267,0.017649810120929033,0.020049714223098227,0.02034663272400697
trained,3,0,28,False,0.020563114230753854,0.0018892419157054974,0.018673872080398723,0.021015308890491722,0.02027324589494711
trained,3,0,29,False,0.022165318834595382,0.002269457560942101,0.019895861129043624,0.023555170584084656,0.021013727784156798
trained,3,0,30,False,0.020483933680225164,0.001784771339771396,0.018699162028497085,0.020789831944487313,0.0202534616707939
trained,3,0,31,False,0.02103343026828952,0.002063866846583551,0.01896956330165267,0.021172606400572336,0.020889835639132395
trained,3,0,32,False,0.021591522148810327,0.0018155992602260085,0.01977592270122841,0.021489041014796213,0.021690849415384808
trained,3,0,33,False,0.023398683522827923,0.0020410750430528424,0.021357608668040484,0.02418840683081694,0.022764680618551414
trained,3,0,34,False,0.02202689164550975,0.002295293379575014,0.01973159797489643,0.0224492313961188,0.02165423903395148
trained,3,0,35,False,0.02217270078836009,0.0017463372259953758,0.02042636356782168,0.020686014958967765,0.023484482484705305
trained,3,0,36,False,0.023358447419013828,0.0021376127488110797,0.02122083498397842,0.024040929522485502,0.0227173279519334
trained,3,0,37,False,0.02268881257623434,0.002061492990833358,0.020627319405321032,0.023115015203754107,0.0220856956329267
trained,3,0,38,False,0.022987889300566167,0.0017414248177374247,0.021246463933493942,0.022878050330843107,0.023087891597133963
trained,3,0,39,False,0.023476840695366263,0.0016134243332999176,0.021863415895495564,0.023147638038019926,0.023849936481565238
trained,3,0,40,False,0.02323183452244848,0.002417418074401212,0.020814416086068377,0.02459085896088366,0.022140786681376715
trained,3,0,41,False,0.023637385165784508,0.0024517820675100666,0.021185603458434343,0.0240292948755351,0.02334211100760388
trained,3,0,42,False,0.023741237295325845,0.002529382689317572,0.021211854531429708,0.023255575421279755,0.024309215088516977
trained,3,0,43,False,0.022754212899599224,0.002248431683256058,0.020505781518295407,0.022623245891950586,0.02290264296655854
trained,3,0,44,False,0.021089424757519737,0.0020975114402972395,0.018991913209902123,0.022197709369816278,0.019469624277777396
trained,3,0,45,False,0.020255437877494842,0.002049250753771048,0.018206187116447836,0.020165585809283786,0.020321005552604392
trained,3,0,46,False,0.021092936338391155,0.0029317766366148135,0.01816115973633714,0.020396385552181352,0.021747272518096546
trained,3,0,47,False,0.021672849135939032,0.0021889488234592136,0.01948390033794567,0.022238725077893054,0.020989896183640794
trained,3,0,48,False,0.019366712745977566,0.0018792900732478302,0.017487422737758607,0.019703606688059296,0.019019124334648488
trained,3,0,49,True,0.1407087966799736,0.1407087966799736,0.0,nan,nan
trained,3,1,0,False,0.14612050450523384,0.00872649461052788,0.13739401147176977,0.14640169120148608,0.14589476648350838
trained,3,1,1,False,0.01593470887746662,0.009879643133899663,0.006055065867258236,0.01651867800542424,0.01538613178964817
trained,3,1,2,False,0.013915054718381725,0.009111267838306958,0.004803787103810464,0.01473187102148166,0.01307230806421666
trained,3,1,3,False,0.013113611988956109,0.00877577864594059,0.0043378331920393975,0.013497283926896624,0.012785544510984768
trained,3,1,4,False,0.013792028898024,0.009891903842799366,0.0039001249788270798,0.014552785684504816,0.013077378696338696
trained,3,1,5,False,0.014067428259295411,0.010164856579649495,0.0039025717778713442,0.015540481325896346,0.012397968458632627
trained,3,1,6,False,0.013715388282435015,0.010055844441012596,0.0036595438032236416,0.014907256990182595,0.012630253891224292
trained,3,1,7,False,0.013092498818878084,0.00943621558326413,0.0036562833411153406,0.014100966146373647,0.012230186372239521
trained,3,1,8,False,0.014003602162119932,0.01024345029509277,0.0037601520016323775,0.015288215226438993,0.012547707130822042
trained,3,1,9,False,0.013497334002749994,0.009612022840883583,0.0038853110254422063,0.01500890188155666,0.012032276205718517
trained,3,1,10,False,0.013876373297534883,0.010016549240390304,0.003859823933453299,0.014996562120986396,0.012948217269565378
trained,3,1,11,False,0.014211601999704726,0.0102090234086063,0.004002578577456006,0.014955614604157945,0.013224094758995554
trained,3,1,12,False,0.014103416629950516,0.010039479142506025,0.004063937632963643,0.01467197802566895,0.013498174049140464
trained,3,1,13,False,0.01375351008027792,0.009447172573345597,0.004306337522393733,0.015235652328179828,0.012525449413806202
trained,3,1,14,False,0.01351739552046638,0.009321219517005375,0.004196176179902977,0.014023442170582712,0.013123804056603048
trained,3,1,15,False,0.014345223302370869,0.009968547412427142,0.0043766755052274675,0.016027131830068195,0.012439060102527339
trained,3,1,16,False,0.014321782873594202,0.009657149588747416,0.004664632920139411,0.015194145849708355,0.013393138099702134
trained,3,1,17,False,0.013985943383886479,0.009696534309114213,0.004289408858312527,0.015318406806861768,0.012772805029665357
trained,3,1,18,False,0.014093463774770498,0.009395251636306057,0.004698211996583268,0.015211106956537282,0.012744583703320603
trained,3,1,19,False,0.013997074333019555,0.009362230382976122,0.004634844059182797,0.01504278117938647,0.012983542938645069
trained,3,1,20,False,0.014552386477589607,0.010065304439194733,0.0044870822412121925,0.01662638682452306,0.01196898240596056
trained,3,1,21,False,0.015662654855987057,0.010257605787046487,0.005405049188993871,0.016324247388790052,0.014958378626033664
trained,3,1,22,False,0.014606101613026112,0.00956881006641197,0.005037291579355951,0.015385219447162687,0.014122851169373415
trained,3,1,23,False,0.014758250763406977,0.009764905906195054,0.004993344755348517,0.015700172556385603,0.013508063190701334
trained,3,1,24,False,0.016620328882709146,0.010953554468869697,0.005666774503879424,0.01801575579848446,0.015349865460128925
trained,3,1,25,False,0.014693103119498119,0.00940393514247262,0.005289167778755655,0.015722443711068203,0.013562515439068685
trained,3,1,26,False,0.016192428825888783,0.01025894125632476,0.005933487565016549,0.01798009642610146,0.01451310490004041
trained,3,1,27,False,0.01629471918568015,0.010401709438156104,0.005893009993087617,0.017763710895772365,0.014629862271249294
trained,3,1,28,False,0.015989152976544574,0.010138933943380835,0.005850219144122093,0.01730821360833943,0.015143601343226737
trained,3,1,29,False,0.01698546903207898,0.011491681994812097,0.0054937872064328985,0.01862948452090395,0.015623284876346588
trained,3,1,30,False,0.016648758843075484,0.010678486120013986,0.005970272699414636,0.018488631973212415,0.015262553276978943
trained,3,1,31,False,0.016611851751804352,0.010381097945355577,0.006230753750969598,0.017485865749991857,0.015710091336615502
trained,3,1,32,False,0.01774415824911557,0.011660122181638144,0.006084036012907745,0.018695663335540937,0.01682193024227252
trained,3,1,33,False,0.01612850566743873,0.009718653818708844,0.006409852003343985,0.01746927090642745,0.015052116908867595
trained,3,1,34,False,0.01658161319210194,0.010462486643518787,0.00611912669683079,0.017760169094738862,0.015541711137356128
trained,3,1,35,False,0.01689080911455676,0.010119744063558755,0.006771064995518827,0.0182153198402375,0.015722122947301933
trained,3,1,36,False,0.017725733254337683,0.011202154975762824,0.006523578335873026,0.01813989057536087,0.017336676306458132
trained,3,1,37,False,0.017834925616625696,0.011150514797918731,0.0066844105886048055,0.018557772661248844,0.016812028521496172
trained,3,1,38,False,0.016596062312601134,0.010522545882849954,0.0060735162396667874,0.017629008999735605,0.015655618133162384
trained,3,1,39,False,0.0185233261436224,0.011278478152235039,0.007244848029586137,0.019244792761609834,0.017705664224922656
trained,3,1,40,False,0.01783969037933275,0.01080043897673022,0.00703925145262474,0.018416233736564192,0.017376831352290973
trained,3,1,41,False,0.017834084457717836,0.011132503190310672,0.006701581315610383,0.018503406220539052,0.017329800822963454
trained,3,1,42,False,0.017498604313004762,0.01069159884355031,0.006807005487644346,0.018112090618714043,0.016781137814208612
trained,3,1,43,False,0.018860449345083907,0.011438111352617852,0.007422337943353341,0.018805559121948832,0.018922658016284306
trained,3,1,44,False,0.018961305147968233,0.012024685827782378,0.006936619112821063,0.02033734591187615,0.016950168933432836
trained,3,1,45,False,0.019415875838603824,0.011907968495506793,0.007507907585022622,0.019281356147042027,0.019514039158821106
trained,3,1,46,False,0.020153647026745602,0.012920332585053984,0.007233314430777682,0.02077975178197507,0.019565487957813522
trained,3,1,47,False,0.02003850828623399,0.01248359629244078,0.007554912133855396,0.0211063061441694,0.0187497871028709
trained,3,1,48,False,0.019064324267674237,0.01196867875114549,0.007095645629306091,0.02033867142521418,0.017749521460029342
trained,3,1,49,True,0.09123522700974718,0.09123522700974718,0.0,nan,nan
trained,3,2,0,False,0.0073679849519976415,0.0010728067494767402,0.006295178180153016,0.007160087859486802,0.007534888166357093
trained,3,2,1,False,0.0034830747499654535,0.0015989672999410232,0.0018841074870579178,0.003029493687321402,0.003909166129729288
trained,3,2,2,False,0.003476601990769268,0.001688535225156329,0.0017880667346616974,0.0031265969621017574,0.0038377181839360486
trained,3,2,3,False,0.0040521754599467386,0.002248872338839192,0.0018033031610684702,0.0033475930617048832,0.004654644457859567
trained,3,2,4,False,0.004209705290122656,0.002072544856815739,0.002137160392521764,0.004622104981418459,0.003822299490407617
trained,3,2,5,False,0.0040585573678981746,0.0019723995987064313,0.0020861577613686677,0.0038106720295378606,0.004339494222464661
trained,3,2,6,False,0.004355149209004594,0.0018422892271416913,0.002512859880880569,0.004113761230074175,0.004574920215866348
trained,3,2,7,False,0.004697982152720215,0.0021563643362583207,0.0025416178759769537,0.004234061734277313,0.005094667846013022
trained,3,2,8,False,0.004540488638667739,0.0018237391722664142,0.0027167495027242694,0.004464361948467901,0.004626765780267306
trained,3,2,9,False,0.0048143642488867044,0.0019021765127149592,0.0029121877487341408,0.004749964139172955,0.004876782788107028
trained,3,2,10,False,0.005105158630613005,0.0018233268285712256,0.0032818318468343932,0.0052249001836853805,0.005005944310687483
trained,3,2,11,False,0.006018920805217931,0.0023499425334421176,0.0036689782900793944,0.005417844877029731,0.006816712392240085
trained,3,2,12,False,0.005757773691584589,0.002232836473581301,0.003524937197653344,0.004846438396877298,0.0067279050239331785
trained,3,2,13,False,0.006310186410701135,0.002627762683346191,0.0036824238195549697,0.005502089358272095,0.006979752637978111
trained,3,2,14,False,0.006985073403484421,0.0027818496243980917,0.004203223972581327,0.006785123621479475,0.0071405900331834955
trained,3,2,15,False,0.006888711872306885,0.002191434222368116,0.004697277574450709,0.006643083062954247,0.007167091080918907
trained,3,2,16,False,0.007387422891042661,0.0026622370053246414,0.0047251858850358985,0.006631116168467666,0.008192523654865762
trained,3,2,17,False,0.008345729300344829,0.002610616470064997,0.005735112943511922,0.007803083786771434,0.008839779790602069
trained,3,2,18,False,0.008109504873573314,0.0020861407265329035,0.006023364170687273,0.007455196936747858,0.008899186753892693
trained,3,2,19,False,0.008139364210364874,0.0026846773571378435,0.005454686775919981,0.007777904515110312,0.008489702018694235
trained,3,2,20,False,0.009198800573358312,0.002747523225707482,0.0064512774551985785,0.007967271514131988,0.010732810870793304
trained,3,2,21,False,0.009190430006128736,0.0028837895920332812,0.006306640323600732,0.008869760599213116,0.009531787611664302
trained,3,2,22,False,0.01034046481072437,0.003265603746058332,0.007074861117871478,0.00976978032849729,0.010694433681525384
trained,3,2,23,False,0.011157878521771636,0.0029871325195927056,0.00817074589576805,0.010424090039036046,0.012131815962493419
trained,3,2,24,False,0.010249532795569394,0.0026956653196066327,0.007553867471870035,0.009594145131709635,0.01084622906159554
trained,3,2,25,False,0.01224497139628511,0.0029687441274290904,0.00927622732706368,0.012207928071938342,0.012285658333939119
trained,3,2,26,False,0.01285240618744865,0.0031882232660791487,0.009664183220593259,0.012186851990859834,0.01347762418939083
trained,3,2,27,False,0.013512934994651005,0.0028026694344589487,0.01071026551653631,0.012988811454680914,0.014106941844026248
trained,3,2,28,False,0.014050698795472272,0.0034978517846866453,0.010552847044891678,0.013729299120604992,0.014256724275839634
trained,3,2,29,False,0.01450159662635997,0.002888004838496272,0.011613591967034154,0.013636753171810815,0.015218181229595628
trained,3,2,30,False,0.015195887041045353,0.0034585825296744588,0.01173730444861576,0.01360787881792269,0.01639233162141826
trained,3,2,31,False,0.018617888825247064,0.0038637196676063468,0.014754168965737335,0.01747252496962364,0.019799613127751012
trained,3,2,32,False,0.018327911326196045,0.0036891582612952334,0.014638752938481048,0.018430986678198216,0.01822800741602595
trained,3,2,33,False,0.01985337710357271,0.004682450412474282,0.01517092643189244,0.02067631568040764,0.019192707974096418
trained,3,2,34,False,0.019433390960330144,0.004135540540119109,0.015297850361093879,0.018735066646089156,0.020049559253760993
trained,3,2,35,False,0.018242471531266347,0.003694653557431593,0.014547818107530475,0.016754263375575344,0.019555596894968084
trained,3,2,36,False,0.02015193284023553,0.004023714735922113,0.016128218121593818,0.01784015166002416,0.0223236061971296
trained,3,2,37,False,0.023188469087472185,0.004825557719414064,0.018362911039730534,0.022342805502315363,0.024385162673117418
trained,3,2,38,False,0.024892911780625582,0.004570110968415975,0.020322800672147423,0.02257754174290133,0.027000934775195905
trained,3,2,39,False,0.022136406652862206,0.004781420549079485,0.01735498636844568,0.02350164150052211,0.02058914058531324
trained,3,2,40,False,0.027782501332694665,0.004851867252000375,0.022930634499061853,0.027287537934618036,0.028179866825820694
trained,3,2,41,False,0.028039315540809184,0.005117490447446471,0.022921825759112835,0.028898530724373733,0.027391962018119144
trained,3,2,42,False,0.026862045691814274,0.0055278545296459924,0.02133419137680903,0.026042563516808594,0.027820423434851534
trained,3,2,43,False,0.028047736326698214,0.005343068341971957,0.022704668081132695,0.027449439718004533,0.028725806251168252
trained,3,2,44,False,0.03211863007163629,0.006831802922533825,0.025286827425588854,0.03039069794804642,0.03464406872024903
trained,3,2,45,False,0.033947696385439485,0.006614187284867512,0.02733350920607336,0.03609405754616967,0.032381432634350414
trained,3,2,46,False,0.03670999902533367,0.006334013309242437,0.03037598545779474,0.03700404980730626,0.03643376941820888
trained,3,2,47,False,0.03347156825475395,0.007644544850336388,0.0258270233462099,0.0332579251910959,0.033729413460040915
trained,3,2,48,False,0.03213972761295736,0.0072052127616188955,0.024934515357017517,0.031210924627689214,0.033098016791636986
trained,3,2,49,True,0.28943648976564873,0.28943648976564873,0.0,nan,nan
trained,3,3,0,False,0.013522950379410759,0.003287618801550707,0.010235331450530794,0.013985039568261097,0.013151977027595883
trained,3,3,1,False,0.00945353481802158,0.005841179321578238,0.0036123556274105795,0.009854703383039563,0.009076679696921598
trained,3,3,2,False,0.009030092405737378,0.005525214870431228,0.003504877477098489,0.008966197775533567,0.00909601542950859
trained,3,3,3,False,0.00988960318500176,0.006375332282914314,0.0035142711240041535,0.010246275683422967,0.009584622744443841
trained,3,3,4,False,0.010206243838183582,0.006442532656365074,0.003763711178180529,0.010741352646296182,0.009703565918078477
trained,3,3,5,False,0.011398886199458502,0.007268168639711803,0.004130717697989894,0.012726197190418401,0.009894600456270079
trained,3,3,6,False,0.012905274037620984,0.008659234881633893,0.004246039101417409,0.013481942860440153,0.012380247212835213
trained,3,3,7,False,0.013360659286263399,0.008717956552573014,0.0046427028137259185,0.01398812093124804,0.012824133969843388
trained,3,3,8,False,0.01217143633402884,0.0074321648353361525,0.004739271545986412,0.013062525903532171,0.011161535132365922
trained,3,3,9,False,0.013505450828233734,0.008571472018957138,0.004933978714689147,0.015343307484207407,0.011724143718870787
trained,3,3,10,False,0.013027550652623177,0.0077289382461458445,0.005298612690239679,0.013618159894670905,0.012538188429815428
trained,3,3,11,False,0.014541756478138268,0.0092847520718351,0.005257004297163803,0.016627505676795357,0.011773398095233874
trained,3,3,12,False,0.015572915552183986,0.009967116522602737,0.005605798924079863,0.015265437552112748,0.015900230545911095
trained,3,3,13,False,0.016827137966174632,0.010755483570392244,0.006071654315746855,0.018261601775081765,0.015638582035899164
trained,3,3,14,False,0.014444563683355227,0.008467165680485778,0.005977397806418594,0.014909146361917789,0.014083221632366378
trained,3,3,15,False,0.017675901588518173,0.01110843765491154,0.006567464042745996,0.0186866921139881,0.016530338752393924
trained,3,3,16,False,0.018783050822094083,0.012297504232265055,0.006485546964540845,0.018516116154690582,0.01906720718609229
trained,3,3,17,False,0.019401702185859904,0.01294415260781534,0.006457549839979038,0.021300213831308923,0.017673206710214936
trained,3,3,18,False,0.0192550886713434,0.012622007416212,0.006633081498875981,0.021003614525709834,0.01714479934488391
trained,3,3,19,False,0.020092827588086948,0.01275360234285472,0.007339225558098406,0.021503858604571886,0.018725213437126232
trained,3,3,20,False,0.020165396155789495,0.012768711501848884,0.007396684737614123,0.02331379867932746,0.016243701375890197
trained,3,3,21,False,0.018531695895944722,0.01103624411916826,0.0074954517622245476,0.021030949238179757,0.015871200124703107
trained,3,3,22,False,0.019838414707919583,0.012166182219516486,0.007672232521144906,0.020564342982002666,0.019388155327944814
trained,3,3,23,False,0.019401792233111337,0.011412111947720405,0.007989679914317094,0.020660340581854727,0.017731354910541664
trained,3,3,24,False,0.01992548181442544,0.011844132517580874,0.008081349165877327,0.02209164698409741,0.017953301543620095
trained,3,3,25,False,0.02077867864863947,0.012960535095771775,0.007818143560143653,0.02343821558239522,0.017857548322711813
trained,3,3,26,False,0.019196994398953393,0.0105341359594604,0.00866285832671565,0.022560238376289846,0.01603758346402284
trained,3,3,27,False,0.021646326582413167,0.01292216642468702,0.008724159895791672,0.02262802834978656,0.02053373069502413
trained,3,3,28,False,0.01925522362580523,0.010837156980414875,0.008418066754529718,0.022029664348810908,0.01747673611419323
trained,3,3,29,False,0.021816536638652906,0.013698223192477599,0.008118313548038714,0.024680418893694878,0.01944360573376928
trained,3,3,30,False,0.022957300214329734,0.014272251035436057,0.008685049193445593,0.02493283890018409,0.02146888057356828
trained,3,3,31,False,0.022628048347542062,0.013302260864293203,0.009325787163106725,0.025306131970137362,0.019864946263768373
trained,3,3,32,False,0.024015008995775133,0.015185986143478658,0.008829022706777323,0.027214034371787595,0.020914415212777943
trained,3,3,33,False,0.02205402572872117,0.012996216632018331,0.009057809322257526,0.024794466074621466,0.01985395398043411
trained,3,3,34,False,0.021556661289650947,0.012445196509361267,0.009111464649322443,0.023782461187026156,0.019592720029108664
trained,3,3,35,False,0.02418883060454391,0.01466310971591156,0.00952572085952852,0.02817546781152487,0.02067120959434439
trained,3,3,36,False,0.024773676530458033,0.015149464423302561,0.009624211670598015,0.027596306513934847,0.022122114755664814
trained,3,3,37,False,0.02470669172180351,0.015326932712923735,0.009379758790601045,0.027521315611278015,0.020723733269029633
trained,3,3,38,False,0.024435141152935103,0.01508488241233863,0.00935025899525499,0.027317004408076648,0.02181135598959318
trained,3,3,39,False,0.02570347918663174,0.015992928645573556,0.009710550410090946,0.0278551837648539,0.023264880028242868
trained,3,3,40,False,0.02437911427114159,0.014399579042219557,0.009979535258025862,0.026717155044408223,0.022502096028814852
trained,3,3,41,False,0.02535386534873396,0.015691300941398367,0.009662564225436654,0.03016821191307496,0.021726617474772343
trained,3,3,42,False,0.0264767014014069,0.01658471486007329,0.009891987108858302,0.028031482860661934,0.024658397850343735
trained,3,3,43,False,0.026734012237284333,0.016706287031411193,0.010027725249528885,0.030532164218397263,0.022429439642777042
trained,3,3,44,False,0.02656338468659669,0.016399629676016048,0.010163755105168093,0.028998155986252976,0.023004873458725903
trained,3,3,45,False,0.027395057521061972,0.01682641672960017,0.010568640427663922,0.03052328694266853,0.02511229524640618
trained,3,3,46,False,0.026597005547955632,0.01670820043364074,0.009888805325317662,0.02840826460610955,0.024895519780164414
trained,3,3,47,False,0.028472195146605372,0.018208188193966635,0.010264007018122356,0.031848613492080145,0.02439720689415418
trained,3,3,48,False,0.027501432836288586,0.017201750953972805,0.010299681656761095,0.03139517951326875,0.023484074754551762
trained,3,3,49,True,0.03788519696900039,0.03788519696900039,0.0,nan,nan
trained,3,4,0,False,0.012442856692359783,0.005377922490879428,0.00706493421603227,0.013804493292251177,0.01134971190821117
trained,3,4,1,False,0.0110364273423329,0.0064858557889238,0.004550571655272506,0.014017725753928385,0.008235813654733427
trained,3,4,2,False,0.011413849235395901,0.006762110358977225,0.004651738912798464,0.014078928243655425,0.008664164551725936
trained,3,4,3,False,0.012805557023966685,0.007960291142808273,0.004845265830226708,0.01563060796677561,0.010389933673044045
trained,3,4,4,False,0.013483139540767297,0.00843943515792489,0.005043704280979,0.016886838719308857,0.010285724928094582
trained,3,4,5,False,0.014998049009591341,0.009553668845910579,0.0054443798726424575,0.018775981494828183,0.010716391929114858
trained,3,4,6,False,0.016255755923339166,0.010697277582949027,0.005558478405873757,0.021457950187633273,0.011519430260827293
trained,3,4,7,False,0.016469021677039564,0.010690003124182113,0.005779018894827459,0.021254200314692523,0.012377347756663094
trained,3,4,8,False,0.01662166594178416,0.010508447303436697,0.006113218696555123,0.020433947930167267,0.01230107949425777
trained,3,4,9,False,0.016846702783368528,0.01049056313058827,0.006356139747367706,0.020076148426308046,0.01371662450524477
trained,3,4,10,False,0.01666241406928748,0.010300042253220454,0.006362371990690008,0.01912094577183497,0.014625345170497893
trained,3,4,11,False,0.0179575486399699,0.011558148049516603,0.006399400750524364,0.02142219580965091,0.01335901709442789
trained,3,4,12,False,0.0190944132336881,0.012491170055000111,0.006603242989513092,0.02294990802042638,0.01499017656991078
trained,3,4,13,False,0.01868823461700231,0.011664706660667434,0.007023527941782959,0.024089606799956025,0.014212811724948033
trained,3,4,14,False,0.017529246368212625,0.010840262679266743,0.006688983645290136,0.021212814666796476,0.01466424827877846
trained,3,4,15,False,0.020616167108528316,0.013396685739280656,0.00721948136924766,0.024996087352252182,0.01565225765419503
trained,3,4,16,False,0.019485635042656213,0.012214349117130041,0.00727128611470107,0.023304828978849182,0.015420041001972654
trained,3,4,17,False,0.020594890520442277,0.013317593024112284,0.0072772977146087214,0.02597574436212661,0.015695904451074886
trained,3,4,18,False,0.020162994042038918,0.012760382771375589,0.007402611110592261,0.02348864964608635,0.016149271215344298
trained,3,4,19,False,0.02015404327539727,0.012505354592576623,0.007648688711924478,0.02405764719855691,0.01637055018486885
trained,3,4,20,False,0.02109238473349251,0.013546674177632667,0.007545710905105807,0.0245367599205232,0.016802023026046522
trained,3,4,21,False,0.01991317671490833,0.012236292066518217,0.007676884619286284,0.02274426482053417,0.01689943741826761
trained,3,4,22,False,0.02029717416735366,0.012323391012614593,0.007973782980116084,0.023689680675766905,0.018192960892485666
trained,3,4,23,False,0.021324446861399338,0.013572184121585451,0.007752262856229208,0.024913822517615473,0.01656036664816466
trained,3,4,24,False,0.021491674648132175,0.013443200019537471,0.00804847464314662,0.024671439234106265,0.01859666504410665
trained,3,4,25,False,0.02184631911222823,0.013985274912556633,0.007861043923185207,0.02519325774385413,0.01817017341734933
trained,3,4,26,False,0.02078108914429322,0.012714325552224182,0.008066763373790309,0.02384929766037291,0.0178988325183816
trained,3,4,27,False,0.021711492852773517,0.013813341240165755,0.00789815177267883,0.024040201993878275,0.019072289454440276
trained,3,4,28,False,0.020586971659213305,0.012563708864036016,0.008023262780625373,0.024183972980827095,0.018281201593195778
trained,3,4,29,False,0.0210142977302894,0.013037167402217165,0.007977129993378185,0.024183808087274945,0.018388131686619347
trained,3,4,30,False,0.02232381550129503,0.013941033510491252,0.008382781961699948,0.027081270041790874,0.01873943196890289
trained,3,4,31,False,0.02323809842346236,0.015007870679255575,0.008230228064348921,0.0263603105281408,0.020016768710717323
trained,3,4,32,False,0.022531682858243585,0.014319118738058023,0.008212564251152799,0.02604213631933644,0.01912924342143994
trained,3,4,33,False,0.021164221776416525,0.01276585238520056,0.008398369114729576,0.023776227036458358,0.019067259820204387
trained,3,4,34,False,0.022171038173837587,0.013723152864258736,0.008447885047644377,0.025807523323843874,0.01896237439530737
trained,3,4,35,False,0.023118339537177235,0.014351382793392986,0.008766956889303401,0.026492986424515648,0.020140710122445046
trained,3,4,36,False,0.022708511736709625,0.014103146371780895,0.008605365597759373,0.025530717027704083,0.020057349564564047
trained,3,4,37,False,0.024733602709602565,0.016348328470485285,0.00838527393352706,0.027943916941682495,0.02019070496536651
trained,3,4,38,False,0.022053444903576747,0.013556700447225012,0.008496744252624922,0.024653619246893244,0.019686121910588064
trained,3,4,39,False,0.02576108870562166,0.01705446734558791,0.008706621141755022,0.028166915947461832,0.02303448480864366
trained,3,4,40,False,0.022718808089848608,0.014176623692037538,0.00854218412132468,0.025812534452007527,0.020235111674582456
trained,3,4,41,False,0.023202292853966355,0.014841944808722474,0.008360347695997916,0.02591246838935397,0.02116037937110826
trained,3,4,42,False,0.023943069973029196,0.015466708777239546,0.008476361006614752,0.025344461148631744,0.022304155200846117
trained,3,4,43,False,0.023206024314276874,0.014640302251791582,0.00856572225166019,0.026128723354571885,0.0198936326118807
trained,3,4,44,False,0.023724840488284826,0.015262357686879113,0.008462483077892102,0.025185522133190384,0.02158999921252521
trained,3,4,45,False,0.022897289134562016,0.0145853763242485,0.008311912708450109,0.02431072668965768,0.021865861616223243
trained,3,4,46,False,0.022595808637561277,0.01409479342692066,0.008501015632646158,0.025080990496902697,0.020261244735482967
trained,3,4,47,False,0.02372042802744545,0.014881583978421986,0.008838844281854108,0.025287385311509883,0.021829273728332644
trained,3,4,48,False,0.022554218186996877,0.014413932294701226,0.008140286023262888,0.02459378696691531,0.020449901620546974
trained,3,4,49,True,0.01825573283713311,0.01825573283713311,0.0,nan,nan
trained,3,5,0,False,0.005815228432766162,0.002906827126935241,0.0029084013294777833,0.009558586322032568,0.002809997506990609
trained,3,5,1,False,0.007787071546772495,0.004191310463284026,0.0035957610452896915,0.012586269891941016,0.0032787338061483974
trained,3,5,2,False,0.009410954764462076,0.005106813179736491,0.004304141504690051,0.014395781033314192,0.004267879770994778
trained,3,5,3,False,0.009026259634993039,0.00488522787054535,0.004141031677136198,0.014951566013239197,0.003959693367242057
trained,3,5,4,False,0.011495750397443771,0.006178634946991224,0.005317115334037226,0.018498001973174753,0.004917877902643699
trained,3,5,5,False,0.012692635908024386,0.006927623850060627,0.005765012065239716,0.018687874249949613,0.0058980325333929315
trained,3,5,6,False,0.01328797306632623,0.006954015592782525,0.006333957382594235,0.02171823251076409,0.005612661909145205
trained,3,5,7,False,0.014916416286723688,0.007946277415612713,0.006970138936594594,0.024411795619417427,0.006797178832314692
trained,3,5,8,False,0.015861507912632078,0.00847072344913613,0.007390784739982337,0.024147023604361013,0.0064712567322809875
trained,3,5,9,False,0.015177527617197484,0.008069785049883649,0.007107742610969581,0.023984585134756,0.006641456825085557
trained,3,5,10,False,0.014351558522321284,0.00754407029307913,0.00680748814920662,0.02251738300225858,0.007585589750669896
trained,3,5,11,False,0.017458018963225186,0.009452670405153185,0.00800534849986434,0.024604012641086154,0.007973335983908989
trained,3,5,12,False,0.017622692219447345,0.00947637152421521,0.00814632058609277,0.0267078095736603,0.007951438167853462
trained,3,5,13,False,0.016872831707587466,0.008897493098629639,0.007975338703545276,0.02753641555920757,0.008037291051420781
trained,3,5,14,False,0.01660429104231298,0.00884178135311231,0.007762509805615991,0.02724393440543541,0.008329012783684043
trained,3,5,15,False,0.02059806857141666,0.010692088304494973,0.009905980245093815,0.030623708221623126,0.009235676909641673
trained,3,5,16,False,0.019612259173300117,0.010177962714806199,0.009434296996914782,0.030175050000914118,0.008367998758330941
trained,3,5,17,False,0.019956743344664574,0.010533587541431189,0.00942315606516786,0.031064885866935135,0.009843359951541494
trained,3,5,18,False,0.020452901866519824,0.010902016118052416,0.009550885573844425,0.02998549564342414,0.00894804646517953
trained,3,5,19,False,0.020384269155329093,0.010747301304945722,0.009636967908591032,0.02973174506295768,0.011324407976980392
trained,3,5,20,False,0.02155443574883975,0.011258221966272686,0.01029621358611621,0.031039562968301106,0.009739627861499525
trained,3,5,21,False,0.021617478865664452,0.011820908446679823,0.009796570302569307,0.03206789799768365,0.010492838491054793
trained,3,5,22,False,0.018729652074398473,0.00975758518325165,0.008972066469141282,0.031323639295843184,0.010918191348237894
trained,3,5,23,False,0.02254181678290479,0.012424317465047352,0.010117498954059556,0.031452961010883934,0.01071429714475843
trained,3,5,24,False,0.021406828745966777,0.011005105669028126,0.010401722945971414,0.03214339482918626,0.011631746425418489
trained,3,5,25,False,0.023374775744741783,0.012564385629957542,0.010810390376718715,0.03378408742762769,0.011941597987821358
trained,3,5,26,False,0.021055741439340636,0.010780500088003464,0.010275241278577596,0.031234647162378795,0.011493739156955571
trained,3,5,27,False,0.023370297072688118,0.012559046997921541,0.010811250016558915,0.03379599489819478,0.011554505613942941
trained,3,5,28,False,0.019505195319652557,0.010215245856670663,0.009289949390222318,0.032442244924604895,0.01121221470216719
trained,3,5,29,False,0.02208742286893539,0.012240544048836455,0.009846878703683615,0.03433107040372902,0.011942686083992677
trained,3,5,30,False,0.022357667767209932,0.011843392290757038,0.010514275389141403,0.03676802300932732,0.011500550625360992
trained,3,5,31,False,0.022699057182762772,0.012019907153444365,0.01067915023304522,0.03387531317197359,0.011168000014824054
trained,3,5,32,False,0.02282603899948299,0.012126314584747888,0.010699724865844473,0.0354247134592798,0.010615017275827435
trained,3,5,33,False,0.022328779072267935,0.011928725107281934,0.01040005427057622,0.03424410250756824,0.012762956695080223
trained,3,5,34,False,0.022200812469236553,0.011803474888438359,0.010397337551694363,0.03394069432591399,0.011842093108605373
trained,3,5,35,False,0.022586020786548033,0.011997668116237037,0.010588352408376522,0.03441285813848178,0.01215057561228819
trained,3,5,36,False,0.023396998789394274,0.012578028719872236,0.010818969807587564,0.03429957764643815,0.013155182343766544
trained,3,5,37,False,0.026166836061747745,0.014207961419742787,0.011958874616539106,0.03580814003944397,0.012523480589976009
trained,3,5,38,False,0.02384762288420461,0.01263364840997383,0.01121397435781546,0.03557687258866967,0.013168753503557685
trained,3,5,39,False,0.026402218267321587,0.014445214881561697,0.011957003604038619,0.03675711149459376,0.014666672264381002
trained,3,5,40,False,0.023593784164404497,0.012868027668446302,0.010725756772444583,0.035864546453874366,0.013742609100390069
trained,3,5,41,False,0.02433956094319001,0.01338367942662444,0.010955881458357908,0.03710765825076537,0.014719761429635221
trained,3,5,42,False,0.02629611239535734,0.01446545688668266,0.01183065575605724,0.03604793248941069,0.014891441090632293
trained,3,5,43,False,0.026283734885510057,0.01414529382600449,0.012138441350543872,0.03688125075388919,0.014273217250593008
trained,3,5,44,False,0.027833744417876005,0.01585154456552118,0.01198219983780291,0.036563890839093616,0.015074299330500742
trained,3,5,45,False,0.02358473141794093,0.01275360920408275,0.010831122330273502,0.03526889436222889,0.015058450904246923
trained,3,5,46,False,0.025586237898096442,0.014319313020678237,0.011266924993833527,0.03523768989309188,0.01651972302263885
trained,3,5,47,False,0.02486459241481498,0.013988217717269436,0.010876374421059154,0.0332498385038759,0.014744466885217819
trained,3,5,48,False,0.025718812947161496,0.015025918055471266,0.010692894822568633,0.03464093483411349,0.01651344938196301
trained,3,5,49,True,0.022458033037764835,0.022458033037764835,0.0,nan,nan
trained,4,0,0,False,0.008019425207749009,0.000521295718044712,0.007498129467421677,0.007813630033663269,0.008195394987537376
trained,4,0,1,False,0.007237137629999779,0.0008863730931807368,0.006350764633680228,0.007515223803700971,0.006983954709634853
trained,4,0,2,False,0.0076608707022387534,0.000940421921768575,0.006720448924170341,0.008043781900778414,0.007198736822264718
trained,4,0,3,False,0.00811131730733905,0.0009471144061308223,0.00716420295793796,0.008553234669803218,0.0076408892224032075
trained,4,0,4,False,0.00862216396490112,0.0010521922620227997,0.007569971683551557,0.008471066709051825,0.008788123368056584
trained,4,0,5,False,0.009494141966570169,0.0012254980397301551,0.008268644000054337,0.009693108713254333,0.009366599066803854
trained,4,0,6,False,0.010078796156449243,0.0009690059997637945,0.00910979020409286,0.01019258082337808,0.009987447817455714
trained,4,0,7,False,0.010330727396649309,0.001196836964254544,0.009133890533121303,0.010630048753228039,0.010031406040070578
trained,4,0,8,False,0.011414874374167994,0.0012611830532023305,0.0101536914735334,0.011109848203699266,0.01171051515982701
trained,4,0,9,False,0.011702793664881028,0.0010286116046245297,0.010674182034563273,0.011559267909350721,0.011855578906233273
trained,4,0,10,False,0.012741570739308372,0.0018181077948611346,0.010923462992650457,0.012788406638719607,0.012694734803517349
trained,4,0,11,False,0.012835125060519204,0.0010858035739147454,0.011749321507522836,0.012674213413681303,0.013029328707990975
trained,4,0,12,False,0.013961747492430732,0.0013292551907397865,0.012632492725970224,0.0145926003827265,0.013501395534321264
trained,4,0,13,False,0.014590118691558018,0.0013762422186118783,0.013213876372901723,0.014980416555233574,0.014305306749569403
trained,4,0,14,False,0.014369709795573726,0.0014059112602353707,0.012963798479177058,0.015169324531947095,0.01330840289592743
trained,4,0,15,False,0.014622227987274528,0.0014093861973378807,0.01321284135337919,0.014429757733725838,0.01486968872736075
trained,4,0,16,False,0.016675047838361934,0.0017794859286368592,0.014895561791490763,0.017234325222671033,0.016000057634865415
trained,4,0,17,False,0.015554264042293653,0.0012415078099365928,0.01431275621871464,0.015802408353640482,0.015298241512879493
trained,4,0,18,False,0.01714745961362496,0.0018993781336575921,0.015248081617755815,0.016939501536803115,0.017414834317085997
trained,4,0,19,False,0.01744883632636629,0.001667063078002684,0.01578177319606766,0.018262219658264748,0.0166096312718259
trained,4,0,20,False,0.017286462418269366,0.0017712929088702367,0.015515169914579019,0.017084221686086348,0.017476447025370417
trained,4,0,21,False,0.017974314745515585,0.00177462598458078,0.016199688718188554,0.01686313507648615,0.01912077037351472
trained,4,0,22,False,0.019495182379614562,0.0018485333901026024,0.01764664871734567,0.020070604455064645,0.019061644778472102
trained,4,0,23,False,0.01925239563570358,0.0015626938327386597,0.017689702013740316,0.018979135533453713,0.01959277267910932
trained,4,0,24,False,0.019860153639456257,0.0016863086175362696,0.01817384487367235,0.020869837410874288,0.01899680076841859
trained,4,0,25,False,0.019610728370025754,0.0019602272122938302,0.017650501453317702,0.02052276788162999,0.018698689120355994
trained,4,0,26,False,0.021626352972816676,0.001846562631726556,0.01977979054208845,0.021531644898156326,0.021727171185756882
trained,4,0,27,False,0.019691505876835436,0.001341260916660758,0.01835024484898895,0.02038987079525695,0.01890002554282546
trained,4,0,28,False,0.019991358421975747,0.0015641121717635542,0.018427246424835175,0.01891971558332443,0.02150783487507757
trained,4,0,29,False,0.020933595165843144,0.0015796245484125393,0.019353970768861473,0.02053629796137102,0.02133089254493825
trained,4,0,30,False,0.02306503924774006,0.0017927640828929725,0.021272275247611105,0.02274023774006064,0.023379847321372767
trained,4,0,31,False,0.022162979119457304,0.0019169150709785754,0.020246064144885167,0.021962438151240347,0.022339926676495987
trained,4,0,32,False,0.022203198401257396,0.0017416873552065226,0.020461510692257434,0.024293739885951463,0.02077282754410254
trained,4,0,33,False,0.022595399583224207,0.0017471008704887936,0.020848298736382276,0.022345523419442462,0.02286985345551225
trained,4,0,34,False,0.022014338639564812,0.0017957473492060672,0.020218590972945094,0.021808339282870293,0.022315414443325538
trained,4,0,35,False,0.02416825934778899,0.002413505809272465,0.021754753368441015,0.024986932457735138,0.023445900584406713
trained,4,0,36,False,0.0235918351681903,0.0019094611980108311,0.021682374004740268,0.02472687391815959,0.02203641186847731
trained,4,0,37,False,0.02536253904690966,0.001970459904441668,0.023392078990582377,0.02582879292054309,0.02476306994711714
trained,4,0,38,False,0.025796315458137542,0.003039146268292825,0.022757169557735324,0.025057824058157784,0.026490050198679622
trained,4,0,39,False,0.025407452892977744,0.0020612300249922555,0.02334622258786112,0.025465406638024178,0.02535943341042314
trained,4,0,40,False,0.02367098513059318,0.0021166680417081807,0.021554316685069352,0.023642105360825855,0.02369011353169169
trained,4,0,41,False,0.023496412264648825,0.002367191470511898,0.02112922095693648,0.025347085019189215,0.021702683057922584
trained,4,0,42,False,0.024631614855024964,0.0021911169228587823,0.022440497850766405,0.024464728826513658,0.024803798616168993
trained,4,0,43,False,0.022366111108567566,0.001979401743483322,0.020386709278682247,0.02207406700602663,0.022686880478849175
trained,4,0,44,False,0.02080494159599766,0.0014510376286125393,0.019353903946466744,0.02223044991126803,0.019507090630593586
trained,4,0,45,False,0.020233093498973176,0.002145891918189591,0.018087201577145606,0.020347580403810545,0.020125544996875706
trained,4,0,46,False,0.021977641561534256,0.0018470949680704507,0.020130546356085688,0.022389614023268223,0.02156566921621561
trained,4,0,47,False,0.0218573723686859,0.0017980316915782169,0.02005934063345194,0.021857356249883365,0.021857394353935012
trained,4,0,48,False,0.019460709707345814,0.0018474676971891313,0.01761324206017889,0.019493729391923318,0.019426641704898977
trained,4,0,49,True,0.12679335474967957,0.12679335474967957,0.0,nan,nan
trained,4,1,0,False,0.1477138135524001,0.008528081143595045,0.1391857343769516,0.14047175137547113,0.15390630390333093
trained,4,1,1,False,0.015651375259039924,0.009669860050053103,0.005981515321764164,0.016006329203726813,0.015328208318174776
trained,4,1,2,False,0.014377589148352854,0.00992127488461847,0.004456314287381247,0.014897093269973991,0.013750601535791466
trained,4,1,3,False,0.014173015748383477,0.009726539377879817,0.004446476377779618,0.013835265978493473,0.014532555555624348
trained,4,1,4,False,0.014774804149055853,0.011004290130586014,0.0037705141130572883,0.015482423118134933,0.013997584031742127
trained,4,1,5,False,0.014180504193063825,0.01049771732505178,0.0036827867497777333,0.015348819475620983,0.013431583925221976
trained,4,1,6,False,0.01263775525148958,0.009248533382560709,0.003389222052646801,0.012684847203720557,0.01259994883300133
trained,4,1,7,False,0.013262753069284372,0.009640201957154204,0.003622551148509956,0.013835360761731863,0.012690145435044542
trained,4,1,8,False,0.014486178901279345,0.010705213393521262,0.0037809657442267053,0.014474062740595805,0.014497922754918154
trained,4,1,9,False,0.013897757540689781,0.01013874719501473,0.0037590103238471784,0.01429325511509722,0.013476743640738628
trained,4,1,10,False,0.0142525357514387,0.01030076634742727,0.00395176937126962,0.015417706294101663,0.01308736501232488
trained,4,1,11,False,0.013425531578832306,0.009384205033711623,0.004041326085825858,0.012992253620177507,0.0139484528114955
trained,4,1,12,False,0.01376883733610157,0.009824355423916131,0.003944482242332015,0.014707094213614862,0.013084163574652898
trained,4,1,13,False,0.013351159053854644,0.009494989164522849,0.0038561699320780463,0.013707241828173952,0.013091314735042082
trained,4,1,14,False,0.014359348715515807,0.010129814410902327,0.004229534430123749,0.015189721516958654,0.013257217754355885
trained,4,1,15,False,0.013554950040997937,0.009246647301552002,0.0043083029759145575,0.014236064977012575,0.012679231602565517
trained,4,1,16,False,0.014986301423050463,0.010565514377958607,0.0044207871906110086,0.015246604928480727,0.014672142252775616
trained,4,1,17,False,0.013649294749484397,0.009543973605104838,0.004105320991584449,0.013751451871716058,0.013543894240957878
trained,4,1,18,False,0.015159769129240885,0.01036310133713414,0.004796667753907968,0.016006756845551234,0.014070784972448434
trained,4,1,19,False,0.014974086036090739,0.010588143049972132,0.004385942826957034,0.015395777758497459,0.014539007496620928
trained,4,1,20,False,0.014552424137946218,0.009657309787144186,0.004895114726423344,0.015469388270209876,0.01369103423855973
trained,4,1,21,False,0.014603553747292608,0.009580941339663696,0.005022612406719418,0.015333417516488295,0.013850520098848
trained,4,1,22,False,0.014769430854357779,0.009994621948862914,0.004774808756337734,0.01567844320088625,0.014084558028166425
trained,4,1,23,False,0.015197201835690066,0.009905799226544332,0.00529140276103135,0.015442602939798798,0.014891526759847215
trained,4,1,24,False,0.015470386133529246,0.009988011832319899,0.005482374607709062,0.01631032943851867,0.014752174349690693
trained,4,1,25,False,0.015390525019029155,0.010153185943636345,0.005237339025370602,0.01566402667958755,0.015117023081984371
trained,4,1,26,False,0.016789247951237485,0.011363585283106659,0.005425662659945374,0.01647524657010129,0.01712350742591004
trained,4,1,27,False,0.016121325781568885,0.010269383034028579,0.005851942776644137,0.016821536249207222,0.01532775405794382
trained,4,1,28,False,0.016171281138667837,0.01065646012648358,0.005514821041288087,0.016352294012904167,0.015915130897653552
trained,4,1,29,False,0.015921019774395972,0.01049232733930694,0.0054286924978441675,0.017227571603143588,0.014614468265790492
trained,4,1,30,False,0.01598116720560938,0.010336425326386234,0.005644741864671232,0.016682040005449265,0.01530185960806333
trained,4,1,31,False,0.016583371761953458,0.010069478394143516,0.006513893186820496,0.017139990891640384,0.016092236907057026
trained,4,1,32,False,0.016360208857804537,0.009907150062645087,0.006453058666011202,0.01639878708654298,0.01633381304380141
trained,4,1,33,False,0.01666865573497489,0.01007166026829509,0.006596995547624829,0.017474095114687487,0.015783993389884957
trained,4,1,34,False,0.016649000841425732,0.010859403704671422,0.00578959728773043,0.01683272683600846,0.01638047841305916
trained,4,1,35,False,0.01710465640644543,0.010853950891032582,0.006250705572711013,0.01753948625798027,0.01672098330934258
trained,4,1,36,False,0.016653306141961366,0.010501280248718103,0.006152025968731323,0.01730887614492629,0.015754932537674904
trained,4,1,37,False,0.01844723490648903,0.011898811389983166,0.006548423778440338,0.017641093892355762,0.019483702174121778
trained,4,1,38,False,0.017282638495089486,0.011788558680564165,0.005494080073731311,0.01784472388305491,0.016754619043433304
trained,4,1,39,False,0.01757049743901007,0.010737372445873916,0.006833124840341043,0.01781064727953796,0.01737151640866484
trained,4,1,40,False,0.018072547594783828,0.01107297171256505,0.006999575957706838,0.019621597529918537,0.017046553385141605
trained,4,1,41,False,0.018238015327369794,0.011527535978530068,0.006710479194225627,0.01809966460698181,0.01837210910251507
trained,4,1,42,False,0.0182080436788965,0.011618932316196151,0.006589111564608174,0.018910487712575842,0.017483299908538658
trained,4,1,43,False,0.018060213944409043,0.011337084346450865,0.006723129677993711,0.017890108360061007,0.01824705162253536
trained,4,1,44,False,0.016755677002947778,0.010187382493313635,0.006568294596945634,0.016472576857834563,0.01701342486845913
trained,4,1,45,False,0.019098760065389797,0.011826620408101007,0.007272139346241602,0.019974762363539587,0.018275848053621525
trained,4,1,46,False,0.019132017972879112,0.012030129109916743,0.007101888686520397,0.018803129059961066,0.019460906623862684
trained,4,1,47,False,0.020125400624237955,0.012991304167371709,0.00713409610762028,0.020435131054270913,0.019700954599237003
trained,4,1,48,False,0.019668314373120666,0.013382275363255758,0.006286039071710547,0.01951544643021547,0.01982603517789689
trained,4,1,49,True,0.09171651158249006,0.09171651158249006,0.0,nan,nan
trained,4,2,0,False,0.006902859378897119,0.0009736372774398205,0.0059292220685165375,0.0068107133502361625,0.0069816508870301905
trained,4,2,1,False,0.003511137343593873,0.0015764547591459177,0.001934682561113732,0.0033147576557029587,0.0036899307178013692
trained,4,2,2,False,0.004040623258333653,0.0020475750904438428,0.0019930481339542894,0.00369878271428336,0.004453189550609938
trained,4,2,3,False,0.003783470596317784,0.0019345918601061385,0.0018488786845409777,0.003692970473573289,0.0038798095098876904
trained,4,2,4,False,0.0038361749557225266,0.0016171095944628178,0.002219065292592859,0.003830388226588048,0.0038425307415547918
trained,4,2,5,False,0.00452568195942149,0.0021997027317866014,0.0023259791178134037,0.004795895006973297,0.004352468382328366
trained,4,2,6,False,0.0043545358421397395,0.0017512956987957295,0.0026032401074189693,0.004101241449110634,0.0045578847803227915
trained,4,2,7,False,0.004604166249919217,0.0019026282211029866,0.0027015381456294563,0.004360861345958256,0.004847471362154465
trained,4,2,8,False,0.004738340267067542,0.0018833456160791684,0.0028549945855047554,0.004545386956398567,0.004925356482943663
trained,4,2,9,False,0.004979569246643223,0.0018450415483926008,0.003134527745714877,0.004937550818519385,0.0050242986650236195
trained,4,2,10,False,0.0049876435223268345,0.001818968884208516,0.003168674655171344,0.0048550781393714715,0.0051202090089645935
trained,4,2,11,False,0.005703162638383219,0.0019692505012471884,0.003733912180905463,0.005625040479935705,0.005797448110413448
trained,4,2,12,False,0.005981607780995546,0.0022102838079263165,0.0037713239289587364,0.0058389159428231694,0.006085734367622315
trained,4,2,13,False,0.0067076725645165425,0.0023129767557747982,0.004394695788505487,0.0063185182926072565,0.006991649949545595
trained,4,2,14,False,0.006076588062569499,0.001961231020118248,0.004115357103728456,0.006176429660352942,0.005944071134383029
trained,4,2,15,False,0.0068850131501676515,0.002223910184511624,0.00466110285196919,0.0064982305048033595,0.007382305066650068
trained,4,2,16,False,0.0074980878925998695,0.0023777952251293755,0.005120292651554337,0.006628045752378447,0.008548138623029507
trained,4,2,17,False,0.008189810425392352,0.002582988940503128,0.0056068214908009395,0.007698390876444486,0.008696830768640789
trained,4,2,18,False,0.00795647479390027,0.002382294167546206,0.005574180569965392,0.007684816897381097,0.008305749061816772
trained,4,2,19,False,0.00862446177052334,0.0027825684885556257,0.0058418932821950875,0.00924242535032905,0.007986879955592847
trained,4,2,20,False,0.009359485004097223,0.003114568096862058,0.006244916825380642,0.007930580654271668,0.01070178889803532
trained,4,2,21,False,0.009567379704094492,0.0027229114657529863,0.0068444681746768765,0.009858631743834568,0.00926688186351269
trained,4,2,22,False,0.010092954311403446,0.002409660236480704,0.007683293923037127,0.009980165746740318,0.0101779319269404
trained,4,2,23,False,0.010613063292112201,0.0024499250453118293,0.008163138089003041,0.010115887326988537,0.01123235276655147
trained,4,2,24,False,0.011421796123613603,0.0031790239136171294,0.008242772353696637,0.011103544285584051,0.01169392475993305
trained,4,2,25,False,0.012443244937458076,0.0033796776997405686,0.009063567049452104,0.012304760741244536,0.012581728522491176
trained,4,2,26,False,0.013474607621901669,0.0030586103539462783,0.01041599694872275,0.013876244573938577,0.013047058052653746
trained,4,2,27,False,0.013071222027065232,0.0031247298184098327,0.00994649225322064,0.012678666930536136,0.01351611780701205
trained,4,2,28,False,0.0144677828066051,0.0034104509086319013,0.011057332114432938,0.01460206122448047,0.014277766230252554
trained,4,2,29,False,0.014163100655423477,0.0028508733748822124,0.011312227288726717,0.013065618761174846,0.015260582527844235
trained,4,2,30,False,0.015314020158257335,0.0034215080995636526,0.011892512047779746,0.01463748121427165,0.015969742089509964
trained,4,2,31,False,0.01641985576134175,0.003996203702627099,0.01242365209327545,0.0158524587439994,0.016920499969273806
trained,4,2,32,False,0.016575634537730366,0.003328467855681083,0.013247166789369658,0.016543049526472505,0.01659792970473829
trained,4,2,33,False,0.01751901811803691,0.003957311990234302,0.013561705913161859,0.016595222431221114,0.018533678832234904
trained,4,2,34,False,0.018915573018603027,0.0036443561020860216,0.015271217009285465,0.020242136094327037,0.016976750616987165
trained,4,2,35,False,0.020031987805850804,0.004270737272236147,0.015761250746436417,0.019938914136340222,0.020114111878416118
trained,4,2,36,False,0.02115035816677846,0.004226525510603096,0.016923833085456863,0.02195984681413786,0.02004106009930924
trained,4,2,37,False,0.023339180828770623,0.004437738707565586,0.0189014422649052,0.022415199627478916,0.024527157024879544
trained,4,2,38,False,0.02556739468127489,0.0050769152239809046,0.020490479888394475,0.02567515765587168,0.02546616327581984
trained,4,2,39,False,0.02356029103975743,0.004230496821037377,0.019329794158693403,0.022387107577303358,0.024532357443656238
trained,4,2,40,False,0.026627906190697104,0.004544917628663825,0.022082988609327003,0.027834284539316214,0.025828876955942673
trained,4,2,41,False,0.027248022379353642,0.005333562861778773,0.021914459095569327,0.027300942984838338,0.02719672881066799
trained,4,2,42,False,0.026701601163949817,0.005393666473537451,0.021307934424839914,0.02624606639146805,0.02717159679603009
trained,4,2,43,False,0.029411025228910148,0.0052072637154196855,0.024203761684475467,0.029029062073399774,0.029830558927821334
trained,4,2,44,False,0.029138502723071724,0.004984705068636686,0.0241537977126427,0.030164539203292033,0.0282043504681605
trained,4,2,45,False,0.031812345201615244,0.006764670488337288,0.02504767492064275,0.033237928374400066,0.030473160613892658
trained,4,2,46,False,0.03426342585589737,0.005568627091633971,0.028694798733340576,0.035047296492848545,0.0334795547532849
trained,4,2,47,False,0.03316303837345913,0.006367824105836917,0.02679521421669051,0.03427222215041921,0.031643046100658406
trained,4,2,48,False,0.03481266793096438,0.007583218633953948,0.027229449013248086,0.034882632786264786,0.03474048149609376
trained,4,2,49,True,0.2958664316101931,0.2958664316101931,0.0,nan,nan
trained,4,3,0,False,0.01055734661349561,0.0032079039483505767,0.00734944267605897,0.010668233873606738,0.01046253009226875
trained,4,3,1,False,0.007694115629419684,0.004669592883146834,0.003024522782652639,0.006843048399772312,0.008468968355889195
trained,4,3,2,False,0.007357410679105669,0.004342147527495399,0.0030152632389217615,0.007252401945048144,0.007484145743515472
trained,4,3,3,False,0.008053234923863783,0.004600463893439155,0.0034527708994573914,0.007762192275770234,0.008363054494463628
trained,4,3,4,False,0.00944040811737068,0.0058464910835027695,0.003593916946556419,0.00928324857142879,0.009613025788462065
trained,4,3,5,False,0.009100212904741056,0.0052520623394229915,0.003848150576232001,0.009541171989403664,0.008817546797964053
trained,4,3,6,False,0.01012360081949737,0.005937588008237071,0.004186012760328595,0.010458295748225953,0.009854901962402001
trained,4,3,7,False,0.010268694284604862,0.005751542215875816,0.004517152003245428,0.010978898084431421,0.009558490055496804
trained,4,3,8,False,0.012193551985546947,0.0072164030534622725,0.004977148957550526,0.01200363915857105,0.012377621294357457
trained,4,3,9,False,0.012009687401587144,0.006948922367882915,0.005060764910012949,0.01165384557944807,0.012388486670510422
trained,4,3,10,False,0.013617320480989292,0.008063127334025921,0.005554193092393689,0.01265359674289357,0.014581043855287135
trained,4,3,11,False,0.013584640895714983,0.007973115483764559,0.005611525266431272,0.013028114648269758,0.014256310151440316
trained,4,3,12,False,0.014272187632741407,0.00860571214434458,0.005666475495672785,0.013841003192485206,0.014586836137380954
trained,4,3,13,False,0.014876753586577252,0.008760293349041604,0.00611646035395097,0.014589637552422506,0.015086270856192789
trained,4,3,14,False,0.015882429463090375,0.009256475634174421,0.0066259538507438265,0.016280541489895894,0.01535402630371126
trained,4,3,15,False,0.01618071543634869,0.009284173938794993,0.006896541599417105,0.01561965331590424,0.01690208078694663
trained,4,3,16,False,0.015909845154965296,0.008783626995864324,0.0071262180572375655,0.015525165040578161,0.01637411364835912
trained,4,3,17,False,0.016553614026634023,0.009388115096953698,0.007165498835092876,0.01681372312685618,0.016285247110303432
trained,4,3,18,False,0.016679991298587993,0.009357321891002357,0.007322669298446272,0.017155673523019586,0.016068399301730096
trained,4,3,19,False,0.018400165979983285,0.010456574018462561,0.007943591714138165,0.018527979890887555,0.018268294174165006
trained,4,3,20,False,0.01790125307161361,0.009850846938206814,0.00805040627164999,0.018330744452654354,0.017497791697017172
trained,4,3,21,False,0.018690863420488313,0.010383548302343115,0.008307315001729876,0.01886004519004088,0.01851631056458231
trained,4,3,22,False,0.019168642698787153,0.010706954708439298,0.00846168785210466,0.01933500799773769,0.019043298922989466
trained,4,3,23,False,0.018853603047318757,0.009767932526301593,0.009085670855711214,0.019784391136236593,0.017694200699528057
trained,4,3,24,False,0.021335636411095038,0.011791797849582508,0.009543838626996148,0.021845757266727547,0.02089944651917271
trained,4,3,25,False,0.020617558009689674,0.011831167255877517,0.008786390855675563,0.0205782140546944,0.0206569021102041
trained,4,3,26,False,0.021787688427139074,0.0121436119225109,0.009644076446420513,0.022472903979095543,0.021058264939535047
trained,4,3,27,False,0.022493921889690682,0.012469863533624448,0.010024058159615379,0.02402956467395758,0.02075352664105594
trained,4,3,28,False,0.022852005873573944,0.01288297759310808,0.009969027974875644,0.023492839758594834,0.021945165716252237
trained,4,3,29,False,0.023062303429469466,0.013271621442981996,0.009790681935555767,0.023651596988202073,0.0224730104819173
trained,4,3,30,False,0.0230540179181844,0.012588201178004965,0.010465816863870714,0.025995410091820215,0.020203130233746307
trained,4,3,31,False,0.023065903456881642,0.012605521740624681,0.010460381789016537,0.02486713263206184,0.021476583623820367
trained,4,3,32,False,0.024800538609270006,0.013552433665608987,0.011248105081904214,0.02559004881634162,0.024260347365940873
trained,4,3,33,False,0.024338787887245417,0.012936094630276784,0.011402693504351191,0.02582321428596529,0.022708353449086675
trained,4,3,34,False,0.02449898747727275,0.013903792336350307,0.010595195111818612,0.026491253918625023,0.02158721357297439
trained,4,3,35,False,0.025958369311410934,0.014538690855260938,0.011419678427046165,0.02837270681435863,0.023828072035137343
trained,4,3,36,False,0.026496041857171804,0.015097438896191306,0.011398602669942193,0.028396839250785275,0.023891244911485247
trained,4,3,37,False,0.027354395831935108,0.015460531663848087,0.011893864095327444,0.028554427941950657,0.02581149678943413
trained,4,3,38,False,0.026024940016213804,0.014637628992204554,0.011387310820282437,0.026427347378264514,0.025646920541696476
trained,4,3,39,False,0.026922842604108155,0.014833205306786112,0.012089637239114381,0.028933433815836906,0.02525692353291171
trained,4,3,40,False,0.027512104948982596,0.014640972935012542,0.012871131839347072,0.029744924648719674,0.026033224029974503
trained,4,3,41,False,0.02718450257088989,0.015007950059953146,0.012176552547316533,0.028882581991927017,0.025538671217285668
trained,4,3,42,False,0.027601972105912864,0.015284162524039857,0.012317809843807481,0.027976653911173346,0.027215396246266746
trained,4,3,43,False,0.026923483586870134,0.014705188310472295,0.012218295480124652,0.02888895629613257,0.024764686303793408
trained,4,3,44,False,0.028133938612882048,0.016158446407644078,0.01197549192875158,0.029981541218327697,0.026451792901576454
trained,4,3,45,False,0.030228417715989053,0.017579995168489404,0.012648422780330293,0.032470093694545565,0.02812260078887145
trained,4,3,46,False,0.028633754642214626,0.016168934613233432,0.01246482040733099,0.032315283082425594,0.024952226813184097
trained,4,3,47,False,0.0285589984850958,0.01628159376559779,0.012277404603082687,0.03020289057009929,0.02630625758320093
trained,4,3,48,False,0.029299580957740545,0.017204135685460642,0.012095445330487564,0.0288828807668044,0.029729509430508762
trained,4,3,49,True,0.03388901981088566,0.03388901981088566,0.0,nan,nan
trained,4,4,0,False,0.009429864192497917,0.004106291045900434,0.0053235732921166345,0.010132498636652353,0.008829060908191015
trained,4,4,1,False,0.009347740982775576,0.005658741538354661,0.0036889994589728303,0.010913320572771987,0.007922362591793287
trained,4,4,2,False,0.010202262135862838,0.006413201266695978,0.0037890608473389875,0.011700249503233603,0.00839434636371403
trained,4,4,3,False,0.011329006869345903,0.007087482255883515,0.004241524449753342,0.013001810138424238,0.009548280508287491
trained,4,4,4,False,0.01271562725014519,0.00822843339847168,0.004487194015382556,0.014776563285780487,0.010451976377822338
trained,4,4,5,False,0.012656337392400019,0.007898685144027695,0.004757652262924239,0.01660988357383758,0.010122012991744738
trained,4,4,6,False,0.013983425640617497,0.009206621805788018,0.004776803900313098,0.01778497381887415,0.010931478564063426
trained,4,4,7,False,0.014002482246723957,0.008761402365053073,0.005241079932602588,0.01639172875729855,0.011613235459662974
trained,4,4,8,False,0.015710984866018407,0.010188066400587559,0.005522918327187654,0.018410694866722064,0.013094342471315312
trained,4,4,9,False,0.01596093077387195,0.010256910405587405,0.005704020368284546,0.018556780880317092,0.013197606144052361
trained,4,4,10,False,0.016522607154911384,0.01049195445375517,0.0060306527448119596,0.019031096548133064,0.014014117710758
trained,4,4,11,False,0.017420413438230753,0.011362866585841402,0.0060575474199140444,0.019310769372220548,0.01513895034340435
trained,4,4,12,False,0.017406063969247043,0.011389581646653824,0.006016482104314491,0.0208143626374227,0.014918926851572218
trained,4,4,13,False,0.01720733116962947,0.01104980728996452,0.006157524017908145,0.019475941408287595,0.015551859160532823
trained,4,4,14,False,0.018688623007619753,0.01205176700023003,0.006636855949182063,0.020620235292980932,0.016124846261333335
trained,4,4,15,False,0.01920758286723867,0.01230275453417562,0.006904828565893695,0.02120761746644146,0.016636110409828167
trained,4,4,16,False,0.019131868233671412,0.01242102288233582,0.00671084535861155,0.020857685179050477,0.017048985986360187
trained,4,4,17,False,0.019572745979530737,0.012925378687214106,0.006647367146797478,0.022137247126262923,0.016926832024067168
trained,4,4,18,False,0.019416052789893,0.012478661999921314,0.006937390848179348,0.02122785768005997,0.017086589276524525
trained,4,4,19,False,0.01968187533202581,0.012738582634483464,0.006943292435607873,0.021562170094022382,0.01774188837716504
trained,4,4,20,False,0.019507671589963138,0.012249989245901816,0.007257682329509407,0.021329006660849817,0.017796720420433718
trained,4,4,21,False,0.018944226467283443,0.011851016912260093,0.00709320958412718,0.020360549037846235,0.01748294165978829
trained,4,4,22,False,0.02041441309847869,0.013111103369737975,0.007303309670533054,0.022451546153222972,0.01887958698382933
trained,4,4,23,False,0.020832515991060063,0.013100416748784482,0.0077320994168985635,0.022870843338084895,0.01829354685584181
trained,4,4,24,False,0.02085210644872859,0.013079942989861593,0.007772163400659338,0.02264330315135293,0.019320503646588848
trained,4,4,25,False,0.021506763907382265,0.01398381577746477,0.007522947940742597,0.02311718098644633,0.019896346348105
trained,4,4,26,False,0.02207386909867637,0.014656312312581576,0.007417556713335216,0.023535188146387085,0.020518271447790247
trained,4,4,27,False,0.021722170349676162,0.01378939941059798,0.00793277118646074,0.02361115939257776,0.019581316613281767
trained,4,4,28,False,0.023222214775159955,0.015591520728776231,0.0076306941191433,0.023311378657817843,0.02309603948708413
trained,4,4,29,False,0.022402284521376714,0.014772467737202533,0.007629816900589503,0.024171059994841926,0.020633508829632774
trained,4,4,30,False,0.023006947536487132,0.01500588993076235,0.008001057474757545,0.02574077873889889,0.020357233629776882
trained,4,4,31,False,0.021866596769541502,0.01370340512949042,0.008163191203493625,0.023174535607298218,0.020712532582418883
trained,4,4,32,False,0.023218073969474062,0.014804048420046456,0.008414025520323776,0.02571505580383998,0.02150961298397497
trained,4,4,33,False,0.02451125450897962,0.01599645466194488,0.008514799876138568,0.027144739696227792,0.021618737304796937
trained,4,4,34,False,0.02406228770269081,0.016105434420751408,0.007956853543873876,0.025632779285507768,0.02176695433445275
trained,4,4,35,False,0.023892665572930127,0.015715374291175976,0.008177291063475423,0.027085336515059073,0.021075602730407435
trained,4,4,36,False,0.02466682711383328,0.016544641344808042,0.008122185754473321,0.02569823167160959,0.023253420367836952
trained,4,4,37,False,0.02374749514274299,0.015446049917954952,0.008301445297547616,0.024671569647681385,0.02255939948372543
trained,4,4,38,False,0.023239370493683964,0.015291303861886263,0.007948066588141955,0.023181619948797652,0.023293620652773163
trained,4,4,39,False,0.024052318185567856,0.01529684552224353,0.008755472459597513,0.026239001256381643,0.02224049483026777
trained,4,4,40,False,0.0243300594156608,0.015575022116536275,0.008755037924856879,0.026054956128492075,0.02318759584291415
trained,4,4,41,False,0.02615148021141067,0.017577335995156318,0.008574144376325421,0.02715107807446094,0.025182639320309345
trained,4,4,42,False,0.024867114174412563,0.016519690994755365,0.008347423150553368,0.025914562980716045,0.02378641355723616
trained,4,4,43,False,0.024505315290298313,0.016322266194038093,0.00818304943095427,0.024732992192035293,0.024255244473575566
trained,4,4,44,False,0.024648371268995106,0.01653837101184763,0.008110000111628324,0.024640873120334306,0.0246551977053507
trained,4,4,45,False,0.024462912668241188,0.01616498095972929,0.008297931228298694,0.02460589273382098,0.024328598117625173
trained,4,4,46,False,0.025620277447160333,0.017269456497160718,0.008350820819032378,0.02735450043110177,0.02388605369196739
trained,4,4,47,False,0.025954521319363266,0.017614717595279217,0.008339804291608743,0.027170780366538347,0.024287796975975787
trained,4,4,48,False,0.02489728544605896,0.017362174607114866,0.0075351104023866355,0.025990667623969226,0.023769191924541716
trained,4,4,49,True,0.017226764037332032,0.017226764037332032,0.0,nan,nan
trained,4,5,0,False,0.005197346879867837,0.0025857709060801426,0.0026115760374523234,0.006783403880436415,0.003841153258268816
trained,4,5,1,False,0.008087545465969015,0.00457779850330553,0.0035097470245091245,0.011789681870856734,0.004716943636703402
trained,4,5,2,False,0.00986761401873082,0.0051607576133392286,0.004706856365373824,0.013188878706257259,0.005859190971462121
trained,4,5,3,False,0.010814039007527754,0.005512698058737442,0.005301340981532121,0.013875582791639095,0.007554976277113442
trained,4,5,4,False,0.012245227975654416,0.006542411094415002,0.005702816990378778,0.017245075651513994,0.0067535921870196455
trained,4,5,5,False,0.01145756801997777,0.006011026038322598,0.005446541756100487,0.017854647655040027,0.0073568756298090406
trained,4,5,6,False,0.013283479362144135,0.006741688332112972,0.006541790957271587,0.019771317837008258,0.008074932692336364
trained,4,5,7,False,0.014222658472135663,0.007429548655636609,0.006793109991122037,0.02008702216699021,0.008358295090147294
trained,4,5,8,False,0.0156335431674961,0.00753032932698261,0.008103213986032642,0.022823560347277966,0.008664757428834071
trained,4,5,9,False,0.01673713984200731,0.00885242236108752,0.007884717517299578,0.023963071772772255,0.009045018852057475
trained,4,5,10,False,0.017315798730123788,0.008760502896620892,0.008555295615224168,0.023503628544858657,0.01112796912639169
trained,4,5,11,False,0.017493343562819064,0.009225579698977526,0.008267763842013665,0.023035021166184118,0.010805112181295609
trained,4,5,12,False,0.017094030743464828,0.00882842586725019,0.008265604774351232,0.026210036784134527,0.010441809801409978
trained,4,5,13,False,0.01605950453085825,0.008512909538694657,0.007546595181338489,0.023501723884018486,0.010628696556228239
trained,4,5,14,False,0.020589180261595175,0.011020151476259343,0.009569028989062645,0.027214947603132627,0.01179498109797185
trained,4,5,15,False,0.021065490785986185,0.010561828457866795,0.010503662779228762,0.027947298548598253,0.012217452803659918
trained,4,5,16,False,0.01909245998831466,0.009936135335010476,0.009156325031653978,0.025653784961572716,0.011173619607720396
trained,4,5,17,False,0.017796969128539786,0.00902120562386699,0.008775763555604499,0.025334064032022766,0.010020602206211714
trained,4,5,18,False,0.020102363196201622,0.010423668180010282,0.009678694739704952,0.02682611452312105,0.011457539126110663
trained,4,5,19,False,0.02042438293574378,0.010414977703476325,0.010009405290475115,0.02782431055720036,0.012789536799703327
trained,4,5,20,False,0.019488227437250316,0.010210518405074254,0.009277708959416486,0.0288276995321916,0.010714783622516376
trained,4,5,21,False,0.020848979882430285,0.010750063745945226,0.010098916201968677,0.028567339795140118,0.012885591658275752
trained,4,5,22,False,0.019148048129864037,0.009762923145899549,0.009385124896652997,0.0273608392781832,0.012960328835330596
trained,4,5,23,False,0.02313464556937106,0.012167915527243167,0.010966730347718112,0.031036215165341403,0.013292339998052308
trained,4,5,24,False,0.021436771261505783,0.011278407255304046,0.010158363889786415,0.030226890629125855,0.01392058212229091
trained,4,5,25,False,0.021808526711538434,0.011495556580484845,0.01031297018926125,0.030699620838277042,0.012917432155518327
trained,4,5,26,False,0.022050867119105533,0.011355796195857693,0.01069507077045273,0.030384950142240887,0.013179101290241366
trained,4,5,27,False,0.023038567480398342,0.012027890450553969,0.011010676811565645,0.030829528045347505,0.014208812126889826
trained,4,5,28,False,0.024658104055561125,0.013177620989154093,0.011480483110062778,0.03149376372496287,0.014985001241823413
trained,4,5,29,False,0.02216693144873716,0.01197522395523265,0.010191707726335153,0.03071125604037661,0.013622607413708465
trained,4,5,30,False,0.02333803358487785,0.012133427342632785,0.011204606154933572,0.033221933990716934,0.013758252890637288
trained,4,5,31,False,0.020840205281274393,0.010975420649629086,0.009864784311503172,0.029000470104316868,0.013639971189310447
trained,4,5,32,False,0.020443880697712302,0.010651079763192683,0.00979280102183111,0.03003145686279123,0.01388396021272791
trained,4,5,33,False,0.02435723558301106,0.013169871701393276,0.011187363881617785,0.03308629767218633,0.014769576650235008
trained,4,5,34,False,0.026644683035556227,0.014186974687618203,0.012457708493457176,0.03436611323176246,0.01535951722270021
trained,4,5,35,False,0.024840691243298352,0.013395092522841878,0.011445598589489236,0.03474417912463347,0.016102319720255977
trained,4,5,36,False,0.02520026158890687,0.013836242709658109,0.011364019141183235,0.03156392510376267,0.016479685893972165
trained,4,5,37,False,0.02414908481296152,0.013281048173666932,0.01086803678481374,0.030598831983904045,0.01585655310191214
trained,4,5,38,False,0.022924949473235756,0.0125870933115948,0.010337856103433296,0.030310771157664635,0.015986753190218497
trained,4,5,39,False,0.023630784591659904,0.012448438908904791,0.011182345740962774,0.03340222278674101,0.015534450280080948
trained,4,5,40,False,0.023049672367051244,0.012408455266267993,0.010641217086231336,0.03261613290683896,0.016713444990190594
trained,4,5,41,False,0.026617596799042076,0.014605606120312586,0.012011990693281405,0.034468702232790374,0.019008063840178342
trained,4,5,42,False,0.025188822706695646,0.013559677245211788,0.01162914554879535,0.03343275369933019,0.016683179567316693
trained,4,5,43,False,0.024504917179001495,0.013486128358636051,0.011018788689398207,0.03201158536570286,0.016259888209952195
trained,4,5,44,False,0.023527738667326048,0.013238634768640622,0.010289103985996917,0.030919724296717372,0.01679772256748445
trained,4,5,45,False,0.024486384179908782,0.013326011729077436,0.011160372698213905,0.03194063451261289,0.01748390660875223
trained,4,5,46,False,0.025084635766688734,0.014437742152949795,0.010646893802913837,0.033360305067617446,0.016808967091492377
trained,4,5,47,False,0.025924130517523736,0.014637677668360993,0.011286452994681895,0.03290416023417099,0.016358904557785502
trained,4,5,48,False,0.02427633968181908,0.014135047153104097,0.010141292688786052,0.03201875721032803,0.01628813137196832
trained,4,5,49,True,0.018610592414916027,0.018610592414916027,0.0,nan,nan
trained,5,0,0,False,0.008556500702979974,0.0006058922394913679,0.00795060859672958,0.008535755103961987,0.008572131018983582
trained,5,0,1,False,0.0070931213776930235,0.0008820902908155404,0.006211031264683697,0.006756092799056706,0.007372373754956893
trained,5,0,2,False,0.007915464753750712,0.0010340475487282674,0.0068814173064311035,0.007897881011197727,0.007932507522547474
trained,5,0,3,False,0.008238663343945518,0.0009346985716547351,0.007303964768652804,0.008222466291044839,0.008254860353190452
trained,5,0,4,False,0.008620806576800533,0.0009842670951911714,0.00763653933245223,0.009218673671906194,0.008093276636346299
trained,5,0,5,False,0.00901965178491082,0.0008262047213065671,0.008193446905352175,0.009020441286866703,0.009018909983393369
trained,5,0,6,False,0.009728765042382292,0.0012452168018626253,0.008483548124786466,0.009954064179369261,0.009448129373292128
trained,5,0,7,False,0.01039030215179082,0.0010274578867210948,0.009362844313727692,0.010842134976493462,0.009844986633558211
trained,5,0,8,False,0.011600309691857547,0.0014910915044765716,0.010109218172146939,0.01235191304809772,0.010824846000307135
trained,5,0,9,False,0.010932394943665713,0.0013220481953339913,0.009610346765839495,0.010639616043963393,0.011198954865225215
trained,5,0,10,False,0.012090498537872918,0.0013565111901243654,0.010733987292042002,0.012617953863270857,0.011705598806509294
trained,5,0,11,False,0.012703584448900074,0.0012398933399708767,0.011463691073004156,0.012189044421048541,0.013116665814124361
trained,5,0,12,False,0.013260393316159025,0.0011909051972907037,0.012069488177075982,0.013403693349250862,0.013125777823116743
trained,5,0,13,False,0.014215909613994882,0.0014426127809201716,0.012773296883096918,0.014948890001202622,0.01327350632553654
trained,5,0,14,False,0.01560817685094662,0.00195871857840757,0.013649458502186462,0.015876068289463335,0.015331781557982874
trained,5,0,15,False,0.016254911199212074,0.0018931185577457654,0.014361792913405225,0.016404600652015728,0.016079850684283144
trained,5,0,16,False,0.015746800258057192,0.001459637508560263,0.014287162892287597,0.016581362708792333,0.014986974896112483
trained,5,0,17,False,0.016308655322063714,0.0017699155905575026,0.014538739633280784,0.016792189248878025,0.015743166397688753
trained,5,0,18,False,0.016357959859305993,0.0016765726531957625,0.0146813873143401,0.015585260760659973,0.01703975341447136
trained,5,0,19,False,0.017436271184124053,0.001960693440423711,0.015475577703909948,0.01796115696430206,0.016693508393078482
trained,5,0,20,False,0.01731824889429845,0.0016464850250486052,0.015671763801947236,0.017313203336123156,0.017323966976255177
trained,5,0,21,False,0.01828180014854297,0.0016533512430214614,0.016628449055133387,0.017374954764442195,0.019033186802906648
trained,5,0,22,False,0.019424254714976996,0.0017695136775728315,0.01765474083367735,0.01921011253759481,0.019674692081950478
trained,5,0,23,False,0.01966349672875367,0.0024092735884551075,0.017254223115742207,0.019909818064082752,0.01940128387462708
trained,5,0,24,False,0.01924060337478295,0.001795164165287133,0.017445439152652398,0.019571333766391835,0.018801634758710863
trained,5,0,25,False,0.019316031190101057,0.001572848332216381,0.017743182979756966,0.01928195371494993,0.019335147879290873
trained,5,0,26,False,0.021107726264744997,0.0022177428072609473,0.01888998376671225,0.022392854520252775,0.019556708826587117
trained,5,0,27,False,0.021180861338507384,0.0017486055266999756,0.01943225594004616,0.02067894277052354,0.021610037869085438
trained,5,0,28,False,0.022169322764966637,0.0021469368884936557,0.0200223860447295,0.02240929980244901,0.021860780560278466
trained,5,0,29,False,0.023415325034875423,0.00224819387858588,0.02116713096620515,0.022884614998474717,0.02394603463471867
trained,5,0,30,False,0.021311738877557218,0.0022776167243137024,0.01903412223327905,0.021252804509704078,0.021368859393092302
trained,5,0,31,False,0.02210839040344581,0.002274731610668823,0.019833658589050174,0.022265303335510772,0.021946495812800195
trained,5,0,32,False,0.023515246401075274,0.0027879055442099343,0.02072734123794362,0.022776875358361464,0.02427705823783837
trained,5,0,33,False,0.02359335485380143,0.001948716513652471,0.021644637978170067,0.02419823392069545,0.023092169208186013
trained,5,0,34,False,0.02282210416160524,0.001848282649916655,0.020973821519874036,0.022850627390046917,0.022796936552314198
trained,5,0,35,False,0.022988865443039685,0.002068307787340018,0.02092055801767856,0.022645221535976118,0.023343418976144184
trained,5,0,36,False,0.024582894751802087,0.0027221499012739514,0.021860744687728584,0.024407529878237893,0.024752863668478453
trained,5,0,37,False,0.025768020132090896,0.002649349174589588,0.023118670738767833,0.027512467977020047,0.024129296116756672
trained,5,0,38,False,0.022461675835074857,0.0015757284281789907,0.02088594765518792,0.022823870814006244,0.02217996922425098
trained,5,0,39,False,0.024409060191828758,0.0022794004044044414,0.022129659773781896,0.02532660830183886,0.02349151237285696
trained,5,0,40,False,0.024560428224503994,0.0026787749507093395,0.021881653112359345,0.023936625097447366,0.02524558906672431
trained,5,0,41,False,0.0232460520346649,0.0017617110370338196,0.02148434054106474,0.023549302230374172,0.02303856451946654
trained,5,0,42,False,0.023386135755572468,0.002121923031154438,0.021264213020913303,0.02367607295287378,0.023077492872553486
trained,5,0,43,False,0.02363483258523047,0.0026914232339549926,0.020943409122992307,0.02526060948531105,0.02147698314352469
trained,5,0,44,False,0.02078917546896264,0.0022422477977670496,0.01854692818596959,0.020233323964387623,0.021399701747005104
trained,5,0,45,False,0.021449114487040788,0.002542478688155825,0.018906636076280847,0.022505951716619378,0.020251365875204402
trained,5,0,46,False,0.020974544051568955,0.0015631942394520593,0.019411350192967802,0.020653974656995974,0.021231902710778613
trained,5,0,47,False,0.02216071361908689,0.002267651590955211,0.019893062068149447,0.022993391959882176,0.021402603098705633
trained,5,0,48,False,0.018889954430051148,0.002424608709588938,0.016465345484903082,0.018878205359214917,0.018901703209849074
trained,5,0,49,True,0.1241508829407394,0.1241508829407394,0.0,nan,nan
trained,5,1,0,False,0.149565112660639,0.008510437997756526,0.141054673367762,0.15230306092311036,0.1475022717902105
trained,5,1,1,False,0.015772671322338283,0.00964454485620081,0.006128126562543912,0.016949387700778657,0.014797678044331925
trained,5,1,2,False,0.013939080497948453,0.00930863475332444,0.004630445650036563,0.014630785404098413,0.013268658862664151
trained,5,1,3,False,0.013544154848204926,0.009247050493286224,0.004297104476790992,0.014589392027119175,0.012498917989432812
trained,5,1,4,False,0.013162987946998328,0.009211979458996211,0.003951008580770576,0.013251092641924818,0.013085248606169924
trained,5,1,5,False,0.012700534833129495,0.008869601289916318,0.003830933699646266,0.013942132568767956,0.011534185529771177
trained,5,1,6,False,0.012156753960880451,0.008421687682130141,0.0037350661696109455,0.012745397473672326,0.011423531319259814
trained,5,1,7,False,0.013876850993256085,0.010402100035207695,0.0034747510298984707,0.014022473485342093,0.013701099685618076
trained,5,1,8,False,0.013811081240419298,0.009908639445711742,0.003902442005710327,0.015082343295216561,0.012499462325303329
trained,5,1,9,False,0.014208375752787106,0.010228755808384449,0.003979620040809095,0.01458827094709287,0.013862500870739345
trained,5,1,10,False,0.012605461670318618,0.008760201604673057,0.00384526011566777,0.01391723753746461,0.011648219997516356
trained,5,1,11,False,0.013910516659962013,0.009742763888425543,0.004167752947068948,0.014486603667600113,0.013448023906266187
trained,5,1,12,False,0.013201212175772525,0.008984015643363819,0.004217196504214371,0.014208765400032842,0.01225472300906073
trained,5,1,13,False,0.013880936749046668,0.009807287104194984,0.00407364984130254,0.014166675404542022,0.013513558943356787
trained,5,1,14,False,0.013341692538233474,0.009170323875878239,0.004171368574134249,0.013902452631065479,0.012763130611607006
trained,5,1,15,False,0.013744363604928367,0.00958773861566442,0.004156625124778657,0.014558203693857227,0.012792584707297511
trained,5,1,16,False,0.014648950222181156,0.010257387039018795,0.004391563220451644,0.015793697114606372,0.013606717518127677
trained,5,1,17,False,0.014426580120925792,0.010522732878598617,0.0039038473660184536,0.015242288847440395,0.013472615599127139
trained,5,1,18,False,0.014001962525071576,0.009073657882254338,0.004928304786517401,0.014768333748603861,0.013325752800001818
trained,5,1,19,False,0.014472376002231613,0.009681483741587726,0.004790892277924286,0.015162746136387188,0.013495437010138665
trained,5,1,20,False,0.015630748705007136,0.01091119717420952,0.004719551430753199,0.016604390625348863,0.014527287411813933
trained,5,1,21,False,0.014222134908777662,0.009393138461746275,0.0048289962478520465,0.01542061771234048,0.013229106087237597
trained,5,1,22,False,0.014264688303228468,0.009471353158005513,0.004793335184331227,0.014957031046134838,0.013454999095933923
trained,5,1,23,False,0.01487960692611523,0.009596236413926817,0.005283370609504345,0.015247606968676504,0.014487865035452189
trained,5,1,24,False,0.0156594313448295,0.010609164164634421,0.0050502668682383955,0.015656909305755407,0.01566277888010849
trained,5,1,25,False,0.016518700576853007,0.01097452592512127,0.005544174871829455,0.018092015454464632,0.01563610931540408
trained,5,1,26,False,0.015828036732273176,0.010160563040699344,0.005667473838911974,0.016394924705049822,0.0151438617693453
trained,5,1,27,False,0.015771236619912088,0.00996505234434153,0.005806184265566117,0.01721749322141631,0.014534582410925541
trained,5,1,28,False,0.016651321231620386,0.010787770421302412,0.005863550506546744,0.017555127592964306,0.01548928371630609
trained,5,1,29,False,0.014877713372698054,0.009501075535808923,0.0053766375549457734,0.014800211603869684,0.014955214821384288
trained,5,1,30,False,0.0171353850455489,0.011212541015993338,0.005922844008637185,0.01737217741116645,0.016905878985730503
trained,5,1,31,False,0.01643865491496399,0.010292954282704159,0.0061457005476768245,0.017467898760850614,0.015376736779534628
trained,5,1,32,False,0.016942775662755594,0.01027429266832769,0.006668482889836014,0.0170592564659623,0.01682259642799932
trained,5,1,33,False,0.018094930215738714,0.011310546411550604,0.0067843841197827714,0.018309219098039745,0.017917376410748278
trained,5,1,34,False,0.017360714671667665,0.011443084695201833,0.005917629859141016,0.017236195007960003,0.01747058501795811
trained,5,1,35,False,0.018075571773806587,0.011833999327791389,0.006241572447834187,0.018326423775691252,0.017816756009345965
trained,5,1,36,False,0.017321691644610837,0.011217404087801697,0.0061042878005537204,0.018808594210043786,0.01588054018524977
trained,5,1,37,False,0.018639379588421434,0.012006719978671754,0.006632659728893486,0.01901538097750275,0.01828616623286948
trained,5,1,38,False,0.016911786806304008,0.01125255648366874,0.005659229989760206,0.018039691145531833,0.01603452738426212
trained,5,1,39,False,0.019088336150161922,0.012663301138672978,0.006425035062420648,0.018607269783387892,0.019569402298657224
trained,5,1,40,False,0.018125087139196694,0.01132650218278286,0.0067985849227625295,0.018531506533609396,0.017678691807096122
trained,5,1,41,False,0.01732061931397766,0.010980670173012186,0.0063399492428288795,0.018052950788002748,0.01681955045971431
trained,5,1,42,False,0.018918333254987374,0.012718042547930963,0.006200290732522262,0.01899268537421118,0.01883918402956859
trained,5,1,43,False,0.01990716249565594,0.01248718770511914,0.0074199747996317456,0.02062787147468492,0.018950585275888443
trained,5,1,44,False,0.018475538468919694,0.011819444254797418,0.006656094183199457,0.018430398888329962,0.01852511816093179
trained,5,1,45,False,0.020573236484779045,0.013387834638706408,0.007185401727838325,0.022161851417930686,0.018772806568692128
trained,5,1,46,False,0.018237984215375036,0.011162926828546915,0.007075057696056319,0.019666970021238454,0.017090771163643242
trained,5,1,47,False,0.019310205476358533,0.01196293844259344,0.007347267730438034,0.019784223196692152,0.01887863763232729
trained,5,1,48,False,0.019264524918980896,0.012834726985602174,0.006429797978853458,0.01930029777577147,0.019228752236813307
trained,5,1,49,True,0.08858280611457303,0.08858280611457303,0.0,nan,nan
trained,5,2,0,False,0.007500541796616744,0.0009019452380982784,0.006598596693947911,0.006810733857987956,0.00802026023731044
trained,5,2,1,False,0.0035174376989743905,0.0014358352062302515,0.0020816024971281877,0.00356958386215285,0.003474230842298961
trained,5,2,2,False,0.0039076766715879785,0.0018978711097474843,0.0020098055956623284,0.003663272272133904,0.004144561107162959
trained,5,2,3,False,0.0038320028306770837,0.0017509884319224511,0.0020810143560083816,0.00438278745059506,0.003281218174379319
trained,5,2,4,False,0.003900071313182707,0.001653650154821662,0.0022464211524493294,0.00397246076609008,0.003836198167204309
trained,5,2,5,False,0.004092198520083912,0.0018220283265719672,0.0022701702037011273,0.0036430877470035824,0.004514090418745059
trained,5,2,6,False,0.004141012559557566,0.0016282220062464603,0.002512790504624718,0.003927702592475944,0.004406714429997169
trained,5,2,7,False,0.004479490738958702,0.0017534396400264995,0.0027260509650659515,0.004610338077015643,0.0043215713210821415
trained,5,2,8,False,0.004570758515910711,0.0019754764645085743,0.002595282028778456,0.004210848158870179,0.004942094535744262
trained,5,2,9,False,0.00526087592515978,0.0022245580796038666,0.003036317884834716,0.00482081680665495,0.0056615266809935
trained,5,2,10,False,0.005197809587116353,0.0017591193688417661,0.0034386902079859283,0.004927434009948263,0.005395110919945747
trained,5,2,11,False,0.005452364061056869,0.0018189938793398142,0.0036333702664705925,0.0057702405508934405,0.0051971675637899565
trained,5,2,12,False,0.005956256696663331,0.002259095963722757,0.0036971607223676983,0.006105632716489415,0.005815933714267995
trained,5,2,13,False,0.006031068325683009,0.0020291987877953943,0.00400186962360749,0.005591193673252646,0.006596621629017006
trained,5,2,14,False,0.006316739687463269,0.002094015156444584,0.0042227245394315105,0.005746632850227447,0.006904945113799639
trained,5,2,15,False,0.007133649884053739,0.002411956465039111,0.004721693418105133,0.00665589991916457,0.007692374399531696
trained,5,2,16,False,0.0069767575623700395,0.0019744528158298635,0.005002304715162609,0.006890164527919938,0.007055595965444375
trained,5,2,17,False,0.008513890192261897,0.0023888058851753158,0.00612508412450552,0.008112974221939625,0.008982757651010307
trained,5,2,18,False,0.008179885626304895,0.0026335348371731016,0.005546350839722436,0.008045612271719923,0.008298361913629754
trained,5,2,19,False,0.0077153168167569675,0.002473648343766399,0.0052416685211937875,0.0076359285290042555,0.007827658812462722
trained,5,2,20,False,0.008929738876759075,0.0026330698074161774,0.006296669118455611,0.008606556905707455,0.00929601159878075
trained,5,2,21,False,0.009810137802560348,0.0027047950086398487,0.007105342738213949,0.008549684602446083,0.010854513051786592
trained,5,2,22,False,0.010220463453151751,0.0025911565417118254,0.007629307045135647,0.009696816046978685,0.010832864791154861
trained,5,2,23,False,0.010943175082502421,0.002746703038155829,0.008196471964765806,0.010436445686288855,0.011482596712847872
trained,5,2,24,False,0.011249941337155178,0.0029012450931986677,0.008348695992026478,0.011113002322205943,0.01143169639293443
trained,5,2,25,False,0.011231389755266719,0.0026283594493179407,0.008603030270023737,0.01005931088761629,0.01188889713730754
trained,5,2,26,False,0.01274508897040505,0.0025029082203218422,0.010242180724162608,0.013068357708730868,0.012354936940467048
trained,5,2,27,False,0.013606644017272629,0.0026821883584489115,0.010924455811618827,0.013640591637941738,0.013577616652068886
trained,5,2,28,False,0.014841364056337625,0.004011347046343872,0.01083001692313701,0.013477394512544077,0.01659503930048751
trained,5,2,29,False,0.015446045596036129,0.0037425441487357602,0.011703501513693482,0.015722043259302154,0.015170047772699036
trained,5,2,30,False,0.015646185100194998,0.003946739474486094,0.011699446069542319,0.015531221862941508,0.01575761132228833
trained,5,2,31,False,0.018696374027058482,0.003850274166325107,0.014846099773421884,0.01836036523947349,0.019043049642017907
trained,5,2,32,False,0.016639853594824672,0.0034732078020169865,0.013166645599994808,0.01802437180796495,0.015211382215576512
trained,5,2,33,False,0.017911306174937636,0.004306497593461245,0.013604808496893384,0.018155106929419882,0.01770929970911571
trained,5,2,34,False,0.018873914872528985,0.0034375814411760075,0.015436333633260801,0.020096019857252637,0.01779558723244597
trained,5,2,35,False,0.019370283553143963,0.003443819189669739,0.015926464169751853,0.01974759362637997,0.0189809954858252
trained,5,2,36,False,0.02112801544717513,0.004153061301622074,0.016974954269244336,0.02023273920788178,0.021995745047640344
trained,5,2,37,False,0.023007508920272812,0.003860553440063086,0.01914695560117252,0.024633471733860428,0.021480088432629905
trained,5,2,38,False,0.0240424562653061,0.003882593759044539,0.02015986302285455,0.024859172657930428,0.02340723320634829
trained,5,2,39,False,0.023912819509860128,0.004870532090535562,0.019042287225602195,0.024490022944519296,0.023335615958785638
trained,5,2,40,False,0.027747482468839735,0.0052785325151489815,0.022468950279289857,0.027954406897301103,0.027520204420949594
trained,5,2,41,False,0.026599633769365028,0.004525269261648646,0.022074363922001794,0.02763259649061813,0.02589286929976783
trained,5,2,42,False,0.02704032408655621,0.005602648703643354,0.0214376752555836,0.027303999995417667,0.026759636716075962
trained,5,2,43,False,0.028253682423382998,0.0054290527586999815,0.0228246295300778,0.029815632288586604,0.026180549440058796
trained,5,2,44,False,0.02955279068555683,0.005682140083081322,0.023870650387834758,0.02925250084320111,0.029882616561944367
trained,5,2,45,False,0.031445177795831114,0.00569484456354985,0.025750332919415087,0.03075304627418518,0.032229593380664785
trained,5,2,46,False,0.03379312914330512,0.00553908461733954,0.02825404462055303,0.03638868952137336,0.031709368799773735
trained,5,2,47,False,0.032299205602612346,0.007630358637470636,0.024668847036082298,0.03273067217259133,0.03190637830255637
trained,5,2,48,False,0.03319216734962538,0.007265456784807611,0.025926709873601794,0.03402211805223487,0.0323622155119665
trained,5,2,49,True,0.2991478923649993,0.2991478923649993,0.0,nan,nan
trained,5,3,0,False,0.01402902725385502,0.004740479660540586,0.009288547946198378,0.014025740951976994,0.014031503642973016
trained,5,3,1,False,0.008959596554632299,0.005553648672503186,0.003405947940336773,0.009045947921173325,0.0088880484325013
trained,5,3,2,False,0.007747722425847314,0.0042272931095794775,0.003520429316267837,0.008745549019381758,0.0067805982696322285
trained,5,3,3,False,0.009382374642882496,0.005749572730564978,0.003632801894127624,0.010546541237999918,0.008218208102334756
trained,5,3,4,False,0.009818918784731068,0.006071687344956445,0.0037472314361366443,0.00967002947969983,0.009950291522888137
trained,5,3,5,False,0.010934865364106372,0.007027348816336598,0.0039075163076631725,0.011394544805009519,0.010503044944595207
trained,5,3,6,False,0.011047875537769869,0.006392137976945378,0.0046557377609133255,0.01204396548851485,0.009807132119149492
trained,5,3,7,False,0.012401402127579786,0.007951921426865738,0.004449480700714048,0.012688460156121958,0.012054953009596671
trained,5,3,8,False,0.01176557996950578,0.006863412942038849,0.004902166860119905,0.011850969668907614,0.011677479290122552
trained,5,3,9,False,0.014356254978338256,0.00913537332235137,0.00522088140132837,0.01395100535305797,0.014725213606299751
trained,5,3,10,False,0.013778237625956535,0.00837550458527403,0.005402732916991226,0.015655987428208056,0.01240798778127174
trained,5,3,11,False,0.0143741654464975,0.00840187101130141,0.005972294617095031,0.014831808240463335,0.01400676210948699
trained,5,3,12,False,0.014168292575050145,0.008191864864784293,0.005976427793939365,0.014176782979179292,0.014160316733812742
trained,5,3,13,False,0.015913264913251624,0.009641856820962857,0.006271408128668554,0.015353488076167803,0.016632977823194648
trained,5,3,14,False,0.016382377390982583,0.010011137666879222,0.006371239680447616,0.017304092846237698,0.015431401053709643
trained,5,3,15,False,0.016240936936810613,0.009538300495478325,0.006702636273985263,0.016404186172977737,0.016050018385936646
trained,5,3,16,False,0.017564502340974286,0.010740298523160163,0.006824204152508173,0.019017492146154898,0.016241631095311536
trained,5,3,17,False,0.018806723674060777,0.011750916906748898,0.00705580673093209,0.0198771631129194,0.017554853506133717
trained,5,3,18,False,0.019168538536177948,0.01157569236238487,0.007592845766339451,0.01958564273857822,0.01880050457411391
trained,5,3,19,False,0.01967599184717983,0.01189462082402315,0.0077813712996430695,0.02058444984878103,0.018390437798961153
trained,5,3,20,False,0.018691485049203038,0.01106721740507055,0.007624267607752699,0.020757000708459494,0.016350567356372876
trained,5,3,21,False,0.018844497797545046,0.010961349136778153,0.007883148617111146,0.019555770687694693,0.018255157875163214
trained,5,3,22,False,0.02006645395886153,0.011639025891781785,0.008427428292634431,0.02161174916081886,0.018259243913373704
trained,5,3,23,False,0.019521346024703234,0.010998261146596633,0.008523085001797881,0.02008928643595992,0.018916764176420627
trained,5,3,24,False,0.02014686053735204,0.012051199824782088,0.008095660741673782,0.02112664465396984,0.018846420300277795
trained,5,3,25,False,0.021142553741810843,0.012265487981494516,0.008877065898559522,0.023641972255933542,0.019740441405191655
trained,5,3,26,False,0.021727776576881297,0.012414058684953488,0.00931371803744696,0.02391170804122729,0.019091997263503486
trained,5,3,27,False,0.021308418276021257,0.012183730039396323,0.009124688011070248,0.022588235996979275,0.02021408067557259
trained,5,3,28,False,0.0227633987669833,0.013494019411155023,0.009269379355828278,0.02441246490020098,0.02064317055711789
trained,5,3,29,False,0.02211721014464274,0.013502398374839686,0.008614811493316665,0.023406674779835157,0.02082774536393117
trained,5,3,30,False,0.02179445358342491,0.012176141026429832,0.009618312287784647,0.023586424895458754,0.020057619749926606
trained,5,3,31,False,0.0229547256603837,0.013676135771675035,0.00927858981594909,0.024496673176494926,0.021363827473823985
trained,5,3,32,False,0.024011064931983128,0.014015549430041574,0.009995515792979859,0.02581695345445321,0.02214784657080022
trained,5,3,33,False,0.025456508330535144,0.014885678348946385,0.010570829850621521,0.026372250057114608,0.024697750939854553
trained,5,3,34,False,0.02258812793297693,0.012843981079640798,0.009744146846060175,0.025425973193099104,0.02008414701284731
trained,5,3,35,False,0.024365872202906758,0.01442426853463985,0.009941603115294129,0.025857190859432406,0.022827209638697762
trained,5,3,36,False,0.025162974430713803,0.014990257972385734,0.01017271642194828,0.027493114080575722,0.022904531843960286
trained,5,3,37,False,0.024958714842796326,0.014506969280773774,0.010451745634782128,0.028615338029339913,0.021523704498328945
trained,5,3,38,False,0.02442542411154136,0.014322279806947336,0.010103144493768923,0.027338824118487537,0.02215944670347704
trained,5,3,39,False,0.024722198926610872,0.01415545521012973,0.010566743672825396,0.02791351884661708,0.02153087902115658
trained,5,3,40,False,0.02672354009700939,0.016026981611503288,0.01069655803439673,0.030855191273809368,0.02218549692484199
trained,5,3,41,False,0.025136796408332884,0.014515843176923227,0.010620953748002648,0.026235378795088485,0.024385135179679645
trained,5,3,42,False,0.02457333344500512,0.014315683481981978,0.010257650101266336,0.025843662252141672,0.023221047489993995
trained,5,3,43,False,0.028705129923764616,0.017233829072210938,0.01147130093886517,0.031115444479127452,0.02550598479468714
trained,5,3,44,False,0.02642054174793884,0.016021365372580476,0.010399176426290069,0.029426246158667468,0.02311919443309307
trained,5,3,45,False,0.027918823761865497,0.017038804915500805,0.010880018802708946,0.030479202252429196,0.02501706215552986
trained,5,3,46,False,0.028878869430627674,0.017597301630303264,0.011281567632977385,0.0321596979425011,0.026244964870348778
trained,5,3,47,False,0.027229910221649334,0.015808944866876118,0.011420965420256834,0.03037100465449153,0.024370107466160362
trained,5,3,48,False,0.026254485099343583,0.015621427533915266,0.010633058045641519,0.028916334558743984,0.02359263610560447
trained,5,3,49,True,0.03487185630729073,0.03487185630729073,0.0,nan,nan
trained,5,4,0,False,0.011758024324080907,0.005503542659425875,0.00625448148639407,0.014333802368491888,0.009817369314140244
trained,5,4,1,False,0.009879257442662492,0.005615667476376984,0.004263590042683063,0.012571721373864546,0.007648358893181597
trained,5,4,2,False,0.010952479948173277,0.006536489192512818,0.0044159906028653495,0.013697562332723349,0.00829186147222152
trained,5,4,3,False,0.012258495320565999,0.007786577632941771,0.0044719177021761425,0.014902442773745861,0.00961454782373039
trained,5,4,4,False,0.012340644985670224,0.0075106182775925845,0.0048300266862497665,0.014370322095540662,0.010549753520856886
trained,5,4,5,False,0.013414104643743485,0.008236496214522049,0.005177608589292504,0.015959090470606764,0.011023360614975294
trained,5,4,6,False,0.015293557895347476,0.009868074055702891,0.005425483730505221,0.01896622929144913,0.01071882623721633
trained,5,4,7,False,0.015993520079064183,0.010610928991809487,0.00538259134918917,0.018902618823839083,0.012482539541890908
trained,5,4,8,False,0.01458188405376859,0.008798684983048588,0.005783199085271917,0.016518270317465066,0.012584025350709755
trained,5,4,9,False,0.016334957676008344,0.010395909412181936,0.005939048482105136,0.018846248574249568,0.014048559090761997
trained,5,4,10,False,0.016809116932563484,0.010663815730367787,0.0061453012604033574,0.02051609458350059,0.014104024758814154
trained,5,4,11,False,0.016307796846376732,0.009982939955079928,0.006324857124127448,0.01954005987857256,0.013712881710117973
trained,5,4,12,False,0.017992629000218585,0.01148515273234807,0.006507476056867745,0.020731371857466235,0.015419870036456621
trained,5,4,13,False,0.018210790440207347,0.011757630709325895,0.0064531598836765625,0.020739844353455637,0.014959150376463575
trained,5,4,14,False,0.018425424728775397,0.011779987078625709,0.006645437824772671,0.021938564456426182,0.01480075746538147
trained,5,4,15,False,0.019338582031195983,0.012669975054450333,0.006668606911262032,0.02220493318863969,0.015986408612106814
trained,5,4,16,False,0.01973443935276009,0.01285348851524759,0.00688095096120378,0.023870397206456936,0.015968866145877697
trained,5,4,17,False,0.02001952732098289,0.013041520665865391,0.006978006727877073,0.023619477488640427,0.015809416234240693
trained,5,4,18,False,0.018813256261637434,0.011638133946689777,0.007175122373155318,0.021036061582465966,0.016851957545013112
trained,5,4,19,False,0.020818518823944032,0.013535538746509701,0.007282979859155603,0.02308290682733059,0.017614196370935663
trained,5,4,20,False,0.021805686876177788,0.0146382866660133,0.007167399933678098,0.024918528759906834,0.01827779922944804
trained,5,4,21,False,0.020163738867267966,0.012924896785989404,0.007238842154038139,0.02386742823853575,0.01709496732801199
trained,5,4,22,False,0.021308744559064507,0.013669735752046108,0.0076390089525375515,0.024256852603908897,0.017860957658139325
trained,5,4,23,False,0.01986298366682604,0.01228908468328882,0.00757389904174488,0.02116164683618329,0.018480535506481127
trained,5,4,24,False,0.022474576078820974,0.014987970876973122,0.007486605638405308,0.02460080878936673,0.01965248684652827
trained,5,4,25,False,0.021253064303891733,0.013513229656382464,0.007739834531093948,0.024584150002540456,0.019384406666021523
trained,5,4,26,False,0.02261684532277286,0.01468707190360874,0.007929773142677732,0.025484204505171092,0.019156238610117598
trained,5,4,27,False,0.020235277799656615,0.0125333833420882,0.0077018947777105495,0.022008652877757103,0.01871891384539397
trained,5,4,28,False,0.0227430498925969,0.014841856202110648,0.00790119387966115,0.024072890118178394,0.02103325568272599
trained,5,4,29,False,0.02249086822848767,0.01474238230730407,0.007748485702904873,0.02499325294047594,0.01998848287621513
trained,5,4,30,False,0.0219588132458739,0.014023868629010394,0.00793494466051925,0.024911508200660584,0.019096970042357077
trained,5,4,31,False,0.022614998975768685,0.014684208406833932,0.007930790714453906,0.02483882793726829,0.020320572047716097
trained,5,4,32,False,0.022869930020533502,0.014501875339192338,0.008368054375750944,0.024289572024001522,0.02140522010565277
trained,5,4,33,False,0.022589566535316408,0.014126743539236486,0.008462822894216515,0.02420129116367677,0.02125413774379662
trained,5,4,34,False,0.0232821645331569,0.014984683395596221,0.008297481210320257,0.026768562414993844,0.02020593116279034
trained,5,4,35,False,0.023078140802681446,0.014905178308254108,0.008172962508979253,0.025886386145765966,0.02018074453290966
trained,5,4,36,False,0.023503954929765314,0.015025509070255794,0.0084784455539193,0.025459022778603766,0.021609042341319412
trained,5,4,37,False,0.023466354177799076,0.015188577788649127,0.008277776534669101,0.025740228758584106,0.021330290812660347
trained,5,4,38,False,0.024642077449243516,0.016251029664999805,0.008391048104385845,0.028076244584683857,0.021971058553188212
trained,5,4,39,False,0.02243599545909092,0.013909310422604904,0.0085266850219341,0.02333194509265013,0.021540046349400654
trained,5,4,40,False,0.02301265115966089,0.014607879696995951,0.008404771637287922,0.02520519525591117,0.02060444776701634
trained,5,4,41,False,0.02416801213985309,0.015756360939121805,0.008411651098867878,0.024416182476740617,0.023998211383035307
trained,5,4,42,False,0.02319071107194759,0.014739347359864041,0.008451363668427803,0.024723296194817078,0.02155924932430348
trained,5,4,43,False,0.02349029714241624,0.014948720287065953,0.008541576462448575,0.023884752127405713,0.022966747172176838
trained,5,4,44,False,0.02489070751471445,0.0166227423469536,0.008267965109553188,0.026774166068479197,0.022821990345589453
trained,5,4,45,False,0.024966207216493785,0.016751699469750747,0.008214507819502614,0.026905019521055853,0.022768886635700862
trained,5,4,46,False,0.024039732263190672,0.01538165210513398,0.008658079983433709,0.025527592977149446,0.02284525243014517
trained,5,4,47,False,0.02599365485366434,0.017248368152650073,0.008745286831981502,0.02872116680516571,0.023510396883670074
trained,5,4,48,False,0.023662569234147668,0.015694819012423977,0.007967750600073487,0.02518538394360803,0.02213975493214093
trained,5,4,49,True,0.017911621122038923,0.017911621122038923,0.0,nan,nan
trained,5,5,0,False,0.005766701375250705,0.0029039817236480303,0.0028627196479646955,0.009567527303641493,0.0029030654815421124
trained,5,5,1,False,0.008276946340629365,0.004755407740958617,0.0035215386196796317,0.012636911272520906,0.004664403971816812
trained,5,5,2,False,0.009150252531981096,0.0048754290000943,0.004274823520972859,0.013160459120713529,0.005263437148040303
trained,5,5,3,False,0.010844727679796051,0.005573921389441239,0.005270806061162148,0.016565276484470814,0.00512417850222846
trained,5,5,4,False,0.010517711794818752,0.005529033893253654,0.004988677857909352,0.01604955829679966,0.005636670393869281
trained,5,5,5,False,0.011302318045636639,0.006080137405660935,0.005222180916462094,0.017093390335268792,0.0058622201234384465
trained,5,5,6,False,0.014660330693004653,0.008003779970749747,0.006656550911429804,0.02112731130295236,0.006604969354444428
trained,5,5,7,False,0.015160321810981259,0.008387039546505548,0.006773282279027626,0.021179326730115074,0.007896005882528322
trained,5,5,8,False,0.014708599774166942,0.00788987849955447,0.006818721318268217,0.021149899445187588,0.00806281440669582
trained,5,5,9,False,0.0160501807986293,0.008802694101177622,0.007247486981214024,0.02383945761706497,0.00895845151242258
trained,5,5,10,False,0.015637128992239013,0.00846997219196055,0.007167156887589954,0.02580368692158825,0.00821828975883388
trained,5,5,11,False,0.01501284824917093,0.008126984495902434,0.006885863665957004,0.022201021643061387,0.009242060863163688
trained,5,5,12,False,0.016163262480404228,0.008522621537849773,0.007640640891622752,0.02451407151567119,0.008318563168303985
trained,5,5,13,False,0.018970032542711124,0.010001696471590549,0.00896833611477632,0.026826366639903024,0.00886903244619524
trained,5,5,14,False,0.018346809956710786,0.009375770721817389,0.008971038929303177,0.026510907509005987,0.009923534682168373
trained,5,5,15,False,0.018680575070902705,0.00986000575358048,0.00882056936097797,0.026512575457277508,0.00952111799427766
trained,5,5,16,False,0.020156836922978982,0.010701538340072148,0.009455298466491513,0.030350143074622894,0.010876363942594227
trained,5,5,17,False,0.020305044163251296,0.010508436935197096,0.009796607308089733,0.028699880668326565,0.010487354565727509
trained,5,5,18,False,0.018855112517485395,0.010233704902930185,0.00862140715616988,0.028216367253723243,0.010595181152251934
trained,5,5,19,False,0.02103826342499815,0.011090229789260775,0.009948033752152696,0.02879017358024915,0.010068578935527013
trained,5,5,20,False,0.023220242466777563,0.012385845620883629,0.010834396627615206,0.03276035175932681,0.012408117829666783
trained,5,5,21,False,0.0198040941322688,0.010392869226052426,0.009411225124495104,0.029883594525142988,0.011452508295354035
trained,5,5,22,False,0.022446168935857713,0.011693431093590334,0.010752737551229075,0.03189665227588536,0.011393908056099031
trained,5,5,23,False,0.021476510679349303,0.01167283380345907,0.009803676992305554,0.029351005923341618,0.013093983469110343
trained,5,5,24,False,0.024418428394710645,0.013248584131360985,0.01116984395775944,0.03364706910789421,0.012169505291703072
trained,5,5,25,False,0.01939775829669088,0.010335732062230818,0.009062026132596657,0.032214980815415795,0.01220760895393607
trained,5,5,26,False,0.022794422780862078,0.012038912398566026,0.010755510127637535,0.03236383416556886,0.011245133098343322
trained,5,5,27,False,0.020693281025160104,0.011112360225524753,0.00958092074142769,0.030711472492223068,0.012127001250189716
trained,5,5,28,False,0.023616595251951367,0.012911628058645874,0.010704967309720814,0.0316842538304627,0.013243891174040201
trained,5,5,29,False,0.021295096375979483,0.011393381806556135,0.009901714576699305,0.030789435943006538,0.011800757030869136
trained,5,5,30,False,0.022240293415961787,0.01187054936599452,0.010369744093623012,0.031932116604395336,0.012846679670306354
trained,5,5,31,False,0.02411367802415043,0.013592952396720648,0.010520726107642986,0.03399193637932722,0.013921825732621882
trained,5,5,32,False,0.023206973302876577,0.01254847833479289,0.010658494968083687,0.03174033732368396,0.014402709287842588
trained,5,5,33,False,0.022597068222239614,0.01272967184195295,0.009867396467598155,0.03282308093561181,0.014124086020248278
trained,5,5,34,False,0.022323946293909103,0.011985846853349358,0.010338099207729101,0.03234875048510731,0.01347853017368299
trained,5,5,35,False,0.024584287020843476,0.0138334488729015,0.010750837915111333,0.03360858711485679,0.01527350079563875
trained,5,5,36,False,0.024600406672107056,0.013483012357028201,0.011117394446046092,0.03406212981494646,0.015429813737192979
trained,5,5,37,False,0.025050396332517266,0.014354382001329213,0.010696014316636138,0.03465258627529106,0.016030156900259582
trained,5,5,38,False,0.02391041023656726,0.01327238226076588,0.010638028194080107,0.035551594370709996,0.0148561555866359
trained,5,5,39,False,0.02499105894821696,0.013943379221018404,0.011047680003684945,0.03519578120904043,0.014786336927500088
trained,5,5,40,False,0.023495402710977942,0.012700175793725066,0.010795226771733724,0.031602806119776485,0.014590549782742974
trained,5,5,41,False,0.02375785485492088,0.013628983113449067,0.010128871865163092,0.034692875700644575,0.01627599881765874
trained,5,5,42,False,0.024885265214834362,0.014104657646385022,0.0107806078158319,0.03311791087528973,0.01612148050879759
trained,5,5,43,False,0.026588163163978606,0.01508260250557214,0.011505560178193264,0.03469625865555789,0.01582650953734463
trained,5,5,44,False,0.02470343781169504,0.014299996095360257,0.010403441279777326,0.03315538209654502,0.015420154645489376
trained,5,5,45,False,0.027657091268338263,0.015908273635432124,0.01174881802580785,0.037284057340858615,0.01674653005320579
trained,5,5,46,False,0.022919517010450363,0.01277431586640887,0.01014520096941851,0.03133992788692315,0.016159468723959486
trained,5,5,47,False,0.025773327623028308,0.014849864382995293,0.010923462687060237,0.03548069945612892,0.016935271899035174
trained,5,5,48,False,0.02426285992260091,0.014058654305699747,0.010204205973423086,0.03182204642507713,0.016703674089512788
trained,5,5,49,True,0.019571955105675443,0.019571955105675443,0.0,nan,nan
trained,6,0,0,False,0.008408710178628098,0.0008443106621598417,0.00756439940596465,0.008680840728629846,0.008136579352139961
trained,6,0,1,False,0.007296328702068422,0.0009646746575526777,0.006331654039968271,0.007577802978630643,0.007014854298176942
trained,6,0,2,False,0.007585484112496488,0.0007089989646829054,0.006876485073007643,0.0074325485693407245,0.007738419641100336
trained,6,0,3,False,0.00833363991114311,0.0009804308542697981,0.007353209060966037,0.008317562461387915,0.008348277380773381
trained,6,0,4,False,0.008870051038684323,0.000968049334915122,0.007902001656475477,0.008908800657509881,0.008826134609989822
trained,6,0,5,False,0.009477005878579803,0.0010052342540802783,0.008471771645417903,0.009754064071568706,0.009208472438443166
trained,6,0,6,False,0.009835912904236466,0.0012694318734247645,0.008566481046727858,0.010006512960662012,0.009636397753700109
trained,6,0,7,False,0.011205725139006972,0.0012982840523818595,0.009907441068207845,0.011689068499340939,0.010674839824071674
trained,6,0,8,False,0.012079324835212901,0.0014447057633333316,0.010634619087795727,0.01174311216591912,0.012460365487883488
trained,6,0,9,False,0.012032676866510883,0.0013371081304285326,0.0106955686933361,0.0120907958004285,0.011970808226314763
trained,6,0,10,False,0.012208771659061313,0.0011489340280377291,0.011059837604989298,0.012253440422655056,0.012161220619154553
trained,6,0,11,False,0.013063720616628416,0.0012275593071535695,0.011836161196697503,0.01280902784007291,0.013391182874329388
trained,6,0,12,False,0.01362678682198748,0.0015195835185295437,0.012107203438063152,0.013792964818610531,0.013399061643415026
trained,6,0,13,False,0.014726133304066025,0.0011792228031026752,0.013546910573495552,0.015242462582660444,0.014176492616834659
trained,6,0,14,False,0.014132851356407627,0.001270169320378045,0.012862682051490992,0.0139259306519334,0.014360124932327231
trained,6,0,15,False,0.01438075621263124,0.0011050727548536088,0.013275683595566079,0.014909232786872931,0.013956486418003768
trained,6,0,16,False,0.016045177791966125,0.0017128379627138202,0.014332340128021315,0.015966224422874417,0.016160571338752143
trained,6,0,17,False,0.015314106829464436,0.0015629401932528708,0.01375116646522656,0.01509736713981538,0.015544829679833304
trained,6,0,18,False,0.01634447943069972,0.0014518215521093225,0.014892658160533756,0.016773062710792333,0.015978009858425114
trained,6,0,19,False,0.01757300112512894,0.00216139110034419,0.015411610103910789,0.018202649142879706,0.017142189593103374
trained,6,0,20,False,0.017149766033980995,0.0015663822887290735,0.015583384112687781,0.017669715087574263,0.016613310912535303
trained,6,0,21,False,0.0185824912332464,0.0014862129364701104,0.017096278170356527,0.019022108037741136,0.018281700310150258
trained,6,0,22,False,0.018637617788044736,0.0017043119314621435,0.01693330577109009,0.018738550406235916,0.018533480782357475
trained,6,0,23,False,0.019622696650912985,0.0016600683375145309,0.01796262850984931,0.02018358268062858,0.018987026220808424
trained,6,0,24,False,0.019315676792757586,0.0016308340132127341,0.017684842692688107,0.02039854090128626,0.01800877090286592
trained,6,0,25,False,0.01981349044945091,0.001721945663121005,0.0180915450619068,0.02030769494983057,0.019178085278586617
trained,6,0,26,False,0.019644302781671286,0.0016387752425544022,0.018005527032073587,0.02088071673995618,0.018328119550020464
trained,6,0,27,False,0.020582613185979426,0.0018117636536771897,0.01877084927400574,0.021122986096001807,0.0200588673639756
trained,6,0,28,False,0.02058089425554499,0.0013312492073964677,0.019249644974479452,0.020058833813715364,0.02107131469881896
trained,6,0,29,False,0.020754453958943486,0.0015807268823664344,0.019173727167071775,0.020735464058816433,0.020767447220063524
trained,6,0,30,False,0.022313577530439943,0.0017877987984320498,0.02052577878930606,0.0227499475613946,0.021890634369964784
trained,6,0,31,False,0.02137705316999927,0.002274395716995059,0.019102657301118597,0.0228288111778406,0.01987920763591925
trained,6,0,32,False,0.021495343651622534,0.002331771350782219,0.01916357222944498,0.021454754041937682,0.02153722170208182
trained,6,0,33,False,0.023230885853990912,0.001927617782712332,0.021303267683833838,0.02333562097466383,0.023135529525244412
trained,6,0,34,False,0.02304160373751074,0.0017288434937654529,0.021312760305590928,0.023581424848206585,0.022534499396428917
trained,6,0,35,False,0.023365696251858026,0.0021689549776056083,0.02119674108689651,0.023309987792863123,0.023455511265415317
trained,6,0,36,False,0.02303906891029328,0.0019518758172125672,0.0210871928720735,0.023840719223266745,0.022309207538170603
trained,6,0,37,False,0.02400627004681155,0.0020802874096261803,0.021925983077380806,0.023934307877743057,0.024076017852012924
trained,6,0,38,False,0.022869726119097322,0.0017898791777497536,0.021079847065266222,0.02330451292183363,0.0224068887651928
trained,6,0,39,False,0.023867580806836486,0.0024412484181084437,0.021426332532428205,0.022816640477288853,0.0246593854453874
trained,6,0,40,False,0.024196557875256985,0.0022040951157578093,0.021992462396156043,0.025261338222129594,0.023314311461789267
trained,6,0,41,False,0.024146102601662278,0.0021680749177903635,0.021978027652949095,0.025302103209880092,0.023060162128372627
trained,6,0,42,False,0.022958657995332032,0.001943359267897904,0.021015299018472433,0.022326048679541848,0.02369848907120147
trained,6,0,43,False,0.02254566113697365,0.0019658000665003783,0.02057986124418676,0.022703179536620155,0.022388142679119483
trained,6,0,44,False,0.021007351635489613,0.002609875165944686,0.018397476436803117,0.022010286897420885,0.020122409003841525
trained,6,0,45,False,0.02010514252469875,0.002093322592372715,0.018011819862294942,0.02079027980709305,0.019636364188045263
trained,6,0,46,False,0.02036470267921686,0.0019788480722127133,0.018385854695225134,0.01974886732354556,0.02118208476088264
trained,6,0,47,False,0.02264172292780131,0.0021173246150283376,0.020524398365523666,0.023489325984635136,0.021739435292059375
trained,6,0,48,False,0.019045516179176047,0.001912583873490803,0.017132932174718007,0.018000753314206093,0.02015768273943855
trained,6,0,49,True,0.1371571309864521,0.1371571309864521,0.0,nan,nan
trained,6,1,0,False,0.1407530818542,0.00857115600592806,0.13218192651402205,0.14306949378806166,0.13843667329638265
trained,6,1,1,False,0.016487694723764434,0.010081519911182113,0.006406174696167,0.019472797750495374,0.013502591507858597
trained,6,1,2,False,0.014349268109072,0.009346697208457044,0.00500257097701251,0.016513075592229143,0.012185460698674433
trained,6,1,3,False,0.01348288128792774,0.009030771201651078,0.004452110129932407,0.015398719790773313,0.011738610224548114
trained,6,1,4,False,0.013372814311878756,0.009412292088200047,0.0039605222209502244,0.014939690378549343,0.011597021451840798
trained,6,1,5,False,0.01398018687905278,0.009793929168154136,0.004186257638139068,0.016840478272310326,0.011207904423085543
trained,6,1,6,False,0.013030624628299847,0.009021507252327865,0.004009117135865381,0.015596327034459598,0.010030056531462123
trained,6,1,7,False,0.013315910327946767,0.009412396560946945,0.0039035140380292432,0.015347562702511674,0.011084423507334757
trained,6,1,8,False,0.013409142746240832,0.009477026720560389,0.003932115967472782,0.015073567765819676,0.011522794227736692
trained,6,1,9,False,0.012638406944461167,0.00848309020511806,0.004155316644755658,0.013740458278775666,0.011465255426423203
trained,6,1,10,False,0.013285988898132928,0.009027215457535931,0.004258773394212767,0.01621341420281114,0.010169696873955188
trained,6,1,11,False,0.01345637119084131,0.00919259089823754,0.0042637802889657905,0.014874921969345044,0.011632519707615887
trained,6,1,12,False,0.013913664501160383,0.009722011442136136,0.004191653112684435,0.016024187760981353,0.011021466278988454
trained,6,1,13,False,0.014580329298041761,0.010299372943336493,0.004280955939066189,0.016296945963845108,0.012752962644181905
trained,6,1,14,False,0.013158193498384207,0.008960811079305131,0.0041973823635999,0.014963069110552766,0.01117578939702667
trained,6,1,15,False,0.01382141224166844,0.009104689757805318,0.004716722524790384,0.015640216454732837,0.012361245623356859
trained,6,1,16,False,0.014420405510463752,0.009994944784921245,0.004425460811035009,0.016841164912636344,0.010882372493282534
trained,6,1,17,False,0.013167368451831862,0.008509612487614504,0.004657756189772044,0.015018132543473532,0.011197200705928187
trained,6,1,18,False,0.014429359463974833,0.009227926557286992,0.005201433141337475,0.01648106776430445,0.012675000665088493
trained,6,1,19,False,0.013973527500638738,0.009015333489514887,0.00495819389288954,0.016860402099644907,0.011998297401556843
trained,6,1,20,False,0.015740288043161854,0.010516462862142362,0.005223825040047814,0.018287002983001562,0.013112724596072756
trained,6,1,21,False,0.015203758550342172,0.00955957791666151,0.005644180662784493,0.016783818951807916,0.014122664854910812
trained,6,1,22,False,0.015186468401225284,0.009739384369822801,0.005447084291517967,0.017369101468760233,0.012934546119400434
trained,6,1,23,False,0.015320882899686694,0.009800875897781225,0.005520006934602861,0.017201006713816348,0.013190076034516095
trained,6,1,24,False,0.014952969591831788,0.009586747450157418,0.005366222063457826,0.017054798480655466,0.01241627984262746
trained,6,1,25,False,0.016218200384173542,0.010187113173742546,0.006031086956681975,0.018421636001827817,0.01338521164974996
trained,6,1,26,False,0.01564906892599538,0.009386864392581629,0.006262204634367663,0.01688689212173675,0.014331386424601078
trained,6,1,27,False,0.016738923208322376,0.010561504674114985,0.006177418794322875,0.018824257976597265,0.01471775287332443
trained,6,1,28,False,0.015876654535531998,0.009529228642350063,0.006347425993226352,0.017742230677075924,0.014124143826351923
trained,6,1,29,False,0.01603599061490968,0.010089745868754108,0.005946244678852963,0.018538168201652855,0.01432397412626367
trained,6,1,30,False,0.01680598736857064,0.01067878341928008,0.006127203849246143,0.019000922994954244,0.014678588165686679
trained,6,1,31,False,0.016904761869227514,0.010061499018775066,0.006843262879556278,0.019439321813675074,0.014289740221722733
trained,6,1,32,False,0.018284806719748303,0.011442619543231558,0.00684218746573606,0.020377043462716616,0.016126150117507055
trained,6,1,33,False,0.01709091817610897,0.010184957525780192,0.006905960695803515,0.01930796852732291,0.015072409730793823
trained,6,1,34,False,0.017627632536459714,0.010869866055145394,0.006757766667760734,0.01895157049500173,0.016383933580734512
trained,6,1,35,False,0.018289654108230025,0.011039543918741401,0.007250110300446977,0.01923822248472443,0.016760329711155927
trained,6,1,36,False,0.01759255104116164,0.010600788056763122,0.006991762957113679,0.0190241045058995,0.016289196241257794
trained,6,1,37,False,0.018388771160971373,0.01122826521168463,0.007160506003856426,0.021159824989144767,0.015702980742431604
trained,6,1,38,False,0.01817022848990746,0.011736089378246106,0.006434139188058907,0.02007654072208838,0.01614092837177938
trained,6,1,39,False,0.01785561180440709,0.010536192457948346,0.007319419628402102,0.01964863051067699,0.01650470788654399
trained,6,1,40,False,0.01836878529866226,0.010806049765960779,0.007562735167994106,0.019979816219159244,0.017033930282507624
trained,6,1,41,False,0.018250174878630787,0.011198743690329138,0.007051431071886327,0.020305207089310693,0.01631968942555514
trained,6,1,42,False,0.018440725485561416,0.01131393109972123,0.007126794520445401,0.020010146001974743,0.016605301807492468
trained,6,1,43,False,0.019993206427898258,0.012070922406564932,0.007922283954030718,0.02175142671330832,0.018234986215247773
trained,6,1,44,False,0.01860649703303352,0.011100741496193223,0.0075057554477098165,0.020474940088267127,0.016957870739347795
trained,6,1,45,False,0.019716539391083643,0.011870817092130892,0.007845722226193175,0.02116923424630211,0.018722589911991043
trained,6,1,46,False,0.01904951879987493,0.011551831499673426,0.007497687671275344,0.020663555328772492,0.01690725286237218
trained,6,1,47,False,0.018985016649821773,0.010882056325499434,0.008102960269752657,0.020928983491930092,0.016915632254113595
trained,6,1,48,False,0.019522633316228166,0.012239243944350164,0.007283389597432688,0.02091397889748667,0.018041523684176705
trained,6,1,49,True,0.09210614609764889,0.09210614609764889,0.0,nan,nan
trained,6,2,0,False,0.006817319757828955,0.0011562233383415332,0.005661096489347983,0.0056162399632739834,0.008018399621505523
trained,6,2,1,False,0.0026456031009729486,0.001014685851515651,0.0016309172006003791,0.002594179631159932,0.0026970266953867394
trained,6,2,2,False,0.003022412931386498,0.0014730476541160442,0.00154936531362182,0.002692198684599134,0.0033526272718518157
trained,6,2,3,False,0.003039723993424559,0.0013862481188482434,0.0016534759015485179,0.002639911349836096,0.003403732696037267
trained,6,2,4,False,0.003940609787605354,0.0020191341737358925,0.0019214756393921562,0.00334605697357534,0.004614436224801466
trained,6,2,5,False,0.0036764123960892903,0.0018526307489992178,0.0018237815575048444,0.0028814175540381776,0.004446945816744118
trained,6,2,6,False,0.004362556453997968,0.0023918183022146877,0.0019707380815816578,0.0030621881664231205,0.005883326079159722
trained,6,2,7,False,0.0038948605651967227,0.0016886093699781668,0.002206251196184894,0.003497792852681074,0.00433098408679829
trained,6,2,8,False,0.0044613066893361975,0.0018607952797538019,0.002600511390483007,0.0041879851059467696,0.004771071036035816
trained,6,2,9,False,0.004499864386161789,0.0017734042172605768,0.0027264600685157347,0.0038102932572435366,0.005233923687257864
trained,6,2,10,False,0.004887052320555085,0.0020083253305642756,0.002878726983908564,0.004035953236532144,0.005793061099886413
trained,6,2,11,False,0.004866707524342928,0.001716781113259458,0.0031499264914600644,0.0048344482169745285,0.004908183887891937
trained,6,2,12,False,0.005831471713463543,0.0023858384087134255,0.0034456332759873476,0.005004205624572933,0.00696513263877326
trained,6,2,13,False,0.005705086608941201,0.0019427315415896373,0.003762354976061033,0.005136720779718775,0.006310120968508624
trained,6,2,14,False,0.006193596171215177,0.0019170415572489219,0.004276554616808426,0.00509302004643563,0.0074024256786377335
trained,6,2,15,False,0.006794478205847554,0.002628710620683705,0.004165767517406493,0.005376660558619749,0.007932725875690895
trained,6,2,16,False,0.007060482155793579,0.002116114886575815,0.004944367399730254,0.006736526618815812,0.007533955972086496
trained,6,2,17,False,0.007268477980687749,0.0021583111351901607,0.005110166952363215,0.006191905037584629,0.008414507216413417
trained,6,2,18,False,0.008097663936496247,0.00256657990075837,0.005531084010726772,0.007121632949022924,0.008932241091869124
trained,6,2,19,False,0.008494192952639423,0.0028105445538813,0.005683648465492297,0.007253897595756615,0.009342816180402511
trained,6,2,20,False,0.008680711485794745,0.0024432897253063857,0.006237421839614399,0.008202096031835446,0.00917452099245219
trained,6,2,21,False,0.00873260340449633,0.0025830437282365892,0.006149559645564295,0.00792471462717423,0.009285369349527173
trained,6,2,22,False,0.009590739697159734,0.0023675944999013154,0.00722314506128896,0.009578295335030327,0.009603578959488206
trained,6,2,23,False,0.010948192997602746,0.0024025002835514897,0.008545692689949647,0.010358785987859043,0.011616187969533107
trained,6,2,24,False,0.012242913246154785,0.0033337708212002326,0.008909142357879318,0.010598829621449113,0.014227152159758684
trained,6,2,25,False,0.011262680258369073,0.0027280322617571073,0.008534648106433451,0.010449805697943602,0.012307804992555507
trained,6,2,26,False,0.013077257739496417,0.003031494297374593,0.01004576355626341,0.01316184393892234,0.012987214215700664
trained,6,2,27,False,0.014572768355719745,0.002841270657995665,0.011731497652363032,0.013006135023065976,0.01609119757150228
trained,6,2,28,False,0.015985105448635295,0.004658011491756042,0.011327093932777643,0.013599252072913993,0.018226362115731747
trained,6,2,29,False,0.014778062686673366,0.0030644090566056548,0.011713653642800637,0.01389582116658298,0.01538170142540414
trained,6,2,30,False,0.017377697105985135,0.004229459195812524,0.013148237951099873,0.014807303997850609,0.01986900156793686
trained,6,2,31,False,0.01803979108808562,0.004198036782327108,0.013841754174791276,0.01625856035030805,0.019877568375141846
trained,6,2,32,False,0.018331725557800382,0.0036382995785970706,0.014693425997393206,0.016857961307351406,0.019852276241022444
trained,6,2,33,False,0.018954548286274076,0.004054205341162742,0.014900343303452246,0.019215846983868568,0.018716649673601142
trained,6,2,34,False,0.019938759360229596,0.0045924598789497395,0.015346299376687966,0.018730005715042353,0.021074254877131545
trained,6,2,35,False,0.017876479774713516,0.0031980165858840337,0.01467846316518262,0.01817558149370966,0.01739425453647249
trained,6,2,36,False,0.021850644872756675,0.004313679317419883,0.017536965722683817,0.019842907519186617,0.023678584677625947
trained,6,2,37,False,0.024858204269548878,0.005080051617369463,0.019778152520302683,0.020720112492286023,0.028868970088660715
trained,6,2,38,False,0.025042593013495207,0.00399195846512157,0.021050634561106563,0.02329942040766279,0.026898228262941686
trained,6,2,39,False,0.025254569831304252,0.004724380198240397,0.020530189460259862,0.026388055611063135,0.02440057314728221
trained,6,2,40,False,0.029679732106160372,0.005998063206789084,0.02368166920496151,0.02955911918703852,0.029779669057045665
trained,6,2,41,False,0.028978647722397,0.004752759741677437,0.02422588859917596,0.028361717644598213,0.029558188916945997
trained,6,2,42,False,0.026571598631562665,0.004724003700175672,0.021847594704013318,0.025710917226430298,0.027578157562194238
trained,6,2,43,False,0.030323270242661238,0.006248217676329659,0.024075052933767438,0.0315368989831768,0.029109641240211204
trained,6,2,44,False,0.03300451685208827,0.00560857142045279,0.027395944693125784,0.031845318836470446,0.03402733778142754
trained,6,2,45,False,0.03491401008795947,0.005934928776696324,0.028979081456782296,0.032412161405843035,0.03662580119347886
trained,6,2,46,False,0.038376750075258315,0.005969170601019869,0.032407580176368356,0.03583322792020563,0.041752698374065485
trained,6,2,47,False,0.03203394764568657,0.00604973603549297,0.025984211737522855,0.03086617572769297,0.03327706101680956
trained,6,2,48,False,0.03290882863802835,0.006230007529666182,0.026678821333916858,0.030782756452081783,0.035172066501071374
trained,6,2,49,True,0.28025277028791606,0.28025277028791606,0.0,nan,nan
trained,6,3,0,False,0.02124567968712654,0.006636105790676083,0.014609573798225028,0.02122974145970602,0.021261617832351476
trained,6,3,1,False,0.01320535791455768,0.008874238636053633,0.004331119480411871,0.015854864188440843,0.010555851877143141
trained,6,3,2,False,0.01293515223369468,0.008999808625958394,0.003935343967896188,0.014214688882930204,0.01165561627567513
trained,6,3,3,False,0.011670865846099332,0.008070756415690994,0.0036001093139930163,0.014392634199123035,0.009192837569028584
trained,6,3,4,False,0.01484916174376849,0.011053531794459559,0.0037956298947392497,0.01736624918104259,0.011996462324168533
trained,6,3,5,False,0.015334201161749661,0.011217882158234715,0.004116318907108507,0.01773407278094618,0.013008171842934993
trained,6,3,6,False,0.016521987912710756,0.012430629249138292,0.004091358032383141,0.016902415238766243,0.016077081017764443
trained,6,3,7,False,0.014571011342923157,0.010268526493746322,0.004302484587242361,0.018078581959968296,0.010718433278017357
trained,6,3,8,False,0.01424514788959641,0.009863638202659786,0.004381509728773381,0.01568986499264343,0.012607801891863347
trained,6,3,9,False,0.01555767071840819,0.011064699807320721,0.004492970841965871,0.01716466673480516,0.013846997445779701
trained,6,3,10,False,0.017774588195607066,0.013133732129062992,0.004640856268451898,0.019435465314679524,0.016006557879248456
trained,6,3,11,False,0.016518097501830198,0.011555308963579591,0.004962788412740338,0.017656851103917383,0.015053985640406609
trained,6,3,12,False,0.019026704350835644,0.014216451643733308,0.004810252752577071,0.020842372191239248,0.016538566914042114
trained,6,3,13,False,0.017347935092402622,0.012109136776416562,0.005238798385107657,0.021852895098907706,0.01255233292918532
trained,6,3,14,False,0.0181665416166652,0.012739567224343773,0.005426974497822812,0.01986036528728958,0.016306111695947218
trained,6,3,15,False,0.020435831655049697,0.01459506864193827,0.0058407630222063744,0.023157937464961913,0.01825047885133347
trained,6,3,16,False,0.01815432246075943,0.012617582979146391,0.005536739483432029,0.020909949548934638,0.01412686684097235
trained,6,3,17,False,0.018551963759819046,0.012501543606049381,0.006050420417523128,0.020982602388936688,0.015964509633880467
trained,6,3,18,False,0.020476050907745957,0.014780565208639018,0.005695485593605554,0.025058606728295782,0.01655763297247282
trained,6,3,19,False,0.016764917818363756,0.010847067125723697,0.005917850659898249,0.02064745116793067,0.014108446965876379
trained,6,3,20,False,0.018156243982957676,0.01238628632563632,0.005769957304437412,0.019025930407671976,0.017258948409959438
trained,6,3,21,False,0.01933018644922413,0.013153478248568717,0.006176708116981899,0.025295150329699163,0.015248894826263976
trained,6,3,22,False,0.020058939117006958,0.013693295288248919,0.006365643723256653,0.023236886381458204,0.01678010482814104
trained,6,3,23,False,0.021163353841984645,0.014823278994299471,0.00634007485678012,0.02627291441347231,0.015372519552086789
trained,6,3,24,False,0.022261346166487783,0.015701257885666564,0.006560088426340371,0.023923753215266123,0.020254992863869874
trained,6,3,25,False,0.019730419327970594,0.01320572616532445,0.00652469305350678,0.023266950667473592,0.015183450928556599
trained,6,3,26,False,0.01950061605020892,0.012652628982323222,0.0068479870569717605,0.022844179342924195,0.01594133916941862
trained,6,3,27,False,0.022175753489136696,0.01527542148687644,0.006900332005898235,0.023936719707553348,0.02046897138397281
trained,6,3,28,False,0.022268431494012475,0.015569791285088286,0.006698640445392812,0.02458356589552075,0.020093608788694393
trained,6,3,29,False,0.018918880115961656,0.0120944934169529,0.006824386800872162,0.022534408163315114,0.016445097930141185
trained,6,3,30,False,0.021703354257624596,0.014571965715731494,0.007131388563720975,0.02512447716712597,0.018387496593193366
trained,6,3,31,False,0.020617876638425514,0.013374272755754646,0.0072436037444276735,0.02375141430753641,0.017384861551579978
trained,6,3,32,False,0.020735150756081566,0.013688707214896567,0.007046443824037851,0.023772334013707364,0.017601549041472257
trained,6,3,33,False,0.023102298437152058,0.016230525594437495,0.00687177282088669,0.02685216827257002,0.019688237750374562
trained,6,3,34,False,0.022311929700663313,0.015296729616238736,0.007015200395471766,0.024046155203494332,0.020682809888526346
trained,6,3,35,False,0.02361281603225507,0.0164980393165024,0.007114776646631071,0.025935653435019187,0.019867833561206957
trained,6,3,36,False,0.023236350156366825,0.015705235608038493,0.0075311148139007855,0.029473581618522524,0.017557677131757807
trained,6,3,37,False,0.022070881677791476,0.014578790724044666,0.007492090764571913,0.02541596808522526,0.018828721057910183
trained,6,3,38,False,0.022925725344975945,0.015432735159265576,0.007492990200262284,0.026949108034993213,0.01864276970586469
trained,6,3,39,False,0.022720313791069202,0.015040470854728483,0.007679842681682203,0.026226643542759123,0.020078558602357566
trained,6,3,40,False,0.024497048172634095,0.017263580710277893,0.007233467542391736,0.028533938481343973,0.02115219635888934
trained,6,3,41,False,0.02104110037907958,0.013706672296393663,0.007334428384638159,0.026141938884862728,0.016249403809056137
trained,6,3,42,False,0.02315413425094448,0.015855121877393685,0.0072990124972420745,0.027503791686984292,0.018067246997507953
trained,6,3,43,False,0.021319986029993743,0.014022544826730154,0.0072974415197677445,0.025296225197962485,0.017343747924314812
trained,6,3,44,False,0.020492275041760877,0.01319786551175639,0.007294409384485334,0.025246776434748125,0.01629712658605593
trained,6,3,45,False,0.02329342343728058,0.015740079892566428,0.00755334346104064,0.027910819509997964,0.020134152146056294
trained,6,3,46,False,0.021657242818037048,0.014489198205410503,0.007168044488935266,0.025212593491457096,0.016938322901048446
trained,6,3,47,False,0.021747432270785794,0.014003069220052566,0.0077443631598725915,0.025548060430799414,0.017701602097780957
trained,6,3,48,False,0.023925943911308423,0.016611829909379594,0.007314114081964362,0.027697407909506706,0.019911159580994035
trained,6,3,49,True,0.03891735570095989,0.03891735570095989,0.0,nan,nan
trained,6,4,0,False,0.012389185751089826,0.006079466744267847,0.006309718970442191,0.014419502149394248,0.01035886915633455
trained,6,4,1,False,0.011746326315915212,0.00773556790954899,0.00401075844274601,0.015668260486563668,0.007824392123438884
trained,6,4,2,False,0.012705967936199158,0.008546795696020126,0.004159172087383922,0.016611697297776118,0.008800238108960912
trained,6,4,3,False,0.012087274546502158,0.007770910335239023,0.004316364342230372,0.015844000007224374,0.008666972254416837
trained,6,4,4,False,0.014160742430249229,0.009544962435029447,0.004615779842424672,0.018664668848299804,0.009056292505313953
trained,6,4,5,False,0.01465385063784197,0.009517098966171034,0.00513675208640052,0.019103588580730413,0.010341028066781851
trained,6,4,6,False,0.015412739710882306,0.010057180807052646,0.005355558700102847,0.01852784903747016,0.011769645523785028
trained,6,4,7,False,0.01535747543675825,0.009756937142810784,0.00560053840308683,0.01910891417247146,0.011237042765209421
trained,6,4,8,False,0.016059975052485242,0.010263323274557479,0.0057966516324086115,0.02000181149581776,0.011592560339098175
trained,6,4,9,False,0.016612509731203318,0.010469800399732776,0.006142709025880322,0.020462425609091013,0.012514212349009131
trained,6,4,10,False,0.018419988511595875,0.011991648425464518,0.0064283400133717805,0.023698876343780394,0.01280052738354331
trained,6,4,11,False,0.018174423254095018,0.011554613607586361,0.00661980957374908,0.02186153434579157,0.013433851201885514
trained,6,4,12,False,0.01987016963539645,0.013120782998157665,0.006749386666342616,0.02459058257423945,0.01340145540975586
trained,6,4,13,False,0.01883574645034969,0.011808150928118266,0.0070275954058161005,0.023257160446409023,0.014129079788202239
trained,6,4,14,False,0.018712474731728435,0.011732411192497239,0.006980063422815874,0.022879077232818106,0.014136042354292557
trained,6,4,15,False,0.018872357322834432,0.011279188402113505,0.007593169008032419,0.023146395571529865,0.01544108787472819
trained,6,4,16,False,0.020581805583788082,0.013312261828104965,0.007269543901202269,0.025006953063175866,0.014114282093942165
trained,6,4,17,False,0.0193914313276764,0.011561628547497094,0.00782980295480229,0.02357154054510774,0.014941637914988303
trained,6,4,18,False,0.019440845760982484,0.01168807850626763,0.007752767080091871,0.02399532942069789,0.015546432210375431
trained,6,4,19,False,0.01889661225141026,0.011118025475298055,0.007778587023494765,0.024158203669895347,0.015296576556896693
trained,6,4,20,False,0.020359344111057,0.012529443367384374,0.00782990075822454,0.024236483112550698,0.016359121923054023
trained,6,4,21,False,0.020205426233587787,0.012172369344625622,0.008033057092688978,0.02462656509417754,0.01718043723437739
trained,6,4,22,False,0.02036947471788153,0.012345348732196726,0.00802412605844438,0.024792927782982588,0.01580559467482898
trained,6,4,23,False,0.021086735127028078,0.012966236376087181,0.00812049831438344,0.025243379148271156,0.016375871336398024
trained,6,4,24,False,0.021453029854455963,0.012839116578106768,0.008613913261797279,0.025265417114964554,0.01685187324945783
trained,6,4,25,False,0.021830793877597898,0.013316146054421552,0.008514648070558906,0.026088122744113207,0.0163570853183046
trained,6,4,26,False,0.0221228851005435,0.013466534204781055,0.008656350852106698,0.026889663669421818,0.017048571897189946
trained,6,4,27,False,0.022527248424012214,0.013992255961056799,0.008534992492059246,0.0272828797321944,0.017917944190020744
trained,6,4,28,False,0.022451319673564285,0.013964554789708927,0.008486764869303443,0.028312145702300534,0.016945695278770996
trained,6,4,29,False,0.020824137201998383,0.012356439314316958,0.008467698004096746,0.02562557810989137,0.017538940619775338
trained,6,4,30,False,0.02260229072999209,0.014016237604664639,0.008586052907048725,0.026585217890521838,0.01874191484485681
trained,6,4,31,False,0.022061609954107553,0.013339034587261267,0.008722575876163319,0.02642160291568591,0.017563205241920458
trained,6,4,32,False,0.021111037232913077,0.012418505968526006,0.008692531191627495,0.024531742199682273,0.01758173798462228
trained,6,4,33,False,0.022775268938858062,0.013956795344711281,0.008818473768769763,0.027350982406833133,0.018609321043729338
trained,6,4,34,False,0.022408481425372884,0.013504336267942563,0.008904145332053304,0.025651716807436557,0.019361805848099968
trained,6,4,35,False,0.023442832054570317,0.014547191851306707,0.008895639984984882,0.026174179879547677,0.0190392295088695
trained,6,4,36,False,0.023381945968139917,0.014133056130958721,0.009248890113667585,0.027373939722043567,0.019747444289500142
trained,6,4,37,False,0.02381449844688177,0.01493630139157176,0.008878197084413841,0.029518147309621177,0.018286346586850973
trained,6,4,38,False,0.02510302612790838,0.01618586340919137,0.00891716283513233,0.02989516213931369,0.020001719615632487
trained,6,4,39,False,0.022243904415518045,0.013130097409884911,0.009113807245739736,0.02726876132867553,0.01845805390342458
trained,6,4,40,False,0.022716656763805076,0.013855428143870085,0.008861228750902228,0.02794775553047657,0.018382318610591548
trained,6,4,41,False,0.022604010737268254,0.013907812215620652,0.008696198216057383,0.027416852227742636,0.01808285628530112
trained,6,4,42,False,0.023772216867655516,0.014557885384419933,0.00921433103212621,0.027182492036102478,0.019783928516810222
trained,6,4,43,False,0.022616204136284068,0.013670101354364306,0.008946102476329543,0.025941497035091743,0.01929091109195724
trained,6,4,44,False,0.022461843152996153,0.013608270106487907,0.0088535730028525,0.026412373362109064,0.01897608124486664
trained,6,4,45,False,0.02270888048224151,0.013867399786249734,0.0088414806232322,0.02714809082233562,0.01967152584295132
trained,6,4,46,False,0.023197646776679903,0.014576132409274578,0.008621514425612986,0.026299751019232893,0.019080308875577018
trained,6,4,47,False,0.023359190381597728,0.014372617559274659,0.008986572560388595,0.026549132061049793,0.019963445382252816
trained,6,4,48,False,0.022981146612437442,0.014355449617141858,0.008625696922536008,0.026327655283790646,0.01941873349489704
trained,6,4,49,True,0.019025013269128976,0.019025013269128976,0.0,nan,nan
trained,6,5,0,False,0.0051475687068887055,0.0026664213928597746,0.002481147264916217,0.008533707077731378,0.0017614302591937303
trained,6,5,1,False,0.007723709233687259,0.004411522855662042,0.0033121863307314925,0.01311658495978918,0.0023308335075853392
trained,6,5,2,False,0.008531023282557726,0.0046089717143331654,0.003922051608242327,0.014225896520656534,0.0028361502054394805
trained,6,5,3,False,0.00888572983967606,0.004659538757550763,0.004226191118505085,0.015242131117761867,0.003098558493778666
trained,6,5,4,False,0.01148950745118782,0.006240262027858989,0.005249245325103402,0.018137517713886848,0.003955095629013764
trained,6,5,5,False,0.011244213485042565,0.005681230024492834,0.005562983424169943,0.018345376587517205,0.004361547572681536
trained,6,5,6,False,0.013988162609166466,0.007486753518605838,0.006501408948679455,0.021701672438370144,0.004967278403563472
trained,6,5,7,False,0.013703132950467989,0.0070748457983427215,0.006628287359490059,0.021834327568258368,0.004772149020668547
trained,6,5,8,False,0.01444181265833322,0.007317802093893988,0.007124010502593592,0.022673861356452107,0.005112157417655301
trained,6,5,9,False,0.015213689970551059,0.007954614713526098,0.007259075042384211,0.02421817863642266,0.00562826621687911
trained,6,5,10,False,0.01696269362582825,0.008712219350854866,0.008250474238593597,0.027516991125814842,0.005727473438920212
trained,6,5,11,False,0.017077020718716085,0.00888565924105933,0.008191361353965476,0.025108025926682685,0.006751442014189836
trained,6,5,12,False,0.01856549651711248,0.009642969715059735,0.008922526816604659,0.02739111422183546,0.006471131514343951
trained,6,5,13,False,0.01698255693190731,0.008816583766019903,0.008165973369614221,0.02644907972408515,0.006905291248263131
trained,6,5,14,False,0.016791429836302996,0.008324457128765061,0.00846697241649963,0.026541247393991517,0.0060826132864095885
trained,6,5,15,False,0.016717936552595347,0.00839050774811767,0.008327428819029592,0.0286801026872637,0.007114507272695257
trained,6,5,16,False,0.020419762702658772,0.010633400350343436,0.009786362439626828,0.029306282485394103,0.007431772456934245
trained,6,5,17,False,0.019459274975815788,0.009790615000383696,0.009668659724411555,0.030402096242389896,0.007810465379377767
trained,6,5,18,False,0.01878654197207652,0.009406905744981486,0.009379636379890144,0.0315455364663217,0.007876677409934717
trained,6,5,19,False,0.0172804091416765,0.008574612103984691,0.008705797081347555,0.030150570441037416,0.008474509387987814
trained,6,5,20,False,0.020418490777956322,0.010452566930325702,0.009965924080461264,0.031846454109136876,0.00862773516148861
trained,6,5,21,False,0.017497005814220756,0.008786308681010269,0.008710697075002827,0.03075561423499424,0.00842532633013386
trained,6,5,22,False,0.020480613660765812,0.010342696950829122,0.010137916535313707,0.03173959263815329,0.00886420598290565
trained,6,5,23,False,0.021960425947327167,0.011404669719922822,0.010555756220128387,0.0334321789936546,0.008959105440105001
trained,6,5,24,False,0.02219600247917697,0.011560877705051098,0.010635124708642252,0.03349478356540203,0.008559542354838601
trained,6,5,25,False,0.024032379558775574,0.012593600938998861,0.011438778543379158,0.035135251444040075,0.00975725886278919
trained,6,5,26,False,0.022740696789696813,0.011388932434783783,0.011351764085702598,0.035121580360062195,0.009561045744527702
trained,6,5,27,False,0.02204962304676883,0.01109935542626772,0.010950267722364515,0.03496740589894,0.009529310715599702
trained,6,5,28,False,0.022751114971470088,0.011575640863156877,0.011175473948242143,0.03565067593609133,0.01063334554871262
trained,6,5,29,False,0.01957816758658737,0.009432132806978188,0.010146034575882368,0.033689787826285914,0.009922848266892527
trained,6,5,30,False,0.022639497910859063,0.011738716166291852,0.01090078183915466,0.0353034096991732,0.010365244701433067
trained,6,5,31,False,0.022953231004066765,0.011439322319347411,0.011513908662891481,0.035014584889778724,0.01050897736457132
trained,6,5,32,False,0.024927606515120715,0.012736507960653398,0.012191098474431783,0.03815614589704917,0.011279113431801161
trained,6,5,33,False,0.023687350854743272,0.011969143284659367,0.011718207664671354,0.03679095907900177,0.011757200232832067
trained,6,5,34,False,0.023594292404595762,0.011677309652441181,0.011916982708498836,0.0365039142329366,0.01146707190624015
trained,6,5,35,False,0.027316112769767642,0.014705571316881105,0.012610541438334621,0.03685738370294058,0.011933247715576875
trained,6,5,36,False,0.024486778624122962,0.012559889568365179,0.011926889405003749,0.038611947574087827,0.011626550847831279
trained,6,5,37,False,0.026628870546119288,0.013834135388606228,0.012794734939234331,0.041458109541544844,0.012255915576735369
trained,6,5,38,False,0.026306169864255935,0.013828401657519862,0.012477767828386277,0.03963325607279937,0.012119270722201514
trained,6,5,39,False,0.023469717358238995,0.011573833151487634,0.011895884366822429,0.03930879174308344,0.01153616908274285
trained,6,5,40,False,0.025366002751979977,0.013031710317591205,0.012334292419836856,0.040929996344292986,0.01247012214402535
trained,6,5,41,False,0.024389040714595467,0.012658310224651359,0.011730730489944108,0.03764840207933899,0.011933277073584384
trained,6,5,42,False,0.027728208573535085,0.014545081823598593,0.013183126735384576,0.04017209304847579,0.013175191795769132
trained,6,5,43,False,0.024544441723264754,0.012783798185409978,0.01176064349419903,0.03653443336952478,0.012554449443996418
trained,6,5,44,False,0.025324489717604592,0.013130296196322888,0.01219419374683639,0.03998842605700095,0.012385722646928008
trained,6,5,45,False,0.022992331068962812,0.011703739408403635,0.011288590991171077,0.03854888494914541,0.01234837253823092
trained,6,5,46,False,0.02671712072333321,0.01463948204764165,0.012077638457412831,0.03692248892294218,0.013171815681694584
trained,6,5,47,False,0.024960546114016324,0.01380292430985719,0.011157621986058075,0.03567455206630808,0.013555314801182718
trained,6,5,48,False,0.02509039593860507,0.014056269865250215,0.011034126306185499,0.03567882006367047,0.01381884815712129
trained,6,5,49,True,0.023761599232784647,0.023761599232784647,0.0,nan,nan
trained,7,0,0,False,0.008245335629908368,0.0006209892349033908,0.007624346297234297,0.008711678457399041,0.007846578813927328
trained,7,0,1,False,0.0070760041126050055,0.0007772030485284631,0.006298800988588482,0.007374146953225136,0.00678703491217815
trained,7,0,2,False,0.007314630362088792,0.0008029670802898181,0.0065116631230921485,0.00722247821977362,0.007386304088868201
trained,7,0,3,False,0.008040423839702271,0.0008143020604620688,0.007226121917483397,0.008258676089878594,0.007777016120159934
trained,7,0,4,False,0.008984806452644989,0.0013139309594407678,0.007670875609619543,0.009174460462028427,0.008837298050315844
trained,7,0,5,False,0.009154520070296712,0.0010947764685624861,0.00805974357353989,0.00899806646466778,0.009280123669181913
trained,7,0,6,False,0.009884898798190989,0.0012115617573726922,0.008673337186337449,0.01040052103569671,0.00940052644264969
trained,7,0,7,False,0.010416671255370602,0.0010903481067998655,0.009326323212007992,0.010032178886655358,0.010777860989257919
trained,7,0,8,False,0.011280303035164252,0.0011119988582777296,0.010168304172111675,0.011220700950140045,0.011338071181223942
trained,7,0,9,False,0.011105181358288974,0.0011648486263311497,0.009940332849510014,0.011831299649202265,0.01037906328565441
trained,7,0,10,False,0.011900135097675957,0.0013799026187371055,0.010520232754060999,0.012670640324358828,0.011129630205687135
trained,7,0,11,False,0.013592674280516803,0.0019482060579321114,0.011644468220765702,0.014822979157758973,0.012540674700901129
trained,7,0,12,False,0.013739324553171173,0.001715617899208155,0.012023706774925813,0.014259216311419833,0.0133085573092103
trained,7,0,13,False,0.013312020513694733,0.0014950880772630626,0.011816932470537722,0.01284751941862165,0.013734924537477208
trained,7,0,14,False,0.014448687943513505,0.0016861922940734075,0.01276249552029185,0.013368632852919955,0.015634978113726515
trained,7,0,15,False,0.014825703081442043,0.0014198913131622248,0.0134058115654625,0.015570659374057407,0.013897775084172425
trained,7,0,16,False,0.015038160985568538,0.0014876634486427065,0.01355049730045721,0.014609612629447186,0.015571966571243184
trained,7,0,17,False,0.01689010765403509,0.0017946094430953963,0.015095498005393893,0.017637659630347646,0.016187861646440895
trained,7,0,18,False,0.017103589372709394,0.0016044258218244067,0.015499163651838899,0.016565240888545912,0.017578602686305254
trained,7,0,19,False,0.017375951108988374,0.0016489801564603113,0.015726970916148275,0.017485020712750855,0.017276649154833894
trained,7,0,20,False,0.01804937983979471,0.0017090802148231887,0.016340299713192508,0.017513524894028493,0.018760605799880894
trained,7,0,21,False,0.017017267004121095,0.0015593902317050379,0.015457876870641485,0.016720282902511267,0.017323679615935637
trained,7,0,22,False,0.018790226575220004,0.0017463169165239378,0.017043909552739933,0.019066157367299587,0.018477505181605618
trained,7,0,23,False,0.019544475740985945,0.0019429759895501775,0.017601499537704512,0.019989865373760934,0.019112790010582942
trained,7,0,24,False,0.018485208973288536,0.0016296213516397984,0.01685558762983419,0.018129868885955296,0.018972156120947117
trained,7,0,25,False,0.01991115661803633,0.0015794358405400999,0.01833172087208368,0.02002816742001954,0.01981110403827135
trained,7,0,26,False,0.020787447632756084,0.001967500228602148,0.0188199472904671,0.02190895163911884,0.019828480114971382
trained,7,0,27,False,0.021095999283716083,0.0020537865148071432,0.019042212748900056,0.021151135575312834,0.021039113047577086
trained,7,0,28,False,0.020363133982755244,0.0014448178435486625,0.018918316287454218,0.020651964865850678,0.02005566875900953
trained,7,0,29,False,0.02199490857310593,0.0020758174882757885,0.019919091078918427,0.02298576065875364,0.020940130306107384
trained,7,0,30,False,0.02202727401163429,0.002011569089063414,0.020015704969409853,0.02167216377953688,0.022340606514583614
trained,7,0,31,False,0.021946210123132914,0.001957064282578358,0.01998914551222697,0.02088951822697071,0.022794539712264507
trained,7,0,32,False,0.02139205578714609,0.0017708798172861862,0.019621175742940977,0.021938480888352253,0.020810376972921433
trained,7,0,33,False,0.02277253579813987,0.0017049532893906871,0.02106758253648877,0.022780618646134766,0.02276562440438547
trained,7,0,34,False,0.024057219037786126,0.0021593566220872162,0.02189786225790158,0.024891658753588577,0.02308134823027304
trained,7,0,35,False,0.023133475857321173,0.0026788863133333507,0.02045458956854418,0.023228461709870418,0.023015160113573074
trained,7,0,36,False,0.023989495064597577,0.0026819482354767388,0.021307546994648874,0.024393014017153866,0.0235599426312312
trained,7,0,37,False,0.023060704115778208,0.0019223700865040882,0.021138334239367396,0.024066831883892678,0.0222529675024496
trained,7,0,38,False,0.02292497141752392,0.0022612368811678607,0.02066373496199958,0.022273363293828192,0.023817916297250323
trained,7,0,39,False,0.024232444120571017,0.0020871366368737654,0.022145307797472924,0.025362664748999203,0.023029306482884194
trained,7,0,40,False,0.02410879119997844,0.0028684459548458108,0.0212403453188017,0.0237980810467337,0.024391676396576325
trained,7,0,41,False,0.024616698967292905,0.002552743748310604,0.022063954966142774,0.025263015912579637,0.024114008061587814
trained,7,0,42,False,0.023196270572952926,0.002003240053454647,0.021193030464928597,0.022242416068911555,0.024180405994965917
trained,7,0,43,False,0.02150925120804459,0.001609921921044588,0.019899329403415322,0.021399868021790797,0.021622106965099062
trained,7,0,44,False,0.021192549320403486,0.0021926457275185385,0.01899990369565785,0.020876939279130764,0.021598333659182706
trained,7,0,45,False,0.02102623984683305,0.002090879784191202,0.018935359868919477,0.021003864607528636,0.02105894197638218
trained,7,0,46,False,0.021868741896469146,0.0025026025487022707,0.01936613960424438,0.022620102637173498,0.021017199909935395
trained,7,0,47,False,0.023163796751759946,0.0030507529718306614,0.02011304395273328,0.023333056750944103,0.023019067160245304
trained,7,0,48,False,0.02181935345288366,0.002798719508064096,0.01902063420857303,0.0215588730150977,0.021997577290197735
trained,7,0,49,True,0.1321935874875635,0.1321935874875635,0.0,nan,nan
trained,7,1,0,False,0.14531632140278816,0.008409472337007173,0.13690684830362443,0.15348014999496734,0.13833565920915294
trained,7,1,1,False,0.01616396041936241,0.009889213997666957,0.006274746803683229,0.016354432566061852,0.015979349355284982
trained,7,1,2,False,0.013667133447597735,0.009000433856272139,0.004666699747758685,0.014577241863922348,0.012959271682322852
trained,7,1,3,False,0.014842622025753371,0.010315172581613297,0.004527449345914647,0.015532343621764866,0.01401019892815886
trained,7,1,4,False,0.013912334892665967,0.009788081099031842,0.004124253980990034,0.014615862464000073,0.013365146975653866
trained,7,1,5,False,0.013213947691838257,0.009211949121890939,0.004001998766398174,0.014569599867651335,0.012125607370071009
trained,7,1,6,False,0.013990341933094896,0.010406172164039162,0.003584169939131243,0.014231641468922456,0.013763666646837284
trained,7,1,7,False,0.012928673197166063,0.009338986010334338,0.003589687189560209,0.013235675539040277,0.012640277311826745
trained,7,1,8,False,0.012870725593529642,0.0091220446411171,0.0037486810660993797,0.01278969000226685,0.01294926804705308
trained,7,1,9,False,0.013773099854006432,0.0098868811110151,0.003886218495608773,0.014783858219743706,0.012762341248162556
trained,7,1,10,False,0.01371499574452173,0.00977452043662197,0.0039404754379575024,0.013845695546478964,0.01358429589890875
trained,7,1,11,False,0.013626281739561819,0.009366792091896059,0.0042594894312060205,0.014173229714318858,0.013158600750392761
trained,7,1,12,False,0.0132445214985637,0.009108683432714315,0.004135837954891031,0.014160506443345343,0.012485562557620662
trained,7,1,13,False,0.013634087837999687,0.00951890230680874,0.004115185236514662,0.014368143612060878,0.012965768172558564
trained,7,1,14,False,0.014281640193075873,0.009768365689524217,0.004513274363489472,0.015044006922129375,0.013444286358893895
trained,7,1,15,False,0.014499814962618984,0.010440092777571408,0.004059722185047576,0.015521264346447631,0.013227483208634351
trained,7,1,16,False,0.01350406531128101,0.009006117095850641,0.004497948003518104,0.014355034921580637,0.012444085286309322
trained,7,1,17,False,0.014758274439373054,0.010287996357874363,0.0044702784271066776,0.01565899835118363,0.01391213989788384
trained,7,1,18,False,0.013616516574984416,0.008818263635475887,0.004798253126864438,0.0137842263871183,0.013468537411159453
trained,7,1,19,False,0.013908739274484105,0.009382299513163161,0.00452643990956858,0.015335224294027344,0.012609999362768522
trained,7,1,20,False,0.015228033589664847,0.010251337031149887,0.004976696366611577,0.01588694149092452,0.014353483525866812
trained,7,1,21,False,0.014889197569573298,0.00941818619321566,0.0054710111471649725,0.01524783976089496,0.01451916986751178
trained,7,1,22,False,0.015513044170802459,0.010431843842525268,0.005081200152744714,0.016318420126267216,0.014600284537300468
trained,7,1,23,False,0.014404368790565059,0.009555374392220983,0.0048489943183085416,0.01560532178966299,0.013240368549640362
trained,7,1,24,False,0.015693598019424826,0.010197613075433765,0.005495984819390287,0.01639726265912523,0.014729316880995475
trained,7,1,25,False,0.015254193975124508,0.010010391488322057,0.0052438027087191585,0.016190256655089937,0.014453792809576227
trained,7,1,26,False,0.016580568597419187,0.010726758402597625,0.005853810396729386,0.017291176369634724,0.015972947175412075
trained,7,1,27,False,0.01575572873116471,0.009690051010693423,0.006065677774131473,0.015564002383213777,0.01595354165941004
trained,7,1,28,False,0.015899778343737125,0.009944211957190419,0.005955566332886519,0.016461905162555704,0.015301384903009863
trained,7,1,29,False,0.015897122386377305,0.010322406529667205,0.0055747157748555765,0.0168217145132296,0.014912879064438805
trained,7,1,30,False,0.016631620295811445,0.010398135378636653,0.006233485039956577,0.016483734517047804,0.01676210796679644
trained,7,1,31,False,0.017265109112486243,0.010568791643891018,0.006696317048408673,0.01788951111794041,0.016763828825992595
trained,7,1,32,False,0.016895390988793224,0.010420036956929835,0.0064753539190860465,0.017415056329672086,0.01634219889679263
trained,7,1,33,False,0.01759483211208135,0.01119730488062487,0.006397527095032274,0.018299454002309656,0.016992328931456028
trained,7,1,34,False,0.017091958463424817,0.01120029109006282,0.005891667124160449,0.018575719706174255,0.015356711238243823
trained,7,1,35,False,0.01704245642758906,0.010701988856453681,0.006340467603877187,0.017940307036042213,0.015924081206321716
trained,7,1,36,False,0.01865087475744076,0.012079515305231325,0.0065713595249690115,0.018936205034454666,0.01834713601537289
trained,7,1,37,False,0.01844677102053538,0.011777606003306573,0.006669165381026687,0.020374717370590618,0.016898983564804976
trained,7,1,38,False,0.016842784243635833,0.010780803262605332,0.00606198077184672,0.017175689868226242,0.01638657951520549
trained,7,1,39,False,0.018239155440824106,0.011170237590704346,0.007068917531796615,0.018983352788244232,0.017446944790501746
trained,7,1,40,False,0.017372361588058993,0.010486429411685094,0.006885932170916931,0.018809565877328155,0.01606386188250869
trained,7,1,41,False,0.01727169268997386,0.010809135674207937,0.006462556902988581,0.019174860823633413,0.01579145026496715
trained,7,1,42,False,0.018539308744948357,0.011809164614533074,0.006730144130415283,0.019451002977215325,0.017598671779509575
trained,7,1,43,False,0.017870280775241554,0.010782647506857757,0.0070876335084903985,0.018141766393987034,0.017590176905431444
trained,7,1,44,False,0.019980593875516206,0.012781611454556696,0.007198982462796266,0.021179321015046704,0.018439373408909887
trained,7,1,45,False,0.020524032355751842,0.01266157507780008,0.007862457538067247,0.02169219629937097,0.01881671646753183
trained,7,1,46,False,0.01834675611462444,0.01133613460115157,0.007010621311565046,0.019247670329230675,0.017325719570120177
trained,7,1,47,False,0.0198980396380648,0.012305503012612462,0.007592536947413464,0.02130756448259798,0.01869279424241488
trained,7,1,48,False,0.019227051554480568,0.012270643921510782,0.00695640762023686,0.020679248371519722,0.018233443071183405
trained,7,1,49,True,0.09168519676313736,0.09168519676313736,0.0,nan,nan
trained,7,2,0,False,0.00740442106325645,0.0007970549148126338,0.006607366231037304,0.007343598325752606,0.007456429167718128
trained,7,2,1,False,0.0032252162527584005,0.0012928031701449072,0.0019324130626046099,0.0027889622844726085,0.003648046928887757
trained,7,2,2,False,0.0038490564929816173,0.001807459559529434,0.0020415969338500872,0.003818383496504144,0.0038729132122373106
trained,7,2,3,False,0.003709488555614371,0.0017564408764485506,0.0019530476201907732,0.0037255622330121694,0.003690089124198682
trained,7,2,4,False,0.004112489310500678,0.0019937410459647253,0.002118748279826832,0.004075062675318414,0.004141598896239884
trained,7,2,5,False,0.003977958222094458,0.0017591867635076142,0.002218771402112907,0.0039038544749481633,0.004037449808633874
trained,7,2,6,False,0.004396200663904892,0.001697294288703688,0.0026989063881046604,0.004243244679885045,0.0045398865829955675
trained,7,2,7,False,0.004449415535418666,0.0017690211871013162,0.0026803943346749293,0.004094703795178042,0.0047826296491125094
trained,7,2,8,False,0.004625163401215104,0.0016513251169953946,0.002973838159959996,0.004647065015021889,0.0046039357530669525
trained,7,2,9,False,0.005237153276539175,0.002079736574103208,0.003157416700560134,0.004997657710191561,0.0054766490939073265
trained,7,2,10,False,0.005505455570528284,0.002270646445822422,0.0032348091117455624,0.005310285137966275,0.0057006262613867875
trained,7,2,11,False,0.005813111853058217,0.002230652151524737,0.0035824596125166863,0.005394689466456993,0.00617089316221899
trained,7,2,12,False,0.005821311533509288,0.002033081178296925,0.003788230416830629,0.00563199281419531,0.005978175648488104
trained,7,2,13,False,0.006413762166630477,0.0023429546051829675,0.004070807583048008,0.00592747427233052,0.006856501992069074
trained,7,2,14,False,0.006424005659937393,0.00247503844491348,0.003948967190808617,0.005659839148813886,0.007263335937511969
trained,7,2,15,False,0.007595740360557102,0.0027773304325364734,0.004818409892322961,0.0067335452136754155,0.008669702671141479
trained,7,2,16,False,0.0073377134976908565,0.0024164388307781337,0.0049212745725526474,0.007166867642860177,0.007550521584211342
trained,7,2,17,False,0.007876699950429611,0.0026898550124769827,0.005186844915442634,0.00740785718399791,0.008317127746219436
trained,7,2,18,False,0.008634311823698226,0.0027769986593284557,0.0058573130663717166,0.008759639866184443,0.00852372804108788
trained,7,2,19,False,0.00956323245918611,0.003349106491668863,0.006214125780388713,0.00871388471425801,0.010336518965300117
trained,7,2,20,False,0.008767526029259898,0.0026032961370674457,0.006164229933347087,0.008290124719018396,0.009401167666708881
trained,7,2,21,False,0.009414350235601887,0.002790372134768404,0.006623978086281568,0.008512566145509482,0.010344762122258544
trained,7,2,22,False,0.010178350465139374,0.0030492587889057177,0.007129091754904948,0.010091261979302062,0.010277050939233354
trained,7,2,23,False,0.011980310373473912,0.0029541405083364225,0.009026169864227995,0.011978876525684008,0.011981699656462296
trained,7,2,24,False,0.011171310979989357,0.002939834743301617,0.008231476065702736,0.011369324169700613,0.010899959446827846
trained,7,2,25,False,0.012992534786462784,0.003401330713813877,0.009591204012394883,0.013043008239592537,0.012949376451391456
trained,7,2,26,False,0.013013881660299376,0.0028328628736744577,0.010181018806179054,0.01247148779694433,0.013477667633012152
trained,7,2,27,False,0.013975012538139708,0.0033396192554846493,0.010635393307893537,0.014254639727564957,0.013686508590739872
trained,7,2,28,False,0.01415712499874644,0.003398152286081313,0.010758972290204838,0.012381218338498111,0.016047605598765995
trained,7,2,29,False,0.015395501686725765,0.0034636343052625307,0.011931867222301662,0.014699694598234739,0.016136199311022795
trained,7,2,30,False,0.01451597164850682,0.002998739911163284,0.011517231934703887,0.015024716376016536,0.014067079433623484
trained,7,2,31,False,0.016579898656345904,0.002795441881971783,0.013784456969005987,0.01634765022614023,0.01676635180508167
trained,7,2,32,False,0.017568571551237255,0.0038579956426474382,0.013710575905861333,0.016273763171876923,0.018946915279112516
trained,7,2,33,False,0.017770011589163914,0.0036434079402170028,0.014126603840850294,0.017028282822693808,0.018404243608423763
trained,7,2,34,False,0.020165163063211367,0.0036410303255252074,0.016524132632184774,0.020048587110595425,0.020301497146739796
trained,7,2,35,False,0.020415297301951796,0.004264819319359958,0.016150477982591838,0.020269418213988692,0.02059700612893753
trained,7,2,36,False,0.019401342375203967,0.004072752515639877,0.015328589885029942,0.02005294325168837,0.018707702792580088
trained,7,2,37,False,0.022599998977966607,0.0044561426675500115,0.018143856257665902,0.0225112883276061,0.02267121754481759
trained,7,2,38,False,0.023269301425898448,0.004350986627287057,0.01891831506509334,0.023576847403436095,0.0228478510743352
trained,7,2,39,False,0.022194629767909646,0.004409324499647482,0.017785305302822962,0.02205645250664516,0.022341722599981774
trained,7,2,40,False,0.028362864162772894,0.0051496043415681925,0.023213260137708858,0.025995360290417907,0.030518352707375344
trained,7,2,41,False,0.028841817809734493,0.005306791586917825,0.023535025888122618,0.027116157164398046,0.03018399855742852
trained,7,2,42,False,0.02578176770475693,0.004344076440247591,0.021437691379105672,0.025598386187966053,0.025970970413514545
trained,7,2,43,False,0.029460584046319127,0.004907051807094831,0.024553532508434728,0.027244040255363172,0.03174749513467153
trained,7,2,44,False,0.028009580390062183,0.0056418046151520684,0.022367775964085013,0.02812990106435286,0.02785488251330597
trained,7,2,45,False,0.029835269902832806,0.005354514389182441,0.024480755353579298,0.029404374868854097,0.030465038708196238
trained,7,2,46,False,0.03641530952882022,0.005735313632612815,0.030679995921673253,0.03781964032746413,0.03482373515143991
trained,7,2,47,False,0.03220106559456326,0.00862622591375839,0.02357484001549892,0.03286206368672646,0.03163586504271497
trained,7,2,48,False,0.034012692398391664,0.008092391872196458,0.02592030056985095,0.032071870662128694,0.035340622778197654
trained,7,2,49,True,0.29558104832540266,0.29558104832540266,0.0,nan,nan
trained,7,3,0,False,0.013904041305067949,0.004167961953498889,0.009736079296999378,0.013775633979525605,0.014013838792300743
trained,7,3,1,False,0.007851281960029155,0.004285962273570476,0.0035653196973726153,0.007294874305703811,0.008390569760320852
trained,7,3,2,False,0.008846515222103335,0.005416583964688471,0.003429931322898483,0.008726919656120507,0.008939534354592776
trained,7,3,3,False,0.009423191557289101,0.005773777753347531,0.003649413731181994,0.009840856386914051,0.008919113010553452
trained,7,3,4,False,0.010415973156341352,0.006514776578114834,0.003901196745573543,0.010648296146038254,0.01023527733438338
trained,7,3,5,False,0.01092031059670262,0.0069711298656329745,0.003949180550989695,0.011944358482172615,0.010098187574251016
trained,7,3,6,False,0.010926213159109466,0.006540116493852111,0.004386096690723207,0.011233287885965358,0.010637748834789927
trained,7,3,7,False,0.013683098688488826,0.009186024137306958,0.004497074471146334,0.01447570278504563,0.012938531221483241
trained,7,3,8,False,0.012354503211099654,0.007615208189236,0.00473929512736504,0.01215737131387291,0.012545569513279658
trained,7,3,9,False,0.014247590166633017,0.008968723683210555,0.0052788662069360726,0.016761034803494113,0.011734144718502648
trained,7,3,10,False,0.013708447309909388,0.008197901173844002,0.00551054636889603,0.015360890498413937,0.012056004634359851
trained,7,3,11,False,0.013736619119299576,0.007980189766385593,0.0057564293274481315,0.015353490235441821,0.012354077433870323
trained,7,3,12,False,0.013730927632423118,0.008023913826036733,0.00570701379183447,0.014405924975390321,0.013171644256051098
trained,7,3,13,False,0.015553178120171651,0.009490988973993808,0.006062188997020712,0.016383645498789234,0.014797080794710721
trained,7,3,14,False,0.015653161943191662,0.00905902789963875,0.006594133996259188,0.01647066988690353,0.01475524351183997
trained,7,3,15,False,0.015654044080292806,0.00926682567660464,0.006387218501913594,0.017719765888973022,0.013080952591017672
trained,7,3,16,False,0.01671903269016184,0.009903490237775259,0.006815542765252758,0.016482292789257537,0.01701391985019048
trained,7,3,17,False,0.01811725032166578,0.010990275462972932,0.0071269749278144445,0.018606457310999115,0.01765769203616814
trained,7,3,18,False,0.01834843956748955,0.011224103247513995,0.007124336050765123,0.020035607259099683,0.01685976165839854
trained,7,3,19,False,0.018839605676475912,0.011548707581823692,0.007290898320206907,0.020220986597972813,0.017581930620345607
trained,7,3,20,False,0.020359236776130274,0.012891265650978312,0.007467970906873234,0.022574494714044956,0.017418984984132378
trained,7,3,21,False,0.020709998614620417,0.012517030561866704,0.008192968038201798,0.022813814527426774,0.01853939497636424
trained,7,3,22,False,0.020357790432171896,0.012144043226726353,0.008213747118134052,0.021956789293600357,0.018545591520766416
trained,7,3,23,False,0.019907389229047112,0.011733874518540688,0.008173515139787924,0.021552578250448855,0.018312821336663686
trained,7,3,24,False,0.02194747861358337,0.013373104316997342,0.00857437420199858,0.023871432719248773,0.019310948171618356
trained,7,3,25,False,0.021319367428077385,0.013183482602471486,0.00813588491291739,0.023204370993741993,0.01970755357457244
trained,7,3,26,False,0.0208372674533166,0.0114934187149629,0.009343848680146039,0.02210141511602422,0.0197563293673422
trained,7,3,27,False,0.021809398313052952,0.01287856487033423,0.00893083326809574,0.024019901354152426,0.019528719611347667
trained,7,3,28,False,0.02123884911998175,0.012318301756749861,0.008920547232264653,0.02334838436747139,0.01899321473413898
trained,7,3,29,False,0.022725463117239997,0.014155415512504987,0.008570047801185865,0.023739444465856206,0.021646063609589494
trained,7,3,30,False,0.025583157868823037,0.016207410633796826,0.009375747264130041,0.026170565529416004,0.025064856745302677
trained,7,3,31,False,0.02150383562548086,0.01190271441009827,0.009601121542800684,0.02445594746652141,0.019133830600431265
trained,7,3,32,False,0.02300664846552536,0.01340126786089968,0.00960538045183057,0.025197765042045805,0.020674169333952087
trained,7,3,33,False,0.02174429121077992,0.011981474162894301,0.009762816989677958,0.024660695652019674,0.019250553965136624
trained,7,3,34,False,0.02460002386942506,0.015365593892056495,0.00923443020292325,0.025295568360150723,0.023786590734528285
trained,7,3,35,False,0.02305344131309539,0.013343325685127638,0.009710115416964982,0.023802131099600186,0.02212086254567431
trained,7,3,36,False,0.024193360237404704,0.01410473944270052,0.010088620663736947,0.026464791785022524,0.02177538426833287
trained,7,3,37,False,0.024951724044512957,0.014593546104151756,0.010358177743910346,0.0283048398008472,0.022259785833073333
trained,7,3,38,False,0.025970813498133793,0.01578169070126023,0.010189122433075681,0.02800494899369172,0.02318329326118584
trained,7,3,39,False,0.027846763317938894,0.017248373842448927,0.010598389366350602,0.029376192935601328,0.026218660476226962
trained,7,3,40,False,0.023789847182342783,0.013247926239273511,0.010541920812102035,0.026917396891923226,0.020942376579032904
trained,7,3,41,False,0.024092523497529328,0.01361647926387377,0.010476044262759387,0.0280981762916781,0.020977016202070646
trained,7,3,42,False,0.025137445307336748,0.014958201951230876,0.010179243341553956,0.027132684608491567,0.02307886574121695
trained,7,3,43,False,0.02540935989236459,0.014932580263121054,0.010476779643795453,0.028344929848725983,0.02238059744593643
trained,7,3,44,False,0.026536663295701146,0.016036821602028795,0.01049984142446192,0.02842723024595115,0.024105933927265663
trained,7,3,45,False,0.029031052254140377,0.018104275892255828,0.010926776347332634,0.030704960165741414,0.02658457110206095
trained,7,3,46,False,0.027725896710762754,0.016650385266984813,0.011075511531089433,0.029404949684463,0.02582297058155139
trained,7,3,47,False,0.02708712127059698,0.016397857529227622,0.010689263886888511,0.03168480694136124,0.023155767389613648
trained,7,3,48,False,0.026373564498499036,0.016076896601589397,0.010296667816874105,0.03014805626410704,0.02379101723138439
trained,7,3,49,True,0.03851679990111734,0.03851679990111734,0.0,nan,nan
trained,7,4,0,False,0.012099160376237705,0.0056169669041992165,0.006482193392002955,0.014009059825122861,0.010466057820704536
trained,7,4,1,False,0.009512972523225471,0.005307301311404444,0.004205671197269112,0.010946387410282143,0.008123662845733074
trained,7,4,2,False,0.010395732533652335,0.0060206070556887425,0.0043751255216193385,0.013031752771764462,0.008345494822909435
trained,7,4,3,False,0.013403006290900521,0.008729956040042453,0.004673050454584882,0.016655943396368195,0.009477048132825515
trained,7,4,4,False,0.012696187302935869,0.007834666481358,0.004861520785198081,0.016116703561108028,0.010035785833477147
trained,7,4,5,False,0.013580282568000257,0.008486118327709846,0.0050941641529789194,0.017135748018821083,0.010725894450983951
trained,7,4,6,False,0.013484102950314991,0.008237235997512471,0.00524686677090358,0.01653070116956388,0.010622146948607582
trained,7,4,7,False,0.01473280056961812,0.009253837364667561,0.0054789631176390685,0.018604613269769376,0.011095643142294703
trained,7,4,8,False,0.015052590315463021,0.009294551622588187,0.005758038532803766,0.01822565378443826,0.011977159303541367
trained,7,4,9,False,0.017336494609480724,0.011297595119685866,0.0060388992133084685,0.021293257421348244,0.013379731273744255
trained,7,4,10,False,0.016692379023879766,0.010551845451118425,0.0061405336382449605,0.02022677618515445,0.013157981607946567
trained,7,4,11,False,0.016762026556534693,0.010384056935436092,0.006377969832101371,0.021234967730055423,0.012937337834981905
trained,7,4,12,False,0.016940632107434794,0.010510775377042592,0.006429856570321135,0.0209716595548751,0.013600637910089322
trained,7,4,13,False,0.0183620530879125,0.011656107861199416,0.006705945124849677,0.022002859987684937,0.015047288471971874
trained,7,4,14,False,0.01773599730222486,0.010761745303170756,0.0069742517662234604,0.02087843680837706,0.01428446475966055
trained,7,4,15,False,0.01905664650257677,0.012392898643156514,0.006663747990387492,0.02316072172629581,0.013944552721161591
trained,7,4,16,False,0.018321432609809563,0.011423712159739807,0.0068977203336544335,0.02071777386197322,0.015336516460305765
trained,7,4,17,False,0.0186491931672208,0.011690211118548177,0.006958982237847522,0.022505569632255265,0.015026536854830654
trained,7,4,18,False,0.01890972157707438,0.011639739401289262,0.007269982335856184,0.022659852495416997,0.015600782654741232
trained,7,4,19,False,0.01990807065158151,0.012515295384218916,0.0073927755147451535,0.023801410982965447,0.01636338799691467
trained,7,4,20,False,0.021086677093990147,0.013509627315215766,0.007577049982501194,0.024543768445616714,0.01649817409501834
trained,7,4,21,False,0.020320147974416614,0.012537218353827484,0.0077829299989389256,0.0234244213009683,0.017117326916565024
trained,7,4,22,False,0.02074306074064225,0.013008753812755458,0.007734306942438707,0.022763109560508064,0.018453672248870134
trained,7,4,23,False,0.019814676779787987,0.012147116183768958,0.007667560392292216,0.023028516713234165,0.016699724035480847
trained,7,4,24,False,0.023744369158521295,0.01566597365308553,0.00807839588378556,0.026721542688539705,0.019664539403661536
trained,7,4,25,False,0.022253483475651592,0.014394105732208118,0.007859377743443474,0.026485229179389398,0.018635034250716366
trained,7,4,26,False,0.02107669852557592,0.012737311655655503,0.00833938670984935,0.023027493823635378,0.019408626954300682
trained,7,4,27,False,0.022854305745568126,0.014652500947704539,0.008201804870623164,0.02657459214902841,0.019015915603155183
trained,7,4,28,False,0.021333807351766154,0.013098102135700174,0.008235704663093202,0.023912483275952665,0.018588764547941183
trained,7,4,29,False,0.022386637632735074,0.0140780120564159,0.008308625765494071,0.024629773106426,0.019998783380874706
trained,7,4,30,False,0.021281744848238304,0.012719952952465974,0.008561792157706805,0.023474445256094136,0.01934700965990915
trained,7,4,31,False,0.022256514290347695,0.013764227827778086,0.008492286418913864,0.025207645978713243,0.019887296115638508
trained,7,4,32,False,0.02361377954366617,0.014812169261858799,0.008801610165392049,0.0268201743901679,0.020200519852580562
trained,7,4,33,False,0.02305882057407871,0.01442621520254761,0.008632605473394506,0.02807343329729165,0.018770963317998077
trained,7,4,34,False,0.024262175429612398,0.015616176184266806,0.008645998837891966,0.025560498210615006,0.022743797797899125
trained,7,4,35,False,0.023676460492424667,0.0150381996500073,0.0086382606823463,0.02576046004156831,0.02108060102909803
trained,7,4,36,False,0.02274078904883936,0.013714048458496109,0.009026740823173895,0.024414100656003662,0.020959521914201397
trained,7,4,37,False,0.02386622637277469,0.015084180689882487,0.008782045610132627,0.027814798726978007,0.020696245815972205
trained,7,4,38,False,0.02469405162264593,0.015620060541550629,0.00907399132847786,0.025722270982491004,0.023285010864061338
trained,7,4,39,False,0.024927188816946,0.01565482935984619,0.00927235945709981,0.02715128490870649,0.022559602955175985
trained,7,4,40,False,0.02352524286834523,0.014475162941380404,0.009050080014276318,0.02672331711491112,0.020613563844739502
trained,7,4,41,False,0.023843280505388975,0.014910882542608306,0.008932398108299822,0.02679182668881757,0.021549966975322198
trained,7,4,42,False,0.024657700792886317,0.01597594138002023,0.008681759238243103,0.027360607769626837,0.02186898768894256
trained,7,4,43,False,0.02469542174367234,0.015770287602208555,0.00892513406870421,0.02780591743783309,0.02148617972575483
trained,7,4,44,False,0.02461297408444807,0.015777243563206866,0.00883573034661822,0.027616750862863332,0.020750975369342735
trained,7,4,45,False,0.0238104909658432,0.014821095683146268,0.008989395020762458,0.02509174910128901,0.021937882921730097
trained,7,4,46,False,0.024763889727182686,0.015837022714549676,0.008926866794354282,0.02637504890341969,0.022937909637888273
trained,7,4,47,False,0.025055149162653834,0.016082447808003053,0.008972701660241,0.0271572279349222,0.023257719744266808
trained,7,4,48,False,0.023496450041420758,0.015017462923424318,0.008478986943373457,0.026228243395542868,0.021627328113505713
trained,7,4,49,True,0.01791630457591964,0.01791630457591964,0.0,nan,nan
trained,7,5,0,False,0.005574048336711712,0.0028283925748837646,0.0027456559000711422,0.008697454641983545,0.002903309738452452
trained,7,5,1,False,0.006854734587250277,0.0037440645246533677,0.0031106701026146766,0.009816403859221036,0.003984193536094748
trained,7,5,2,False,0.007719351109699346,0.004305624464905122,0.0034137265611207113,0.011721484704009657,0.00460658063659341
trained,7,5,3,False,0.01087726310652215,0.005856012347067008,0.005021250894060358,0.016005677909457255,0.004687796965048744
trained,7,5,4,False,0.011036053983843885,0.005608613639196847,0.005427440271887463,0.01851571890750035,0.005218536822616846
trained,7,5,5,False,0.011077042909164447,0.00587389970314689,0.005203143216931494,0.017730480276472997,0.0057355507447476115
trained,7,5,6,False,0.012266112244105898,0.0067714992073888425,0.00549461308401078,0.018545087697284836,0.006367680651954177
trained,7,5,7,False,0.01253251793968957,0.006705257161229383,0.00582726070570061,0.019434564408936324,0.006048777138913107
trained,7,5,8,False,0.013301583036081865,0.006991207832470536,0.0063103750653681345,0.0200796925374085,0.006732030728688606
trained,7,5,9,False,0.015662660298403352,0.00834910040430259,0.007313560025068,0.023789000173565,0.0075363209634815576
trained,7,5,10,False,0.016011921921744943,0.008646499365568161,0.007365422425209545,0.024107276622089557,0.007916567250504158
trained,7,5,11,False,0.014696755388285965,0.007738862681435421,0.006957892750506289,0.022371301782648945,0.008134461935960513
trained,7,5,12,False,0.014451692899456248,0.007645585290447343,0.006806107594456989,0.023000399927319636,0.007368478541528539
trained,7,5,13,False,0.017431310436222702,0.009074715824681334,0.008356594611541368,0.027103898604018767,0.008624924006246364
trained,7,5,14,False,0.018224054685560986,0.00982183770975098,0.008402217194088735,0.027058501491573315,0.008520646471163776
trained,7,5,15,False,0.019823877984890714,0.010787182502099313,0.009036695570102893,0.02830296980453209,0.009262202405615856
trained,7,5,16,False,0.018980045075295493,0.01028958899405552,0.008690456081239972,0.026418235152959824,0.009714931090313354
trained,7,5,17,False,0.018398382613668218,0.010013094302848913,0.008385288369026966,0.027925338866489548,0.009448818049294818
trained,7,5,18,False,0.01927676287596114,0.010324201895855367,0.008952560587204061,0.0293481902529796,0.010390208568423986
trained,7,5,19,False,0.020476250036153942,0.011160789610585198,0.009315460309153423,0.031402233881173566,0.010528711925274622
trained,7,5,20,False,0.02188700105762109,0.01194837183720665,0.009938629125826992,0.030256161211084015,0.010778843315148895
trained,7,5,21,False,0.020393716607941315,0.010989680093189236,0.009404036711202934,0.029964486738810175,0.010519112393792187
trained,7,5,22,False,0.02227906684856862,0.012080742191756144,0.010198324613156728,0.03054448065128835,0.012911597526787472
trained,7,5,23,False,0.020746852998854592,0.011090489308116958,0.00965636373439338,0.029908234800492955,0.01186735991997501
trained,7,5,24,False,0.025091580086154863,0.013736981483816635,0.011354598056641407,0.034497179242002,0.012202424329222628
trained,7,5,25,False,0.02221748133888468,0.012014815394650213,0.010202665900578722,0.03249823736121594,0.013426690632342428
trained,7,5,26,False,0.021541769936447963,0.012171323105576448,0.009370446641696617,0.03158489810460705,0.012954167535771496
trained,7,5,27,False,0.022718412830727175,0.012146760593168437,0.010571652528597042,0.032396359627063456,0.012733230577959193
trained,7,5,28,False,0.023224928474519402,0.012872015868197195,0.010352912606322207,0.0329545111832858,0.012867630846167525
trained,7,5,29,False,0.02390245266724378,0.012734979900415055,0.011167472912347876,0.03434989726961111,0.012780979114224114
trained,7,5,30,False,0.022878116345964372,0.012988966831471771,0.00988914939807728,0.033687678445130584,0.013340267099385315
trained,7,5,31,False,0.022984026581980288,0.01256320794345811,0.01042081842024345,0.0351620531363184,0.013207300674353897
trained,7,5,32,False,0.022837561409687623,0.012571045139338821,0.010266516343108378,0.03274107085202228,0.012295115780415795
trained,7,5,33,False,0.024205178167903796,0.01348524694913067,0.010719931276980788,0.036304481706376804,0.013859397100716613
trained,7,5,34,False,0.025035234750248492,0.013848214366589673,0.011187020427314565,0.03445963286187338,0.014013481294830977
trained,7,5,35,False,0.025264488765969872,0.0145008816907648,0.010763607046101242,0.034160475390897664,0.014183523145651349
trained,7,5,36,False,0.024935833527706563,0.014051126199774444,0.010884707182412967,0.033597203394906086,0.015715664951130748
trained,7,5,37,False,0.023478430812247097,0.012954834252013825,0.010523596589337103,0.035276630631925765,0.01400663652522883
trained,7,5,38,False,0.026489181793294847,0.014918433167622425,0.011570748567464761,0.03435106895159225,0.015715485214497206
trained,7,5,39,False,0.025637918966822326,0.014126588037470356,0.011511331220390275,0.036311664928992585,0.014275544323027136
trained,7,5,40,False,0.023870469362009317,0.013525625239708461,0.010344843656639569,0.034437424823886065,0.014249808332229507
trained,7,5,41,False,0.02356055678683333,0.013081737939501181,0.010478818760020658,0.03457111832020539,0.014996786524231235
trained,7,5,42,False,0.025267734134104103,0.01444251493376214,0.010825219258549623,0.034857000267276395,0.015374046373402787
trained,7,5,43,False,0.024571320915129036,0.013703863907721825,0.010867457043786999,0.034118555342921845,0.014721000167940344
trained,7,5,44,False,0.026017433468950912,0.01514795706316363,0.010869476114748977,0.0335500794980261,0.016332602099282667
trained,7,5,45,False,0.026749123935587704,0.01561067374132108,0.011138450005091727,0.034491555814288165,0.015433261363516346
trained,7,5,46,False,0.026495819736737758,0.015623409650288522,0.010872409839066677,0.034678600509377086,0.017222001197903104
trained,7,5,47,False,0.02574768487829715,0.014647381249233149,0.01110030384734273,0.03662148596308494,0.016449797297895388
trained,7,5,48,False,0.023345879977568984,0.013615812044008635,0.009730067620694172,0.03348038614226075,0.016411743543453906
trained,7,5,49,True,0.02195232262238278,0.02195232262238278,0.0,nan,nan
trained,8,0,0,False,0.008085486108029727,0.0005575776501700602,0.007527908601332456,0.008118174989028153,0.008040690527263063
trained,8,0,1,False,0.006734737762599252,0.0006066507305604318,0.006128087035904173,0.00677013328143706,0.006703506251249243
trained,8,0,2,False,0.007773679302772507,0.0011569588550628396,0.006616720413148869,0.008020968607334948,0.007502066330281926
trained,8,0,3,False,0.007925759447971359,0.0010747433216238278,0.006851016194559634,0.008072920271829851,0.007753656107648197
trained,8,0,4,False,0.008513948385370895,0.000782881719260331,0.007731066638370976,0.008622461617051158,0.008405435175518505
trained,8,0,5,False,0.009427604934899136,0.0009075730442873464,0.008520031871739775,0.009224635187600708,0.009595779761938112
trained,8,0,6,False,0.009785283182282,0.0010652758628566517,0.008720007259398699,0.009359400568556197,0.010315768273645325
trained,8,0,7,False,0.010519691699300893,0.0011821137882179755,0.009337577794212848,0.011293624144708437,0.009792664144752604
trained,8,0,8,False,0.011576316290302202,0.0014801264201196318,0.010096189871546812,0.012450881897792464,0.010780069921443711
trained,8,0,9,False,0.011375073925592005,0.001270709030677608,0.01010436489013955,0.011681870379320837,0.011027371254749598
trained,8,0,10,False,0.012248269165866077,0.0012643659827062947,0.010983903048327193,0.01191098541569184,0.01263052400512
trained,8,0,11,False,0.012519096781034023,0.0011594759284889733,0.01135962104308419,0.013316290355042407,0.011879096188070908
trained,8,0,12,False,0.01416177285136655,0.001633942771150032,0.012527830200269818,0.01468538586050272,0.01356834461912513
trained,8,0,13,False,0.014614275132771581,0.001413230929756537,0.013201044203015044,0.015377868860960008,0.013533718391971768
trained,8,0,14,False,0.014536292757838964,0.0015420534539316577,0.01299423910677433,0.015472143287620236,0.013657160611315208
trained,8,0,15,False,0.015404861769638956,0.001402007728756871,0.014002853975398466,0.015296769675923815,0.015523585872571978
trained,8,0,16,False,0.015388580242870376,0.0013704806328860286,0.014018099696841091,0.015284072368272714,0.015514710050975454
trained,8,0,17,False,0.01522768082213588,0.0011235775625664246,0.014104103029239923,0.014758816361427307,0.01564138418282656
trained,8,0,18,False,0.016028781712520868,0.0017694149419185123,0.014259366842452437,0.015637253721555073,0.016486670616698465
trained,8,0,19,False,0.01731333785573952,0.001994445343825646,0.015318892546929419,0.017521747654037818,0.01711134066661963
trained,8,0,20,False,0.017909338319441304,0.0016303159559356573,0.01627902258769609,0.018574739087905204,0.017106268298009344
trained,8,0,21,False,0.01883119429112412,0.001970311552668136,0.01686088283895515,0.018388940021395683,0.01934840716421604
trained,8,0,22,False,0.019249782752012834,0.001854342745446047,0.01739543999428861,0.01924936982492606,0.019250146633781058
trained,8,0,23,False,0.0190830172796268,0.00220298307340272,0.01688003438175656,0.019462911526744182,0.018691063193338256
trained,8,0,24,False,0.019911948329536244,0.001661463852315137,0.018250484514283016,0.02001631606931556,0.01977342377332124
trained,8,0,25,False,0.01954297290649265,0.001850593505650977,0.017692379478830844,0.01994979875878646,0.019123231755599143
trained,8,0,26,False,0.020829853659961373,0.0016046387790993322,0.019225214869948104,0.020745699229682314,0.020899581536650662
trained,8,0,27,False,0.020913874439429492,0.0016331872086539079,0.019280687352875248,0.020335034176241606,0.0214927148190327
trained,8,0,28,False,0.020068427256774157,0.0015325841042113098,0.018535843468271196,0.019941729049269972,0.02019914804351708
trained,8,0,29,False,0.021678995224647224,0.002125597316535277,0.019553397956769913,0.021020006595386397,0.02231770782516553
trained,8,0,30,False,0.02342309767846018,0.002352428004542162,0.021070669637992978,0.02407244939564003,0.0225882174646748
trained,8,0,31,False,0.021943142113741487,0.0021623393890877196,0.01978080256958492,0.02037677714335067,0.023833582113529074
trained,8,0,32,False,0.021858283929759637,0.0026034526149487647,0.01925483113154769,0.02464642576755039,0.019155930527127708
trained,8,0,33,False,0.022919269336853176,0.0023738945583318127,0.02054537457297556,0.023508448098950526,0.02225153329782188
trained,8,0,34,False,0.023037603008560836,0.0022105450771050528,0.020827058178838342,0.022697367834755115,0.023475048365071416
trained,8,0,35,False,0.023287621326744556,0.0024519102080375887,0.020835711096879095,0.02392723239840023,0.02266769093962816
trained,8,0,36,False,0.02313408732879907,0.0019763688314924366,0.021157718903850764,0.022062201834013386,0.02414101040498777
trained,8,0,37,False,0.02547269652131945,0.0026164008595515043,0.02285629539983347,0.025206152254999694,0.025700611642737316
trained,8,0,38,False,0.02394019137136638,0.0021834432900504908,0.021756747737526894,0.02396247863317981,0.02391646610152337
trained,8,0,39,False,0.02403637720271945,0.0019439725438132882,0.022092404426075518,0.02423384508994572,0.023812579611937203
trained,8,0,40,False,0.026044922647997737,0.0024452985016978346,0.0235996245755814,0.02637074744237251,0.025748276749431198
trained,8,0,41,False,0.023104460386093706,0.0016149966827470053,0.021489464095793664,0.023206245612639648,0.022999444207738313
trained,8,0,42,False,0.024497738340869546,0.0028468621944739425,0.02165087644243613,0.025506283847555034,0.023550317171170856
trained,8,0,43,False,0.023500078939832747,0.0016546055830986006,0.021845473092980683,0.02256516272538021,0.02435127125858371
trained,8,0,44,False,0.021380189282353967,0.002106631430251582,0.019273558107670397,0.021242234729609247,0.02149815152844657
trained,8,0,45,False,0.020976874511688948,0.0021165219141039415,0.01886035260395147,0.020577927578741044,0.02141506215710132
trained,8,0,46,False,0.021102408587466925,0.001736229109155829,0.019366179301869124,0.020778579163854408,0.02137930583262789
trained,8,0,47,False,0.02340418304083869,0.002223074458015617,0.021181108604650944,0.023591630017528165,0.0232107848342922
trained,8,0,48,False,0.020176730293314904,0.0020801048558496404,0.01809662563027814,0.01944473316823995,0.02071089045824231
trained,8,0,49,True,0.1255801044171676,0.1255801044171676,0.0,nan,nan
trained,8,1,0,False,0.14665030041942373,0.009099020404391922,0.13755128004413564,0.14935016437005755,0.14295048166618304
trained,8,1,1,False,0.01575170978321694,0.009437544555112254,0.006314165410003625,0.01644066013395786,0.01514381285318557
trained,8,1,2,False,0.014611506660003215,0.009816869143833173,0.004794637616214459,0.015328916401338221,0.013823532148218548
trained,8,1,3,False,0.014592658539186232,0.010181845500483178,0.004410812842252199,0.015874299801130226,0.01309378964479192
trained,8,1,4,False,0.014369174037710764,0.010193538966632332,0.0041756350292416755,0.015485012365388684,0.013253335608169436
trained,8,1,5,False,0.013387095052166842,0.00939179622764641,0.0039952989645826165,0.014313462342874244,0.012619533190237623
trained,8,1,6,False,0.013534176381654106,0.0096455891525693,0.00388858752012311,0.013820603017655898,0.013177399490878247
trained,8,1,7,False,0.014004761207615957,0.010092878643263248,0.003911882691681967,0.013800326584567948,0.014196806135728504
trained,8,1,8,False,0.013679306939593516,0.00977345168030297,0.003905855238372169,0.014698233921080828,0.01275162683772062
trained,8,1,9,False,0.013044025574345142,0.009314373075540061,0.0037296525451893103,0.014065495856544551,0.01188635901392748
trained,8,1,10,False,0.013287380497786216,0.009513334956864128,0.003774045436330198,0.014187246780185138,0.01226753182709217
trained,8,1,11,False,0.014394993049791083,0.009901709241603385,0.004493283757255995,0.014787852273959862,0.014079598880464762
trained,8,1,12,False,0.013633584487251937,0.009484192466516106,0.004149391939790803,0.01402962569366483,0.013184737724562487
trained,8,1,13,False,0.01431645342381671,0.009888433552987408,0.00442801989356667,0.014676780390242736,0.013806556773213845
trained,8,1,14,False,0.01349239144474268,0.009076524425836396,0.0044158671489640255,0.014019114618760443,0.012997591240105756
trained,8,1,15,False,0.013856020901584998,0.009422921490113367,0.004433099454217881,0.014771607217948828,0.012850376807886069
trained,8,1,16,False,0.013738021269091405,0.009190685217618011,0.004547336270661617,0.014300821362329382,0.013058780034169042
trained,8,1,17,False,0.014101474604103714,0.009597950664101518,0.004503523540734022,0.01507507284792761,0.013242416974047528
trained,8,1,18,False,0.014544386038323864,0.009840607363003073,0.004703778477050946,0.015654072759376057,0.013246616395979615
trained,8,1,19,False,0.01351787349267397,0.009070889725990128,0.004446983877642197,0.013814652309058203,0.013230226489786919
trained,8,1,20,False,0.01483471789106261,0.009921184813720174,0.004913533137369086,0.015558366810104678,0.013961348249095267
trained,8,1,21,False,0.01539876393508166,0.010319745182641782,0.005079018708784133,0.01659008400325758,0.01400552531388604
trained,8,1,22,False,0.014945914706913754,0.01012620883557247,0.004819705600311863,0.016533588866392772,0.013545025222222595
trained,8,1,23,False,0.015884278080193326,0.010429198995552724,0.0054550791364818,0.0165727568217195,0.015173943535912605
trained,8,1,24,False,0.01614900480490178,0.010517450924453442,0.005631553660350619,0.016563272307792754,0.015599159015850588
trained,8,1,25,False,0.015937945252517238,0.010282274821292958,0.005655670263877255,0.015838559358738936,0.01604048569228441
trained,8,1,26,False,0.016137946979142725,0.01051535724036512,0.005622589525955846,0.016167448054806424,0.01611350311764649
trained,8,1,27,False,0.01606311125215143,0.010192591729719425,0.005870519410564157,0.01753059815382585,0.014595624059438705
trained,8,1,28,False,0.017212368227774277,0.011317844202494598,0.005894524277209712,0.017791100605749167,0.016615263733362393
trained,8,1,29,False,0.017151461594039574,0.011436150092777098,0.005715311478525109,0.018049990898737357,0.016280579251738696
trained,8,1,30,False,0.017424189863959327,0.011412733296310762,0.006011456749547506,0.018633164672387972,0.01586979381474001
trained,8,1,31,False,0.017931474692886695,0.010905552757321857,0.007025921942840796,0.01754354807947363,0.01839966233819723
trained,8,1,32,False,0.017707560386043042,0.011195388695341535,0.006512171241411124,0.01863171716058065,0.016811838602790466
trained,8,1,33,False,0.01712834878708236,0.010583131646853872,0.006545217136590509,0.01752781227011891,0.016675623925402762
trained,8,1,34,False,0.016312529012793675,0.010284274962032214,0.0060282540225671255,0.016876816012275715,0.01558701725610133
trained,8,1,35,False,0.017035253928042948,0.010610084082145477,0.00642516966763651,0.01809491974020761,0.016008193131822807
trained,8,1,36,False,0.018101477849995717,0.01121547805814771,0.006885999810037902,0.019191785850712368,0.01707724893860745
trained,8,1,37,False,0.018093174148816615,0.01143018092989223,0.006662993150712282,0.018769692834782397,0.017514701365776684
trained,8,1,38,False,0.016785110026830807,0.010352543955377769,0.006432566316107113,0.016139544320828987,0.017472325418625145
trained,8,1,39,False,0.018467592890374362,0.011669937339320313,0.00679765595941717,0.01916273877791622,0.01767976158298552
trained,8,1,40,False,0.017982104734983295,0.010988158486725297,0.006993946166403475,0.019226162709662174,0.016849455020543355
trained,8,1,41,False,0.01719550244160928,0.010180962457525311,0.0070145400841283845,0.01868601146225746,0.01565767555601067
trained,8,1,42,False,0.01716150960419327,0.010520141113374848,0.006641368512646295,0.018208813853561878,0.01617767849485531
trained,8,1,43,False,0.019133122492348775,0.011521883003297262,0.00761123953088827,0.02009981659958597,0.018252997756449143
trained,8,1,44,False,0.01787644624710083,0.01085326923566754,0.0070231768677331274,0.019106601064993164,0.01682457419625227
trained,8,1,45,False,0.019351925962837413,0.011845476787129883,0.007506449184802477,0.019330546537886805,0.019375408358383375
trained,8,1,46,False,0.01903140591457486,0.01203343825909542,0.0069979673498892225,0.019889975092926268,0.018297266593013985
trained,8,1,47,False,0.020680162589997053,0.012704802124062553,0.007975360451382585,0.021015860254947956,0.020333808063278124
trained,8,1,48,False,0.018777702905936167,0.01188865828589769,0.006889044598210603,0.019504891570519517,0.018247051768608996
trained,8,1,49,True,0.08560059749288484,0.08560059749288484,0.0,nan,nan
trained,8,2,0,False,0.007855898351408541,0.0010027963370475845,0.006853101869637612,0.008346740848611336,0.007183262112515944
trained,8,2,1,False,0.0036590473046089755,0.0016084143558146025,0.0020506329237832688,0.003949680474276344,0.003402606245157692
trained,8,2,2,False,0.0035543177855288377,0.0014424516936628606,0.002111866140694474,0.0033862177498027017,0.0037389523158857566
trained,8,2,3,False,0.003509338623189251,0.0013898862966641445,0.002119452223269036,0.0034441772824747195,0.0035855442041854797
trained,8,2,4,False,0.004163855694059748,0.0018266605533199254,0.0023371951865556184,0.004104085111976019,0.004223626382554357
trained,8,2,5,False,0.004074729722560733,0.0016702932758221323,0.002404436459983117,0.003598444778994047,0.004469365705569674
trained,8,2,6,False,0.004451184991921764,0.0018294792947699534,0.0026217056220048107,0.004518763778704992,0.004367007869867641
trained,8,2,7,False,0.004623813592843362,0.0019508266462935353,0.002672986987818149,0.004636516227741771,0.0046118809030193724
trained,8,2,8,False,0.0052805520426773,0.0023625650603662507,0.0029179869634390343,0.004868135915412644,0.00565603520345888
trained,8,2,9,False,0.005942413819866488,0.0020434543672536165,0.003898959570506122,0.005158305334214889,0.006831070221960544
trained,8,2,10,False,0.006088468126108637,0.0022442722180358032,0.0038441959222836886,0.005803674966206446,0.006411233815985422
trained,8,2,11,False,0.005556056923524011,0.0018660939490473538,0.00368996306497138,0.005433975217512629,0.005654066305896136
trained,8,2,12,False,0.005859151446202304,0.001926383766544859,0.003932767682272242,0.005544574811424622,0.006215671810787171
trained,8,2,13,False,0.006302126384980511,0.0024118092414937564,0.0038903171589481644,0.006000353808825215,0.0067291629175602816
trained,8,2,14,False,0.006527883502712939,0.0024309031618940935,0.004096980141184758,0.0059952691850823255,0.007028217928371194
trained,8,2,15,False,0.006938948376046028,0.0022071195722901393,0.004731828841613606,0.0073254297126028965,0.006514452554316062
trained,8,2,16,False,0.007195720965682995,0.0021923712236002757,0.0050033496372634545,0.00747767215195511,0.006855434938815647
trained,8,2,17,False,0.007952501699037384,0.0024661432253196836,0.005486358342750464,0.008035478482876593,0.00787928671000854
trained,8,2,18,False,0.008761194731050637,0.002459827318944008,0.006301367306150496,0.008517345373073349,0.009046374208499061
trained,8,2,19,False,0.008749752945732325,0.0025603160233913513,0.006189436913700774,0.0083596567948541,0.009127846073645812
trained,8,2,20,False,0.00869346916442737,0.0022457723007391905,0.006447696781833656,0.00840519276181502,0.009041388828211046
trained,8,2,21,False,0.010175551127758808,0.0026015138232651225,0.007574037335871253,0.009116940217200612,0.011413588014952207
trained,8,2,22,False,0.010888284901739098,0.002595498761820636,0.008292786238598637,0.011260699692259853,0.010559683877919964
trained,8,2,23,False,0.010645764508808497,0.0025097481207012606,0.008136016527714673,0.010251110118742173,0.01105294738792711
trained,8,2,24,False,0.010640220614732243,0.002739777455417425,0.007900443160906434,0.010408874486305127,0.010947280258617617
trained,8,2,25,False,0.011972220963798463,0.0029589236032734334,0.009013297312776558,0.011283636981478105,0.012682664825300139
trained,8,2,26,False,0.013681141484994441,0.002965512114315061,0.010715629468904808,0.013826839625835419,0.013560420115079198
trained,8,2,27,False,0.014068567397771403,0.0028696693834717735,0.011198898107977584,0.014282742151408456,0.013854392629582435
trained,8,2,28,False,0.01449255968327634,0.003112335434366287,0.011380224139429629,0.014017031126870558,0.014983184443461518
trained,8,2,29,False,0.014611519771278836,0.0034217737729704822,0.011189746161107905,0.01459414411395315,0.014628360699862241
trained,8,2,30,False,0.015060504927532747,0.0035583539620347437,0.011502150984597392,0.013920262973341677,0.016526529989537915
trained,8,2,31,False,0.015931278408970684,0.0033640416731941514,0.012567237063194625,0.015960653418941158,0.01589582645302189
trained,8,2,32,False,0.017190769547596574,0.0038319789700835827,0.013358790529309772,0.017892584382068543,0.01651054904437982
trained,8,2,33,False,0.01855458610225469,0.004110567592761072,0.014444018554058857,0.01872944351121345,0.018356414193597934
trained,8,2,34,False,0.019811179750831798,0.004311055149628373,0.015500124718528241,0.02033421548549086,0.019138705259787718
trained,8,2,35,False,0.02028219136991538,0.004235892545693787,0.016046298580477014,0.021339935945376518,0.019256992251254046
trained,8,2,36,False,0.019147215731209144,0.00394963234430179,0.015197583285043947,0.017915190317698063,0.02030457237340284
trained,8,2,37,False,0.022681154077872634,0.004597957735313685,0.01808319630799815,0.024962089797955448,0.020730788401071575
trained,8,2,38,False,0.021018030442064628,0.00375828315554827,0.017259747386560775,0.021929859719944725,0.020047374355096008
trained,8,2,39,False,0.024022670957492664,0.005314125181030249,0.018708545539993793,0.022935015943777913,0.025255346422394118
trained,8,2,40,False,0.028683168813586235,0.004967575208866037,0.023715593764791265,0.026490130507555165,0.030679816074335755
trained,8,2,41,False,0.02692386385751888,0.004999651482648915,0.02192421254585497,0.025804107607557223,0.02807916838320948
trained,8,2,42,False,0.028803682478610426,0.005909821396926418,0.02289386122720316,0.031027738816074787,0.026714417998763645
trained,8,2,43,False,0.02865640661912039,0.005242255541816121,0.02341415101545863,0.028530805936602295,0.028770759868532864
trained,8,2,44,False,0.030263160937465727,0.005820445372592076,0.02444271551212296,0.029944127457121675,0.03053595764103575
trained,8,2,45,False,0.03151179489213973,0.0066452067003410775,0.024866588762961328,0.03362616040368578,0.029189459338295656
trained,8,2,46,False,0.037055252643767744,0.006764891742932377,0.030290360271465033,0.034910246982412824,0.03888938716356305
trained,8,2,47,False,0.03168440068839118,0.007081657524395268,0.024602742807473987,0.03168304843398241,0.031685795605419176
trained,8,2,48,False,0.03284252609591931,0.007199598891020287,0.025642927386797965,0.03428554414185109,0.03178951327965872
trained,8,2,49,True,0.2929598975024419,0.2929598975024419,0.0,nan,nan
trained,8,3,0,False,0.011319724260829389,0.0030180692519934382,0.008301655005197972,0.011906822750067991,0.010515181994479563
trained,8,3,1,False,0.008974795571702998,0.0056212832969322335,0.0033535122202010825,0.010039808958147965,0.00803507782299729
trained,8,3,2,False,0.008603929250966758,0.005305708808009513,0.003298220479337033,0.008455436913046375,0.008767027423152182
trained,8,3,3,False,0.008204365978599526,0.00481203010349418,0.0033923358969332185,0.008405354933516272,0.007969310996517287
trained,8,3,4,False,0.009836302109761164,0.00605894680484198,0.003777355363126844,0.009879416054900503,0.00979318842291832
trained,8,3,5,False,0.008961106053902768,0.005170091193576809,0.003791014867601916,0.009771873821215384,0.008289326973525541
trained,8,3,6,False,0.01126509286405053,0.006861090201709885,0.004404002604132984,0.01125079412406809,0.011282903346510833
trained,8,3,7,False,0.01112075985292904,0.006558181565196719,0.00456257850601105,0.011595043646652373,0.010675220580940897
trained,8,3,8,False,0.013085885570035316,0.008417760276643094,0.004668125213356689,0.013173351999463848,0.013006252194963284
trained,8,3,9,False,0.013150125756510533,0.008102309679088648,0.005047816252044868,0.014114453909261263,0.012057220532248418
trained,8,3,10,False,0.013874962402042001,0.00846903570345603,0.005405926676758099,0.013932098237359348,0.013810208385499814
trained,8,3,11,False,0.013541189313400537,0.007931203806947451,0.005609985521005001,0.014295197680200402,0.012935858862605733
trained,8,3,12,False,0.014120269159320742,0.00847223267192021,0.005648036138154566,0.014674682642661911,0.013491933528954784
trained,8,3,13,False,0.015439792041433975,0.008959161925304215,0.006480630283476785,0.015922305857141814,0.014756990113418621
trained,8,3,14,False,0.015567119495244697,0.0092366470998968,0.00633047229348449,0.016663656615081332,0.01453703912821683
trained,8,3,15,False,0.017758524394594133,0.010988209825882223,0.006770314561435953,0.016815526827947416,0.018794275316425035
trained,8,3,16,False,0.016980946413241327,0.010125741689989809,0.00685520483966684,0.01814797982307417,0.015572458296885779
trained,8,3,17,False,0.017114902409957722,0.00989338932413375,0.007221513136755675,0.01863340107180799,0.015775050584445983
trained,8,3,18,False,0.016616887965938076,0.009918714138620999,0.006698173900076654,0.017120160668602457,0.016028315207715763
trained,8,3,19,False,0.01815596068627201,0.010973320182529278,0.007182640438259114,0.01998738817397564,0.01638088467029425
trained,8,3,20,False,0.018640728725586087,0.011080225958721712,0.007560502905107569,0.019332313550902265,0.01780605735257268
trained,8,3,21,False,0.019305979512864724,0.01162500049395021,0.0076809787497040816,0.02019257828647244,0.018269109508117377
trained,8,3,22,False,0.020813508424907923,0.012893779508885927,0.007919729228888173,0.01984906489960849,0.021664488594979048
trained,8,3,23,False,0.020450600481126457,0.011914785631233826,0.008535814660717733,0.022968971048696683,0.017852281220257282
trained,8,3,24,False,0.02124014135915786,0.012864083895692602,0.00837605776177952,0.022372799734138464,0.019736795279790054
trained,8,3,25,False,0.01935010025044903,0.010897942614974454,0.00845215750450734,0.021457831017099895,0.01717545690813235
trained,8,3,26,False,0.021749264269601554,0.012967067741556093,0.008782196637184825,0.023761199996003818,0.02008223201015166
trained,8,3,27,False,0.022245160856982693,0.013298361060151365,0.008946799513068981,0.02294496921967948,0.021545352108660154
trained,8,3,28,False,0.023248860496096313,0.014428579190280288,0.008820281094813254,0.025824334171529,0.020591625736819375
trained,8,3,29,False,0.021254732040688396,0.012646270144614391,0.008608461772382725,0.024599092435978707,0.01801327458367898
trained,8,3,30,False,0.024428617034573108,0.014967228198656812,0.00946138851577416,0.02553542118726505,0.023005582076231285
trained,8,3,31,False,0.02443151388433762,0.01454038756492082,0.009891126523143612,0.026778775160866124,0.021598612247356052
trained,8,3,32,False,0.023709696193691343,0.014193597497069277,0.009516098696622066,0.027570684314779347,0.019967507313077268
trained,8,3,33,False,0.02407479239627719,0.014445959430304356,0.009628832776797935,0.02651841738535201,0.021305350804080567
trained,8,3,34,False,0.024096256209304556,0.01440593705046922,0.009690319064247888,0.025724231575926144,0.02200314447483314
trained,8,3,35,False,0.023096675344277173,0.013045485902694054,0.010051189536170568,0.0247394079120741,0.02150448847275514
trained,8,3,36,False,0.024496702331816778,0.014202429098077118,0.010294273102772422,0.02686475884289511,0.022272163973838993
trained,8,3,37,False,0.02418698070687242,0.013701852687518112,0.010485127990250476,0.027023326984401477,0.02176169843237469
trained,8,3,38,False,0.02687094797147438,0.016521379104233347,0.010349568910896778,0.029389659718920786,0.024189738676913326
trained,8,3,39,False,0.025390036636963487,0.015300438884878531,0.010089597650221549,0.028108863392844796,0.022308699693530797
trained,8,3,40,False,0.027069910778664052,0.01624977303436026,0.010820137686096132,0.030442875565686187,0.023999002108823005
trained,8,3,41,False,0.02795508163399063,0.017316193669103086,0.010638887913955841,0.030525781271549368,0.025302772218036274
trained,8,3,42,False,0.02706928798579611,0.016743202169891447,0.010326085692213383,0.028830936606672984,0.025414406011501946
trained,8,3,43,False,0.027047389768995345,0.016312505002133548,0.010734884897829033,0.03092900691859302,0.023513380716096113
trained,8,3,44,False,0.02688967017456889,0.016155535558937117,0.01073413484118646,0.029995632736738456,0.024233847586573036
trained,8,3,45,False,0.0270832150708884,0.016200542013393715,0.010882672810112126,0.029155949936873878,0.02480660470538452
trained,8,3,46,False,0.02650977298617363,0.015227041352773085,0.011282732142717578,0.03004958865753675,0.023482974510693894
trained,8,3,47,False,0.031076976447366178,0.01943874460994266,0.011638231553661171,0.03457779887203987,0.02746501745330909
trained,8,3,48,False,0.027126064815092832,0.01652838446898386,0.01059768014238216,0.03080404508444998,0.02444213349372148
trained,8,3,49,True,0.03539869608357549,0.03539869608357549,0.0,nan,nan
trained,8,4,0,False,0.011344947197358124,0.005204384826356545,0.006140562109067105,0.01238070656797169,0.00992557269314097
trained,8,4,1,False,0.00999282360135112,0.005818726982397493,0.004174096593487775,0.011819190167201062,0.008381323108230443
trained,8,4,2,False,0.01147934133769013,0.007137501692341175,0.004341839739936404,0.013805713024991218,0.008924146343144725
trained,8,4,3,False,0.01160632586106658,0.0070319353908416815,0.004574390382913407,0.013320072446072447,0.009602113540079128
trained,8,4,4,False,0.01299635460600257,0.008137994060234632,0.00485836044390453,0.015281792329915334,0.010710916802054271
trained,8,4,5,False,0.012447530287317932,0.007431168283801526,0.005016361887101084,0.014356561053287366,0.010865761645670447
trained,8,4,6,False,0.014423707441892475,0.009107026853598654,0.005316680661053397,0.016223398679998557,0.012181986531798254
trained,8,4,7,False,0.01463830197462812,0.00911873986478895,0.0055195618988364,0.01673481486467344,0.012668850521246592
trained,8,4,8,False,0.015162653959123418,0.009591542577254586,0.005571111505560111,0.01772867275218739,0.012826428150952751
trained,8,4,9,False,0.015888006484601647,0.010108642993145622,0.005779363542387728,0.018909809508306136,0.012463296166000266
trained,8,4,10,False,0.017557326558744535,0.011571540628210641,0.0059857859669136815,0.02039264458889032,0.014343966272038718
trained,8,4,11,False,0.017704049620078877,0.011196807638043538,0.006507242032967042,0.02091262264896119,0.015128153415632919
trained,8,4,12,False,0.016847905586473644,0.010595537751214579,0.006252367704291828,0.019429101923699767,0.013922549846271675
trained,8,4,13,False,0.018169479997595772,0.011485721304779872,0.00668375838722568,0.020158166401088237,0.01535530087871934
trained,8,4,14,False,0.017903904401464388,0.011237231447012164,0.00666667318000691,0.01920813138807012,0.016678721728650005
trained,8,4,15,False,0.01891575098852627,0.012108350711059757,0.006807400699472055,0.02110511385627202,0.01651104145729151
trained,8,4,16,False,0.01848992341547273,0.011459473535069264,0.007030450142337941,0.0206346255194928,0.01590148972925441
trained,8,4,17,False,0.017734138091327623,0.010750881599960849,0.00698325656412635,0.02081538119042913,0.015015394509057789
trained,8,4,18,False,0.01886292509152554,0.011807013681391254,0.007055911264615133,0.02059803164793529,0.016833731983551536
trained,8,4,19,False,0.019592693832237273,0.012581611779751256,0.007011081514065154,0.023499930632256326,0.015805679072554292
trained,8,4,20,False,0.0194271823274903,0.012102326800231822,0.007324855454498902,0.022008913103491068,0.016311300284197104
trained,8,4,21,False,0.02126301478710957,0.013915149262174964,0.0073478655103826895,0.024004906402441902,0.018056395731992643
trained,8,4,22,False,0.020049087528605014,0.012580585957039148,0.007468501658877358,0.02192452233284712,0.01839429186657071
trained,8,4,23,False,0.022227165783988312,0.014266650541685522,0.00796051524230279,0.024252606828052265,0.020137425585989913
trained,8,4,24,False,0.0226218220195733,0.014882315532304347,0.00773950683651492,0.02394603127741242,0.02086423608389768
trained,8,4,25,False,0.02160700917011127,0.013706763726077043,0.007900245283963159,0.024428261859485736,0.018696192385894914
trained,8,4,26,False,0.021972160669974983,0.01405445694399532,0.007917703507700935,0.024989277654295337,0.01947226356714964
trained,8,4,27,False,0.02153732773149386,0.013563913831603713,0.007973414147272706,0.023232243445818312,0.019842412337311544
trained,8,4,28,False,0.02235259980079718,0.014308103462099098,0.00804449628049042,0.02434630090227494,0.020295606778254583
trained,8,4,29,False,0.022716513369232416,0.01469264090701472,0.008023872142075561,0.0258889522344347,0.019641687377141073
trained,8,4,30,False,0.023224987409776077,0.014801715107751079,0.008423272156505845,0.024817788481919303,0.02117709981809769
trained,8,4,31,False,0.023205900215543807,0.014535290712956339,0.00867060906603001,0.025215058667319157,0.02078105355131215
trained,8,4,32,False,0.024397702829446644,0.015803979942575097,0.008593722523073666,0.02719520341368422,0.02168627857015683
trained,8,4,33,False,0.023058699793182313,0.014673765996121801,0.008384933753404766,0.024981479215271333,0.02087954948656261
trained,8,4,34,False,0.02315603697206825,0.014882930350722745,0.008273106548585929,0.023966545252025954,0.022113954349021827
trained,8,4,35,False,0.022216844954527915,0.013813274272251874,0.008403570886002854,0.023247116008803012,0.021218274662700983
trained,8,4,36,False,0.023425984341884032,0.014541183525579982,0.008884801165550016,0.02594181377020094,0.021062630115810672
trained,8,4,37,False,0.022521396254887804,0.014058754619327374,0.008462641591904685,0.023329876836831284,0.021830087203694427
trained,8,4,38,False,0.023545221338281408,0.014948110067052767,0.008597111445851624,0.025706043650367945,0.0212449919312231
trained,8,4,39,False,0.023538417473901063,0.014966767601436004,0.008571650163503364,0.02458258332027232,0.022355029980341595
trained,8,4,40,False,0.02624651021324098,0.017631816677749157,0.008614693957497366,0.027656767364652432,0.024962545108439323
trained,8,4,41,False,0.024981969851069152,0.01620529076899402,0.008776678994763643,0.02631374325316686,0.02360791772130936
trained,8,4,42,False,0.025338625360745937,0.01673747847962659,0.00860114705574233,0.028766368981450796,0.022118623707104813
trained,8,4,43,False,0.0235495213419199,0.014896273438353091,0.008653247859911062,0.024586383283871117,0.022605512318993683
trained,8,4,44,False,0.024304427002789453,0.015749851780128665,0.00855457509169355,0.02592681894489264,0.022917164597606315
trained,8,4,45,False,0.02337166731012985,0.014895527099724859,0.008476139992126264,0.023565258969789123,0.023159033603599815
trained,8,4,46,False,0.023515237757237628,0.014933942817151546,0.008581295012845658,0.025447386853649452,0.02186311014752457
trained,8,4,47,False,0.026052378467284143,0.017028076865244657,0.009024301514727995,0.02628082441022763,0.025816680479144295
trained,8,4,48,False,0.024214562465203926,0.016078951477538794,0.008135611351463012,0.026023832977645926,0.022894284889303347
trained,8,4,49,True,0.018601931871671695,0.018601931871671695,0.0,nan,nan
trained,8,5,0,False,0.006429017063055653,0.0031823610479477793,0.0032466561133333016,0.008903718679337888,0.0030377593184648844
trained,8,5,1,False,0.008023447458981536,0.004457982249732595,0.003565465252904687,0.012331252005727341,0.004222443543018445
trained,8,5,2,False,0.010099041464854963,0.005280943372781621,0.004818098084797384,0.013784601714517643,0.006050967298387016
trained,8,5,3,False,0.010209396918071434,0.0054317338654072955,0.004777663118147757,0.014251702849793694,0.00548195461269026
trained,8,5,4,False,0.012161100821685977,0.00633540144917788,0.005825699234264903,0.017886653236928396,0.006435548155423021
trained,8,5,5,False,0.010900432404014282,0.0054337973924702965,0.005466634778713342,0.016483655881843175,0.006274332678211587
trained,8,5,6,False,0.013892234914237633,0.007102456178472494,0.0067897787084802985,0.019847608512451112,0.006474137690179704
trained,8,5,7,False,0.013633367721922696,0.006769266889023129,0.006864101029350422,0.02077912482162637,0.006920687205186396
trained,8,5,8,False,0.013780722045339644,0.006945921442820691,0.006834800624346826,0.021057876117038923,0.007155253795156283
trained,8,5,9,False,0.016307829035213217,0.008257787489128532,0.008050041375099681,0.023799886598306542,0.00781683085175852
trained,8,5,10,False,0.016280046460451558,0.008055147176492028,0.008224898745538667,0.024189470664543265,0.007316032280990233
trained,8,5,11,False,0.016245204460574314,0.008384003122046124,0.00786120154953096,0.02588563784956932,0.00850570165801426
trained,8,5,12,False,0.017439101386116818,0.008941411957493983,0.008497689486830495,0.025694841984659433,0.00808259598367537
trained,8,5,13,False,0.02035940537462011,0.010434925781737547,0.009924479396431707,0.027679407435158888,0.010000911374347953
trained,8,5,14,False,0.01655145877157338,0.00815278174559353,0.008398677084187511,0.02544161020177266,0.008200104417152364
trained,8,5,15,False,0.018581838987302035,0.009273230374674313,0.009308608568971977,0.02657958314712368,0.009797431467497935
trained,8,5,16,False,0.01918393955565989,0.010087320537422784,0.009096618960029446,0.026931080355175906,0.009833941778071738
trained,8,5,17,False,0.01852565983426757,0.009383206132042687,0.0091424539568834,0.02862553937205424,0.009614001726731658
trained,8,5,18,False,0.019832664693240076,0.010201462442637421,0.009631202075979672,0.028082790771040363,0.010184212074757127
trained,8,5,19,False,0.02030542108695954,0.010488532738236245,0.009816888530622236,0.030929798156850867,0.010007948528688686
trained,8,5,20,False,0.021028515475336462,0.010803452867548913,0.010225062447716482,0.02924900355615786,0.011107236821332883
trained,8,5,21,False,0.022704428294673562,0.011982610041741282,0.010721818165620789,0.031846123126645885,0.01201329340810998
trained,8,5,22,False,0.020390148332808167,0.01044646518130321,0.009943683297024108,0.029902205771456164,0.011997156618984744
trained,8,5,23,False,0.021338750142604113,0.010677687561837956,0.010661062668077648,0.03175982724015529,0.010586845758740627
trained,8,5,24,False,0.022429782373365015,0.011538218968780711,0.010891563186305575,0.031007070591902896,0.01104538175277412
trained,8,5,25,False,0.020886590908048674,0.01084033371444093,0.010046257259091362,0.03097556817990083,0.010477328800507599
trained,8,5,26,False,0.022044731653295457,0.011283712272415869,0.01076101949729491,0.03235804848372936,0.01349941217340529
trained,8,5,27,False,0.021901692409301177,0.01175748095556628,0.010144211730221286,0.030666601553093642,0.0131367838512233
trained,8,5,28,False,0.02216527666314505,0.01123932545306161,0.010925951224635355,0.03288827787798185,0.011101862674372064
trained,8,5,29,False,0.022506258392240852,0.01173746504355222,0.010768793188617565,0.033350621276195085,0.011995567872117344
trained,8,5,30,False,0.02482058765599504,0.012992198098800145,0.011828389659058303,0.03303466970100999,0.014259624719021043
trained,8,5,31,False,0.02474060485837981,0.012889487981738057,0.011851117218611762,0.03459394183009863,0.012848647046384627
trained,8,5,32,False,0.02429148502415046,0.012408578288159333,0.011882906663231552,0.03594714651505153,0.012994459285759008
trained,8,5,33,False,0.024010398978134617,0.012616677267942578,0.011393721637432463,0.032843371072564936,0.013999697581554452
trained,8,5,34,False,0.024064295284915715,0.012658037361688912,0.011406257937778719,0.03238574260224899,0.013365292389478001
trained,8,5,35,False,0.02308894257294014,0.011962356744334102,0.011126586061436683,0.03226217095341001,0.014197967380571823
trained,8,5,36,False,0.02367838067584671,0.012040994479320943,0.011637386225629598,0.03484896740185157,0.0131847987050247
trained,8,5,37,False,0.021761567826615646,0.010772450630611274,0.010989117392455228,0.03195540580140837,0.013045098403117794
trained,8,5,38,False,0.02409697894472629,0.012703761807642877,0.011393217340810224,0.03227088160135529,0.015395728255351706
trained,8,5,39,False,0.023979239747859538,0.012084463967767078,0.011894775874679908,0.032084263751612,0.014793545535455147
trained,8,5,40,False,0.025046094408025965,0.013098746989271604,0.011947347680688836,0.03679006534521697,0.01435382251363637
trained,8,5,41,False,0.02587430679704994,0.01365915301721543,0.012215153386932798,0.035623173472973016,0.01581595203883591
trained,8,5,42,False,0.02461555425543338,0.013006390377995558,0.011609163979301229,0.03459862066853431,0.015237522128066332
trained,8,5,43,False,0.025053493736777455,0.012723959662253037,0.012329534656601027,0.0353712798630605,0.015659689861558267
trained,8,5,44,False,0.024928400962380692,0.013264278444694355,0.01166412241582293,0.03510596517915443,0.016225845606970615
trained,8,5,45,False,0.02583687417791225,0.013932352449046448,0.011904521408723667,0.03441232273271724,0.016417938597561393
trained,8,5,46,False,0.024208782066125423,0.012572876454214565,0.011635905597358942,0.03351737495701192,0.016249260790916025
trained,8,5,47,False,0.025222085998393595,0.013142514129867777,0.012079571795766242,0.03404036625646628,0.01612386012095071
trained,8,5,48,False,0.023592419078340754,0.01261967871687375,0.010972740754368715,0.03346557989371595,0.01638768009866613
trained,8,5,49,True,0.020952001157638733,0.020952001157638733,0.0,nan,nan
trained,9,0,0,False,0.008521880656189751,0.0005818149279548379,0.007940065777802374,0.00861396635365155,0.008403484859237713
trained,9,0,1,False,0.006689481269859243,0.0006758810548035399,0.006013600264850538,0.006583109673490559,0.0068138819464119305
trained,9,0,2,False,0.0074998280324507505,0.0008920336697428866,0.0066077945521101356,0.007692408006848164,0.007259948089261326
trained,9,0,3,False,0.008194252237444744,0.001023652164349187,0.007170599972596392,0.008235053676697943,0.00814179320669999
trained,9,0,4,False,0.008075214456766844,0.0007805309778632363,0.007294683484360576,0.007894768640083276,0.008229508840789396
trained,9,0,5,False,0.009439935762202367,0.001015393036595924,0.008424542626016773,0.009616102953122495,0.009206114116717467
trained,9,0,6,False,0.010183857404626906,0.0012093725988506776,0.008974484822829254,0.010195069659787875,0.010172289382252427
trained,9,0,7,False,0.010240855539450422,0.0011502721205260968,0.009090583480428904,0.01014904977960719,0.010358891516391721
trained,9,0,8,False,0.011164042225573212,0.0015346958057307347,0.009629346241126768,0.011808627064071469,0.01061287527040079
trained,9,0,9,False,0.012533897956018336,0.001483440703850647,0.011050457309465855,0.012590027287263762,0.012504496833398228
trained,9,0,10,False,0.01208259939448908,0.0012379266404423106,0.010844672855455428,0.012459534490781446,0.011728509244593708
trained,9,0,11,False,0.01300236044335179,0.0012184718980279285,0.011783888563513756,0.012782080599398756,0.013244306912920514
trained,9,0,12,False,0.012742683640681207,0.0012770954708685167,0.01146558795880992,0.01279586263699457,0.012654051679419354
trained,9,0,13,False,0.013861018873285502,0.0016569236745453964,0.012204095124616288,0.013744995915400448,0.013988454123867339
trained,9,0,14,False,0.014653780730441213,0.0014577986266886,0.013195982144679874,0.015140815117096498,0.014237331415432087
trained,9,0,15,False,0.014877151435939595,0.0014053893464733846,0.01347176218405366,0.014896066659795384,0.014854322685378379
trained,9,0,16,False,0.016386671195505187,0.0013375388621170714,0.015049132256535813,0.017499004689152123,0.015373949600911853
trained,9,0,17,False,0.016595619672443718,0.001582507614784845,0.015013112541055307,0.016584630560828373,0.016606609322479926
trained,9,0,18,False,0.01691937501891516,0.0014577033723526256,0.0154616717773024,0.016469950370233636,0.017291755402194603
trained,9,0,19,False,0.016931386344367638,0.001916309748594358,0.015015076496638358,0.017497872045406926,0.016346916985062382
trained,9,0,20,False,0.017762326780939475,0.001953133727511158,0.01580919328262098,0.01711169067044359,0.018499714725961288
trained,9,0,21,False,0.01822902902495116,0.0019900219840565114,0.016239007149124518,0.017685128054742157,0.01867968990866627
trained,9,0,22,False,0.019387673382880166,0.0022047867744277028,0.017182886775117368,0.019276500926079118,0.01951366825184474
trained,9,0,23,False,0.019683919090311974,0.0016543193737561523,0.018029599537840113,0.01987393533230805,0.019510918672182666
trained,9,0,24,False,0.019920633494621143,0.0020600999723683344,0.017860533494967967,0.020236540900973175,0.019594697902599968
trained,9,0,25,False,0.01947169180493802,0.0020985777373425663,0.017373114445945248,0.02029355661943555,0.01874651716035955
trained,9,0,26,False,0.02159158850554377,0.002213004033364996,0.019378584722289816,0.020822412741016334,0.022549684527085015
trained,9,0,27,False,0.02096077348687686,0.0018823457894541207,0.019078427489148453,0.019785771173808503,0.02229244289919734
trained,9,0,28,False,0.021472130756592378,0.0019026162419777393,0.019569514552131295,0.022168915485963225,0.02077534596901387
trained,9,0,29,False,0.022021609271178022,0.0019404147378736525,0.020081194292288274,0.021868476830422878,0.022206423804163933
trained,9,0,30,False,0.022488399903522804,0.001866306115516636,0.020622093667043373,0.023546603230530757,0.021638856833459626
trained,9,0,31,False,0.022325112484395504,0.0023557083386549493,0.019969404354924336,0.02261367723555632,0.021965672507097845
trained,9,0,32,False,0.02328774455236271,0.001926907736560679,0.021360836341045797,0.023222101324084983,0.023359843529760838
trained,9,0,33,False,0.02268526901025325,0.001941564577009558,0.0207437043718528,0.022793130483478308,0.02254658940780376
trained,9,0,34,False,0.023372944619040936,0.0018969515685967053,0.02147599315503612,0.023865058662041146,0.022815215339263277
trained,9,0,35,False,0.02282935130642727,0.0019419510094849102,0.02088740060571581,0.022298598173456113,0.02331257514210779
trained,9,0,36,False,0.0219131160993129,0.0016256439121207222,0.020287472056224942,0.020924345729177566,0.02299914218973918
trained,9,0,37,False,0.02380188601091504,0.00205128451307246,0.021750601677922532,0.02445610358308141,0.023354263780148404
trained,9,0,38,False,0.024076791130937636,0.0023268918575922726,0.02174989937338978,0.02395970182682293,0.024213726742792936
trained,9,0,39,False,0.02441564976470545,0.0024671200962984585,0.021948529669316486,0.025880431237279393,0.023082043169372117
trained,9,0,40,False,0.02304855186957866,0.0022941530305615743,0.020754399040015414,0.023001101011267077,0.02309750948869993
trained,9,0,41,False,0.022604093654081225,0.0022062134821680957,0.0203978804347571,0.02482534933369607,0.02127134024631232
trained,9,0,42,False,0.024081893148832023,0.002172057671486982,0.02190983554464765,0.024366481201006814,0.02378827046662096
trained,9,0,43,False,0.022398390749003738,0.0018355915153733804,0.02056279929820448,0.023264819223965918,0.021558621869637414
trained,9,0,44,False,0.021437274175696075,0.0018479537675375468,0.019589320436352864,0.021808702149428427,0.021065845794510096
trained,9,0,45,False,0.020175843528704718,0.001964721910553635,0.01821112143807113,0.02104075622628443,0.01931093106395565
trained,9,0,46,False,0.02061327811679803,0.0020611805712178466,0.018552097491919994,0.020104561158913677,0.021048267655398537
trained,9,0,47,False,0.02224012470105663,0.002449146426442894,0.01979097814182751,0.021770850725231633,0.022680957406533486
trained,9,0,48,False,0.01961431378731504,0.0020471329835345387,0.01756718082469888,0.020038508649530083,0.019262838536607367
trained,9,0,49,True,0.13149269972927868,0.13149269972927868,0.0,nan,nan
trained,9,1,0,False,0.13579576992196962,0.008949959565143217,0.12684581137727946,0.1344275284662015,0.13755493619412715
trained,9,1,1,False,0.014915202074917033,0.008728695418540156,0.006186506743688369,0.015161006562951681,0.014627735777679136
trained,9,1,2,False,0.016506509578903206,0.011705575254381984,0.0048009341771830805,0.016370713920660425,0.016675659014206184
trained,9,1,3,False,0.013339105906197801,0.009244558671525738,0.004094547302884166,0.013974774771163033,0.012521817398789738
trained,9,1,4,False,0.013635542592965066,0.009741472957102815,0.003894069568559644,0.014691944944403939,0.012732241545682367
trained,9,1,5,False,0.01385898828448262,0.010063640281259723,0.0037953479404677637,0.014912673693201314,0.01246046033603224
trained,9,1,6,False,0.01278978560003452,0.009159578130493173,0.003630207362220972,0.013419371621253399,0.012140212151857595
trained,9,1,7,False,0.01376031457039062,0.010151591022804496,0.0036087235012018937,0.01345867146220472,0.01414814154850319
trained,9,1,8,False,0.01375606506189797,0.00991432904083922,0.003841735866444651,0.015130499259458256,0.0125808240170928
trained,9,1,9,False,0.01311312556208577,0.009234551525878487,0.003878574099871912,0.014098964811472055,0.012596733513332549
trained,9,1,10,False,0.013793255522614345,0.009960358565876959,0.003832897048596351,0.014321942693523822,0.013296610068981396
trained,9,1,11,False,0.013893261420889758,0.009685590954177314,0.004207670604046143,0.014130548963239835,0.013632633799656494
trained,9,1,12,False,0.014253812041715719,0.010311692984032561,0.0039421191040673875,0.015380160580389202,0.01237656397279352
trained,9,1,13,False,0.014742170518729836,0.010335464801755734,0.004406705668770883,0.016062694101302483,0.013291759630207158
trained,9,1,14,False,0.013220662149251439,0.009205187951010885,0.004015474250991247,0.01462990781134468,0.012015655042900556
trained,9,1,15,False,0.014135959296254441,0.009800517947951448,0.004335441339208046,0.014756023325026034,0.013387606174139114
trained,9,1,16,False,0.01401190496108029,0.009566123360855272,0.004445781451067887,0.014770497644289596,0.013321245339379381
trained,9,1,17,False,0.014180201920680702,0.009742041518620681,0.00443816035931377,0.014079498694627546,0.014280904884799384
trained,9,1,18,False,0.014789449705858715,0.009964996675989823,0.004824452995308093,0.015484411076738916,0.014213624742946455
trained,9,1,19,False,0.015034428754006512,0.010399661188785103,0.004634767658899364,0.01587211823520752,0.014170146295948633
trained,9,1,20,False,0.0146724981314037,0.009669402750660083,0.005003095054235018,0.015757898065631333,0.013442378266093631
trained,9,1,21,False,0.015027374378405511,0.009573993254889501,0.005453381206280028,0.015777036065942253,0.014406226389110089
trained,9,1,22,False,0.015681191202020273,0.01056391981910565,0.00511727140747098,0.015776807743617716,0.01557282606760661
trained,9,1,23,False,0.014983283472247422,0.009686111025075661,0.005297172470818623,0.015365008722807539,0.014635742739287774
trained,9,1,24,False,0.016787123546237126,0.011562340758246137,0.005224782715231413,0.016897419252647802,0.016673325723598875
trained,9,1,25,False,0.015837066050153226,0.010511984935874352,0.00532508075775695,0.016402788801739614,0.015337898779441328
trained,9,1,26,False,0.016715337376808748,0.010486763228982454,0.006228573963198869,0.017674077485858555,0.01552111725731377
trained,9,1,27,False,0.015984805242624134,0.010326013420126401,0.005658791428686527,0.01629828576765516,0.01562952669337392
trained,9,1,28,False,0.016854802437592298,0.01070373370021116,0.006151068834697071,0.017307843314483762,0.01640176199725829
trained,9,1,29,False,0.016325709962984547,0.010302467711881036,0.006023242362061865,0.01769987368690116,0.014667236422798756
trained,9,1,30,False,0.01742542997817509,0.011500750500999857,0.005924679342570016,0.018586092857284506,0.0164936296904171
trained,9,1,31,False,0.016250263521214947,0.009843646024819463,0.006406617307220586,0.016337915441729654,0.016141082666683616
trained,9,1,32,False,0.016979600448394194,0.010268232505040942,0.006711367967000115,0.01682054712923605,0.017154298753279156
trained,9,1,33,False,0.01736503848223947,0.01082103261796874,0.006544005775140249,0.01753711728896532,0.017143793936286653
trained,9,1,34,False,0.016911621089093387,0.01029671485957806,0.006614906466893444,0.017723092206699008,0.015991954257090886
trained,9,1,35,False,0.01818241985165514,0.011188435222720727,0.006993984442487999,0.017565314093085586,0.018744261990954626
trained,9,1,36,False,0.017061139573343098,0.010300712998287054,0.006760426489563542,0.017864634964003492,0.01617861182627375
trained,9,1,37,False,0.017885573470266536,0.010750156405265443,0.007135417285098811,0.01765926705243496,0.018040415218197985
trained,9,1,38,False,0.017851206386694685,0.011515932907059323,0.006335273424156185,0.01820438649451387,0.017438164833238567
trained,9,1,39,False,0.019182933232514188,0.011984909237071406,0.007198024580247875,0.019410852403914342,0.01897542573400398
trained,9,1,40,False,0.01803852163720876,0.011059895150538068,0.006978626366617391,0.018174012005329133,0.017898729780600184
trained,9,1,41,False,0.017772518913261592,0.0107280516604078,0.007044467441119195,0.018968598005206633,0.01705487170256674
trained,9,1,42,False,0.018394236627500504,0.011517396502313204,0.0068768404353249935,0.01896629551282296,0.01780401726090719
trained,9,1,43,False,0.019604440283728763,0.012224944664922077,0.007379495946224779,0.019919729096785424,0.019298853152073345
trained,9,1,44,False,0.018898020236520097,0.011501961998874322,0.007396058330414235,0.01984007452847436,0.01795596574083902
trained,9,1,45,False,0.021325190842617303,0.013503589354513679,0.007821601362593356,0.02197961983620189,0.02067076152889058
trained,9,1,46,False,0.019641711900476366,0.012280966162506957,0.007360745549704006,0.019341073709271725,0.019898779663270798
trained,9,1,47,False,0.019599843537434936,0.01199848017131444,0.007601363205139933,0.02030605330852972,0.018936434450248875
trained,9,1,48,False,0.01931535778567195,0.012283836811548099,0.007031520877717412,0.01958459583592826,0.019092274829745293
trained,9,1,49,True,0.08992023306200281,0.08992023306200281,0.0,nan,nan
trained,9,2,0,False,0.00739830122620333,0.0010787764625490581,0.006319524742139038,0.007248276378959417,0.007591190282255411
trained,9,2,1,False,0.003529006191456574,0.0016638447135335355,0.0018651614318514476,0.0031251756008714437,0.004001282625121333
trained,9,2,2,False,0.003344703049151576,0.0015246949805600707,0.0018200080085080117,0.003151689319950069,0.003585123520328157
trained,9,2,3,False,0.004125495750486152,0.001995121416996426,0.002130374308762839,0.003749065966177215,0.004609476816507855
trained,9,2,4,False,0.003798187506617978,0.001630634800108055,0.002167552760511171,0.004076800129565773,0.003559953487559181
trained,9,2,5,False,0.004024663656309713,0.001775489903423022,0.0022491736908705207,0.0036696934361291466,0.004495805845892226
trained,9,2,6,False,0.00423215891350992,0.0017240560337370425,0.002508102945284918,0.0037521948518518073,0.004727359975702942
trained,9,2,7,False,0.004623143653589068,0.001974597480511875,0.0026485461166885216,0.004466155442059971,0.004824985777044536
trained,9,2,8,False,0.005152568650373723,0.002312282338721161,0.0028402862008078955,0.004927651080602811,0.005344889433784545
trained,9,2,9,False,0.005505250315763988,0.002457782255589791,0.0030474680534098297,0.005470405646271749,0.005523502397062701
trained,9,2,10,False,0.005587602765444899,0.002301428614600809,0.0032861740837688558,0.00594394953523372,0.0052528527149027495
trained,9,2,11,False,0.005917949456488714,0.002242507805704008,0.003675441439554561,0.005696095515793162,0.006161624913058076
trained,9,2,12,False,0.006043270870577544,0.0021215854085312458,0.003921685489331139,0.005905215645907447,0.0062733628110436266
trained,9,2,13,False,0.006162648627650924,0.0024739130967645906,0.003688735669129528,0.006289249359032334,0.006023595413025164
trained,9,2,14,False,0.006495817608083598,0.0019315869674301211,0.004564230617688736,0.005981497170593021,0.006935598831488818
trained,9,2,15,False,0.006836126074631466,0.0022186595127777764,0.004617466423951555,0.006732702474775059,0.006960947712851238
trained,9,2,16,False,0.0075890616863034666,0.002615380539509715,0.00497368131618714,0.006996406822419557,0.00812864309149002
trained,9,2,17,False,0.007820503342372831,0.00237938229156498,0.005441120949399192,0.007522243569837883,0.008118762933008838
trained,9,2,18,False,0.008567092168959789,0.002269166031283021,0.00629792628751602,0.008186006910520894,0.008882848599127361
trained,9,2,19,False,0.00805043637228664,0.002410669257869813,0.005639767157845199,0.007427255501254247,0.008693400933037675
trained,9,2,20,False,0.008687885638209991,0.002796686953843164,0.005891198503377382,0.008021365279359195,0.009443275164812803
trained,9,2,21,False,0.010033814702183008,0.0031352903556580713,0.006898524465213995,0.009531212645454397,0.010450256496135677
trained,9,2,22,False,0.009807150432607159,0.0029043775416539575,0.006902772998728324,0.00952203681021381,0.010130279530615856
trained,9,2,23,False,0.011487277748528868,0.003232764623589901,0.00825451324635651,0.01056084794862593,0.01233074370660444
trained,9,2,24,False,0.011655027192318812,0.0031526862130704103,0.008502340977429412,0.011053771038468068,0.012275370939206037
trained,9,2,25,False,0.012127186811994761,0.003438092740452703,0.00868909401469864,0.011946302147892614,0.012286790824659607
trained,9,2,26,False,0.012388711897074245,0.003531617710905266,0.008857094260747544,0.011836255362755815,0.01307685961007353
trained,9,2,27,False,0.015613675583153963,0.003623244128903025,0.01199043117230758,0.014370074303930298,0.01702308983852466
trained,9,2,28,False,0.013996074092574418,0.003483009014871641,0.01051306513545569,0.01446728354494553,0.013524864567443728
trained,9,2,29,False,0.014452044619247317,0.003563469891787463,0.010888574819546193,0.013767884378986699,0.015277755727734543
trained,9,2,30,False,0.015786447329446673,0.003228558090995648,0.012557889320305549,0.014945632238921367,0.0164614677147179
trained,9,2,31,False,0.017930616799276322,0.00338661274054175,0.014544004370691255,0.01719738790293185,0.0188439371750543
trained,9,2,32,False,0.01760989846661687,0.0037999921241862467,0.01380990634788759,0.017497194152492193,0.017733688710532228
trained,9,2,33,False,0.01870870220591314,0.0037620635048369877,0.014946638490073383,0.018899568873975012,0.018463301954657903
trained,9,2,34,False,0.018037153087789193,0.003924548835129826,0.014112604461843148,0.018501735045848525,0.017510627411926785
trained,9,2,35,False,0.0191769894445315,0.0035169964448868996,0.01565999278682284,0.018875826424995405,0.01945118191860505
trained,9,2,36,False,0.02107161097228527,0.004379299552965676,0.016692311444785446,0.020419890255625565,0.021787435388894848
trained,9,2,37,False,0.02198577838134952,0.004400214320412488,0.01758556393906474,0.02326776646077633,0.021108628642794336
trained,9,2,38,False,0.02434248587815091,0.004385880329209613,0.01995660539250821,0.024530642814394356,0.024122437446425525
trained,9,2,39,False,0.024031994107645005,0.00493919144719257,0.01909280294785276,0.023432503561260268,0.024577799628474818
trained,9,2,40,False,0.02848106768215075,0.004909178229354438,0.023571889410959557,0.02709404410651097,0.029912123427031534
trained,9,2,41,False,0.025992712326114997,0.004938559691254341,0.021054152864962816,0.025455407080395766,0.02631509522907436
trained,9,2,42,False,0.029429309885017574,0.00529553922751802,0.02413377061020583,0.027922974885083163,0.030983465472384106
trained,9,2,43,False,0.029645308735780418,0.004814332673049648,0.024830976355588064,0.02922598562306828,0.030051729613198682
trained,9,2,44,False,0.02952384273521602,0.005135050301760202,0.02438879295368679,0.02897409556317143,0.030073590285610408
trained,9,2,45,False,0.032444826763821766,0.00631954678465263,0.02612527960445732,0.03230603988049552,0.032583613152382895
trained,9,2,46,False,0.036642277089413255,0.0064942746321321465,0.03014800272649154,0.034572946760108914,0.03841170528228732
trained,9,2,47,False,0.033551717933733016,0.006774898352887249,0.026776819519000128,0.029883847812250737,0.03699729320677844
trained,9,2,48,False,0.032422853633761406,0.007030419757938944,0.025392433861270547,0.03373851183930348,0.03133273651557309
trained,9,2,49,True,0.2881315684498986,0.2881315684498986,0.0,nan,nan
trained,9,3,0,False,0.013593800249509513,0.003892571319738636,0.009701228911580984,0.012455471862469696,0.01505736484458404
trained,9,3,1,False,0.007749558426439762,0.004135462106205523,0.003614096174715087,0.008117573059069506,0.0073191682350332455
trained,9,3,2,False,0.008528448393917643,0.004955732918460853,0.003572715500922641,0.009339756568447806,0.007517871438738024
trained,9,3,3,False,0.009347998042358086,0.005751848966610851,0.0035961490939371288,0.00922594747842393,0.009504920462079878
trained,9,3,4,False,0.010281877912348136,0.0062841002363711596,0.00399777778875432,0.010726065078939674,0.009902065741303175
trained,9,3,5,False,0.0105155852943426,0.006391736365912948,0.004123848968447419,0.010483246947294229,0.010558507083491845
trained,9,3,6,False,0.010629520431393757,0.006165575308841653,0.004463945071620401,0.010912438704130742,0.010337620522708646
trained,9,3,7,False,0.011547593283466995,0.006642473286774475,0.004905119869363261,0.011820119889711754,0.011197201799534793
trained,9,3,8,False,0.01349300125730224,0.008265321623184718,0.005227679946983699,0.01331993851463421,0.013640982719759148
trained,9,3,9,False,0.013464081173879094,0.008199420015444048,0.005264661132969195,0.016030429904772478,0.01211980317852327
trained,9,3,10,False,0.01358045444067102,0.008018380889552645,0.005562073794862954,0.014500678177066746,0.012716002240212578
trained,9,3,11,False,0.014614888350479305,0.008825912220345344,0.005788976144685876,0.015611663474631844,0.01352006961881626
trained,9,3,12,False,0.01476818582159467,0.009068936844414566,0.005699248969904147,0.015137886005686597,0.01415201838244684
trained,9,3,13,False,0.014913381281076,0.008329965792654548,0.00658341555390507,0.015548735627654329,0.014215533575806462
trained,9,3,14,False,0.01676999297342263,0.010425086416944396,0.0063449068838963285,0.01843187322256045,0.015348965302109718
trained,9,3,15,False,0.016533146816072986,0.009528121023322456,0.007005025807302445,0.01746159451348441,0.015412606732470208
trained,9,3,16,False,0.016268650389974937,0.009422318566066679,0.0068463316674751695,0.0178403935364646,0.014837660395832205
trained,9,3,17,False,0.017230132361873984,0.009961063929949887,0.0072690685410634615,0.019760259150643833,0.014700005573104136
trained,9,3,18,False,0.016340219386620447,0.00902372202835977,0.007316497067222372,0.017375487304324734,0.015482425303863626
trained,9,3,19,False,0.0190430955553893,0.011178457061760128,0.007864638784667477,0.02005774060694071,0.017996240126353407
trained,9,3,20,False,0.017503934242995456,0.009559675367199816,0.007944258482893929,0.019241029043127234,0.01553522632457316
trained,9,3,21,False,0.01801594119751826,0.0101220630822354,0.007893878289905842,0.01888196658471535,0.01729837759797062
trained,9,3,22,False,0.01909620509832166,0.010859194306249265,0.008237011199526023,0.021629561875563336,0.016225067960719267
trained,9,3,23,False,0.020510163565631956,0.011786276307248045,0.008723887287487742,0.021738989839757805,0.019391381668288316
trained,9,3,24,False,0.01978973115910776,0.011272149349679239,0.0085175818130665,0.02076928966607039,0.01877907526102804
trained,9,3,25,False,0.02118710780632682,0.012376220023725182,0.008810888128209626,0.022299343720078465,0.020205723053282675
trained,9,3,26,False,0.02295173503807746,0.0132832763629267,0.00966845873335842,0.02503675498514318,0.020354604054438438
trained,9,3,27,False,0.02182632146286778,0.012264363642316312,0.009561958133417647,0.02348230083418243,0.01994954588202139
trained,9,3,28,False,0.023110821886803024,0.013534883575630374,0.00957593836938031,0.026100757531821728,0.0201208866055822
trained,9,3,29,False,0.022127425792859867,0.01270223678147886,0.009425188676686957,0.022767107454793795,0.021355396120584215
trained,9,3,30,False,0.02251454710494727,0.012870951904915273,0.00964359515637625,0.02471641178667676,0.02074685244178268
trained,9,3,31,False,0.023212850268464535,0.013506801013136283,0.009706048884254415,0.023822121610733826,0.022453933464069115
trained,9,3,32,False,0.024164044385543093,0.013893881972762756,0.010270162165397778,0.026579498914556937,0.02151100381781332
trained,9,3,33,False,0.02469768951414153,0.014379272994119674,0.010318416439986322,0.026285060164001256,0.022656784193324193
trained,9,3,34,False,0.02362149825785309,0.013122295480570756,0.010499202646315098,0.02467701674493797,0.02242524361548324
trained,9,3,35,False,0.02496481651905924,0.014535811002133414,0.010429005698824767,0.02758411638682983,0.022580081124359105
trained,9,3,36,False,0.025518928770907223,0.014615318737924099,0.010903610054810997,0.027433318975590062,0.023416238394184188
trained,9,3,37,False,0.02624595264205709,0.01503367131226696,0.01121228166448418,0.028835881232785493,0.024473896911857945
trained,9,3,38,False,0.02575384412193671,0.014922819333150983,0.010831024512299336,0.02815493481044752,0.02294578823118897
trained,9,3,39,False,0.026158153370488435,0.015151462954236194,0.011006690430804156,0.03014308018762557,0.022530085365496465
trained,9,3,40,False,0.026511774223763496,0.015361930563813075,0.011149843427119777,0.030586128022808294,0.022308075475314305
trained,9,3,41,False,0.026350487663876265,0.014576778121409006,0.011773709389672149,0.028760706685716286,0.024904356524348262
trained,9,3,42,False,0.026555184449534863,0.01529528055107221,0.011259903913014568,0.031110959571714586,0.02185478156048154
trained,9,3,43,False,0.026146788179175928,0.01462345953041222,0.011523328714247327,0.027382710623362706,0.02494889383132641
trained,9,3,44,False,0.026732106605777517,0.014913360064383596,0.011818746403150726,0.02927474286116194,0.02418946966645308
trained,9,3,45,False,0.02644178067566827,0.01480107379029505,0.011640706878097262,0.030349918379215524,0.022533642826601863
trained,9,3,46,False,0.027313129045069218,0.015593445728882216,0.01171968319977168,0.03201164049491034,0.023295561229621155
trained,9,3,47,False,0.028463180118706077,0.01682556205196306,0.011637618437816855,0.03343122471274147,0.023796229087042084
trained,9,3,48,False,0.027314477425534278,0.015909030800685287,0.011405446348362602,0.031056225653095494,0.024214170713509835
trained,9,3,49,True,0.0359857659041154,0.0359857659041154,0.0,nan,nan
trained,9,4,0,False,0.012965042071300559,0.006309146068815608,0.006655896002484951,0.014938445283203488,0.010427809470067067
trained,9,4,1,False,0.010959699095110409,0.00639236257848097,0.004567336356558371,0.012651278340406176,0.008981411345303059
trained,9,4,2,False,0.013388291466981173,0.008665320594445802,0.004722970967122819,0.01634468198557135,0.009705769510841684
trained,9,4,3,False,0.01311248994898051,0.00832360600179527,0.004788884005392902,0.015475610497459356,0.010074192491759148
trained,9,4,4,False,0.013798151689115912,0.008628449082607403,0.005169702730199788,0.016969608434996866,0.011086326483907043
trained,9,4,5,False,0.01521444231912028,0.00977484668692341,0.005439595457573887,0.01797132007777691,0.011555313141169874
trained,9,4,6,False,0.01504424907034263,0.00955615402199328,0.0054880949392099865,0.017491104747526923,0.012519715324280754
trained,9,4,7,False,0.016239999240497127,0.010287657190929167,0.005952342115051579,0.019083251394072753,0.012584389320441654
trained,9,4,8,False,0.016074064100394025,0.009961836170987226,0.006112227849371266,0.01982623972472245,0.012865681849096132
trained,9,4,9,False,0.016695834667189047,0.01066333198104985,0.006032502722518984,0.021751667489297688,0.014047541456030946
trained,9,4,10,False,0.017626073473365977,0.011408352918806486,0.00621772077283822,0.02207522315063304,0.013446569880188415
trained,9,4,11,False,0.018181073624873534,0.011894572046003304,0.006286501658905763,0.021161640132429882,0.014907336977050928
trained,9,4,12,False,0.018314229499083012,0.011882340637384914,0.006431888890801929,0.020709177537355572,0.014322649018140511
trained,9,4,13,False,0.01850405175355263,0.011752197606256232,0.0067518538708100095,0.020802080242046668,0.01597998781343464
trained,9,4,14,False,0.01805447123479098,0.011520593689056113,0.006533877749461681,0.021256326610948575,0.01531665280893229
trained,9,4,15,False,0.019433418929111212,0.01254922992666252,0.006884189271659125,0.022453875300873602,0.01578804083040048
trained,9,4,16,False,0.01970093240379356,0.012873551138909534,0.006827381148468703,0.02397666382985037,0.015808102049267116
trained,9,4,17,False,0.020068811252713203,0.01301538964617066,0.00705342143191956,0.02288110277731903,0.017256519160582684
trained,9,4,18,False,0.01962109876330942,0.012543535063741729,0.007077564077917486,0.02206922102526858,0.017592654882797175
trained,9,4,19,False,0.02005340767209418,0.012809055304387584,0.007244352367706597,0.02202532535705429,0.01801888903395997
trained,9,4,20,False,0.020567372324876487,0.013162507239030674,0.007404865056741983,0.023647774029728574,0.01707625053822994
trained,9,4,21,False,0.020025345729663968,0.012743623883579858,0.007281721860636026,0.023191365573940605,0.017402072623372077
trained,9,4,22,False,0.021140305907465518,0.013823908084305003,0.007316397764952853,0.024629770202890915,0.017185579550762973
trained,9,4,23,False,0.02124881511554122,0.013860696228221059,0.007388118814560585,0.024198818104494303,0.018562991825391107
trained,9,4,24,False,0.021176689362619072,0.013878394514904357,0.00729829455667641,0.022581335658637375,0.01972745060329399
trained,9,4,25,False,0.021624267188599333,0.014405212888959795,0.007219054168672301,0.024985886039212347,0.018658132771687475
trained,9,4,26,False,0.022141927300253883,0.014431752133532427,0.00771017542865593,0.025162531430242767,0.01837942086715709
trained,9,4,27,False,0.02176469162805006,0.014170835856930353,0.0075938558438792825,0.024873633389635122,0.018241224888091285
trained,9,4,28,False,0.021954312862362713,0.01436637484584935,0.007587938132928684,0.02480126472073607,0.019107360960333608
trained,9,4,29,False,0.021987232175888494,0.014465019456110895,0.007522213170886971,0.024660487047263556,0.018760890186089896
trained,9,4,30,False,0.021742596465628594,0.014191295878845267,0.007551300383056514,0.023891311457478685,0.02001757145872418
trained,9,4,31,False,0.02235639374703169,0.014864270910038613,0.007492122822441161,0.022957074180455277,0.02160817781757367
trained,9,4,32,False,0.02208713724394329,0.014492162779788487,0.007594974274979904,0.024294004136168248,0.019663201797692504
trained,9,4,33,False,0.02357621112605557,0.01578347702161409,0.00779273416264914,0.02617517512084709,0.02023468627261796
trained,9,4,34,False,0.022555007482878864,0.01483654031471815,0.007718467400991358,0.024404523510705024,0.020458888774737713
trained,9,4,35,False,0.022093509091064334,0.014481785183306783,0.007611724082380533,0.023627237447339005,0.020697130335133467
trained,9,4,36,False,0.02266914740903303,0.014538809657096863,0.008130338173941709,0.02562609238466665,0.01942135544768611
trained,9,4,37,False,0.021977981203235686,0.014222224199329503,0.007755756960250437,0.024270011703125562,0.02040974974730297
trained,9,4,38,False,0.02515006740577519,0.0174615730647929,0.007688494340982288,0.027318788192950298,0.02261376666631234
trained,9,4,39,False,0.023105113650672138,0.015315234995796345,0.007789878756739199,0.02492101606531221,0.02145182916811153
trained,9,4,40,False,0.02357899589696899,0.015914850650005974,0.007664145276066847,0.02687693862960889,0.020176356022674886
trained,9,4,41,False,0.022716613195370883,0.014946047507692128,0.007770565745886415,0.02601165078037108,0.02073959051631391
trained,9,4,42,False,0.024692939477972686,0.01715924753807485,0.007533691474236548,0.027706943882199436,0.021583251862062346
trained,9,4,43,False,0.02213132896577008,0.014440846382058226,0.007690482627367601,0.023056755463282265,0.021234377072407648
trained,9,4,44,False,0.02291832453920506,0.015273742523277178,0.007644581841304898,0.02515727828722447,0.020679370471043512
trained,9,4,45,False,0.022690736106596887,0.0149560190475313,0.0077347169135464355,0.025472158566117287,0.019909313283278607
trained,9,4,46,False,0.023044391069561243,0.015341397825977765,0.007702992646954954,0.024678994885693164,0.0216466856688477
trained,9,4,47,False,0.02301045908825472,0.015271816024323925,0.0077386429329635575,0.02515152307046998,0.020999156178511454
trained,9,4,48,False,0.0233317393285688,0.016174824064364657,0.00715691527875606,0.025914594161741696,0.021191659782614027
trained,9,4,49,True,0.017890517538035056,0.017890517538035056,0.0,nan,nan
trained,9,5,0,False,0.006741123084793799,0.0033247759438381763,0.003416347171878442,0.009549476342120519,0.003130383364415528
trained,9,5,1,False,0.008034968675929122,0.004171403856162215,0.0038635650344076566,0.011207646076176045,0.004324549477610548
trained,9,5,2,False,0.009512824020930566,0.0053626731532858685,0.004150150911300443,0.013742412633957785,0.004244388963438962
trained,9,5,3,False,0.010964291606796905,0.005679972578946035,0.005284319020574912,0.015777564116029277,0.004775798524081308
trained,9,5,4,False,0.011230985299334861,0.005769041345047299,0.00546194393245969,0.01752573989678995,0.005848513794657977
trained,9,5,5,False,0.01386224030284211,0.007356389702181332,0.006505850557005033,0.01943379839601582,0.006467263083058325
trained,9,5,6,False,0.013623424951219931,0.00704869361652527,0.006574731327418704,0.020848233310075907,0.006169257570974647
trained,9,5,7,False,0.015325608430430293,0.008100980874587549,0.00722462735575391,0.021949829080969922,0.0068087528114639485
trained,9,5,8,False,0.014346802578074858,0.007291236535820644,0.007055566115013789,0.023272757331635488,0.00671446392569097
trained,9,5,9,False,0.013709757651668042,0.0071181352832354605,0.006591622266569175,0.025748957858674905,0.007403509896470323
trained,9,5,10,False,0.016412479773862287,0.008473794361634646,0.00793868550681509,0.025626725036530726,0.00775667357039779
trained,9,5,11,False,0.016740379011025652,0.008742842532228678,0.007997536587936338,0.025125653830482,0.007530323525539554
trained,9,5,12,False,0.018885238358052447,0.009962570351490285,0.008922667606384493,0.025568712106905873,0.007746114744804799
trained,9,5,13,False,0.019018735794816166,0.009674977998656686,0.009343757657916285,0.028162492049941378,0.00897559357738336
trained,9,5,14,False,0.016569730680203065,0.008652361211716197,0.00791736964310985,0.02567580681673046,0.00878337565202104
trained,9,5,15,False,0.020133794198045507,0.010478644340764731,0.009655149769969285,0.029674842368279185,0.00861873545940837
trained,9,5,16,False,0.018871024454711005,0.009918270327034406,0.008952754345955327,0.03002052308350313,0.008719988952654955
trained,9,5,17,False,0.020796029042685404,0.010980470819049515,0.009815558165428229,0.031565201468765736,0.010026856674812734
trained,9,5,18,False,0.018338365713134408,0.009463861671974882,0.008874503801052924,0.027955649565134584,0.01036975851581831
trained,9,5,19,False,0.019257805193774402,0.009914842390571721,0.009342962817754596,0.028776629555683872,0.009436795998009898
trained,9,5,20,False,0.021489690174348652,0.01142880336556118,0.010060886874271091,0.03189701361663859,0.009694723521048823
trained,9,5,21,False,0.018793190160067752,0.009536414741887711,0.009256775345420465,0.029501170578316367,0.009920863953552074
trained,9,5,22,False,0.022773511533159763,0.0123941779602319,0.010379333543824032,0.032963764689424455,0.011224557436071337
trained,9,5,23,False,0.021626615314744413,0.01156115665071411,0.010065459020552225,0.03292162691960569,0.011343097863301857
trained,9,5,24,False,0.0212073756265454,0.01105506147723645,0.010152313916478306,0.030601102486252786,0.01151543519725757
trained,9,5,25,False,0.020906292280415073,0.010988650828949176,0.009917641364154406,0.03195460379744569,0.01115778207381749
trained,9,5,26,False,0.02503767141024582,0.012885590818768833,0.012152080540545285,0.03637023036643653,0.010921676604387661
trained,9,5,27,False,0.022636068344581872,0.011994375206995755,0.010641692817443982,0.03253551613649025,0.011416694075645257
trained,9,5,28,False,0.021844877570401877,0.011412922409363091,0.010431955044623464,0.032347175758332014,0.011342579306074185
trained,9,5,29,False,0.02299646203755401,0.01205772593675647,0.010938735838863067,0.03238127455115318,0.011669963790938773
trained,9,5,30,False,0.02212416852125898,0.01209081349952612,0.010033354687038809,0.03382319380251462,0.012731993180686529
trained,9,5,31,False,0.023794556211214513,0.012898134576971643,0.010896421823417768,0.032858509412953554,0.012504369216529946
trained,9,5,32,False,0.023102762235794216,0.012618046122952364,0.010484715894563124,0.032324229519981054,0.012974264600207326
trained,9,5,33,False,0.025894746650010347,0.014213521004421636,0.011681225441861898,0.03578427431380583,0.013179638464602508
trained,9,5,34,False,0.024425146053545177,0.013362672820221633,0.011062473102356307,0.0341377609738094,0.013417516415938734
trained,9,5,35,False,0.0245429351052735,0.013119035211275332,0.011423899792134762,0.03711040827949516,0.013100907130083486
trained,9,5,36,False,0.025736801035236567,0.013604049599962309,0.012132751202443615,0.03756342034564534,0.01274690782407024
trained,9,5,37,False,0.02144158916780725,0.011149030207889155,0.01029255922185257,0.03314442628134902,0.013434385274242806
trained,9,5,38,False,0.02510825265198946,0.013552588541642763,0.011555664154002443,0.035788789337527924,0.012617455677018831
trained,9,5,39,False,0.02263775948085822,0.012229796557221562,0.010407962850877084,0.033792764833960376,0.012481709775417599
trained,9,5,40,False,0.026321548386476934,0.014239598458516411,0.012081949738785625,0.038816298630375126,0.013430138702489554
trained,9,5,41,False,0.021650388138368726,0.011302930914098397,0.010347457318857778,0.035048889908163496,0.013611287635285407
trained,9,5,42,False,0.02351405081572011,0.01258843849063851,0.010925612397841178,0.03321291698286166,0.01350728457882291
trained,9,5,43,False,0.024432559264823794,0.013058147393167019,0.01137441152241081,0.03474854278777327,0.01443399048338716
trained,9,5,44,False,0.024989450816065073,0.013985161378514022,0.011004289743141271,0.03567124527762644,0.014307657416793518
trained,9,5,45,False,0.024387625395320356,0.01383074899786152,0.010556876644841395,0.03483648312976584,0.013938767748186365
trained,9,5,46,False,0.0240690492792055,0.013591802227892913,0.010477247022208758,0.03475466307442067,0.0149320753534203
trained,9,5,47,False,0.02584739011945203,0.014911931386450306,0.010935458689345978,0.03717316819294807,0.015208022570181074
trained,9,5,48,False,0.023579509957926348,0.013682185599463992,0.009897324503981508,0.03338260505476902,0.015456945202978595
trained,9,5,49,True,0.0207123483196483,0.0207123483196483,0.0,nan,nan
untrained,0,0,0,False,0.020175456418655813,0.010070075775729492,0.010105380846653134,0.020156295835107994,0.02019786471658844
untrained,0,0,1,False,0.020200973085593432,0.010073194978758693,0.010127778048627079,0.02015850692987442,0.020247616026489463
untrained,0,0,2,False,0.02019376796670258,0.010099361825268716,0.010094405937707052,0.02020103645120417,0.020186939530751923
untrained,0,0,3,False,0.020196807337924838,0.010075377736939117,0.010121429746504873,0.02022198490588598,0.020165446050987957
untrained,0,0,4,False,0.020193970180116594,0.010079906875034794,0.010114063450600952,0.0202264900793109,0.02016786255047355
untrained,0,0,5,False,0.02019506471697241,0.010085486253956333,0.010109578695846722,0.020199857068373194,0.020189800864604653
untrained,0,0,6,False,0.020214974065311253,0.0101072316756472,0.010107742476975545,0.020239112083800137,0.020190835988614708
untrained,0,0,7,False,0.020226867636665702,0.010125405999133363,0.01010146172484383,0.02023832845118116,0.020213878744592267
untrained,0,0,8,False,0.020212116476614028,0.01010253292042762,0.010109583148732781,0.020219791031470806,0.020203946128247247
untrained,0,0,9,False,0.02022368198959157,0.010094559023855254,0.010129123023943976,0.020218279307424012,0.02022830137740011
untrained,0,0,10,False,0.020209672045893967,0.010096807411173359,0.0101128647220321,0.020182798409627545,0.020229282512052638
untrained,0,0,11,False,0.020180108956992626,0.010055960068712011,0.010124148771865293,0.02016359750749701,0.020194227226834366
untrained,0,0,12,False,0.02015602757455781,0.010066084825666621,0.01008994274889119,0.02017917119856201,0.020130607620125914
untrained,0,0,13,False,0.020227135450113565,0.010104177490575239,0.010122957988642156,0.020217961282469332,0.02023630976327695
untrained,0,0,14,False,0.02018412109464407,0.010079093452077359,0.010105027497047558,0.020215635786631277,0.020159609305361904
untrained,0,0,15,False,0.020208771573379636,0.01008673250908032,0.010122039151610807,0.020182824854193062,0.02023027049643653
untrained,0,0,16,False,0.020196715544443578,0.010094261553604156,0.010102454427396879,0.020239159173797816,0.0201542726426851
untrained,0,0,17,False,0.02019417192786932,0.01007348537677899,0.010120686463778839,0.02022444675194806,0.020169087047023436
untrained,0,0,18,False,0.02020334533881396,0.010075275233248249,0.010128070076461881,0.02017371366121646,0.02022789724703346
untrained,0,0,19,False,0.020180929568596184,0.010057395178591833,0.010123534564627334,0.020163685374427587,0.020198174024699256
untrained,0,0,20,False,0.020188931666780263,0.010067305876873434,0.010121625964529812,0.020156505901147335,0.020225681271404027
untrained,0,0,21,False,0.020184919878374785,0.010065463517094031,0.010119456186657771,0.020153983437921852,0.020215856551658362
untrained,0,0,22,False,0.02018578496063128,0.01007737815962173,0.010108406684594229,0.020196115778338526,0.02017608042241949
untrained,0,0,23,False,0.02016467839712277,0.010049083735793829,0.010115594777744263,0.020156201619941458,0.02017047849336737
untrained,0,0,24,False,0.020247289969120175,0.010124508786248043,0.010122781153768301,0.020245600713505632,0.0202489274339034
untrained,0,0,25,False,0.020190535113215446,0.010073510609799996,0.01011702447431162,0.020177055709064005,0.02020242834901985
untrained,0,0,26,False,0.0201937782112509,0.010093062388477847,0.010100715939188376,0.02025944264470667,0.02011698427594314
untrained,0,0,27,False,0.020180637249723077,0.01007818098878488,0.010102456348249689,0.020176586162831103,0.02018552658886745
untrained,0,0,28,False,0.020210401504300535,0.010094815312186256,0.010115586512256414,0.02025160726545186,0.02017625980079174
untrained,0,0,29,False,0.020214662712533027,0.010095563455251977,0.010119098937138915,0.02015036354331594,0.020266282647638256
untrained,0,0,30,False,0.020177968952339143,0.010069129843031988,0.010108838905580342,0.02018174413463165,0.020174840757889407
untrained,0,0,31,False,0.020210061455145478,0.01009973036707379,0.010110330826137215,0.020208160259893963,0.020211903292399185
untrained,0,0,32,False,0.02022016589762643,0.010085048153996468,0.010135117714526132,0.02025030624559697,0.020186006867637236
untrained,0,0,33,False,0.02018737350590527,0.010067495080875233,0.010119878308614716,0.020197003377509896,0.020178605788456858
untrained,0,0,34,False,0.02024009358137846,0.01010580116417259,0.01013429238810204,0.02026908122934401,0.020211106282658875
untrained,0,0,35,False,0.020199423597659916,0.010073729674331844,0.010125693923328072,0.020178402661148342,0.020221800242941224
untrained,0,0,36,False,0.0202306232531555,0.01012460034689866,0.010106022673426196,0.020221252134948405,0.020237245659033457
untrained,0,0,37,False,0.02023629075847566,0.010101181862410158,0.010135108517715707,0.020211720961283465,0.02025865980271083
untrained,0,0,38,False,0.020271336543373764,0.010126787470653653,0.010144548985408619,0.020256970135065226,0.020286158555083804
untrained,0,0,39,False,0.020212387200444937,0.010102411499246955,0.010109975381055847,0.02021383264890084,0.02021089583517067
untrained,0,0,40,False,0.020178340026177466,0.010046352574136108,0.010131987335626036,0.020180934371474463,0.02017429266124964
untrained,0,0,41,False,0.020193517731968313,0.010067425580928102,0.010126091976417229,0.020183743987704665,0.020205692110354438
untrained,0,0,42,False,0.020194789161905646,0.01008973500574939,0.010105054068844765,0.0202145197318267,0.020177917527979698
untrained,0,0,43,False,0.020235851872712374,0.01010955061065033,0.010126301000127569,0.020233419980725337,0.020237866922148635
untrained,0,0,44,False,0.02015847444999963,0.010065217356896028,0.010093256860272959,0.020191100920783356,0.02012584765907377
untrained,0,0,45,False,0.020218583405949175,0.010087829345138744,0.01013075397349894,0.02021724115391927,0.020219627302139997
untrained,0,0,46,False,0.020223686995450407,0.010103388311108574,0.010120298626134172,0.02027882557700981,0.020182144100943655
untrained,0,0,47,False,0.020201020524837077,0.010110040311701596,0.010090980213135481,0.020200262112276896,0.020201755630282255
untrained,0,0,48,False,0.020172431017272174,0.010077941638883203,0.01009448934928514,0.020160151200730406,0.020185918318199332
untrained,0,0,49,True,0.010101280291564763,0.010101280291564763,0.0,nan,nan
untrained,0,1,0,False,0.020228312932886183,0.010112843767274171,0.010115469398442656,0.020255914848783745,0.020196032978720583
untrained,0,1,1,False,0.020143378351349384,0.010084081295644864,0.010059297172119841,0.02017421531143473,0.020109508339254584
untrained,0,1,2,False,0.020189942209981382,0.010077382990857586,0.010112558928085491,0.02012430771344131,0.020251598322030266
untrained,0,1,3,False,0.02022497553844005,0.010128671332495287,0.010096304264152423,0.020236404717598164,0.020210739927725832
untrained,0,1,4,False,0.02023110684240237,0.010103788721607998,0.010127318237209693,0.02025436833827642,0.02021243218594873
untrained,0,1,5,False,0.020161015971098095,0.010076487378682941,0.01008452833048068,0.02015217863468092,0.020170722065157576
untrained,0,1,6,False,0.020221769460476935,0.010115182551089674,0.01010658682207577,0.020209256530506536,0.020234282332239673
untrained,0,1,7,False,0.02025944896740839,0.010153759852983057,0.010105688823387027,0.020236679599346483,0.02028525359928608
untrained,0,1,8,False,0.020201029197778553,0.010096252721268684,0.010104776622029021,0.020178648925414593,0.020224853929492734
untrained,0,1,9,False,0.020231320580933243,0.010125589033123106,0.010105731256771833,0.02017590091011282,0.02027870811845945
untrained,0,1,10,False,0.020217259414494038,0.010100649116793647,0.010116610006662086,0.0202170653199708,0.020217401076208903
untrained,0,1,11,False,0.020196654717437923,0.010132101800991222,0.010064553061965853,0.02019589362760722,0.0201973058283329
untrained,0,1,12,False,0.020234310650266707,0.010121490427991375,0.010112819873029366,0.02027211227078936,0.02019279071542083
untrained,0,1,13,False,0.020227792963851243,0.010113699303474277,0.01011409392231144,0.020212558592902496,0.020243027625838295
untrained,0,1,14,False,0.020209514361340553,0.010113948112120852,0.010095566074596718,0.020228733774274588,0.02019456535991695
untrained,0,1,15,False,0.020215900149196386,0.010108574730111286,0.01010732536087744,0.020230904928055304,0.020203467724578723
untrained,0,1,16,False,0.020199530408717692,0.010084457811899483,0.010115072538610548,0.020184943976346403,0.02021411675377749
untrained,0,1,17,False,0.020189407165162265,0.010116812016349286,0.010072595439851284,0.020243768612372467,0.020144365302153997
untrained,0,1,18,False,0.020239937584847212,0.010116764286067337,0.010123173298779875,0.020241403165433942,0.020238722993859225
untrained,0,1,19,False,0.02023113740142435,0.010106652422109619,0.010124484717380255,0.020246300409780815,0.02021597372367978
untrained,0,1,20,False,0.02017459145281464,0.01009525137487799,0.010079340048832819,0.02015186955823618,0.02020034274707238
untrained,0,1,21,False,0.02015809854492545,0.010083931643748656,0.010074166959384456,0.020210095157381147,0.020106102485442534
untrained,0,1,22,False,0.020179995568469167,0.01009349845116958,0.0100864973210264,0.02016431633983889,0.02019472434326555
untrained,0,1,23,False,0.020205472770612687,0.01010705137741752,0.010098421451402828,0.020223301047315963,0.02019327418192437
untrained,0,1,24,False,0.020185584435239434,0.01009863699437119,0.010086947499075904,0.020233721753198,0.02013892843746222
untrained,0,1,25,False,0.020148635376244783,0.01006078312639147,0.010087852366268635,0.02015512635310491,0.0201429080163293
untrained,0,1,26,False,0.020216724486090243,0.010124826803803444,0.010091897856909782,0.02024058101401813,0.020188824194720234
untrained,0,1,27,False,0.020225783984642476,0.010119137004949152,0.010106647096108645,0.020266744760530336,0.020176349239873475
untrained,0,1,28,False,0.020179504179395735,0.010090955620398745,0.010088548995554447,0.020179892858040744,0.02017918284982443
untrained,0,1,29,False,0.020207681052852422,0.010099610750330612,0.010108070477144793,0.020265599908797362,0.020161183262375038
untrained,0,1,30,False,0.02015618368750438,0.010081753163831308,0.010074430756503716,0.020210093625917518,0.020111515745520593
untrained,0,1,31,False,0.020234856521710753,0.01012438940233551,0.010110467119375244,0.02022472745369351,0.020244674241313567
untrained,0,1,32,False,0.020151577948126942,0.010068425355711952,0.010083152767037973,0.020136591649669057,0.020168562450756627
untrained,0,1,33,False,0.020173593366052955,0.010101421037688851,0.010072172270156443,0.020186415613919005,0.020161919045581747
untrained,0,1,34,False,0.020179083629045635,0.01008282508701086,0.010096258018165827,0.020125001785345376,0.020233164657838643
untrained,0,1,35,False,0.020143600122537464,0.010082918364787474,0.010060681699542329,0.020182356802803097,0.020102342951201623
untrained,0,1,36,False,0.02024328289553523,0.01015382434707135,0.010089458577567711,0.020254224503658855,0.02023555094997088
untrained,0,1,37,False,0.020188504073303193,0.01012035139137879,0.010068152943858877,0.020204809326373162,0.02017365879754522
untrained,0,1,38,False,0.020200435945298523,0.010089094110298902,0.010111341864103451,0.02016396035368626,0.02023806952176586
untrained,0,1,39,False,0.02017936366610229,0.010104294546181336,0.010075068916194141,0.02015323994251398,0.02020631671424896
untrained,0,1,40,False,0.0202023716410622,0.010122159437742084,0.010080212145112455,0.02017805209526649,0.02024031028151512
untrained,0,1,41,False,0.020153775112703443,0.010063784488011152,0.010089990653796121,0.020138556767307535,0.020172732048913053
untrained,0,1,42,False,0.020212222880218178,0.010112091986229643,0.01010013060295023,0.020222579744660248,0.020203366605699928
untrained,0,1,43,False,0.02021032152697444,0.010109107242897153,0.010101214080350474,0.02021986037364294,0.020202417591852803
untrained,0,1,44,False,0.020193944685161114,0.010110631061252207,0.01008331376942806,0.020209231122862548,0.020178658363875
untrained,0,1,45,False,0.020233981078490615,0.010124833672307432,0.010109147697221488,0.020264439251539965,0.020210291310730908
untrained,0,1,46,False,0.020174830162432045,0.010096445359522477,0.010078385006636381,0.020177691836248745,0.02017267441300497
untrained,0,1,47,False,0.020197139179799706,0.010102658096002415,0.010094481083797291,0.020151342605314558,0.020241526772196476
untrained,0,1,48,False,0.020163817738648504,0.01007820965605788,0.010085608169902116,0.020140163600444794,0.020189798666072675
untrained,0,1,49,True,0.010271296312566847,0.010271296312566847,0.0,nan,nan
untrained,0,2,0,False,0.020231405564118177,0.010098635917529464,0.010132769675692543,0.020230253888429073,0.02023275297577098
untrained,0,2,1,False,0.0202512193354778,0.010152084869332612,0.010099134698975831,0.020241205038419408,0.0202622191033891
untrained,0,2,2,False,0.020196763915009797,0.010094288998516276,0.01010247494559735,0.020216147805894574,0.020178554918278347
untrained,0,2,3,False,0.02017786487704143,0.010084265668410808,0.010093599034007639,0.020174986459839513,0.020181449571330296
untrained,0,2,4,False,0.02018478763056919,0.010082741966471076,0.010102045809617266,0.020205269485973475,0.02016834460828506
untrained,0,2,5,False,0.020187707617878914,0.010099117120262235,0.010088590788654983,0.020195301399746936,0.02017936751735015
untrained,0,2,6,False,0.020210453600157052,0.010106104076839983,0.010104349814355373,0.02018177931313403,0.020239128411049023
untrained,0,2,7,False,0.02021669177338481,0.010135854332474992,0.010080837644636631,0.020228967864942902,0.020202779211103916
untrained,0,2,8,False,0.02023778995499015,0.010140497266547754,0.01009729242650792,0.020253855029516148,0.02022068878455508
untrained,0,2,9,False,0.02018332580337301,0.010116048128111288,0.010067277704365551,0.020185240370742343,0.020181689033473747
untrained,0,2,10,False,0.020252892514690757,0.010129453148692846,0.010123439191374928,0.020283333129352994,0.02023067886664255
untrained,0,2,11,False,0.020207293215207756,0.010107739915838465,0.010099553357576951,0.020210929120243606,0.0202041847118433
untrained,0,2,12,False,0.02021223836345598,0.010093359363963827,0.010118879028595984,0.020164507093714243,0.02026466490914587
untrained,0,2,13,False,0.020219468453433365,0.010091000964166597,0.010128467547474429,0.02022435996332206,0.02021457749651745
untrained,0,2,14,False,0.020189942209981382,0.010114221746334806,0.010075720492750406,0.020155196909659674,0.020216966720504895
untrained,0,2,15,False,0.020215977332554758,0.010135044634807855,0.010080932785058394,0.020219487876727664,0.020213068941874166
untrained,0,2,16,False,0.02025453938404098,0.010147803084691986,0.010106736212037504,0.020240445213858038,0.02026863320497796
untrained,0,2,17,False,0.020218454592395574,0.010092283831909299,0.010126170876901597,0.020166853860277556,0.020261209591158798
untrained,0,2,18,False,0.020175018929876387,0.010084480367368087,0.010090538504300639,0.02016474775456149,0.020183529146015643
untrained,0,2,19,False,0.020195906632579863,0.010079085390316322,0.010116821300471202,0.020207761350320652,0.020184052089462057
untrained,0,2,20,False,0.020192011957988143,0.010096458456246182,0.010095553763676435,0.020199150778353214,0.02018392138803999
untrained,0,2,21,False,0.020205988723319024,0.01011693460168317,0.010089053947012872,0.02017257292754948,0.020239404606400058
untrained,0,2,22,False,0.02016438083956018,0.010093777935253456,0.010070602962514386,0.020167366511398745,0.020161575891754845
untrained,0,2,23,False,0.02018944697920233,0.010094858560478315,0.010094588622450829,0.020212918627434052,0.02017338755295465
untrained,0,2,24,False,0.02019093174021691,0.010090015333844349,0.01010091631906107,0.020214727917124354,0.020167867724712078
untrained,0,2,25,False,0.020223475934471935,0.010123105341335759,0.010100370680447668,0.020190651901066302,0.020252438618198913
untrained,0,2,26,False,0.02022211835719645,0.010118589241756126,0.010103529115440324,0.020214309025069942,0.02023125133650788
untrained,0,2,27,False,0.02021531807258725,0.01011570225819014,0.010099616047227755,0.020260998393808093,0.02016018710002817
untrained,0,2,28,False,0.020168824237771332,0.010076201666379347,0.010092622484080493,0.020150964244686324,0.020183622730629784
untrained,0,2,29,False,0.020231178554240614,0.010153018985874951,0.010078159568365663,0.0202212636277341,0.02023913831987851
untrained,0,2,30,False,0.020180812338367105,0.010085106681799516,0.01009570577298291,0.020140950150530912,0.02021384116794382
untrained,0,2,31,False,0.02023173467023298,0.010149994370294735,0.010081740154419094,0.02022518649224251,0.02023808096463864
untrained,0,2,32,False,0.020162437052931637,0.010098203754751012,0.010064233531011268,0.020148438949357063,0.02017830188075701
untrained,0,2,33,False,0.020170747651718557,0.010104651359142736,0.010066096030641347,0.020146959568144843,0.020192404847536514
untrained,0,2,34,False,0.02019829471828416,0.010081824526423588,0.010116470628418028,0.02021700792829506,0.020179582061246037
untrained,0,2,35,False,0.020172267802990973,0.010081085201818496,0.010091182455653325,0.020204266787252644,0.02013820436813178
untrained,0,2,36,False,0.02021148329367861,0.010106399276992306,0.010105083929374814,0.02013531562714082,0.02026530861854553
untrained,0,2,37,False,0.02019972581183538,0.010103956621605903,0.010095769364852458,0.02022628095306334,0.02017554860395282
untrained,0,2,38,False,0.0201866322895512,0.010091460600961,0.010095171892317012,0.020166000723838805,0.020207919269090605
untrained,0,2,39,False,0.02019197540357709,0.010111606010468677,0.010080369625939056,0.02017660863124407,0.020207830305610384
untrained,0,2,40,False,0.02018051187042147,0.010081570537295192,0.01009894150774926,0.020159586356618464,0.020213155690580607
untrained,0,2,41,False,0.02020364406052977,0.010112236574059352,0.010091407457366586,0.02022389516654149,0.020178419096689475
untrained,0,2,42,False,0.020202903135214,0.010102850588737056,0.010100052750203758,0.02021181056181253,0.020195286424047703
untrained,0,2,43,False,0.02016023895703256,0.010064621485071257,0.010095617762999609,0.02018174352445479,0.020142420886882714
untrained,0,2,44,False,0.020218560297507793,0.010159572615521029,0.010058987798402086,0.020205900131259114,0.020231220027199015
untrained,0,2,45,False,0.02025599160697311,0.010151821887120605,0.010104169719852507,0.0202459840303553,0.020263774786144495
untrained,0,2,46,False,0.020160431042313576,0.010067482653539628,0.010092948417877778,0.020207574726505712,0.02012491190474327
untrained,0,2,47,False,0.020188361522741616,0.010101326450239867,0.010087034839671105,0.020176107921297586,0.02020023768910995
untrained,0,2,48,False,0.020186268084216863,0.01008447795175016,0.010101789812324569,0.020164139596606366,0.020210572442070383
untrained,0,2,49,True,0.010113566386280581,0.010113566386280581,0.0,nan,nan
untrained,0,3,0,False,0.02017217577667907,0.010126432054676116,0.010045743605587631,0.020205704441321068,0.020132963845537883
untrained,0,3,1,False,0.02018149907235056,0.010117851867107674,0.010063647059723735,0.020190083602471137,0.020172069795796128
untrained,0,3,2,False,0.020226664491929114,0.010135069431271404,0.010091594915138558,0.0202123153984787,0.020240144324347828
untrained,0,3,3,False,0.02020846214145422,0.010109793569426984,0.010098668630234897,0.02024772582234631,0.020159554912855752
untrained,0,3,4,False,0.020179628510959446,0.010099734819959849,0.01007989383651875,0.02012769672039308,0.02022132038755316
untrained,0,3,5,False,0.020226633991114795,0.010121969069587067,0.010104664572281763,0.020291159457680008,0.02015576136038929
untrained,0,3,6,False,0.020193029195070267,0.010130969778401777,0.010062059154734015,0.020234297640854493,0.02015176063287072
untrained,0,3,7,False,0.020182590640615672,0.010105609049787745,0.01007698179455474,0.020185790189048824,0.020178964951386054
untrained,0,3,8,False,0.020213237265124917,0.01012484947568737,0.010088388022268191,0.020185119472444057,0.020243169890055732
untrained,0,3,9,False,0.02020823338534683,0.010118473932379857,0.010089759307447821,0.020231617804048425,0.020188237607911014
untrained,0,3,10,False,0.020168252987787127,0.010084908222779632,0.010083344968734309,0.020187185628822556,0.020154437276761274
untrained,0,3,11,False,0.020209473790600896,0.010124420339707285,0.010085053567308933,0.020257533070141987,0.02016837940807792
untrained,0,3,12,False,0.020214433025103062,0.010131878283573315,0.01008255485794507,0.020243570959167692,0.020182429461694153
untrained,0,3,13,False,0.02018721424974501,0.010111963812960312,0.010075250378577039,0.020196948084048927,0.020177480328129604
untrained,0,3,14,False,0.020221036626026034,0.010108738555572927,0.010112298099556938,0.0202598382519292,0.020190857868227694
untrained,0,3,15,False,0.02025985746877268,0.01015178847592324,0.010108068905537948,0.0202339798019364,0.020281298937542096
untrained,0,3,16,False,0.020189420320093632,0.010120814229594544,0.010068605974083766,0.020185325585771352,0.020193514559650794
untrained,0,3,17,False,0.020203351217787713,0.01012947442359291,0.010073876765090972,0.02026359480002831,0.020153434947133064
untrained,0,3,18,False,0.020210028858855367,0.010105928813572973,0.010104099928867072,0.02018301705990372,0.020232409930654935
untrained,0,3,19,False,0.02021023753331974,0.01012947695562616,0.010080760752316564,0.020206140383379534,0.020214335032505915
untrained,0,3,20,False,0.020160832908004522,0.010096165031427518,0.010064667847473174,0.020156670005663353,0.02016555086399118
untrained,0,3,21,False,0.02024561580037698,0.010143502440769225,0.010102113534230739,0.020200247992761433,0.0202909842482768
untrained,0,3,22,False,0.02021188719663769,0.010146492975763977,0.010065394162666053,0.020210414734338558,0.020213270672794544
untrained,0,3,23,False,0.020181324623990804,0.010104545595822856,0.010076779086375609,0.020182457501785114,0.02018054971765531
untrained,0,3,24,False,0.020221905142534524,0.01012096187332645,0.010100943211000413,0.020238004477014616,0.02020630085697541
untrained,0,3,25,False,0.020222502818796784,0.01013530624913983,0.010087196744279936,0.020229505530248083,0.020216323955751517
untrained,0,3,26,False,0.02014781371690333,0.010083271190524101,0.010064542555483058,0.020156948138838227,0.02013713134042287
untrained,0,3,27,False,0.020172978402115405,0.010096798243466765,0.010076179984025657,0.02017980885824987,0.020164734972962017
untrained,0,3,28,False,0.02026579692028463,0.010150943242479116,0.010114853910636157,0.020254608147360128,0.020275068070207323
untrained,0,3,29,False,0.02021478209644556,0.010105772234965116,0.010109009948791936,0.02024077179661968,0.020193917545634255
untrained,0,3,30,False,0.020275109389331192,0.010166999272769317,0.010108110349392518,0.020242805271570026,0.020301875711551735
untrained,0,3,31,False,0.020196981786284596,0.010123964340891689,0.010073017387185246,0.020177863952186372,0.02021551109277285
untrained,0,3,32,False,0.020209299924317747,0.01010814300389029,0.0101011571532581,0.02021214215304045,0.020206078824897607
untrained,0,3,33,False,0.020193308650050312,0.010087984992424026,0.010105323774041608,0.02014612769860713,0.020236264080254
untrained,0,3,34,False,0.02020768338115886,0.010135288030141965,0.010072395467432216,0.020185767440125346,0.020229599467711523
untrained,0,3,35,False,0.020227867062203586,0.010132880153832957,0.010094987344928086,0.020188588959475357,0.02026967941633155
untrained,0,3,36,False,0.020201345905661583,0.010109624272445217,0.010091721604112536,0.020171303337193885,0.02022257541616758
untrained,0,3,37,False,0.020196395635139197,0.010123831045348197,0.010072564589791,0.02021320423752558,0.020181091919318953
untrained,0,3,38,False,0.0202165421214886,0.010111809388035908,0.010104732937179506,0.02021675035357475,0.020216327131031053
untrained,0,3,39,False,0.02020109712611884,0.01010356325423345,0.010097533988300711,0.020181488589598583,0.020221327889769797
untrained,0,3,40,False,0.020189108909107745,0.010082710243295878,0.010106398665811867,0.020200704487088397,0.020171020254492758
untrained,0,3,41,False,0.020235754549503326,0.010138898534933105,0.010096855869051069,0.020257213638282156,0.02020902461127231
untrained,0,3,42,False,0.020153592922724783,0.010079984407639131,0.010073608427774161,0.020160684930318494,0.02014752852635971
untrained,0,3,43,False,0.02022443333407864,0.010111529816640541,0.010112903197295964,0.020228000486205364,0.020221477507480552
untrained,0,3,44,False,0.020180753781460226,0.010094390279846266,0.010086363065056503,0.020146180846495554,0.02021532619255595
untrained,0,3,45,False,0.020211563678458333,0.010129293572390452,0.010082270426210016,0.02020403021015227,0.02021742332726717
untrained,0,3,46,False,0.02015487279277295,0.01008599458145909,0.010068878182210028,0.020192644389515572,0.02012641518695714
untrained,0,3,47,False,0.020165848545730114,0.010079215746372938,0.010086632857564837,0.020168166045868206,0.020163602467912895
untrained,0,3,48,False,0.02016312099294737,0.010104491899255663,0.010058629064587876,0.02020406781403876,0.02011814667675339
untrained,0,3,49,True,0.010084417852340266,0.010084417852340266,0.0,nan,nan
untrained,0,4,0,False,0.020175999379716814,0.010046902491012588,0.010129097092431039,0.020199398280701775,0.020148634531740414
untrained,0,4,1,False,0.020227832079399377,0.010121982311829925,0.01010584959294647,0.02021491627639799,0.020242018014436862
untrained,0,4,2,False,0.020256891089957207,0.010128520807484165,0.010128370224265382,0.020253644429988435,0.020259941278985054
untrained,0,4,3,False,0.020218379679135978,0.010073616314912215,0.01014476313139312,0.020227687879347464,0.020206785009226257
untrained,0,4,4,False,0.0201786327525042,0.010050159646198153,0.010128473280929029,0.020158737129940273,0.02019460577989968
untrained,0,4,5,False,0.020178245496936142,0.010108602873515338,0.010069642390590161,0.020209077273064584,0.02014438090387915
untrained,0,4,6,False,0.02016772876959294,0.010047982330434024,0.01011974670109339,0.020148828043602407,0.02018662987393327
untrained,0,4,7,False,0.02026711468352005,0.010131552466191351,0.010135562071809545,0.020236240809454638,0.02030210460846623
untrained,0,4,8,False,0.020230104739312083,0.010105728957569227,0.01012437604367733,0.020185747070971764,0.0202773247034319
untrained,0,4,9,False,0.020206807181239128,0.010081915883347392,0.010124891152372584,0.020220586872201855,0.020195024681911953
untrained,0,4,10,False,0.020235615549609065,0.010139987687580287,0.010095627600094303,0.020236852854766226,0.020234712273687932
untrained,0,4,11,False,0.0201768524129875,0.010071951983263716,0.010104900662554428,0.020106944555448272,0.020236629236867462
untrained,0,4,12,False,0.020219429687131196,0.010104924935149029,0.010114504519151524,0.020201529223305075,0.020239090821782095
untrained,0,4,13,False,0.02019888535141945,0.010083742527058348,0.010115143057191744,0.020147915929555893,0.020249855617294088
untrained,0,4,14,False,0.020226731430739164,0.010098307917360216,0.010128423455171287,0.020192050308521305,0.020253705999089613
untrained,0,4,15,False,0.020231474307365716,0.010073893296066672,0.010157581273233518,0.02023247674364468,0.020230643956788946
untrained,0,4,16,False,0.02020087541313842,0.010085227520903572,0.010115647979546338,0.020179580664262176,0.020222170191118494
untrained,0,4,17,False,0.020209533453453332,0.01007330627180636,0.010136227123439312,0.020231389504825247,0.020191423994089876
untrained,0,4,18,False,0.020200712140649557,0.010075102094560862,0.010125610075192526,0.02025178553343847,0.02015839416001524
untrained,0,4,19,False,0.020147429837379605,0.010049940086901188,0.010097489808686078,0.020125500712310895,0.020169358991552144
untrained,0,4,20,False,0.020211781084071845,0.010082319466164336,0.010129461734322831,0.02018492003245389,0.020242223516106606
untrained,0,4,21,False,0.020233154471497983,0.010122546344064176,0.01011060830205679,0.02022170484997332,0.020244604558683932
untrained,0,4,22,False,0.02018299122573808,0.01007918850518763,0.0101038028660696,0.020141602103267948,0.020221871747211975
untrained,0,4,23,False,0.02022653224412352,0.010111221054103225,0.010115311190020293,0.020238222984167244,0.020218532728521445
untrained,0,4,24,False,0.020195884921122342,0.010085021989652887,0.010110862785950303,0.02018399353301714,0.020207410076489813
untrained,0,4,25,False,0.02019680110970512,0.010083474830025807,0.010113326366990805,0.020204190692553917,0.02019028097171994
untrained,0,4,26,False,0.020177640486508608,0.010071806143969297,0.010105834429850802,0.020186142267092415,0.020167697631454064
untrained,0,4,27,False,0.02025330491596833,0.010097880993271247,0.0101554237480741,0.02028919080538409,0.02020999435977689
untrained,0,4,28,False,0.020185199740808457,0.010067675524624065,0.010117524449015036,0.020165928735815245,0.020201167517474722
untrained,0,4,29,False,0.020213728595990688,0.010091141273733228,0.010122587496880442,0.02026721861278802,0.020170785801511416
untrained,0,4,30,False,0.020215782977174968,0.01008380824350752,0.010131974762771279,0.02021240635678686,0.020218580508870737
untrained,0,4,31,False,0.020177000609692186,0.010062390880193561,0.010114609787706286,0.020186127858265998,0.020168154142223872
untrained,0,4,32,False,0.02018079545814544,0.010067400056868792,0.010113395401276648,0.02017752974129775,0.02018449641764164
untrained,0,4,33,False,0.020127804193180054,0.010010559490183368,0.010117244732100517,0.020150425431669734,0.02010720909865045
untrained,0,4,34,False,0.02016532444395125,0.010059077671030536,0.010106246772920713,0.02011538526858203,0.02021526388125494
untrained,0,4,35,False,0.020191324525512755,0.010073599958559498,0.01011772415949963,0.020190583372657948,0.02019211295391283
untrained,0,4,36,False,0.020181130268611014,0.010090216004755348,0.010090914292959496,0.020191592990227464,0.020173736462990442
untrained,0,4,37,False,0.02021916041849181,0.010101148625835776,0.01011801155982539,0.020215626714415236,0.020222376865237507
untrained,0,4,38,False,0.02022101602051407,0.010127849789569154,0.010093166085425764,0.020178009283084136,0.020265387814669383
untrained,0,4,39,False,0.020147204864770174,0.01003799811587669,0.010109206894412637,0.020167221243564896,0.020126553074944587
untrained,0,4,40,False,0.0201860039960593,0.010056113009341061,0.010129891015822068,0.020231143404275946,0.02011558681726456
untrained,0,4,41,False,0.02017450041603297,0.01009016128955409,0.01008433909737505,0.02016186572506394,0.020190238462466942
untrained,0,4,42,False,0.020227164088282734,0.010113771597389132,0.010113392258062959,0.020227113549234503,0.020227207464800365
untrained,0,4,43,False,0.020204054133500904,0.010088100243592635,0.010115953860804439,0.020239297429035453,0.020174852519163067
untrained,0,4,44,False,0.02025159919867292,0.010103639331646264,0.010147959896130487,0.020242901024175808,0.020260297431377694
untrained,0,4,45,False,0.020213406067341566,0.010095704783452675,0.010117701662238687,0.020211546016590937,0.020214853756543662
untrained,0,4,46,False,0.020169920520856977,0.010055625112727284,0.010114295146195218,0.020184573565017093,0.020158880377468998
untrained,0,4,47,False,0.020195707387756556,0.010090695461258292,0.010105012072017416,0.02020795862116511,0.020183833287312433
untrained,0,4,48,False,0.02017295843688771,0.010079701227368787,0.010093257296830416,0.02019794543843661,0.020145513514270547
untrained,0,4,49,True,0.010145849111722782,0.010145849111722782,0.0,nan,nan
untrained,0,5,0,False,0.020223128609359264,0.010144494735868648,0.010078633960802108,0.020249189053108727,0.020192650825542918
untrained,0,5,1,False,0.020251795824151486,0.010145707783522084,0.010106088157044724,0.02027303541996586,0.020228467698468536
untrained,0,5,2,False,0.02027433819603175,0.010166162101086229,0.010108175629284233,0.020269639054012877,0.020278752075903343
untrained,0,5,3,False,0.02020376588916406,0.010115862532984465,0.010087903239764273,0.020207320038281695,0.020199338791140338
untrained,0,5,4,False,0.02021950628841296,0.01014193258015439,0.010077573533635587,0.020219175161369014,0.020219772030979816
untrained,0,5,5,False,0.020219666534103453,0.010115965007571504,0.010103701730258763,0.020223103658254468,0.02021589163751876
untrained,0,5,6,False,0.020211983588524163,0.010159407567698509,0.010052576195448637,0.020228477573255077,0.020195489487377927
untrained,0,5,7,False,0.020194794633425772,0.010129988426342607,0.010064806177979335,0.02019491175408749,0.0201946626106898
untrained,0,5,8,False,0.02019873372046277,0.010097337886691093,0.010101395746460184,0.02017542759351658,0.020223543438459595
untrained,0,5,9,False,0.020161674008704722,0.010123398358700797,0.010038275533588603,0.02015775397925054,0.020165025647999584
untrained,0,5,10,False,0.02019330603070557,0.01010226021753624,0.010091046104207635,0.02019882002086551,0.020189282836744912
untrained,0,5,11,False,0.020194992888718843,0.01013211251120083,0.010062880377518013,0.02025030884828608,0.02014769354592199
untrained,0,5,12,False,0.02022418222622946,0.01014802127610892,0.010076161124743521,0.020218644374564512,0.020230265212107877
untrained,0,5,13,False,0.0201915301149711,0.010121489060111344,0.010070041054859757,0.020218724646838382,0.020164335262961686
untrained,0,5,14,False,0.02014752326067537,0.010088639275636524,0.01005888421786949,0.020137302510972534,0.020155473198327754
untrained,0,5,15,False,0.020240500452928245,0.010135923483176157,0.01010457705706358,0.02023704757849718,0.02024336148585592
untrained,0,5,16,False,0.020236915617715567,0.010144288709852844,0.010092627053381875,0.020225915242917836,0.020247916399966925
untrained,0,5,17,False,0.020235893898643553,0.010152463568374515,0.010083430155646056,0.02026578331173494,0.02021112803901945
untrained,0,5,18,False,0.020184834429528564,0.01012189086759463,0.010062943620141596,0.020188029389828444,0.020182186897311893
untrained,0,5,19,False,0.0202104234485887,0.01014793006470427,0.010062493238365278,0.020217582117766142,0.020203264750307426
untrained,0,5,20,False,0.02019743266282603,0.010121997736860067,0.010075435129692778,0.020178429645431394,0.020218969477961462
untrained,0,5,21,False,0.02020269335480407,0.010128997848369181,0.01007369562285021,0.020199756894726306,0.020205629785778
untrained,0,5,22,False,0.020188864669762552,0.010138907469809055,0.010049957199953496,0.020198386823458054,0.02017991967273481
untrained,0,5,23,False,0.020223614934366196,0.010143167426576838,0.010080447536893189,0.020260265061201956,0.020198538458268894
untrained,0,5,24,False,0.020190264214761555,0.010113971482496709,0.010076292848680168,0.02020790899497649,0.020173162623093675
untrained,0,5,25,False,0.020218698191456497,0.01012758442084305,0.01009111400344409,0.020218910307933886,0.020218511166818
untrained,0,5,26,False,0.02016266150167212,0.01013263373170048,0.010030027478933334,0.02020127795960592,0.020117499186831006
untrained,0,5,27,False,0.020246086874976754,0.010154922085348517,0.01009116496425122,0.020254244336060115,0.020236241663324425
untrained,0,5,28,False,0.020222477847710252,0.010123012209078297,0.010099465638631955,0.020211770520384968,0.020231349340506962
untrained,0,5,29,False,0.020174353441689163,0.010101948195369914,0.010072405508253723,0.020229532726501163,0.020130055497439816
untrained,0,5,30,False,0.020166948961559683,0.010109819064382464,0.01005712989717722,0.020185461749547516,0.020151610007243494
untrained,0,5,31,False,0.020217779092490673,0.010141276376089081,0.010076502891024575,0.0202583060969436,0.020178499187414465
untrained,0,5,32,False,0.020184336928650737,0.010122623323695734,0.010061713692266494,0.020181245800545988,0.020187840020904936
untrained,0,5,33,False,0.020217428740579635,0.010139537713257596,0.010077890852699056,0.020221487695320707,0.020213733468927554
untrained,0,5,34,False,0.020192331983707845,0.010132822644663975,0.010059509659186006,0.02020579535746947,0.020178868930088356
untrained,0,5,35,False,0.020157612510956824,0.010093987948494032,0.010063624707981944,0.020147539872789024,0.020168335056833683
untrained,0,5,36,False,0.020208794565405697,0.010134299722267315,0.010074494435684755,0.020211035877747356,0.02020721008380254
untrained,0,5,37,False,0.020150375610683113,0.010077684913994744,0.010072690696688369,0.020142244419357816,0.020157778885827135
untrained,0,5,38,False,0.020194033859297633,0.0101343676506076,0.010059666208690032,0.020188881628788433,0.020199349445719567
untrained,0,5,39,False,0.02023142547113821,0.010163515631575137,0.010067909606732428,0.020278817128676636,0.02018252896174552
untrained,0,5,40,False,0.020199927035719156,0.010117391153471544,0.010082535533001646,0.020182431794894047,0.020227219983935354
untrained,0,5,41,False,0.020184635475743562,0.010121234081452712,0.010063401161460206,0.020138052462691992,0.020242659309715555
untrained,0,5,42,False,0.02022174355806783,0.010153279814403504,0.010068463918287307,0.020189765051512393,0.02024908728249695
untrained,0,5,43,False,0.02018889714963734,0.010097101447172463,0.01009179578977637,0.020223538134375524,0.02016019467264414
untrained,0,5,44,False,0.020157696504611522,0.0101043323520571,0.010053364065242931,0.020104674360482022,0.020210718415910378
untrained,0,5,45,False,0.02019841253058985,0.010116222925717011,0.010082189837703481,0.020157483206795796,0.02023024670779705
untrained,0,5,46,False,0.020158208440989256,0.010113192955031991,0.010045015398645774,0.02016428763216192,0.020153628024336408
untrained,0,5,47,False,0.020203914667945355,0.010126537585165352,0.010077377053676173,0.02016387607843157,0.020242721329514796
untrained,0,5,48,False,0.02019205829128623,0.010133324103662744,0.010058734304038808,0.020199360492736546,0.020184038237470094
untrained,0,5,49,True,0.010126796434633434,0.010126796434633434,0.0,nan,nan
untrained,1,0,0,False,0.020208709232974797,0.010102316096890718,0.01010639316518791,0.020188935528937225,0.020235806462113506
untrained,1,0,1,False,0.020165043766610324,0.010042742680525407,0.010122301027877256,0.020166384696494788,0.02016370244382415
untrained,1,0,2,False,0.020235927717294544,0.01011025530169718,0.010125672415597364,0.02023905903721849,0.020231900886366408
untrained,1,0,3,False,0.020172619144432247,0.01007097086403519,0.010101648367708549,0.020180705352686346,0.02016453305259347
untrained,1,0,4,False,0.020215338212437928,0.010089837218401954,0.010125501168658957,0.020185415238394577,0.02024092476653016
untrained,1,0,5,False,0.020176676975097507,0.010077988234115764,0.010098688857397065,0.020146915776422247,0.020206439134199172
untrained,1,0,6,False,0.020186742418445647,0.010056770464871079,0.010129972186405212,0.020157073391601443,0.02021641138708219
untrained,1,0,7,False,0.020165001798886806,0.01006670537753962,0.010098296508658677,0.02015248905386656,0.020176756393277283
untrained,1,0,8,False,0.020213178533595055,0.010100469691678882,0.010112708871020004,0.020220408413129356,0.020208232178303757
untrained,1,0,9,False,0.020231509406585246,0.010105960915097967,0.010125548054929823,0.020272515950694917,0.020191764057828826
untrained,1,0,10,False,0.020158278930466622,0.010060057800728828,0.010098221071530133,0.020159478423496087,0.02015721978729262
untrained,1,0,11,False,0.020184601424261928,0.010066638031275943,0.010117963305674493,0.020165779417560946,0.02020228191307097
untrained,1,0,12,False,0.020130774413701147,0.010033958358690143,0.010096816084114835,0.02010724036289113,0.020159177867503
untrained,1,0,13,False,0.020195110351778567,0.010084857232868671,0.010110253293532878,0.020197264850139618,0.020193538401980658
untrained,1,0,14,False,0.020160885527729988,0.010073136916616932,0.010087748465593904,0.020169946611584985,0.020150616175184648
untrained,1,0,15,False,0.020185387460514903,0.01007927386672236,0.010106113506481051,0.020213109585390965,0.020150856065906976
untrained,1,0,16,False,0.020215934957377613,0.010106749716214836,0.010109185182955116,0.020189572017693863,0.02024676603407173
untrained,1,0,17,False,0.02021863410482183,0.010085591755341738,0.010133042349480093,0.020231352214302334,0.020203285047720218
untrained,1,0,18,False,0.020210850867442787,0.01008966489462182,0.01012118617654778,0.020225895441150013,0.02019088278439912
untrained,1,0,19,False,0.020233021234162152,0.010092937474837527,0.010140083875739947,0.020228189462032475,0.020237420310280214
untrained,1,0,20,False,0.02020598331000656,0.010085120215080678,0.010120863298652694,0.020200942875817418,0.020209904139240585
untrained,1,0,21,False,0.02022066037170589,0.010098160390043631,0.010122499952558428,0.020192072306188844,0.02024751568608212
untrained,1,0,22,False,0.020150816591922194,0.010040723369456828,0.010110093309776857,0.020159152055543566,0.02014273832050654
untrained,1,0,23,False,0.020196230383589864,0.010087607632158324,0.010108622838743031,0.020204699660340945,0.020188757903216517
untrained,1,0,24,False,0.020196920726448298,0.010078106861328706,0.010118813719600439,0.020201045381171363,0.020191942630656833
untrained,1,0,25,False,0.020239180710632354,0.01011600749916397,0.010123173415195197,0.020248045651789975,0.020229133684188126
untrained,1,0,26,False,0.020220264967065305,0.010125987435458228,0.01009427773533389,0.0202226007114286,0.02021753336539713
untrained,1,0,27,False,0.02019830868812278,0.010083019587909803,0.010115289100212976,0.02017786976743917,0.020216917841514546
untrained,1,0,28,False,0.020205390988849103,0.01011726856813766,0.01008812227519229,0.020203700275019262,0.020207190765969215
untrained,1,0,29,False,0.020219759724568576,0.010121422878000885,0.010098337079398334,0.020236428102685347,0.020198329451626966
untrained,1,0,30,False,0.0202189952833578,0.010090498690260574,0.01012849630205892,0.020177633416923607,0.020263025026407935
untrained,1,0,31,False,0.020177069178316742,0.01007745519746095,0.010099614009959623,0.020170799005896814,0.020182960017612488
untrained,1,0,32,False,0.02019849291536957,0.010089635325130075,0.010108857590239495,0.020200778956751566,0.020195360536928532
untrained,1,0,33,False,0.020192287338431925,0.010087272909004241,0.010105014633154497,0.020140940097696854,0.020246947334418376
untrained,1,0,34,False,0.02020426280796528,0.010080770327476785,0.010123492771526799,0.020205395865357585,0.02020280628598162
untrained,1,0,35,False,0.020196840399876237,0.010078625404275954,0.010118215257534757,0.020190026921530563,0.020205601085243483
untrained,1,0,36,False,0.02019120880868286,0.010093145509017631,0.010098063183249906,0.020202638696019466,0.020179415594727274
untrained,1,0,37,False,0.020183489483315498,0.010053112491732463,0.0101303766714409,0.020168708578225166,0.020197815075516698
untrained,1,0,38,False,0.020213322481140494,0.010115739016328007,0.010097583523020148,0.020229404182012738,0.020199997723102568
untrained,1,0,39,False,0.020189321716316044,0.010071672004414722,0.010117649595486,0.020202051406189546,0.020178436909032902
untrained,1,0,40,False,0.020236070500686765,0.010100148676428944,0.01013592182425782,0.020246250419944958,0.020224164918822757
untrained,1,0,41,False,0.020222665451001376,0.010095391946379095,0.010127273126272485,0.020229022920830175,0.020216307253576815
untrained,1,0,42,False,0.020226535911206156,0.01010308222612366,0.010123453568667173,0.020208932709560465,0.020245870025675804
untrained,1,0,43,False,0.02023266424657777,0.010117269528564066,0.010115394979948178,0.020238474863818134,0.020227696098711178
untrained,1,0,44,False,0.02018433640478179,0.010077064478537068,0.01010727183893323,0.020179207887380354,0.02018915396183729
untrained,1,0,45,False,0.020228761073667556,0.010134039534023032,0.010094721481436864,0.020218756724277448,0.02023705036512443
untrained,1,0,46,False,0.02023539290530607,0.010090390307595953,0.01014500274322927,0.020192888316134333,0.020288337740981786
untrained,1,0,47,False,0.02022947877412662,0.010123042797204107,0.010106436297064647,0.020211741412905132,0.020248360901830655
untrained,1,0,48,False,0.02021091297501698,0.010073639423353598,0.010137273813597858,0.020263286869204235,0.020160151015107448
untrained,1,0,49,True,0.010110151313710958,0.010110151313710958,0.0,nan,nan
untrained,1,1,0,False,0.02013961860211566,0.010074721853015944,0.010064896603580564,0.020116091479320784,0.020171858956692396
untrained,1,1,1,False,0.0201700609177351,0.010076632082927972,0.010093428747495636,0.020168611546978354,0.020171510099316947
untrained,1,1,2,False,0.020235979405697435,0.010104504035552964,0.010131475428352132,0.020234102590216532,0.02023839291983417
untrained,1,1,3,False,0.020195315417367965,0.010117324884049594,0.01007799044600688,0.020163048495305702,0.020227582252118737
untrained,1,1,4,False,0.0201842287206091,0.010073943267343566,0.010110285365954041,0.020158751662504876,0.02020601323549298
untrained,1,1,5,False,0.02016156748868525,0.010089463292388245,0.010072104400023818,0.0201289928809274,0.02019414264941588
untrained,1,1,6,False,0.020176308637019247,0.010099036648171023,0.010077271785121411,0.020216552569763735,0.02013606409309432
untrained,1,1,7,False,0.020180399646051228,0.010119320300873369,0.010061079781735316,0.02015662619904164,0.02020273312474742
untrained,1,1,8,False,0.02018049213802442,0.010100227838847786,0.010080264532007277,0.02010065123725396,0.020235120024728145
untrained,1,1,9,False,0.020215200376696885,0.010107678623171523,0.01010752166621387,0.020160276945384723,0.020268434171493238
untrained,1,1,10,False,0.020264835271518677,0.010142016661120579,0.010122818232048303,0.020230921668310958,0.0202947590390549
untrained,1,1,11,False,0.020203928521368653,0.010124760359758511,0.010079168248921633,0.02022505305226772,0.020184084039294357
untrained,1,1,12,False,0.020223771745804697,0.010105854977155104,0.01011791723431088,0.02024947439453432,0.020192751917859603
untrained,1,1,13,False,0.02018313464941457,0.010098955855937675,0.010084178764373064,0.020163858171414445,0.020197201419521024
untrained,1,1,14,False,0.020197365491185337,0.010125013999640942,0.010072351578855887,0.02020919624277774,0.020183957647532225
untrained,1,1,15,False,0.02023729227948934,0.010148100671358407,0.010089191346196458,0.020251727702332217,0.02021931088938002
untrained,1,1,16,False,0.020202505809720606,0.010111933865118772,0.010090572031913325,0.020187725947386978,0.02021979104916928
untrained,1,1,17,False,0.020217700803186744,0.010104592132847756,0.010113108524819836,0.020207103341817856,0.02023049052162417
untrained,1,1,18,False,0.02021897950908169,0.010123551910510287,0.010095427685882896,0.020238400424179966,0.0201932030306621
untrained,1,1,19,False,0.02020322612952441,0.010104680579388514,0.010098545695655048,0.02023066250515766,0.02017824660375047
untrained,1,1,20,False,0.02020371734397486,0.010134738025953993,0.010068979550851509,0.02026548269870026,0.02015567754602267
untrained,1,1,21,False,0.020188415539450943,0.010103984153829515,0.01008443153114058,0.020238981311840397,0.020140914387549412
untrained,1,1,22,False,0.020204404543619603,0.01010351415607147,0.010100890503963456,0.020191995042657097,0.020216432557656212
untrained,1,1,23,False,0.020197778299916536,0.010119440994458273,0.010078337276354432,0.020214863028377293,0.020182703457334465
untrained,1,1,24,False,0.020177710219286382,0.010072031436720863,0.01010567886987701,0.020176663249731067,0.0201789740922636
untrained,1,1,25,False,0.020178981067147106,0.010079932253574952,0.010099048726260662,0.020196822992361644,0.020158759814997512
untrained,1,1,26,False,0.020254046830814332,0.010154796706046909,0.010099250153871253,0.02027558799887049,0.020228854964597753
untrained,1,1,27,False,0.0202497512800619,0.010127049230504781,0.01012270207866095,0.020282130535753045,0.020220271617507758
untrained,1,1,28,False,0.02018333791056648,0.01011550982366316,0.010067827999591827,0.020188918464224444,0.020177397336209976
untrained,1,1,29,False,0.020156458078417927,0.010060865140985698,0.010095593082951382,0.02017657047448059,0.020130599782403023
untrained,1,1,30,False,0.020199084479827434,0.01015454382286407,0.010044540540548041,0.02023903898556124,0.02015655265460091
untrained,1,1,31,False,0.020230544090736657,0.010126924084033817,0.010103620210429654,0.02026221138094702,0.020200796143123596
untrained,1,1,32,False,0.02017143735429272,0.010074591235024855,0.010096845915541053,0.020184267966731173,0.020153854387225927
untrained,1,1,33,False,0.020192251831758767,0.010117882076883689,0.01007436978397891,0.0202292250187108,0.020152893247863936
untrained,1,1,34,False,0.020205993845593184,0.010129401605809107,0.01007659244351089,0.02021465150432454,0.020194862570081438
untrained,1,1,35,False,0.02014442696236074,0.010072822507936507,0.010071604425320402,0.020157866542124085,0.020127147702234133
untrained,1,1,36,False,0.020231456903275102,0.010128138994332403,0.01010331799625419,0.02016451361660774,0.020300525107554025
untrained,1,1,37,False,0.02022372354986146,0.010137236735317856,0.010086486610816792,0.020233018767266048,0.020214714253178008
untrained,1,1,38,False,0.0201471199397929,0.010098275786731392,0.010048844269476831,0.020084820687770844,0.020198739266821315
untrained,1,1,39,False,0.020186011330224574,0.010105633526109159,0.010080377658596262,0.02022879289747295,0.020149429801149643
untrained,1,1,40,False,0.020181999425403774,0.010106420901138335,0.010075578262330964,0.020222589940480564,0.02013452881473606
untrained,1,1,41,False,0.02025852754013613,0.01015114801703021,0.010107379348482937,0.02028956761932932,0.020227487199008465
untrained,1,1,42,False,0.020180146559141576,0.010085527756018564,0.010094618977745995,0.020175305653863877,0.020185463710642254
untrained,1,1,43,False,0.020197842619381845,0.010114489152329043,0.010083353234222159,0.0202171714124033,0.0201813151816959
untrained,1,1,44,False,0.020196375786326826,0.010112981224665418,0.010083394561661407,0.02023572880294054,0.020159407631691658
untrained,1,1,45,False,0.02024669386446476,0.01013117321417667,0.010115520417457446,0.02026893535693144,0.020228264746921402
untrained,1,1,46,False,0.020238999975845218,0.01016901055118069,0.010069989482872188,0.02018653129188108,0.020304355704993532
untrained,1,1,47,False,0.02016950340475887,0.010119155660504475,0.010050347744254395,0.020185051514118008,0.020152952281698104
untrained,1,1,48,False,0.020202370476908982,0.010089000687003136,0.010113369819009677,0.0202015493183382,0.020203166455030442
untrained,1,1,49,True,0.01020897741545923,0.01020897741545923,0.0,nan,nan
untrained,1,2,0,False,0.020193651609588414,0.01008893217658624,0.010104719374794513,0.02016400052486239,0.020234284577546297
untrained,1,2,1,False,0.02020251756766811,0.010082470311317593,0.010120047139935195,0.020237125107087195,0.020167909911833704
untrained,1,2,2,False,0.020203819847665727,0.010110826813615859,0.010092993237776682,0.020210131123248074,0.020195706364964802
untrained,1,2,3,False,0.02023670036578551,0.01011856526019983,0.010118134901858866,0.0202436538238544,0.020229746936820447
untrained,1,2,4,False,0.02020577125949785,0.010083489381941035,0.010122281732037663,0.02020617659693047,0.020205424639625824
untrained,1,2,5,False,0.02021580532891676,0.01011578826000914,0.010100016690557823,0.020226746943080798,0.020204863336402923
untrained,1,2,6,False,0.02018168766517192,0.01007251933333464,0.010109168448252603,0.020205133478157222,0.02015824193949811
untrained,1,2,7,False,0.020202014420647174,0.010101005900651217,0.010101008403580636,0.02018890878365886,0.02021432560727452
untrained,1,2,8,False,0.020191666088066995,0.010088052513310686,0.01010361360386014,0.02015885914890812,0.020214112720599302
untrained,1,2,9,False,0.020197109261061996,0.010112608870258555,0.01008450030349195,0.020165594649456796,0.020227653991717557
untrained,1,2,10,False,0.020209359063301235,0.010100261482875794,0.010109097987879068,0.020175047467152277,0.02023963476805126
untrained,1,2,11,False,0.020227589993737638,0.010109519847901538,0.010118070262251422,0.02017430366287308,0.020277647047557613
untrained,1,2,12,False,0.02021353237796575,0.010107014561071992,0.010106517700478435,0.020242086771343436,0.020179069600999355
untrained,1,2,13,False,0.02019838785054162,0.010102339874720201,0.010096048063132912,0.020188618554837175,0.020205517072935362
untrained,1,2,14,False,0.020207864872645587,0.010105652268975973,0.010102212690981105,0.02020739840672297,0.02020839381342133
untrained,1,2,15,False,0.02021848183358088,0.010114328266354278,0.010104153770953417,0.020233832745694777,0.020199360423966455
untrained,1,2,16,False,0.02020027139224112,0.010091127012856305,0.010109144262969494,0.020194746823846428,0.020206733117416754
untrained,1,2,17,False,0.020215213589835912,0.010091161238960922,0.01012405229266733,0.02024092881807259,0.02018417835492512
untrained,1,2,18,False,0.020104376948438585,0.010026301286416128,0.010078075400087982,0.020068979273511936,0.02015135941857641
untrained,1,2,19,False,0.020187973976135254,0.010076318343635648,0.010111655865330249,0.02020455478522621,0.020172878377028365
untrained,1,2,20,False,0.020166923524811864,0.010068261646665633,0.010098661994561553,0.0202163854347808,0.020128453357352152
untrained,1,2,21,False,0.02019476779969409,0.010103290318511426,0.010091477481182665,0.020196923445309364,0.02019274291215521
untrained,1,2,22,False,0.020184924826025963,0.01008502981858328,0.01009989486192353,0.020206499992618483,0.020164012994903786
untrained,1,2,23,False,0.020203937718179077,0.010123726504389197,0.010080211010063067,0.02019685106351972,0.020210190621369025
untrained,1,2,24,False,0.020210351329296827,0.010087952279718593,0.010122398874955252,0.020222623593040875,0.020195540104960573
untrained,1,2,25,False,0.02016870747320354,0.010072305391076952,0.01009640225674957,0.02016884192605229,0.02016855531061689
untrained,1,2,26,False,0.02022418874548748,0.010112573072547093,0.010111615527421236,0.020242364294287087,0.020202931995361537
untrained,1,2,27,False,0.02024695457657799,0.010136312805116177,0.010110641946084797,0.020200103338136047,0.02028961033463033
untrained,1,2,28,False,0.020208211266435683,0.01007388171274215,0.010134329524589702,0.020243629347532988,0.020170508102784233
untrained,1,2,29,False,0.020194449927657843,0.010064844216685742,0.01012960568186827,0.020226513941047918,0.020153224701061845
untrained,1,2,30,False,0.020158630679361522,0.010094032797496766,0.010064597649034113,0.020139211450110783,0.0201793021913017
untrained,1,2,31,False,0.020203595573548228,0.010110559669556096,0.010093036049511284,0.020185515825306217,0.02022057974880392
untrained,1,2,32,False,0.02018897089874372,0.010092875018017367,0.010096096084453166,0.020207685292572587,0.02016332510996748
untrained,1,2,33,False,0.020201051200274378,0.010104375483933836,0.010096675716340542,0.020237685265866192,0.020162053676622528
untrained,1,2,34,False,0.02019138215109706,0.01007118634879589,0.010120195773197338,0.020148646293414965,0.020246327588600774
untrained,1,2,35,False,0.020202046493068337,0.010111442650668323,0.01009060358046554,0.020201572682708502,0.020202655145632367
untrained,1,2,36,False,0.020193332398775965,0.010083654255140573,0.010109678289154544,0.020197175185267743,0.020189367559930633
untrained,1,2,37,False,0.020218562276568264,0.010106220986926928,0.010112341115018353,0.020210161509494933,0.020226703899411055
untrained,1,2,38,False,0.020190846000332385,0.010087058326462284,0.010103787906700745,0.020182674750685692,0.020197616650589875
untrained,1,2,39,False,0.020208451140206307,0.01010646575014107,0.01010198547737673,0.02020729964567443,0.020209436021421265
untrained,1,2,40,False,0.020210582355502993,0.01011095815920271,0.010099623905261979,0.02017613689320675,0.02025086565290467
untrained,1,2,41,False,0.020249797613359988,0.010125618893653154,0.010124179010745138,0.02025847157347016,0.020241124089807272
untrained,1,2,42,False,0.02020464779343456,0.010096719837747514,0.01010792818851769,0.020177574828267097,0.020234383948025153
untrained,1,2,43,False,0.020267637912184,0.01012134796474129,0.010146289743715897,0.02024654611566309,0.020285673061574715
untrained,1,2,44,False,0.020183336280751973,0.010080293548526242,0.010103042848641053,0.020186202270129034,0.020180644213475964
untrained,1,2,45,False,0.020217271405272186,0.010091371485032141,0.010125900036655366,0.020226159967995923,0.02020990683564118
untrained,1,2,46,False,0.020163155277259648,0.010067507391795516,0.010095648234710097,0.020193645599442468,0.020125176724896096
untrained,1,2,47,False,0.02017730858642608,0.01008931960677728,0.01008798903785646,0.02019489412619309,0.02015858867596234
untrained,1,2,48,False,0.020225128682795912,0.010133782401680946,0.010091346193803474,0.020177402991860632,0.0202713853178116
untrained,1,2,49,True,0.010127053305041045,0.010127053305041045,0.0,nan,nan
untrained,1,3,0,False,0.020176399091724306,0.010084179084515199,0.010092219890793785,0.020194271730410086,0.02015190692273555
untrained,1,3,1,False,0.020204964326694608,0.010131641727639362,0.010073322540847585,0.02020047270343639,0.020209456008160487
untrained,1,3,2,False,0.020210809132549912,0.010098121623741463,0.01011268759611994,0.020207560983382996,0.02021498522455139
untrained,1,3,3,False,0.020179401501081884,0.010096038051415235,0.010083363391458988,0.020177331694867462,0.020181471074465662
untrained,1,3,4,False,0.02021223137853667,0.01014683727407828,0.010065393929835409,0.020207843885330833,0.020215982544249382
untrained,1,3,5,False,0.02020145329879597,0.010119778366060928,0.01008167490363121,0.020229178364388645,0.020173728407826275
untrained,1,3,6,False,0.020150379743427038,0.010061217297334224,0.010089162649819627,0.02010991415590979,0.020190845418255776
untrained,1,3,7,False,0.020244242972694337,0.010156880831345916,0.010087362257763743,0.02027830322303118,0.020212247572613484
untrained,1,3,8,False,0.02018303476506844,0.010108976304763928,0.01007405828568153,0.020246363674791962,0.02013970423783911
untrained,1,3,9,False,0.020215975760947913,0.010114197240909562,0.010101778694661334,0.02022507272305943,0.020207158819987223
untrained,1,3,10,False,0.020221986924298108,0.010131529561476782,0.010090457304613665,0.020231795652459063,0.020213331534143758
untrained,1,3,11,False,0.02017212240025401,0.01008669420843944,0.010085428191814572,0.02014815323655644,0.020194638943807647
untrained,1,3,12,False,0.020246251835487783,0.010163423838093877,0.010082827880978584,0.020270189696124624,0.020217361667289817
untrained,1,3,13,False,0.0201615821570158,0.010082432971103117,0.01007914892397821,0.020129639689845068,0.02018489155012208
untrained,1,3,14,False,0.020193813019432127,0.010084921086672693,0.010108891612617299,0.020148542024852598,0.020245119774093233
untrained,1,3,15,False,0.020175107405520976,0.010074187070131302,0.010100920364493504,0.020138498500619134,0.02022070751378411
untrained,1,3,16,False,0.020233903196640313,0.010149676818400621,0.010084225999889895,0.020229073430317036,0.020239550683457973
untrained,1,3,17,False,0.020251918758731335,0.010146686021471396,0.010105232911882922,0.02020544776959079,0.020308005141800846
untrained,1,3,18,False,0.020224365522153676,0.010112452204339206,0.010111913143191487,0.020210501469977916,0.020242766324769366
untrained,1,3,19,False,0.020250251865945756,0.01014707560534589,0.010103176755364984,0.02024792650806122,0.020252369789045245
untrained,1,3,20,False,0.020163341599982232,0.010087638482218608,0.01007570288493298,0.020116488482537012,0.020199782240928877
untrained,1,3,21,False,0.02022527565713972,0.010118996986420825,0.010106278234161437,0.02024081520616047,0.020210677249865097
untrained,1,3,22,False,0.020172353950329125,0.010123056737938896,0.010049297445220873,0.02013447591000133,0.02020906631190043
untrained,1,3,23,False,0.02020258136326447,0.010119972488610074,0.010082608845550567,0.020176582441975673,0.020225521889241302
untrained,1,3,24,False,0.02022556500742212,0.01014494794071652,0.01008061709580943,0.02023629652602332,0.020212612725023567
untrained,1,3,25,False,0.020187142945360392,0.01012000787886791,0.010067135241115466,0.02016636948375141,0.020210686884820462
untrained,1,3,26,False,0.020170774951111525,0.010105793859111145,0.01006498103379272,0.02022009650650232,0.020113093810061277
untrained,1,3,27,False,0.020166418806184083,0.01010392585885711,0.010062492947326973,0.020176173111454386,0.020157537798383342
untrained,1,3,28,False,0.020174426841549575,0.010085145884659141,0.010089280985994264,0.02020231517257564,0.020144739038040562
untrained,1,3,29,False,0.020222296938300133,0.010149164212634787,0.010073132929392159,0.020245719261260495,0.020192182722634504
untrained,1,3,30,False,0.020242360536940396,0.010128232795977965,0.010114128032000735,0.02024233008198666,0.020242393497497804
untrained,1,3,31,False,0.020196524739731103,0.010104423068696633,0.0100921017001383,0.020213000927000277,0.020181047532594566
untrained,1,3,32,False,0.020196250232402235,0.010134443058632314,0.010061807028250769,0.020181102627837982,0.020217007819425176
untrained,1,3,33,False,0.02020950085716322,0.010127524408744648,0.010081976652145386,0.02019989913837476,0.020219722732661233
untrained,1,3,34,False,0.0202361632254906,0.0101643874659203,0.010071775963297114,0.020242557860910892,0.020227940919409906
untrained,1,3,35,False,0.02021567989140749,0.010102029016707093,0.010113650874700397,0.02024193221910132,0.020181926931919794
untrained,1,3,36,False,0.020218734221998602,0.010112025192938745,0.010106709290994331,0.020239905096017398,0.020196891995886018
untrained,1,3,37,False,0.020198393962346017,0.01010567051707767,0.010092723678098992,0.02023168845427415,0.020166123371857865
untrained,1,3,38,False,0.020181109197437763,0.010090593015775084,0.01009051621076651,0.02013600290078541,0.020218482773218836
untrained,1,3,39,False,0.020220980746671557,0.01014210408902727,0.010078876657644287,0.02021639456309504,0.020224902400935905
untrained,1,3,40,False,0.02015254058642313,0.01006011851131916,0.010092421958688647,0.02013615038299906,0.02017170869571678
untrained,1,3,41,False,0.020194580894894898,0.01012014178559184,0.010074439138406888,0.020218554593157023,0.020170606701867655
untrained,1,3,42,False,0.020164311630651355,0.01010170319932513,0.010062608344014734,0.02016338141662861,0.020165332730432025
untrained,1,3,43,False,0.020154749741777778,0.010082831315230578,0.01007191845565103,0.02012921178366168,0.02017658711343572
untrained,1,3,44,False,0.020200194790959358,0.010127096058567986,0.01007309855776839,0.02020888216793537,0.020192034034566445
untrained,1,3,45,False,0.020241134916432202,0.010119441663846374,0.01012169333989732,0.020272766111482834,0.020214926185352464
untrained,1,3,46,False,0.020199753576889634,0.010102958971401677,0.010096794430864975,0.020180019641846,0.020224334508703465
untrained,1,3,47,False,0.020185468485578895,0.01009915058966726,0.010086317837703973,0.02013823167054039,0.020235752837071498
untrained,1,3,48,False,0.020235540461726487,0.010157169919693843,0.010078370803967118,0.020225700877961657,0.020245077174443467
untrained,1,3,49,True,0.010135653399629518,0.010135653399629518,0.0,nan,nan
untrained,1,4,0,False,0.020226743130479008,0.010108995891641825,0.010117747209733352,0.020231889812527475,0.020219690580334928
untrained,1,4,1,False,0.02016295975772664,0.010068766394397244,0.010094193305121735,0.020161660650046542,0.020164258836302906
untrained,1,4,2,False,0.020194526645354927,0.010097456688527018,0.010097069869516417,0.020190815079129405,0.02019929764459708
untrained,1,4,3,False,0.02015186194330454,0.01004505529999733,0.0101068067306187,0.02008336005383171,0.02022036409471184
untrained,1,4,4,False,0.02018120465800166,0.010072075994685292,0.010109128663316369,0.02019102492574918,0.020172807563474213
untrained,1,4,5,False,0.02019009436480701,0.010103979497216642,0.010086114751175046,0.020273991860449314,0.020106196985580027
untrained,1,4,6,False,0.02020255324896425,0.010104204819072038,0.010098348167957738,0.0202184708614368,0.02018663566559553
untrained,1,4,7,False,0.02018570725340396,0.010096735262777656,0.010088971699588,0.02015388621798446,0.020215599205006252
untrained,1,4,8,False,0.02023394242860377,0.010119372745975852,0.010114569537108764,0.020201205831164352,0.020256341189930315
untrained,1,4,9,False,0.020241607271600515,0.010132391063962132,0.010109216236742213,0.02025823277376947,0.0202254929794715
untrained,1,4,10,False,0.020185327506624162,0.010087343864142895,0.010097983467858285,0.020172374757627648,0.02019675580017707
untrained,1,4,11,False,0.02020755020203069,0.010108749469509348,0.010098800907144323,0.020183450061707728,0.02023019026400465
untrained,1,4,12,False,0.020210515707731247,0.01011495859711431,0.01009555731434375,0.020191823079117707,0.020233076162122447
untrained,1,4,13,False,0.02022629143903032,0.010104547924129292,0.01012174368952401,0.02016344511260589,0.020272152800415014
untrained,1,4,14,False,0.02017740998417139,0.01009477290790528,0.010082637221785262,0.020181150559116814,0.02017317097634077
untrained,1,4,15,False,0.020201846200507134,0.010085605550557375,0.010116240562638268,0.020199123481419723,0.02020523788636191
untrained,1,4,16,False,0.020153658522758633,0.010075963102281094,0.010077695536892861,0.020104238628477288,0.020211454228324405
untrained,1,4,17,False,0.020195936143863946,0.010090783413033932,0.010105152934556827,0.020170832159263748,0.02022623437745818
untrained,1,4,18,False,0.020220838021486998,0.010087621747516096,0.01013321615755558,0.020195369238722817,0.020254641703583976
untrained,1,4,19,False,0.020228701876476407,0.010135497199371457,0.010093204444274306,0.02022885784628938,0.020228559790707347
untrained,1,4,20,False,0.020188617578241974,0.010075778147438541,0.010112839081557468,0.020166588049115877,0.02020575119078987
untrained,1,4,21,False,0.020180113264359534,0.010079131694510579,0.010100981540745124,0.02017682283035209,0.020183203967683243
untrained,1,4,22,False,0.020133779442403466,0.01007199808373116,0.010061781445983797,0.02013848993986372,0.02012921394063876
untrained,1,4,23,False,0.020223501487635076,0.010106931382324547,0.010116570221725851,0.02028092785427968,0.02017283152021906
untrained,1,4,24,False,0.020175806886982173,0.010079298634082079,0.010096508107380942,0.020156685475792205,0.020198883777805446
untrained,1,4,25,False,0.020229915447998792,0.010120244143763557,0.010109671246027574,0.020233852980548844,0.02022545241440336
untrained,1,4,26,False,0.02018554974347353,0.010117232392076403,0.01006831755512394,0.020171653452342835,0.020201802222152888
untrained,1,4,27,False,0.02020686591276899,0.0101004077878315,0.01010645812493749,0.020193244437458083,0.020219267373765584
untrained,1,4,28,False,0.020231141592375934,0.01011041330639273,0.010120728547917679,0.020181781033787764,0.02028368716879237
untrained,1,4,29,False,0.020257340336684138,0.010155939642572775,0.010101400926942006,0.020267924474966195,0.02024373209236988
untrained,1,4,30,False,0.020209763024467975,0.01007287364336662,0.01013688909006305,0.020223920910873196,0.020194691035055345
untrained,1,4,31,False,0.020212006871588528,0.010085266985697672,0.010126739885890856,0.020238477616540847,0.020187140075546322
untrained,1,4,32,False,0.020206598506774753,0.01010244939243421,0.010104148765094578,0.020224945670044098,0.02018145540798152
untrained,1,4,33,False,0.0201895241625607,0.010134064068552107,0.010055460268631577,0.020185489094618595,0.02019382000810677
untrained,1,4,34,False,0.020218543708324432,0.010132883442565799,0.01008566006203182,0.020218887676795323,0.02021810089770172
untrained,1,4,35,False,0.020177113998215646,0.01007120858412236,0.010105905326781794,0.02018659867139326,0.020164919518200417
untrained,1,4,36,False,0.020230475638527423,0.010119627666426823,0.010110847593750805,0.020240847966991937,0.020219773941096805
untrained,1,4,37,False,0.020225951331667602,0.0101188424450811,0.010107109003001824,0.02022290460410572,0.020228904485702512
untrained,1,4,38,False,0.02023508510319516,0.010150442103622481,0.010084643174195662,0.02019617125263502,0.020267328353864807
untrained,1,4,39,False,0.020192752475850284,0.010107940179295838,0.01008481194730848,0.020166514157238653,0.02021518732974495
untrained,1,4,40,False,0.020198900252580643,0.010071291180793196,0.010127609100891277,0.020202501582494682,0.020194688906609002
untrained,1,4,41,False,0.020242056343704462,0.010128139576409012,0.010113916941918433,0.02026698092231527,0.02021713205613196
untrained,1,4,42,False,0.020196515135467052,0.010080810898216441,0.010115704382769763,0.02019558746868105,0.020197534200842263
untrained,1,4,43,False,0.02026205079164356,0.01014033070532605,0.010121719882590696,0.02026469629826182,0.02025978888074557
untrained,1,4,44,False,0.020142251159995794,0.010050104261608794,0.010092147073009983,0.020142675077001897,0.020141852793819977
untrained,1,4,45,False,0.02019620721694082,0.010090937779750675,0.010105269611813128,0.020167437960104697,0.020220044734222547
untrained,1,4,46,False,0.020175745652522892,0.010101976105943322,0.010073769459268078,0.02015352899759588,0.02020341922578059
untrained,1,4,47,False,0.02020374027779326,0.010069737589219585,0.010134002339327708,0.020219580524347046,0.020186877749379602
untrained,1,4,48,False,0.02017634839285165,0.010104976070579141,0.010071372176753357,0.020186238389994417,0.020166762345112287
untrained,1,4,49,True,0.010116461926372722,0.010116461926372722,0.0,nan,nan
untrained,1,5,0,False,0.02018498134566471,0.010104499262524769,0.010080482083139941,0.020191883819328772,0.02017552309014179
untrained,1,5,1,False,0.02019209146965295,0.010112469841260463,0.010079621541080996,0.02020938857458532,0.02017479507776443
untrained,1,5,2,False,0.020213003444951028,0.010129874950507656,0.010083128698170185,0.02021311078634527,0.020212865617525364
untrained,1,5,3,False,0.02021376637276262,0.010130397218745202,0.010083369095809758,0.020192906085867435,0.020234626077581197
untrained,1,5,4,False,0.02020246715983376,0.01012988481670618,0.01007258240133524,0.02016200523002673,0.020237065419770668
untrained,1,5,5,False,0.020119955472182482,0.01007425197167322,0.010045703762443736,0.020134031918132678,0.020105879404582083
untrained,1,5,6,False,0.02021873544435948,0.010114786273334175,0.010103949316544458,0.020219607948092744,0.02021786372642964
untrained,1,5,7,False,0.02014493936439976,0.010108793328981847,0.010036146210040897,0.02017341361891839,0.02011819099160758
untrained,1,5,8,False,0.020234114781487733,0.010131122427992523,0.01010299229528755,0.020235381913013183,0.020233247992827705
untrained,1,5,9,False,0.020233034039847553,0.010152952832868323,0.01008008178905584,0.020203907959281453,0.020261265136874637
untrained,1,5,10,False,0.02022968727396801,0.01011516695143655,0.010114520322531462,0.02016392769291997,0.020287710461108124
untrained,1,5,11,False,0.020207306661177427,0.010112625983310863,0.010094680619658902,0.020196721228140015,0.02021725010126829
untrained,1,5,12,False,0.020204010827001184,0.010130746639333665,0.010073264333186671,0.020192401989230085,0.020218021653849505
untrained,1,5,13,False,0.020156074548140168,0.010075695550767705,0.010080379113787785,0.02012125064653379,0.020181486785814568
untrained,1,5,14,False,0.02020671044010669,0.010098419414134696,0.010108291025971994,0.020207001909832743,0.020206380262970922
untrained,1,5,15,False,0.020205559441819787,0.010111577808856964,0.010093981632962823,0.0201851116414641,0.020231029574285474
untrained,1,5,16,False,0.02017446467652917,0.01012183359125629,0.010052631318103522,0.020195060558077217,0.02015037859900523
untrained,1,5,17,False,0.020191238552797586,0.010102223517606035,0.01008901497698389,0.02024889551103115,0.020121652665066308
untrained,1,5,18,False,0.020240863610524684,0.010166824504267424,0.01007403910625726,0.020244689352095942,0.020235785875808113
untrained,1,5,19,False,0.02018138370476663,0.010105017485329881,0.010076366161229089,0.02012079456424127,0.02023654711891466
untrained,1,5,20,False,0.020201669132802635,0.010111470037372783,0.01009019889170304,0.020242724800482392,0.02016973655877842
untrained,1,5,21,False,0.020169451483525336,0.010093167162267491,0.010076284088427201,0.02020388427040269,0.020137105193553547
untrained,1,5,22,False,0.020120458968449384,0.010051743302028626,0.010068715608213097,0.020075704015436624,0.020163836817328747
untrained,1,5,23,False,0.020198858866933733,0.010099874984007329,0.010098984057549387,0.02022106663013498,0.020179264466552174
untrained,1,5,24,False,0.02020754525437951,0.010121221246663481,0.01008632406592369,0.020232687890529635,0.02017720040447753
untrained,1,5,25,False,0.020268815336748958,0.01018680416746065,0.01008201128570363,0.020275743650820327,0.020260963402688504
untrained,1,5,26,False,0.02021762338699773,0.010127971472684294,0.010089651710586622,0.020244142715481743,0.020186608688811124
untrained,1,5,27,False,0.020173739118035883,0.010099517967319116,0.010074221499962732,0.020187184092451314,0.020161498157279703
untrained,1,5,28,False,0.02023027912946418,0.010139359976164997,0.010090919095091522,0.020217945305348345,0.02024340845884815
untrained,1,5,29,False,0.02021485788282007,0.01015552697936073,0.010059330670628697,0.020246605518170528,0.020174038862543448
untrained,1,5,30,False,0.02022086759097874,0.010161848418647423,0.010059019434265792,0.02023110894316977,0.020209965386217638
untrained,1,5,31,False,0.0202074502594769,0.010096382000483572,0.01011106840451248,0.020240818240469503,0.020176104975469185
untrained,1,5,32,False,0.020249390101525933,0.010169909161049873,0.01007948091137223,0.020259007761204564,0.020236209690294885
untrained,1,5,33,False,0.020197195059154183,0.010134356445632875,0.01006283872993663,0.02021209540014917,0.02018133370626357
untrained,1,5,34,False,0.02015894849319011,0.010096248908666894,0.010062699555419385,0.020175650198426515,0.020137475105002522
untrained,1,5,35,False,0.020150294236373156,0.010067372815683484,0.010082921508001164,0.020141312593801152,0.020161842361890843
untrained,1,5,36,False,0.02019762364216149,0.010115978919202462,0.010081644868478179,0.020174235907884745,0.020221754110285213
untrained,1,5,37,False,0.020217483397573233,0.01010735917952843,0.010110124218044803,0.02023401794334253,0.020201457320497586
untrained,1,5,38,False,0.020187537709716707,0.010098834958625957,0.010088703042129055,0.020215487782040548,0.020164378998535022
untrained,1,5,39,False,0.02022337430389598,0.010154447372769937,0.010068926902022213,0.020267500084335522,0.02018564361808957
untrained,1,5,40,False,0.020233848073985428,0.010158843302633613,0.010075004887767136,0.020209256802564083,0.020262607010239263
untrained,1,5,41,False,0.020209771289955825,0.010128842579433694,0.010080928390379995,0.02021816119668074,0.020201380888465792
untrained,1,5,42,False,0.02020564634585753,0.010103795939357951,0.010101850522914901,0.02019269444715621,0.02021987232394883
untrained,1,5,43,False,0.020200858649332076,0.01012489025015384,0.010075968224555254,0.020197243382365018,0.020203950099539066
untrained,1,5,44,False,0.020207201887387782,0.01014379199477844,0.010063410009024665,0.020208357623027216,0.020206116224554455
untrained,1,5,45,False,0.020270718378014863,0.010151312861125916,0.010119405254954472,0.020306296196991,0.020241239666938783
untrained,1,5,46,False,0.020159245934337378,0.010094684606883675,0.010064561240142211,0.020113256458245535,0.020216530907833784
untrained,1,5,47,False,0.020240480080246925,0.010157590499147773,0.01008288937737234,0.02029013201933015,0.020187623919017857
untrained,1,5,48,False,0.020215662836562842,0.010142889601411298,0.010072773235151544,0.020243879895479905,0.02018831386589087
untrained,1,5,49,True,0.010088714101584628,0.010088714101584628,0.0,nan,nan
untrained,2,0,0,False,0.02014483039965853,0.010034833976533264,0.010109996306709945,0.020160466702955383,0.020130141440666084
untrained,2,0,1,False,0.020178087812382728,0.010059205902507529,0.0101188819098752,0.020194590989766375,0.020165252292321786
untrained,2,0,2,False,0.020183705142699182,0.010074558289488778,0.010109146911418065,0.02019546544761397,0.020171944808680564
untrained,2,0,3,False,0.020216192409861833,0.010109548253240064,0.010106643952894956,0.02022761636744103,0.02020546051701813
untrained,2,0,4,False,0.02022174297599122,0.01008647057460621,0.010135272576007992,0.020250438986455694,0.020189221451679867
untrained,2,0,5,False,0.020180460589472204,0.010092003678437322,0.01008845679461956,0.020191122190310405,0.020169460406852146
untrained,2,0,6,False,0.020206912595313042,0.010073654499137774,0.010133258096175268,0.02020446897337311,0.020210484920356136
untrained,2,0,7,False,0.020165133464615792,0.010062900808406994,0.01010223274352029,0.020144966764832444,0.02017938509583473
untrained,2,0,8,False,0.020199246297124773,0.010088747134432197,0.01011049936641939,0.02017545663345028,0.020228878905375797
untrained,2,0,9,False,0.020207745081279427,0.010089397052070126,0.010118347883690149,0.02017287869345058,0.020234014430682953
untrained,2,0,10,False,0.020153891819063574,0.01005812076618895,0.010095771111082286,0.020154439557630282,0.020153037160634994
untrained,2,0,11,False,0.020196095923893154,0.010095768375322223,0.010100327956024557,0.020183656335113542,0.02020815318593612
untrained,2,0,12,False,0.02020850812550634,0.010106540634296834,0.010101967491209507,0.02020061365328729,0.020216402190271765
untrained,2,0,13,False,0.020218413439579308,0.010111842799233273,0.010106570756761357,0.020253973776724804,0.02017935570024076
untrained,2,0,14,False,0.02018561284057796,0.010095234581967816,0.010090378345921636,0.0201874939375557,0.020183732238365337
untrained,2,0,15,False,0.02018655597930774,0.010071396216517314,0.01011515993741341,0.02016562156172262,0.02021347182536764
untrained,2,0,16,False,0.020219276659190655,0.01009968522703275,0.010119591432157904,0.02022169401650043,0.020216536677132052
untrained,2,0,17,False,0.02022575563751161,0.010086882655741647,0.010138872981769964,0.02018871028923382,0.02025743195976036
untrained,2,0,18,False,0.02022465883055702,0.010106427042046562,0.010118231904925779,0.020245446807198357,0.02020797028507985
untrained,2,0,19,False,0.02019175118766725,0.010067211464047432,0.010124539869138971,0.020179903647605926,0.020205606532804034
untrained,2,0,20,False,0.02019906823989004,0.010096396581502631,0.010102671512868255,0.020161981254609097,0.02024675124058766
untrained,2,0,21,False,0.02021377143682912,0.01009016192983836,0.010123609681613743,0.0201765859965235,0.020239214388359534
untrained,2,0,22,False,0.020215961907524616,0.010107531619723886,0.01010843031690456,0.0201963100921024,0.02023076786570353
untrained,2,0,23,False,0.020234548021107912,0.010117346508195624,0.010117201745742932,0.020238208087782067,0.020231318906606996
untrained,2,0,24,False,0.02020988817093894,0.010091450618347153,0.010118437494384125,0.020182372288157543,0.020234166973215693
untrained,2,0,25,False,0.020232936018146574,0.010107242298545316,0.010125693690497428,0.020252221854219973,0.020208912983275297
untrained,2,0,26,False,0.020210428745485842,0.010106189380167052,0.010104239190695807,0.02018107385453531,0.020235528629543125
untrained,2,0,27,False,0.02017442276701331,0.01005634997272864,0.010118072619661689,0.020179723117213985,0.02016895388563474
untrained,2,0,28,False,0.020210669841617346,0.010090363823110238,0.01012030619313009,0.02024755737511441,0.020173782599158585
untrained,2,0,29,False,0.020199768361635506,0.010109413648024201,0.010090354742715135,0.020208721808516062,0.02019053076704343
untrained,2,0,30,False,0.020244185288902372,0.010102252155775204,0.010141932958504185,0.020214344188570977,0.0202749731640021
untrained,2,0,31,False,0.0202089017839171,0.010101903637405485,0.010106998233823106,0.020198385600514453,0.020217615365982055
untrained,2,0,32,False,0.02019373408984393,0.010098127357196063,0.010095606849063188,0.020163769915438536,0.020217790150306593
untrained,2,0,33,False,0.020191606308799237,0.010084193607326597,0.01010741270147264,0.020216223038733005,0.020169885609956348
untrained,2,0,34,False,0.02021319861523807,0.010080967971589416,0.010132230643648654,0.02022435816211833,0.020198849961161613
untrained,2,0,35,False,0.020206621033139527,0.010086570226121694,0.010120050981640816,0.020218201197575832,0.020193078602522105
untrained,2,0,36,False,0.020188962458632886,0.010106300498591736,0.01008266196004115,0.020158118811937478,0.02022078479566271
untrained,2,0,37,False,0.020230361027643085,0.01010329759446904,0.0101270632003434,0.02023929691252609,0.020218871666916778
untrained,2,0,38,False,0.020228853973094374,0.0101029273646418,0.010125926870387048,0.020211456822497503,0.02024985149759671
untrained,2,0,39,False,0.020206429588142782,0.010094747209222987,0.010111682408023626,0.020179821719085018,0.02023142505662911
untrained,2,0,40,False,0.020199431281071156,0.010084806097438559,0.010114625038113445,0.0201805191622539,0.02021367980601036
untrained,2,0,41,False,0.020178337348625064,0.01007957840920426,0.01009875867748633,0.020176274092359975,0.02017989172919156
untrained,2,0,42,False,0.020157781429588795,0.010064464382594451,0.0100933168141637,0.02015166056031982,0.02016318216919899
untrained,2,0,43,False,0.020219408441334963,0.010102416737936437,0.010116991412360221,0.02018814281943966,0.0202548423781991
untrained,2,0,44,False,0.020208270056173205,0.010094326396938413,0.010113943775650114,0.02019611291368218,0.020222048771878085
untrained,2,0,45,False,0.02018944447627291,0.010076737846247852,0.010112706309882924,0.020263414241765677,0.020130059563777815
untrained,2,0,46,False,0.02019075572025031,0.010091674455907196,0.010099081468069926,0.02020312716268887,0.02018017786136572
untrained,2,0,47,False,0.020172462449409068,0.01006144963321276,0.010111012757988647,0.020201668116277542,0.020138306416949983
untrained,2,0,48,False,0.02022103569470346,0.010105342225870118,0.010115693410625681,0.02024106604845396,0.020205457229167223
untrained,2,0,49,True,0.010134178854059428,0.010134178854059428,0.0,nan,nan
untrained,2,1,0,False,0.02022661332739517,0.01013308548135683,0.010093528020661324,0.020223682596077843,0.020229366241079388
untrained,2,1,1,False,0.020195420656818897,0.010121610772330314,0.010073809535242617,0.02020765360378261,0.020185905327606533
untrained,2,1,2,False,0.020178751612547785,0.01007698182365857,0.01010177016723901,0.020176975522190332,0.020180528168566525
untrained,2,1,3,False,0.020217306271661073,0.010128998314030468,0.010088307753903791,0.02026572952707929,0.020171817138113758
untrained,2,1,4,False,0.020183840242680162,0.010082716878969222,0.01010112333460711,0.02018915954977274,0.020177811197936536
untrained,2,1,5,False,0.020191609160974622,0.010113134601851925,0.010078474530018866,0.020184990820976405,0.020198437400043956
untrained,2,1,6,False,0.020203107793349773,0.010127846209798008,0.010075261641759425,0.020201770196619784,0.020205062294665437
untrained,2,1,7,False,0.020194930024445057,0.010119603801285848,0.010075326164951548,0.020154778054862654,0.020223304082949957
untrained,2,1,8,False,0.02017757878638804,0.01011198220658116,0.010065596463391557,0.020160850111237714,0.02019841612823177
untrained,2,1,9,False,0.020184326567687094,0.010092042357428,0.010092284268466756,0.020213652232831177,0.020162231913984637
untrained,2,1,10,False,0.02025824412703514,0.01014856228721328,0.010109682130860165,0.020254074595868587,0.020264749228954316
untrained,2,1,11,False,0.020208622969221324,0.01012024565716274,0.010088377282954752,0.020217535899035514,0.020199983882216308
untrained,2,1,12,False,0.020236966258380562,0.010108000336913392,0.010128965775948018,0.020248582906788215,0.020225349377142265
untrained,2,1,13,False,0.02019696740899235,0.010081199114210904,0.01011576855671592,0.020195337012410164,0.020198758477803135
untrained,2,1,14,False,0.02019723632838577,0.010087468835990876,0.010109767084941268,0.020196421828586608,0.020198050333419815
untrained,2,1,15,False,0.020172176242340356,0.01009802010958083,0.010074156249174848,0.020144777268999152,0.020207403560302088
untrained,2,1,16,False,0.02024133049417287,0.010131753020687029,0.01010957729886286,0.02026286833536099,0.020216920506209136
untrained,2,1,17,False,0.02019043586915359,0.010098283120896667,0.01009215269004926,0.020199051095267474,0.020183069253529327
untrained,2,1,18,False,0.02019599889172241,0.010075733764097095,0.010120265011209995,0.02019852344273475,0.020193972008329043
untrained,2,1,19,False,0.020216525881551206,0.010125594621058553,0.01009093108586967,0.020239059340910637,0.02019017256038674
untrained,2,1,20,False,0.020170149276964366,0.010068671428598464,0.010101477993885055,0.020157158814577594,0.020186851067202433
untrained,2,1,21,False,0.020246056199539453,0.010153290088055655,0.010092765878653154,0.020241711037949875,0.020249029008769674
untrained,2,1,22,False,0.020184860622975975,0.010099584556883201,0.010085276007885113,0.02018171115355058,0.02018723381708746
untrained,2,1,23,False,0.020160397922154516,0.010067059891298413,0.010093338176375255,0.02018867169196407,0.020135450231678346
untrained,2,1,24,False,0.020205513923428953,0.010105502791702747,0.010100011102622375,0.020184377549837033,0.02022416371961727
untrained,2,1,25,False,0.020137059793341905,0.010101465071784332,0.010035594837972894,0.020140604601359705,0.020132644690181077
untrained,2,1,26,False,0.02023983543040231,0.01016291676205583,0.01007691866834648,0.020204106535194284,0.020270386332834976
untrained,2,1,27,False,0.02022176032187417,0.010132574854651466,0.01008918508887291,0.020162008387538104,0.020283408817790803
untrained,2,1,28,False,0.020154995494522154,0.01008042850298807,0.010074567195260897,0.020139502739766613,0.02017048903508112
untrained,2,1,29,False,0.02020906109828502,0.010104406159371138,0.010104655200848356,0.020206614669698933,0.020211585841718175
untrained,2,1,30,False,0.02021030621835962,0.010142596991499886,0.010067709168652073,0.020227466093806122,0.020192601378001863
untrained,2,1,31,False,0.02020568080479279,0.010103794425958768,0.010101886204211041,0.020225041289010953,0.020189639127680233
untrained,2,1,32,False,0.020222310384269804,0.01010958559345454,0.010112724761711434,0.020194121456721375,0.020244940853034944
untrained,2,1,33,False,0.020231198403052986,0.010121924191480502,0.01010927397874184,0.020279837679117917,0.02018828112084199
untrained,2,1,34,False,0.020170419360511005,0.010091195406857878,0.010079223924549296,0.020189100669489965,0.020146400700988516
untrained,2,1,35,False,0.02017558307852596,0.010090431169373915,0.01008515158900991,0.020186249382685924,0.02016310851578995
untrained,2,1,36,False,0.020243393431883305,0.010132723691640422,0.010110669827554375,0.020246217227899113,0.020240480612431253
untrained,2,1,37,False,0.02013142145005986,0.010058369429316372,0.010073052137158811,0.020136086089122627,0.020125424722209573
untrained,2,1,38,False,0.02016687166178599,0.010072016331832856,0.010094855329953134,0.020182001005326,0.020148612398268848
untrained,2,1,39,False,0.020193155913148075,0.010080015228595585,0.010113140888279304,0.020225598506869807,0.02016268012988748
untrained,2,1,40,False,0.020177103288006037,0.010078478313516825,0.010098624712554738,0.02018158042972738,0.020173729741818282
untrained,2,1,41,False,0.02023656904930249,0.010140833852346987,0.010095734760398045,0.02027508680793372,0.02020754853952421
untrained,2,1,42,False,0.020225663552992046,0.010118972160853446,0.01010669136303477,0.020269217000653348,0.02018723393078236
untrained,2,1,43,False,0.020176607882604003,0.010093946737470105,0.01008266131975688,0.02020975635113085,0.02013903995975852
untrained,2,1,44,False,0.020144658745266497,0.010045392264146358,0.010099266772158444,0.02010657298652565,0.02018782344336311
untrained,2,1,45,False,0.020191359042655677,0.010111954936292022,0.010079404077259824,0.02017589433020667,0.020203773771793068
untrained,2,1,46,False,0.020240655110683292,0.010126607812708244,0.010114047705428675,0.020284005330275683,0.020203588341457256
untrained,2,1,47,False,0.020186260051559657,0.010084972280310467,0.010101287683937699,0.02016696180014507,0.02020882868792041
untrained,2,1,48,False,0.02019784360891208,0.010090774303535,0.010107069538207725,0.020184236611904844,0.020208427165117532
untrained,2,1,49,True,0.010275258478941396,0.010275258478941396,0.0,nan,nan
untrained,2,2,0,False,0.020160850253887475,0.010061419801786542,0.010099430714035407,0.020173116346761104,0.020149327941577543
untrained,2,2,1,False,0.020209176291245967,0.010095765552250668,0.01011341079720296,0.02020741902690913,0.020210542793696128
untrained,2,2,2,False,0.02019496390130371,0.010101209161803126,0.010093754506669939,0.02021091745700687,0.020179010112769902
untrained,2,2,3,False,0.020190914976410568,0.010081620886921883,0.010109293827554211,0.02022780617699027,0.02015625902762016
untrained,2,2,4,False,0.020185116794891655,0.010097242484334856,0.01008787433966063,0.02017935349003357,0.020191648850838344
untrained,2,2,5,False,0.020174440986011177,0.010072237841086462,0.010102203319547698,0.020136177310576805,0.020213919469997996
untrained,2,2,6,False,0.02021855750354007,0.010107507841894403,0.010111049516126513,0.020232213514023704,0.02019859880853731
untrained,2,2,7,False,0.02024029305903241,0.010109616094268858,0.010130676935659721,0.020248433715611136,0.020234540353218713
untrained,2,2,8,False,0.02019317593658343,0.010097877122461796,0.010095298668602481,0.020219880589087247,0.020159912540724405
untrained,2,2,9,False,0.020169605500996113,0.010080261068651453,0.010089344345033169,0.02016183744100007,0.020175457919297153
untrained,2,2,10,False,0.020256491319742054,0.010145414446014911,0.010111077077453956,0.020258804281743672,0.02025288324803114
untrained,2,2,11,False,0.0202356253284961,0.010091031901538372,0.010144593397853896,0.020208644222409006,0.02026177661923262
untrained,2,2,12,False,0.020211651572026312,0.010098512866534293,0.010113138909218833,0.020235585747286677,0.02018771809525788
untrained,2,2,13,False,0.020200585189741105,0.010085673799039796,0.010114911274285987,0.02020715805354403,0.02019336572313895
untrained,2,2,14,False,0.02016423491295427,0.01006486444384791,0.010099370469106361,0.02017685744795017,0.020151612465269864
untrained,2,2,15,False,0.02023589244345203,0.010127726825885475,0.010108165763085708,0.02020713800771369,0.02027286239899695
untrained,2,2,16,False,0.020159786101430655,0.010072736506117508,0.010087049508001655,0.020122155355399143,0.020202434125045934
untrained,2,2,17,False,0.020232167618814856,0.010122580657480285,0.01010958687402308,0.02026453797342414,0.020204488592951195
untrained,2,2,18,False,0.02021936228265986,0.010119048092747107,0.01010031410260126,0.02020281585946418,0.020232645978390328
untrained,2,2,19,False,0.02020330826053396,0.010102533415192738,0.010100774612510577,0.020221229453665623,0.02018234951390048
untrained,2,2,20,False,0.020224320353008807,0.010088779759826139,0.01013554070959799,0.0202138085797843,0.020237835656319345
untrained,2,2,21,False,0.020154774887487292,0.010063785128295422,0.01009098970098421,0.02013127743982925,0.020170852541923523
untrained,2,2,22,False,0.020166038477327675,0.010081548447487876,0.010084490029839799,0.0201468806036494,0.020180472568289875
untrained,2,2,23,False,0.020186241425108165,0.010101658408530056,0.010084583074785769,0.02022200447196762,0.020154685603783414
untrained,2,2,24,False,0.020201326406095177,0.010084421111969277,0.010116905410541221,0.020185665413737296,0.020215145339641503
untrained,2,2,25,False,0.020211538998410106,0.010128930996870622,0.010082607972435653,0.02021522615367258,0.02020694602999771
untrained,2,2,26,False,0.02022667310666293,0.010134456591913477,0.01009221634012647,0.020224524946030924,0.02022850972370825
untrained,2,2,27,False,0.020245154155418277,0.010138525656657293,0.010106628586072475,0.020252334670378614,0.020237745983260017
untrained,2,2,28,False,0.020191762421745807,0.010091857897350565,0.010099904437083751,0.020166970876744017,0.020216553995851427
untrained,2,2,29,False,0.020204458909574896,0.010089614195749164,0.010114844742929563,0.020174550981475758,0.020235316029616764
untrained,2,2,30,False,0.020203329564537853,0.01011685756384395,0.010086471535032615,0.020184538284173378,0.02022271668390622
untrained,2,2,31,False,0.02016235509654507,0.010061457200208679,0.010100897547090426,0.020116576443201507,0.02020028563482421
untrained,2,2,32,False,0.020228675741236657,0.010120647930307314,0.01010802763630636,0.02025307705135722,0.020209085616007656
untrained,2,2,33,False,0.020203582767862827,0.010109504102729261,0.010094078665133566,0.020215559968103966,0.020193014841745884
untrained,2,2,34,False,0.020226733176968992,0.010117314115632325,0.010109418857609853,0.020252860720372863,0.020193139789626002
untrained,2,2,35,False,0.02021544915623963,0.010094311262946576,0.010121137573150918,0.020211000211428905,0.020220652506765673
untrained,2,2,36,False,0.02018455893266946,0.010094370547449216,0.010090188268804923,0.02015952313175568,0.020210389668742817
untrained,2,2,37,False,0.02015547442715615,0.010035993269411847,0.010119481012225151,0.020114924111920927,0.020207610895990262
untrained,2,2,38,False,0.020197784178890288,0.010114024044014513,0.010083760251291096,0.020211674113358773,0.02018102120351175
untrained,2,2,39,False,0.020181364787276834,0.010083565837703645,0.010097799124196172,0.020198176975452134,0.02016557197114735
untrained,2,2,40,False,0.020246977044735104,0.01012343421461992,0.010123542859219015,0.020256450061093677,0.02023984017233326
untrained,2,2,41,False,0.020205151464324445,0.010095695703057572,0.010109455761266872,0.020243515446782115,0.02017624706846394
untrained,2,2,42,False,0.02021863596746698,0.010102422558702528,0.01011621332145296,0.02020504235600432,0.020230630385305953
untrained,2,2,43,False,0.020230728667229414,0.01012410144903697,0.010106627130880952,0.02022435647599837,0.020237949800988038
untrained,2,2,44,False,0.020160805492196232,0.010069182433653623,0.010091622883919626,0.020145676235723144,0.0201779520449539
untrained,2,2,45,False,0.020180240622721612,0.010084080160595477,0.010096160462126136,0.020136692838972074,0.02021520149330018
untrained,2,2,46,False,0.020228038833010942,0.010118276317371055,0.010109762544743717,0.02026378679073463,0.02019747163074604
untrained,2,2,47,False,0.02017666323808953,0.01008365087909624,0.010093012358993292,0.02016985716055269,0.020184623330073842
untrained,2,2,48,False,0.020189688657410443,0.01008513302076608,0.010104555723955855,0.020228872574599727,0.020159212096283834
untrained,2,2,49,True,0.010135275253560394,0.010135275253560394,0.0,nan,nan
untrained,2,3,0,False,0.020182494423352182,0.010097699851030484,0.010084794863360003,0.020239802588137887,0.020128659960446937
untrained,2,3,1,False,0.020206582150422037,0.010118835052708164,0.010087747097713873,0.02014710965366768,0.02025283849798143
untrained,2,3,2,False,0.020244931802153587,0.010172263719141483,0.010072668112115934,0.0202395812375471,0.020250282512279227
untrained,2,3,3,False,0.02018164296168834,0.010106741450726986,0.010074901598272845,0.020171147651009018,0.02019150224937634
untrained,2,3,4,False,0.02020134578924626,0.01012162066763267,0.0100797250343021,0.020215386524796486,0.020185432955622674
untrained,2,3,5,False,0.02020498475758359,0.010116539022419602,0.010088445793371648,0.020204591235289206,0.020205390713517627
untrained,2,3,6,False,0.020185649453196675,0.010116812482010573,0.010068837058497593,0.020216766989936956,0.020140170137612864
untrained,2,3,7,False,0.020142968220170587,0.01010198934818618,0.010040978668257594,0.02015865038869516,0.020131885757048926
untrained,2,3,8,False,0.020206469052936882,0.010100905899889767,0.010105562949320301,0.020190289296524624,0.020226622457828435
untrained,2,3,9,False,0.02020444633672014,0.010154296411201358,0.010050149779999629,0.02016965892504562,0.020230655851837708
untrained,2,3,10,False,0.020187488349620253,0.010091556730912998,0.010095931764226407,0.02021585872922188,0.020143231153488157
untrained,2,3,11,False,0.020240485202521086,0.010161680344026536,0.01007880488759838,0.02021551977783915,0.02026468231700934
untrained,2,3,12,False,0.02022769016912207,0.010113031574292108,0.010114658565726131,0.020235037780366838,0.020220342819811776
untrained,2,3,13,False,0.020221207349095494,0.010123008483787999,0.010098198952618986,0.02022141334948255,0.02022098136119178
untrained,2,3,14,False,0.020198994025122374,0.010113275842741132,0.010085718182381243,0.020186456007650122,0.020211531809763983
untrained,2,3,15,False,0.020233812858350575,0.010139788733795285,0.010094024386489764,0.020231529863344297,0.020236748470259566
untrained,2,3,16,False,0.020213098090607673,0.01012434350559488,0.010088754817843437,0.02017198730369701,0.02025969016055266
untrained,2,3,17,False,0.020197401114273816,0.010109025868587196,0.01008837518747896,0.020199179428361233,0.02019588071582974
untrained,2,3,18,False,0.020206218759994954,0.010100659070303664,0.010105559544172138,0.020178098362265973,0.020228794552910496
untrained,2,3,19,False,0.020177538448479027,0.010103311215061694,0.010074227349832654,0.020180052011341286,0.02017459923685607
untrained,2,3,20,False,0.020196395635139197,0.01013467850862071,0.010061717184726149,0.020163120391468208,0.020239178124549135
untrained,2,3,21,False,0.02021645480999723,0.01012435246957466,0.01009210234042257,0.020177488215267658,0.020243116482896242
untrained,2,3,22,False,0.02017874747980386,0.010116995486896485,0.01006175231304951,0.020184519785371696,0.020174398865193538
untrained,2,3,23,False,0.02019272290635854,0.010119431099155918,0.010073291719891131,0.020203424834956726,0.02018327978165711
untrained,2,3,24,False,0.020213410898577422,0.010124738240847364,0.010088672657730058,0.02026809665064017,0.02016515931224122
untrained,2,3,25,False,0.020237741759046912,0.01014841563301161,0.010089326038723812,0.02024142900612992,0.02023314851287164
untrained,2,3,26,False,0.020169098279438913,0.010099957522470504,0.010069140931591392,0.02014757557061769,0.02018750178209249
untrained,2,3,27,False,0.020149354415480047,0.01009553630137816,0.010053818026790395,0.020199703281888595,0.02009740714279432
untrained,2,3,28,False,0.020231417671311647,0.010130571929039434,0.01010084559675306,0.02021760173374787,0.020245233085006475
untrained,2,3,29,False,0.020216341537889093,0.01011976445442997,0.010096576908836141,0.020204070325081164,0.020229001780824055
untrained,2,3,30,False,0.02015510998899117,0.010074382124003023,0.010080727806780487,0.020172183616803244,0.020137493838630026
untrained,2,3,31,False,0.020160792337264866,0.01009658124530688,0.010064211121061817,0.0201787909589194,0.02014587904725756
untrained,2,3,32,False,0.020187091547995806,0.01011938537703827,0.010067706520203501,0.02018387266026254,0.02018967606651951
untrained,2,3,33,False,0.020186880719847977,0.01010452295304276,0.010082357621286064,0.020166360866278408,0.020204986555173117
untrained,2,3,34,False,0.020238694676663727,0.010141588194528595,0.010097106453031301,0.020265104326729972,0.020204739711646522
untrained,2,3,35,False,0.02014683693414554,0.01010732792201452,0.010039508604677394,0.020139012620716854,0.020155986644706483
untrained,2,3,36,False,0.020223619940225035,0.01011464445036836,0.010108975227922201,0.02025587770801324,0.02019033802761918
untrained,2,3,37,False,0.020216289500240237,0.010130163078429177,0.01008612645091489,0.02019840080497993,0.020239289234658436
untrained,2,3,38,False,0.020234883995726705,0.01013758679619059,0.010097297432366759,0.020268244296312334,0.020194621853016573
untrained,2,3,39,False,0.02019398513948545,0.010101226769620553,0.010092758544487879,0.02015774123250477,0.02022803255893064
untrained,2,3,40,False,0.02019710495369509,0.010119510669028386,0.01007759419735521,0.020200763710520483,0.020194347998867296
untrained,2,3,41,False,0.020182167703751475,0.010092364653246477,0.010089803108712658,0.020169144259257747,0.020191980143115944
untrained,2,3,42,False,0.020189767237752676,0.010118505044374615,0.010071262222481892,0.020191779484351476,0.020187992164317298
untrained,2,3,43,False,0.02023992291651666,0.010148567816941068,0.010091355303302407,0.020245180300929966,0.02023396464064717
untrained,2,3,44,False,0.020269169355742633,0.010174369643209502,0.01009479965432547,0.020293072030386505,0.020242079409460226
untrained,2,3,45,False,0.02021066757151857,0.010093350429087877,0.010117316647665575,0.020216936114848705,0.02020563442312496
untrained,2,3,46,False,0.020215288910549134,0.010130648617632687,0.010084640322020277,0.020192225447903247,0.020235009869371635
untrained,2,3,47,False,0.020204491855110973,0.010141384438611567,0.010063107241876423,0.02019581209490265,0.0202146424138445
untrained,2,3,48,False,0.02017097221687436,0.01011115638539195,0.010059816151624545,0.02018293585362179,0.020161667631732095
untrained,2,3,49,True,0.010109128576004878,0.010109128576004878,0.0,nan,nan
untrained,2,4,0,False,0.020235274045262486,0.010089817806147039,0.010145456093596295,0.020221293122778015,0.02024840785077575
untrained,2,4,1,False,0.02018068521283567,0.01009704073658213,0.010083644388942048,0.020172865745345395,0.02018676693033841
untrained,2,4,2,False,0.020151246862951666,0.010039457149105147,0.010111789335496724,0.020151168486336246,0.020151324715698138
untrained,2,4,3,False,0.020183140179142356,0.010069957468658686,0.010113182390341535,0.020215069905163783,0.020153145334034256
untrained,2,4,4,False,0.020209356036502868,0.010078207560582086,0.010131148766959086,0.020201735910685623,0.020217993296682835
untrained,2,4,5,False,0.020167596638202667,0.01007504333392717,0.010092553275171667,0.020168142995009054,0.02016703302543315
untrained,2,4,6,False,0.020181421539746225,0.010077834536787122,0.010103587061166763,0.020235164041974042,0.020102874340059664
untrained,2,4,7,False,0.020228218927513808,0.010101389168994501,0.010126829787623137,0.020256612239018926,0.020208154370387393
untrained,2,4,8,False,0.02020772622199729,0.010086513590067625,0.010121212835656479,0.02019302625681313,0.0202260379793874
untrained,2,4,9,False,0.020173860888462514,0.010065536480396986,0.010108324117027223,0.02013305571268905,0.020204604284404078
untrained,2,4,10,False,0.02023721154546365,0.010118965758010745,0.010118245554622263,0.02023025671354471,0.02024806030094624
untrained,2,4,11,False,0.020162513421382755,0.010066562419524416,0.010095950972754508,0.02013219751062847,0.020191895789825
untrained,2,4,12,False,0.020193908014334738,0.010107572161359712,0.01008633617311716,0.020205281995004043,0.020182534295599908
untrained,2,4,13,False,0.020109125995077193,0.010016258718678728,0.010092867480125278,0.020090438064132164,0.020129652693867683
untrained,2,4,14,False,0.0202139996108599,0.010125263564987108,0.010088736162288114,0.02019899053266272,0.02022900848533027
untrained,2,4,15,False,0.020147057191934437,0.010041296045528725,0.01010576164117083,0.020182622855322227,0.020101330908281465
untrained,2,4,16,False,0.020184021384920925,0.010062567103886977,0.010121454251930118,0.02017883364768589,0.020189900634189448
untrained,2,4,17,False,0.020242938247974962,0.010134361742530018,0.010108576505444944,0.02023237239632566,0.020251972627812538
untrained,2,4,18,False,0.020261291996575892,0.010095017467392609,0.010166274412767962,0.020240555174256623,0.020277939999187495
untrained,2,4,19,False,0.020266415609512478,0.010141650913283229,0.010124764434294775,0.02027022528151671,0.020261959251710922
untrained,2,4,20,False,0.020200025232043117,0.010075784259242937,0.010124240769073367,0.020166983362287283,0.02024250720361514
untrained,2,4,21,False,0.02022475830744952,0.010111632873304188,0.01011312537593767,0.020274324073957708,0.020190844802479995
untrained,2,4,22,False,0.020170358009636402,0.010060846369015053,0.01010951169882901,0.02015703164718368,0.02018039841970352
untrained,2,4,23,False,0.02019451593514532,0.010083720728289336,0.010110795294167474,0.02019349771241347,0.02019541439435938
untrained,2,4,24,False,0.02022511005634442,0.010106294503202662,0.010118815378518775,0.020212994267543156,0.020235800266485006
untrained,2,4,25,False,0.020216733100824058,0.01009318805881776,0.010123545245733112,0.020186661467166012,0.020254191011190414
untrained,2,4,26,False,0.020205034990794957,0.010105800029123202,0.010099235019879416,0.02017401937016491,0.020231555904383244
untrained,2,4,27,False,0.020211253431625664,0.010116310877492651,0.010094942466821522,0.020228958158538892,0.02019298617683706
untrained,2,4,28,False,0.020230299094691873,0.010123299463884905,0.010106999689014629,0.020245313382474706,0.02021528483601287
untrained,2,4,29,False,0.020197166013531387,0.010101673047756776,0.010095493169501424,0.02022491438457599,0.020168536475726535
untrained,2,4,30,False,0.020230777096003294,0.01009579555829987,0.01013498182874173,0.0202247297248015,0.02023701712725654
untrained,2,4,31,False,0.020189730043057352,0.010078055056510493,0.01011167498654686,0.02019763823020561,0.020183177372174604
untrained,2,4,32,False,0.0202227013069205,0.010121454630279914,0.010101246589329094,0.020234435175855957,0.020213280765103623
untrained,2,4,33,False,0.020183359971269965,0.01009257382247597,0.010090786294313148,0.020203063264489174,0.020165974959073695
untrained,2,4,34,False,0.020189583534374833,0.010076951351948082,0.010112632357049733,0.02018015689423515,0.020201703633314798
untrained,2,4,35,False,0.020205714681651443,0.01009785442147404,0.010107860405696556,0.020206818357110023,0.020204423658423502
untrained,2,4,36,False,0.020197151054162532,0.010083543282235041,0.010113607568200678,0.020197751917518103,0.02019653096795082
untrained,2,4,37,False,0.02016416669357568,0.010069794108858332,0.010094372322782874,0.020169717596015997,0.02015702993542488
untrained,2,4,38,False,0.020186350622680038,0.010068805568153039,0.01011754502542317,0.02014843129685947,0.020232115326256586
untrained,2,4,39,False,0.02024349069688469,0.010114882403286174,0.0101286084682215,0.020262225981681578,0.020225891194334537
untrained,2,4,40,False,0.02018284163204953,0.010066748305689543,0.010116093180840835,0.02019264782694253,0.020175453428536244
untrained,2,4,41,False,0.020179267681669444,0.010070798569358885,0.010108469083206728,0.020241580869663846,0.020132319210735085
untrained,2,4,42,False,0.02021819248329848,0.010122313251486048,0.010095879522850737,0.020248009792218608,0.020191883558736128
untrained,2,4,43,False,0.020253679831512272,0.01015046812244691,0.01010321147623472,0.020226092625628498,0.02028494533151388
untrained,2,4,44,False,0.020227127359248698,0.010101731604663655,0.010125395754585043,0.02019388332743855,0.020264804114898043
untrained,2,4,45,False,0.020193646370898932,0.010086346184834838,0.010107300011441112,0.02017000876367092,0.020212622779146046
untrained,2,4,46,False,0.020209114241879433,0.010095072560943663,0.010114041535416618,0.020284339911856894,0.02014479073493377
untrained,2,4,47,False,0.020219937548972666,0.010094937664689496,0.010124999738764018,0.02021876663185548,0.020221306674056135
untrained,2,4,48,False,0.020180689927656204,0.01008070950047113,0.010099980572704226,0.020248523115047386,0.020127931092348363
untrained,2,4,49,True,0.01011021202430129,0.01011021202430129,0.0,nan,nan
untrained,2,5,0,False,0.020215917727909982,0.010141891048988327,0.010074026562506333,0.020203428853663705,0.02022764907980507
untrained,2,5,1,False,0.02017963392427191,0.010117908474057913,0.010061725042760372,0.020175999329824532,0.02018246036540303
untrained,2,5,2,False,0.02017115819035098,0.010110851639183238,0.01006030643475242,0.02022575997398235,0.020116556144785136
untrained,2,5,3,False,0.020191065676044673,0.010108635236974806,0.010082430380862206,0.020185305256276362,0.020196476471469257
untrained,2,5,4,False,0.0201761731877923,0.01012380950851366,0.010052363679278642,0.02017234520548407,0.02018051166087389
untrained,2,5,5,False,0.02015554194804281,0.010106635047122836,0.010048906988231465,0.020228796738844652,0.02007996222920834
untrained,2,5,6,False,0.020176035643089563,0.010129041504114866,0.010046994138974696,0.0201478808824169,0.020217185266889058
untrained,2,5,7,False,0.020210329385008663,0.01013332442380488,0.010077005135826766,0.02024237333603625,0.02018768519163132
untrained,2,5,8,False,0.02027441654354334,0.010158232995308936,0.010116183722857386,0.02030634428833572,0.020234647288657072
untrained,2,5,9,False,0.020187894930131733,0.01010914784274064,0.010078747174702585,0.02022756463424726,0.02015800677137832
untrained,2,5,10,False,0.020219024270772934,0.010131304356036708,0.010087719740113243,0.020197475615602273,0.02025264047086239
untrained,2,5,11,False,0.020206190936733037,0.010132339579286054,0.010073851473862305,0.02017099200378335,0.020240306768279807
untrained,2,5,12,False,0.02025272330502048,0.010142503509996459,0.01011021964950487,0.0202931004751008,0.02021234660060145
untrained,2,5,13,False,0.02017414872534573,0.010094378842040896,0.010079769941512495,0.020161381352748444,0.020188172302040897
untrained,2,5,14,False,0.020270637003704906,0.010164087900193408,0.010106549161719158,0.02025551165570505,0.0202857622934971
untrained,2,5,15,False,0.02020175225334242,0.010107788140885532,0.01009396428707987,0.02017926305739416,0.02023066663449364
untrained,2,5,16,False,0.02024075319059193,0.010118351987330243,0.010122401028638706,0.020214975729365557,0.020269967429339883
untrained,2,5,17,False,0.020211470022331923,0.010151088878046721,0.010060380824143067,0.020233123421163884,0.020192954419315727
untrained,2,5,18,False,0.020138307416345924,0.010086548223625869,0.010051759134512395,0.020141612999794774,0.02013565400536631
untrained,2,5,19,False,0.020185117900837213,0.010133046132978052,0.0100520717096515,0.020206035290291344,0.02016065515956636
untrained,2,5,20,False,0.020254672854207456,0.010166660766117275,0.010088011855259538,0.020229443260985944,0.020287110935896635
untrained,2,5,21,False,0.020259698561858386,0.010159209108678624,0.010100489540491253,0.020277364197402045,0.02024761202598089
untrained,2,5,22,False,0.020200909988489002,0.01012612646445632,0.010074783815070987,0.02023153498091481,0.020177836593699785
untrained,2,5,23,False,0.020168591989204288,0.010081489745061845,0.010087102360557765,0.02020991522197922,0.02013213045018561
untrained,2,5,24,False,0.020233395684044808,0.010137078526895493,0.010096317419083789,0.02023711393897732,0.02023011478869354
untrained,2,5,25,False,0.02021040447289124,0.010134582786122337,0.01007582145393826,0.0202031993949917,0.02021937882691099
untrained,2,5,26,False,0.02016441838350147,0.010106803034432232,0.010057615407276899,0.02013946607140666,0.02018575451296309
untrained,2,5,27,False,0.02014361141482368,0.0100843925611116,0.010059218882815912,0.020116361775077307,0.020171726240761696
untrained,2,5,28,False,0.020131075172685087,0.010083701752591878,0.010047373449197039,0.0200700078275986,0.02019214307074435
untrained,2,5,29,False,0.02018707332899794,0.010124225838808343,0.010062847548397258,0.02020998207422403,0.020163437203755456
untrained,2,5,30,False,0.020132051373366266,0.01006157899973914,0.010070472286315635,0.02015025162926087,0.020113273361136042
untrained,2,5,31,False,0.020192854630295187,0.010119780810782686,0.010073073790408671,0.020184203356119066,0.02020002260271992
untrained,2,5,32,False,0.020191383664496243,0.01011027311324142,0.01008111031842418,0.02019727318302581,0.020186655170900722
untrained,2,5,33,False,0.02018575998954475,0.010115736571606249,0.01007002338883467,0.02021388802677393,0.020160940968815017
untrained,2,5,34,False,0.020212566771078855,0.010152556147659197,0.010060010390589014,0.020230076327506036,0.020190054517505423
untrained,2,5,35,False,0.02018090133788064,0.010131157876458019,0.0100497433450073,0.020163170966333237,0.020201636383594092
untrained,2,5,36,False,0.020245879655703902,0.010176150681218132,0.010069729323731735,0.02025388513620083,0.020237620358192734
untrained,2,5,37,False,0.020251504727639258,0.01013211309327744,0.010119391576154158,0.02025610425819953,0.02024559102885957
untrained,2,5,38,False,0.020173169556073844,0.010115272481925786,0.010057896928628907,0.020164173947913304,0.0201840261639706
untrained,2,5,39,False,0.020202115178108215,0.010104726534336805,0.010097389022121206,0.020143591378244664,0.020257092504338783
untrained,2,5,40,False,0.020226982596796006,0.010136571916518733,0.010090410767588764,0.02023620405657725,0.020220034947134043
untrained,2,5,41,False,0.020225982298143208,0.010127686458872631,0.010098295868374407,0.0202331789853898,0.020220560213066126
untrained,2,5,42,False,0.020225474436301738,0.010143152991076931,0.010082321328809485,0.02022841448585192,0.020222880137974727
untrained,2,5,43,False,0.02022009465144947,0.010109330411069095,0.010110764153068885,0.020296402165994924,0.02013361289476355
untrained,2,5,44,False,0.020204408036079258,0.010131388407899067,0.010073019802803174,0.020210160052075106,0.0201978899538517
untrained,2,5,45,False,0.020214591873809695,0.010146409942535684,0.010068181931274012,0.020236423271789886,0.020197065232295388
untrained,2,5,46,False,0.0202560086036101,0.010160053236177191,0.010095955367432907,0.02024817659314406,0.020262705621080124
untrained,2,5,47,False,0.02014038513880223,0.010070612508570775,0.010069772746646777,0.020110680465249046,0.02017512494477175
untrained,2,5,48,False,0.02018297417089343,0.0101364926667884,0.010046481533208862,0.020174669367926463,0.020189433462089963
untrained,2,5,49,True,0.01014276995556429,0.01014276995556429,0.0,nan,nan
untrained,3,0,0,False,0.020195792079903185,0.010088467359310016,0.01010732480790466,0.020189472555852774,0.020200865841667418
untrained,3,0,1,False,0.020199222839437425,0.01009406743105501,0.010105155553901568,0.020171177843886036,0.02022556881561424
untrained,3,0,2,False,0.020206609624437988,0.010080240812385455,0.010126368724741042,0.02022866947719684,0.0201838490154062
untrained,3,0,3,False,0.020210519549436867,0.010084032692248002,0.010126486595254391,0.02023137225059129,0.020192688519971955
untrained,3,0,4,False,0.02021826506825164,0.010068131901789457,0.010150133311981335,0.020234272574945804,0.02020322805214109
untrained,3,0,5,False,0.020150441501755267,0.010048580938018858,0.010101860418217257,0.02017401424510514,0.02012372557073832
untrained,3,0,6,False,0.020172417745925486,0.010048399242805317,0.010124018299393356,0.020174073391273376,0.020170909700109
untrained,3,0,7,False,0.02019412658410147,0.010081999149406329,0.010112127609318122,0.02022579152894727,0.020167051072137943
untrained,3,0,8,False,0.020241322286892682,0.010114976990735158,0.010126345267053694,0.020260564462446114,0.020219514518976214
untrained,3,0,9,False,0.02020240790443495,0.010088482842547819,0.010113924916367978,0.02020149068936469,0.020203296295725384
untrained,3,0,10,False,0.020186739915516227,0.01008530703256838,0.010101432737428695,0.020211659307623732,0.020166092046669554
untrained,3,0,11,False,0.02019187866244465,0.010061795386718586,0.010130083712283522,0.02020132271190212,0.02017934417182749
untrained,3,0,12,False,0.020200626458972692,0.01008974143769592,0.01011088487575762,0.02020533456269539,0.020195614877006704
untrained,3,0,13,False,0.020172069896943867,0.01006770902313292,0.010104360990226269,0.02018213092253126,0.02016373388469219
untrained,3,0,14,False,0.020180526364129037,0.010066234855912626,0.010114291188074276,0.020213078008964658,0.020155208392275706
untrained,3,0,15,False,0.020202010520733893,0.01008341895067133,0.010118591570062563,0.020194385063779702,0.02021065255006154
untrained,3,0,16,False,0.020164059475064278,0.01005637797061354,0.010107681446243078,0.02018504697039272,0.02014171794777916
untrained,3,0,17,False,0.02019542024936527,0.010062951856525615,0.010132468363735825,0.020196531059556322,0.020194408581105633
untrained,3,0,18,False,0.020203631895128638,0.010074750316562131,0.010128881549462676,0.020187811367213725,0.020222725282455313
untrained,3,0,19,False,0.020213372423313558,0.010088364913826808,0.010125007596798241,0.020225278619262908,0.02020183288707183
untrained,3,0,20,False,0.020216832868754864,0.010083364468300715,0.010133468342246488,0.02021387056775496,0.020220522556388586
untrained,3,0,21,False,0.02019632630981505,0.010076316073536873,0.010120010236278176,0.02016472802356337,0.020229963240243735
untrained,3,0,22,False,0.0202428579214029,0.010117177735082805,0.010125680157216266,0.020265811674144804,0.020228620571426197
untrained,3,0,23,False,0.020224221982061863,0.010094417491927743,0.010129804752068594,0.020233433591584638,0.020211995663968
untrained,3,0,24,False,0.020238384895492345,0.010120195685885847,0.010118189064087346,0.020229049698739753,0.02024688371526661
untrained,3,0,25,False,0.020204158907290548,0.010090463707456365,0.01011369496700354,0.02014225340490021,0.020272152681575447
untrained,3,0,26,False,0.02017938019707799,0.010073232959257439,0.010106147034093738,0.020164258612860593,0.020193585335756794
untrained,3,0,27,False,0.020240722107701004,0.01012222861754708,0.010118493461050093,0.0202208318583229,0.020263264731814466
untrained,3,0,28,False,0.020263684506062418,0.010114682547282428,0.010149001667741686,0.020232718884944916,0.020283534024388362
untrained,3,0,29,False,0.020172807446215302,0.010053652222268283,0.010119154962012544,0.020195728954698504,0.02015381497996194
untrained,3,0,30,False,0.020170879608485848,0.010074565827380866,0.010096313722897321,0.02013835050165653,0.020195387635533125
untrained,3,0,31,False,0.020182471838779747,0.010079775907797739,0.0101026960182935,0.020195631396311982,0.020168894961003277
untrained,3,0,32,False,0.020163373497780412,0.010068295116070658,0.010095078585436568,0.02016271452700335,0.020164012765655152
untrained,3,0,33,False,0.02018418855732307,0.010057030973257497,0.01012715752585791,0.02018677953042482,0.020182108270450378
untrained,3,0,34,False,0.020249591616448015,0.010101990512339398,0.01014760133693926,0.020214102541406948,0.020280906163594303
untrained,3,0,35,False,0.020190334995277226,0.010076001606648788,0.010114333592355251,0.020211024799694617,0.020172079723766626
untrained,3,0,36,False,0.020239298464730382,0.010136126191355288,0.010103172244271263,0.02018883166414115,0.020286706219794174
untrained,3,0,37,False,0.02022408414632082,0.010091683361679316,0.010132400697330013,0.020212230732043583,0.020240857406466636
untrained,3,0,38,False,0.02021457249065861,0.01009816737496294,0.010116404824657366,0.020238134338230383,0.020193120186675843
untrained,3,0,39,False,0.02019105653744191,0.010075119353132322,0.010115937126101926,0.020196198129697758,0.020185229554772376
untrained,3,0,40,False,0.02023941307561472,0.010098470695083961,0.010140942118596286,0.02028510719537735,0.020202728749161035
untrained,3,0,41,False,0.020222355844452977,0.010089342249557376,0.010133013740414754,0.020173680883916943,0.02025902886198808
untrained,3,0,42,False,0.020216025586705655,0.010080555395688862,0.01013547001639381,0.020228831367432205,0.02020104914524798
untrained,3,0,43,False,0.02022536232834682,0.010105235909577459,0.010120126302354038,0.020232460379381388,0.020217317373802265
untrained,3,0,44,False,0.02015609643422067,0.010054447018774226,0.010101649328134954,0.0201643278430167,0.020144065698752038
untrained,3,0,45,False,0.020202503015752882,0.010074907564558089,0.010127595480298623,0.020184511922437837,0.02021563143746273
untrained,3,0,46,False,0.020185670524369925,0.010056431376142427,0.010129239206435159,0.020211571286762917,0.020161339279377098
untrained,3,0,47,False,0.020163675537332892,0.010049847012851387,0.010113828640896827,0.020193408083702836,0.0201277914617596
untrained,3,0,48,False,0.020198296115268022,0.010098304890561849,0.010099991195602342,0.020193166285753253,0.020203588840862114
untrained,3,0,49,True,0.010099913604790345,0.010099913604790345,0.0,nan,nan
untrained,3,1,0,False,0.020225640444550663,0.010132521012565121,0.010093119664816186,0.0202121247717163,0.020236491474887014
untrained,3,1,1,False,0.020144047623034567,0.01008661396917887,0.010057433450128883,0.02014688687819627,0.020141380077058617
untrained,3,1,2,False,0.020128798787482083,0.010031640296801925,0.010097158810822293,0.020168999639841225,0.020087321747153525
untrained,3,1,3,False,0.02022762078559026,0.010121261671883985,0.010106359521159902,0.020213136449456215,0.020240006428481876
untrained,3,1,4,False,0.020184616092592478,0.010092061420436949,0.010092554293805733,0.020174810212225683,0.02019382756429188
untrained,3,1,5,False,0.020180186023935676,0.010088784387335181,0.010091401578392833,0.020188990952994895,0.020170207135379314
untrained,3,1,6,False,0.02013325138250366,0.01004581165034324,0.010087439906783402,0.020109265767892855,0.02015508919843097
untrained,3,1,7,False,0.02018853247864172,0.010099715989781544,0.010088816459756345,0.020180062532930053,0.02019577489598938
untrained,3,1,8,False,0.02018702944042161,0.01009251069626771,0.01009451859863475,0.020193291554117903,0.020179932564496995
untrained,3,1,9,False,0.02021624700864777,0.010111730342032388,0.010104516433784738,0.02017645254021599,0.020254816487431524
untrained,3,1,10,False,0.020215091353747994,0.01008878753054887,0.01012630361947231,0.020210118867970746,0.020219211280345917
untrained,3,1,11,False,0.020216920122038573,0.010130175214726478,0.010086744936415926,0.020253070974594927,0.020168937810442666
untrained,3,1,12,False,0.02022768370807171,0.010128485126188025,0.010099198727402836,0.020207533443515953,0.020249134740762172
untrained,3,1,13,False,0.020208049681968987,0.010137357894564047,0.010070691700093448,0.020256268310135807,0.02016809723739113
untrained,3,1,14,False,0.020206140412483364,0.010116223740624264,0.010089916846482083,0.020247672252090915,0.020173838103397023
untrained,3,1,15,False,0.020222912600729614,0.010138017329154536,0.010084895184263587,0.020219263921984858,0.020227047490576903
untrained,3,1,16,False,0.020195643475744873,0.010094831784954295,0.01010081174899824,0.020222772985245243,0.020166763735394326
untrained,3,1,17,False,0.02020533860195428,0.010104442364536226,0.010100895597133785,0.020180987468996988,0.020227507674204767
untrained,3,1,18,False,0.020221573649905622,0.01011897309217602,0.010102600383106619,0.020237744333488603,0.020202056922275446
untrained,3,1,19,False,0.020206701999995857,0.010115888435393572,0.010090813506394625,0.02017295372391504,0.02023941195355012
untrained,3,1,20,False,0.020170395902823657,0.010082097520353273,0.010088298498885706,0.02019181779362786,0.020143712233555943
untrained,3,1,21,False,0.020238329656422138,0.01010975506505929,0.010128574358532205,0.020268656369863136,0.020206045599714402
untrained,3,1,22,False,0.020219365833327174,0.010113001597346738,0.010106363974045962,0.02013041717665536,0.020274536236177518
untrained,3,1,23,False,0.020180834806524217,0.010101459571160376,0.010079375031637028,0.02017300598935722,0.020191225883635606
untrained,3,1,24,False,0.020233594230376184,0.010118360136402771,0.010115234152181074,0.020257688845034504,0.020211656814190876
untrained,3,1,25,False,0.020172880846075714,0.010099108825670555,0.010073772253235802,0.02012053607448713,0.02023037486389035
untrained,3,1,26,False,0.02020854380680248,0.010109380003996193,0.010099164093844593,0.020238488627177094,0.020180414233243828
untrained,3,1,27,False,0.020220110716763884,0.010109135386301205,0.010110975475981832,0.020259700414231595,0.020175242641319834
untrained,3,1,28,False,0.020240285550244153,0.01014649824355729,0.010093787161167711,0.020280276127159595,0.02021465035012135
untrained,3,1,29,False,0.020180029212497175,0.010091105243191123,0.010088923794683069,0.020185339810519384,0.020175628630178317
untrained,3,1,30,False,0.02020966133568436,0.010110827657626942,0.010098833736265078,0.020248865031383255,0.020180124508803837
untrained,3,1,31,False,0.0202249622088857,0.010142473329324275,0.010082489025080577,0.020233234992394083,0.020216426738197842
untrained,3,1,32,False,0.020176447229459882,0.010101989522809163,0.010074457677546889,0.020181790555989933,0.02017126802641612
untrained,3,1,33,False,0.020162481581792235,0.010090326250065118,0.010072155244415626,0.02014485910012011,0.02017662936533001
untrained,3,1,34,False,0.020179387705866247,0.010103285807417706,0.01007610184024088,0.02011594166979194,0.02023536942022688
untrained,3,1,35,False,0.020194543118122965,0.010105126042617485,0.010089416755363345,0.0201913733035326,0.020197339547688473
untrained,3,1,36,False,0.020245063467882574,0.010139203077415004,0.010105860157636926,0.020293759242180853,0.02019931889618888
untrained,3,1,37,False,0.02019854134414345,0.010104410874191672,0.010094130702782422,0.02020536278684934,0.020188888816057512
untrained,3,1,38,False,0.020181391038931906,0.010108148213475943,0.010073242796352133,0.0201656063255228,0.020195762084713624
untrained,3,1,39,False,0.020175621088128537,0.010075378610054031,0.010100242536282167,0.020157469737836546,0.02019619255637129
untrained,3,1,40,False,0.020210946211591363,0.010102705186000094,0.010108240967383608,0.020184520272570745,0.020232161428307145
untrained,3,1,41,False,0.020255002018529922,0.010187219886574894,0.010067781811812893,0.020229751684448936,0.020274026140774767
untrained,3,1,42,False,0.020229949266649783,0.010146114218514413,0.010083834931720048,0.02026442918872488,0.02018962566882877
untrained,3,1,43,False,0.020212474453728646,0.010145952022867277,0.010066522314446047,0.020165484015117672,0.020265729694316784
untrained,3,1,44,False,0.020197627309244126,0.010113523836480454,0.010084103123517707,0.02022743886826854,0.020154055745269243
untrained,3,1,45,False,0.020159205712843686,0.01006418012548238,0.010095025645568967,0.02018737830911522,0.020138646954217475
untrained,3,1,46,False,0.02019716432550922,0.010095871082739905,0.010101293213665485,0.02019977942109108,0.02019470783345627
untrained,3,1,47,False,0.02018590713851154,0.010112800810020417,0.0100731062120758,0.02019662114658526,0.02017297647122679
untrained,3,1,48,False,0.020174222416244447,0.010073383513372391,0.010100838961079717,0.0201504671229766,0.020198731875372314
untrained,3,1,49,True,0.010223008022876456,0.010223008022876456,0.0,nan,nan
untrained,3,2,0,False,0.020243892446160316,0.010150619666092098,0.01009327283827588,0.02022818237412394,0.0202565047837479
untrained,3,2,1,False,0.020203643303830177,0.010108328191563487,0.010095314879436046,0.020184218402831786,0.020221890401885365
untrained,3,2,2,False,0.02020997437648475,0.010114130564033985,0.01009584407438524,0.02020390285895421,0.020216238492774583
untrained,3,2,3,False,0.020188927999697626,0.010097669379319996,0.010091258795000613,0.020147918139473867,0.020223995184768803
untrained,3,2,4,False,0.020162779197562486,0.010093259392306209,0.010069519717944786,0.020128290349197,0.020195177530474735
untrained,3,2,5,False,0.02022069023223594,0.010116792633198202,0.010103897249791771,0.02021307506434181,0.020229320290187994
untrained,3,2,6,False,0.020222963648848236,0.010113864904269576,0.010109098657267168,0.020221105486643118,0.020224655881079273
untrained,3,2,7,False,0.02024161908775568,0.01013857006910257,0.01010304898954928,0.020277881047735778,0.020210612187351006
untrained,3,2,8,False,0.020190888666547835,0.010106558969710022,0.010084329784149304,0.02019652135341483,0.02018450489267707
untrained,3,2,9,False,0.020165842841379344,0.010088527022162452,0.010077315848320723,0.02016508381163317,0.02016657871695665
untrained,3,2,10,False,0.020223611732944846,0.010121475817868486,0.010102136002387851,0.020162628000152522,0.0202741411115442
untrained,3,2,11,False,0.02025428443448618,0.010152547183679417,0.010101737454533577,0.020249018573189434,0.020261273702437226
untrained,3,2,12,False,0.020222566672600806,0.010124429041752592,0.010098137456225231,0.02025008277798241,0.02019327476380333
untrained,3,2,13,False,0.020195713033899665,0.010086473688716069,0.010109239286975935,0.020211295770673914,0.020182801516992706
untrained,3,2,14,False,0.020190140407066792,0.010120118357008323,0.010070021904539317,0.02021613311288612,0.02016992406505677
untrained,3,2,15,False,0.020189716189634055,0.0101024417381268,0.010087274160468951,0.02021120995392694,0.02016535624861717
untrained,3,2,16,False,0.02022039331495762,0.010111334588145837,0.010109058930538595,0.0201955410002759,0.020246849185036074
untrained,3,2,17,False,0.0201925445580855,0.010090569034218788,0.010101975407451391,0.020198672521309774,0.020186965590092674
untrained,3,2,18,False,0.02019123057834804,0.010088076873216778,0.01010315350140445,0.02023812346160412,0.020134635462329305
untrained,3,2,19,False,0.02021273918217048,0.010095995123265311,0.010116744320839643,0.020214746336615276,0.020210794216165173
untrained,3,2,20,False,0.02019584469962865,0.010110880277352408,0.010084964538691565,0.02023602741390047,0.020145792612119726
untrained,3,2,21,False,0.020210848131682724,0.010126613866304979,0.010084234178066254,0.02022846012065808,0.020192099900375453
untrained,3,2,22,False,0.020202582702040672,0.010123982647201046,0.010078599880216643,0.020241899948034967,0.020178195985057684
untrained,3,2,23,False,0.02016965945949778,0.010093927383422852,0.010075731988763437,0.020202915707271393,0.020125519213351335
untrained,3,2,24,False,0.02021013858029619,0.010107385169249028,0.010102753527462482,0.02025462021348906,0.02016964001553272
untrained,3,2,25,False,0.020208937290590256,0.010107834648806602,0.010101102408953011,0.020215766254200865,0.020201435984402404
untrained,3,2,26,False,0.02021084143780172,0.010123139451025054,0.010087701870361343,0.020257958060791417,0.020166580395942386
untrained,3,2,27,False,0.020194610639009625,0.010097921156557277,0.010096689307829365,0.020214801024207297,0.020171727519482374
untrained,3,2,28,False,0.020197365316562355,0.010107348731253296,0.010090016934555024,0.02018635891377926,0.020204420798482038
untrained,3,2,29,False,0.020237710617948323,0.01012888498371467,0.010108825488714501,0.020244911152484085,0.0202317443809339
untrained,3,2,30,False,0.020234940107911825,0.010122345935087651,0.010112594085512683,0.02023377679288387,0.020235816450559933
untrained,3,2,31,False,0.02018452249467373,0.010079689149279147,0.010104833345394582,0.02018814952327655,0.020180780233608354
untrained,3,2,32,False,0.020165786147117615,0.010085054411320016,0.01008073179400526,0.02016317013592001,0.020168321608350828
untrained,3,2,33,False,0.020134841208346188,0.01006148723536171,0.010073353885672987,0.02014402247834624,0.020127470434551507
untrained,3,2,34,False,0.020182810549158603,0.01010030580800958,0.01008250456652604,0.020196207147091624,0.020170989720260397
untrained,3,2,35,False,0.02019903704058379,0.010099495644681156,0.010099541308591142,0.02017345807204644,0.020221606253043693
untrained,3,2,36,False,0.020214594260323793,0.010111579118529335,0.010103015345521271,0.02023623709476763,0.020194263253925426
untrained,3,2,37,False,0.020202215760946274,0.010108193411724642,0.01009402220370248,0.02018324226140976,0.020229064648584375
untrained,3,2,38,False,0.020200414292048663,0.010101116262376308,0.010099297942360863,0.0202345179668704,0.020169364427452655
untrained,3,2,39,False,0.020184509688988328,0.010101235908223316,0.01008327363524586,0.020181459895170787,0.020187965997805198
untrained,3,2,40,False,0.02019498066511005,0.010103619191795588,0.010091361618833616,0.020155843706768855,0.020226400765314907
untrained,3,2,41,False,0.020210659073200077,0.01011632231529802,0.010094336845213547,0.020241301269693805,0.020187573201239928
untrained,3,2,42,False,0.020189593255054206,0.010107633541338146,0.010081959975650534,0.020155846127781315,0.020229061023663668
untrained,3,2,43,False,0.02022023341851309,0.010106055910000578,0.010114177624927834,0.020187306793077904,0.02025755044693748
untrained,3,2,44,False,0.020218761754222214,0.010132584604434669,0.010086177353514358,0.020249651793978717,0.02017361513124063
untrained,3,2,45,False,0.020194445678498596,0.010136266908375546,0.010058179061161354,0.02014686048237814,0.020229170199584316
untrained,3,2,46,False,0.02015738922636956,0.010068318719277158,0.010089070681715384,0.020137148398545482,0.020176403563130985
untrained,3,2,47,False,0.020209252659697086,0.010105521738296375,0.010103731037816033,0.02017474304884672,0.02025090174042973
untrained,3,2,48,False,0.02018615452107042,0.010103246750077233,0.01008290788740851,0.020190661257276168,0.020181504359084463
untrained,3,2,49,True,0.010132156370673329,0.010132156370673329,0.0,nan,nan
untrained,3,3,0,False,0.020156072627287358,0.010075139027321711,0.010080933658173308,0.020140553938976506,0.020168530951503297
untrained,3,3,1,False,0.020160021376796067,0.01009833623538725,0.01006168537423946,0.020163467183949485,0.020156784603993096
untrained,3,3,2,False,0.02021898701786995,0.01011762922280468,0.010101357649546117,0.020230389644320196,0.020207221841528303
untrained,3,3,3,False,0.020232109411153942,0.010137873847270384,0.010094235301949084,0.020268711119385087,0.020200812163344326
untrained,3,3,4,False,0.02020008984254673,0.01009798824088648,0.010102101921802387,0.020209461029979493,0.020191287339636772
untrained,3,3,5,False,0.020164779911283404,0.010059299529530108,0.010105480207130313,0.02016548119375811,0.020163984627773364
untrained,3,3,6,False,0.020189037080854177,0.010122854204382747,0.01006618287647143,0.020260277433229272,0.020124176461527594
untrained,3,3,7,False,0.020180039224214852,0.010098191094584763,0.010081848071422428,0.020126003803590593,0.020226243235494778
untrained,3,3,8,False,0.020126561168581247,0.010043705115094781,0.010082856344524771,0.020101001623141414,0.020155528839677573
untrained,3,3,9,False,0.020179065060801804,0.01010327972471714,0.010075784986838698,0.020181740915018415,0.020176471655185407
untrained,3,3,10,False,0.020206540473736823,0.010090670111821964,0.01011587050743401,0.020242714965394856,0.020176567403333526
untrained,3,3,11,False,0.0202041125157848,0.010109881113748997,0.010094231431139633,0.02022847163248552,0.020171781459992582
untrained,3,3,12,False,0.02020396408624947,0.010104852146469057,0.010099112027091905,0.020189446368903824,0.02021941906141658
untrained,3,3,13,False,0.020185418019536883,0.010105433088028803,0.01007998498971574,0.020163946174855892,0.02020320929586887
untrained,3,3,14,False,0.02022893581306562,0.010106534231454134,0.010122401552507654,0.02022996890757765,0.020228132191631526
untrained,3,3,15,False,0.020190595474559814,0.010090668773045763,0.010099926817929372,0.020167191321139828,0.020217120150725045
untrained,3,3,16,False,0.020215156371705234,0.010146791260922328,0.010068365110782906,0.020241162147034298,0.020187472744334127
untrained,3,3,17,False,0.020258124044630677,0.010144832835067064,0.01011329097673297,0.020305079392722396,0.020215373319476395
untrained,3,3,18,False,0.020181638828944415,0.010086767870234326,0.01009487098781392,0.020136349807892525,0.020236298474001473
untrained,3,3,19,False,0.020174309029243886,0.010086679307278246,0.010087629780173302,0.0201766092093691,0.020172079308674883
untrained,3,3,20,False,0.020209273207001388,0.010096452082507312,0.010112820920767263,0.020213752906297296,0.02020369313265148
untrained,3,3,21,False,0.02022066671634093,0.010115581710124388,0.01010508491890505,0.020177093673158775,0.020267050713300705
untrained,3,3,22,False,0.020181423926260322,0.010110113769769669,0.010071310214698315,0.020158580789456565,0.02019559247772905
untrained,3,3,23,False,0.020236866956111044,0.010129422735190019,0.010107444424647838,0.020256443229848393,0.020210884409871968
untrained,3,3,24,False,0.020222530351020396,0.010118191683432087,0.01010433881310746,0.02022955310149271,0.020216136809382865
untrained,3,3,25,False,0.02020347013603896,0.010133584844879806,0.010069885232951492,0.020172662393593076,0.020237307537530287
untrained,3,3,26,False,0.020210329967085272,0.010114850476384163,0.010095479810843244,0.0201763485468203,0.020242252245996937
untrained,3,3,27,False,0.020179785322397947,0.010079445142764598,0.010100340092321858,0.020196322296910426,0.020161043262730043
untrained,3,3,28,False,0.020224877924192697,0.010123703890712932,0.010101174033479765,0.020231732316315174,0.02022048405920848
untrained,3,3,29,False,0.02023445221129805,0.01013778240303509,0.010096669575432315,0.020233511603597935,0.020235231731619154
untrained,3,3,30,False,0.020211723574902862,0.010109929251484573,0.01010179432341829,0.020232400636781347,0.02019614440529314
untrained,3,3,31,False,0.02020867937244475,0.010124061140231788,0.010084617912070826,0.020219804002688482,0.02019720095845442
untrained,3,3,32,False,0.02024458587402478,0.010149473673664033,0.010095112025737762,0.020255209818955452,0.02023428904895599
untrained,3,3,33,False,0.02021662559127435,0.010127289860974997,0.01008933546836488,0.02023022170913847,0.02020570966349521
untrained,3,3,34,False,0.0202335711219348,0.010130873590242118,0.01010269726975821,0.02023169118911028,0.020235229557489645
untrained,3,3,35,False,0.020186064182780683,0.010123887710506096,0.010062176617793739,0.02022623810917139,0.02015061692937332
untrained,3,3,36,False,0.020249578403308988,0.01014154584845528,0.010108032351126894,0.020274904316231128,0.02022578725309083
untrained,3,3,37,False,0.020231787173543125,0.01012773544061929,0.01010405196575448,0.020213235765695572,0.020258039025203237
untrained,3,3,38,False,0.020188097725622356,0.010097816470079124,0.010090281313750893,0.020179708503553124,0.020195735173661317
untrained,3,3,39,False,0.02023909689160064,0.010134130745427683,0.010104966349899769,0.020252287689158145,0.020224147662520408
untrained,3,3,40,False,0.020244481798727065,0.010117907106177881,0.010126574314199388,0.02024232347806295,0.020246214010346104
untrained,3,3,41,False,0.02014242165023461,0.010061343491543084,0.010081078420626,0.02014764974063093,0.020138482678018203
untrained,3,3,42,False,0.0201530689955689,0.010065236303489655,0.010087833070429042,0.02015621690214544,0.02014938776649661
untrained,3,3,43,False,0.020209626469295472,0.010109393013408408,0.01010023319395259,0.020210496341700065,0.020208640458683175
untrained,3,3,44,False,0.02017622528364882,0.010092797398101538,0.010083427943754941,0.020179033475486854,0.020172121146550544
untrained,3,3,45,False,0.02025608508847654,0.010119393293280154,0.010136691911611706,0.02024468419107574,0.02026440470001182
untrained,3,3,46,False,0.020194360113237053,0.010100333107402548,0.010094027413288131,0.02021813789202321,0.020172024315053768
untrained,3,3,47,False,0.02021820703521371,0.010109550319612026,0.010108656337251887,0.020196402658309257,0.020244522180793614
untrained,3,3,48,False,0.02013673761393875,0.01005994010483846,0.010076797159854323,0.02013555424144635,0.0201379582581539
untrained,3,3,49,True,0.010079741041408852,0.010079741041408852,0.0,nan,nan
untrained,3,4,0,False,0.020248626417014748,0.010101642634253949,0.010146983346203342,0.02023576088903243,0.020258954608104597
untrained,3,4,1,False,0.020173220720607787,0.01007431308971718,0.010098907427163795,0.020178847435501315,0.020167934680075356
untrained,3,4,2,False,0.020201254810672253,0.010070673102745786,0.010130581620614976,0.020149753959133074,0.020254390373352974
untrained,3,4,3,False,0.02018219861201942,0.010072177974507213,0.010110020433785394,0.020103956367504797,0.02024910115785357
untrained,3,4,4,False,0.020221673767082393,0.010097754799062386,0.010123918938916177,0.020237909539812995,0.02020642195235599
untrained,3,4,5,False,0.020214208692777902,0.01009090556181036,0.01012330298544839,0.02022014295353609,0.02020748263845841
untrained,3,4,6,False,0.020197810605168343,0.010100301471538842,0.010097509366460145,0.02018548499365322,0.020209033014391788
untrained,3,4,7,False,0.020202136947773397,0.01008688221918419,0.010115254524862394,0.020154888126052033,0.02024253835712654
untrained,3,4,8,False,0.02016644470859319,0.010039265733212233,0.010127179091796279,0.020174749852979883,0.020157032615194716
untrained,3,4,9,False,0.020162658707704395,0.010059990017907694,0.010102668544277549,0.020173967091573607,0.020151697844266892
untrained,3,4,10,False,0.02024259470636025,0.010109535040101036,0.010133059491636232,0.020231555794076674,0.020251741207071714
untrained,3,4,11,False,0.020241578633431345,0.010106304776854813,0.010135273943888023,0.020249394368227213,0.020231205157258295
untrained,3,4,12,False,0.020194450800772756,0.010063511494081467,0.01013093939400278,0.02023732690422824,0.020148808166625037
untrained,3,4,13,False,0.02020449540577829,0.010068750503705814,0.010135745018487796,0.0202030423579031,0.020205699359732012
untrained,3,4,14,False,0.02020228741457686,0.010087960952660069,0.01011432652012445,0.020170032545658093,0.020227374612457223
untrained,3,4,15,False,0.020219204772729427,0.010107115231221542,0.010112089512404054,0.02016633650397553,0.020279121802498898
untrained,3,4,16,False,0.020184976456221193,0.010086521680932492,0.010098454891704023,0.02019184110968402,0.020177669492700407
untrained,3,4,17,False,0.02020188106689602,0.010065659153042361,0.010136222117580473,0.02022709926498718,0.020178921687514034
untrained,3,4,18,False,0.020173159602563828,0.01005173081648536,0.010121428378624842,0.020196090399154595,0.020145484278428143
untrained,3,4,19,False,0.020155925070866942,0.01004661395563744,0.010109311260748655,0.02020855954596921,0.020104910347324152
untrained,3,4,20,False,0.020231506263371557,0.0100712850689888,0.010160221077967435,0.020251536427039495,0.02020655605092383
untrained,3,4,21,False,0.020194414944853634,0.010067010094644502,0.010127404995728284,0.020214081572538074,0.020173479802906513
untrained,3,4,22,False,0.020209820184390992,0.01009864587103948,0.01011117419693619,0.020191292145422528,0.020221312400660937
untrained,3,4,23,False,0.02020908403210342,0.010084245004691184,0.010124839056516066,0.02017246347482074,0.02025768936357715
untrained,3,4,24,False,0.02017503185197711,0.010057829378638417,0.01011720221140422,0.020182715118175647,0.02016803638926193
untrained,3,4,25,False,0.020242461236193776,0.010102066269610077,0.010140394966583699,0.020230892322846313,0.020255168228120103
untrained,3,4,26,False,0.020176055724732578,0.010085049754707143,0.010091006115544587,0.020159680155977126,0.020191438778331787
untrained,3,4,27,False,0.020225066866260022,0.01010614464757964,0.010118922509718686,0.020262953797903133,0.020182128188510735
untrained,3,4,28,False,0.020221093378495425,0.010095113917486742,0.010125978878932074,0.020200229547917843,0.020234466936343756
untrained,3,4,29,False,0.020264684746507555,0.010110207367688417,0.010154477291507646,0.020194845691580195,0.02032255083322525
untrained,3,4,30,False,0.020205472654197365,0.010060700646135956,0.010144771920749918,0.020170694894411346,0.02023167476976571
untrained,3,4,31,False,0.020193278440274298,0.010052960395114496,0.010140318103367463,0.020214908913924145,0.02017096131448708
untrained,3,4,32,False,0.020213251293171197,0.01007523073349148,0.010138020326849073,0.02020515406888629,0.020221099257469177
untrained,3,4,33,False,0.020191622839774936,0.010084675945108756,0.010106946603627875,0.020269009301014114,0.02012949536593867
untrained,3,4,34,False,0.02017327945213765,0.010064964619232342,0.010108314862009138,0.020162525059034424,0.020182768649914685
untrained,3,4,35,False,0.020211945462506264,0.010091704461956397,0.010120240884134546,0.020221426493177812,0.020203579600681275
untrained,3,4,36,False,0.020197516831103712,0.010088784503750503,0.010108732123626396,0.020201165799892718,0.020194089124825867
untrained,3,4,37,False,0.020218547899276018,0.010107984795467928,0.010110562987392768,0.020218544205029804,0.020218552476814335
untrained,3,4,38,False,0.020179249346256256,0.01007517147809267,0.01010407810099423,0.020186239914571653,0.020172884687781334
untrained,3,4,39,False,0.02014440286438912,0.010038348962552845,0.010106053785420954,0.020167268292211434,0.020118487781534595
untrained,3,4,40,False,0.02018899325048551,0.010067587427329272,0.010121405823156238,0.02018933380512815,0.02018872003110362
untrained,3,4,41,False,0.02021671272814274,0.010084955458296463,0.010131757473573089,0.020212305404923178,0.02022003349273989
untrained,3,4,42,False,0.02019443456083536,0.010087674600072205,0.010106759698828682,0.020156797615514283,0.020238450081166575
untrained,3,4,43,False,0.020202400162816048,0.010066494956845418,0.010135905351489782,0.02018654625862837,0.020220367858807247
untrained,3,4,44,False,0.020225436543114483,0.010103333479491994,0.010122103267349303,0.020230088333942388,0.02021863820174566
untrained,3,4,45,False,0.020185783854685724,0.010058176354505122,0.010127607296453789,0.02020999573654047,0.020168115661756414
untrained,3,4,46,False,0.020201464532874525,0.010083340021083131,0.010118124511791393,0.020182093154759176,0.020219661859851894
untrained,3,4,47,False,0.020208234782330692,0.010081881278892979,0.010126353707164526,0.020202718834791866,0.020214892377884222
untrained,3,4,48,False,0.020165164896752685,0.010076502017909661,0.010088662907946855,0.020175628335430074,0.020154369581076834
untrained,3,4,49,True,0.010142800310859457,0.010142800310859457,0.0,nan,nan
untrained,3,5,0,False,0.02018880221294239,0.010119556420249864,0.010069245705381036,0.020160112497315072,0.02021183514259231
untrained,3,5,1,False,0.020164046611171216,0.010115691722603515,0.010048355063190684,0.020191363419496244,0.020138385705649853
untrained,3,5,2,False,0.020196435041725636,0.010111491195857525,0.01008494378766045,0.020211945244899162,0.020180432007662834
untrained,3,5,3,False,0.020205364387948066,0.01014159680926241,0.010063767374958843,0.02018045757155297,0.02022666114287964
untrained,3,5,4,False,0.020226303720846772,0.01015178777743131,0.010074516147142276,0.02022703881225278,0.02022561357554161
untrained,3,5,5,False,0.02020671049831435,0.010090288677019998,0.01011642164667137,0.020216251531725418,0.02019589686145385
untrained,3,5,6,False,0.020161282969638705,0.010128928202902898,0.010032354621216655,0.020157675976391697,0.02016456633695026
untrained,3,5,7,False,0.02023909572744742,0.010169664776185527,0.01006943074753508,0.020260325159435554,0.020220942741286926
untrained,3,5,8,False,0.02018400828819722,0.010128360067028552,0.010055648075649515,0.020172715762301403,0.020196806546300648
untrained,3,5,9,False,0.02021206502104178,0.010158382239751518,0.010053682693978772,0.020254347946435686,0.020171083137392996
untrained,3,5,10,False,0.020224977168254554,0.010144191241124645,0.010080785723403096,0.0202469096743855,0.02020680382847786
untrained,3,5,11,False,0.02021619537845254,0.010156339063541964,0.010059856489533558,0.020230329582748348,0.020197435332970186
untrained,3,5,12,False,0.020180090446956456,0.010107036214321852,0.010073054058011621,0.020130490122193638,0.020232890882799705
untrained,3,5,13,False,0.020199225575197488,0.010143959778361022,0.010055265680421144,0.02015649524099868,0.020234630363328118
untrained,3,5,14,False,0.0201889454619959,0.010110088594956324,0.010078856663312763,0.02013224280173225,0.020233047298259206
untrained,3,5,15,False,0.02020427695242688,0.010123917512828484,0.010080359410494566,0.020172180772265968,0.020240652685364086
untrained,3,5,16,False,0.020173912635073066,0.010123625019332394,0.010050287615740672,0.02015958195834449,0.020189168051846566
untrained,3,5,17,False,0.020216272852849215,0.01013391767628491,0.010082355263875797,0.020250367000699043,0.020185231717664807
untrained,3,5,18,False,0.020165697496850044,0.010101397900143638,0.010064299596706405,0.020136271523577824,0.020201211891554556
untrained,3,5,19,False,0.020237527147401124,0.01016218779841438,0.010075339116156101,0.020183195670445762,0.02029018671466754
untrained,3,5,20,False,0.020188923983369023,0.010113133903359994,0.010075789905386046,0.02022812528614427,0.02014009409437054
untrained,3,5,21,False,0.020194557087961584,0.010124991473276168,0.010069565585581586,0.02014296493408355,0.02024947809836557
untrained,3,5,22,False,0.020220190403051674,0.010169615154154599,0.010050575248897076,0.020236050520016223,0.020210353303936463
untrained,3,5,23,False,0.020204197557177395,0.010119116079295054,0.01008508144877851,0.020192698766923933,0.02021945931694724
untrained,3,5,24,False,0.02025336562655866,0.010157678392715752,0.010095687030116096,0.02024375354168845,0.020262116288293653
untrained,3,5,25,False,0.020165525027550757,0.01010454396600835,0.01006098126526922,0.020207261472050823,0.020119684000239998
untrained,3,5,26,False,0.020153208344709128,0.010098505445057526,0.010054703248897567,0.02012708398603624,0.020177749719357853
untrained,3,5,27,False,0.02021544484887272,0.010127925197593868,0.010087519680382684,0.020197480533491165,0.02023580502718687
untrained,3,5,28,False,0.02021103724837303,0.010143313324078918,0.01006772369146347,0.020272327400743962,0.020171748378720038
untrained,3,5,29,False,0.020201463135890663,0.010115713899722323,0.010085749527206644,0.020183937688326013,0.020215984646763118
untrained,3,5,30,False,0.02019153325818479,0.01010170005611144,0.010089832969242707,0.02019125372171402,0.020191743204446687
untrained,3,5,31,False,0.02023918682243675,0.010136421071365476,0.010102765954798087,0.020208456940375843,0.020270892611098667
untrained,3,5,32,False,0.020237513293977827,0.010164327104575932,0.010073186160298064,0.02025519660304463,0.020220373943448066
untrained,3,5,33,False,0.020181662344839424,0.010118982230778784,0.010062680259579793,0.020200364912549656,0.020166648053367372
untrained,3,5,34,False,0.02020634093787521,0.01013796788174659,0.010068373492686078,0.020182912113765876,0.020227013539303753
untrained,3,5,35,False,0.020194957382045686,0.010136039229109883,0.01005891800741665,0.020211091016729674,0.02018072195898961
untrained,3,5,36,False,0.020198945130687207,0.010131896007806063,0.010067049035569653,0.020177975987955447,0.020218643134064747
untrained,3,5,37,False,0.020272090390790254,0.010162030608626083,0.010110059811268002,0.02029677078127861,0.02023716543291537
untrained,3,5,38,False,0.020188287075143307,0.010117297439137474,0.010070989636005834,0.020219282201323352,0.020160067409499365
untrained,3,5,39,False,0.020184760389383882,0.01011302846018225,0.010071731870993972,0.020199956262812895,0.020167538058012725
untrained,3,5,40,False,0.020230584777891636,0.010132745752343908,0.01009783914196305,0.02023794642535218,0.020224674696653663
untrained,3,5,41,False,0.020216560224071145,0.010147407505428419,0.010069152747746557,0.0202150974761356,0.02021766206479236
untrained,3,5,42,False,0.020121097331866622,0.010082446970045567,0.010038650332717225,0.02013347106243389,0.02010662626411955
untrained,3,5,43,False,0.020274917013011873,0.010174199123866856,0.010100717598106712,0.020304373218951857,0.020241532909373444
untrained,3,5,44,False,0.020177283382508904,0.010113025084137917,0.010064258414786309,0.020161710973632962,0.020200043021199793
untrained,3,5,45,False,0.02018749009585008,0.010106744564836845,0.010080745472805575,0.020213279355731275,0.020168670931377926
untrained,3,5,46,False,0.02015775494510308,0.010111618204973638,0.010046136449091136,0.020176599643403483,0.02014005184173584
untrained,3,5,47,False,0.020220078353304416,0.010114523698575795,0.010105554683832452,0.020199988888842717,0.020244324290803792
untrained,3,5,48,False,0.020186728215776384,0.010128467954928055,0.01005826034815982,0.02018488424901779,0.02018863061768195
untrained,3,5,49,True,0.010133080504601821,0.010133080504601821,0.0,nan,nan
untrained,4,0,0,False,0.02017885318491608,0.010070511343656108,0.01010834172484465,0.020167796698919795,0.020188306984694107
untrained,4,0,1,False,0.020252323360182345,0.010108595684869215,0.01014372767531313,0.020264759751372652,0.020241000147452996
untrained,4,0,2,False,0.020185961562674493,0.010032403632067144,0.01015355795971118,0.020181345673544064,0.020191532880838574
untrained,4,0,3,False,0.02020109904697165,0.01008480749442242,0.010116291756276041,0.020224379432020767,0.02017631721232207
untrained,4,0,4,False,0.020153727557044476,0.01003915729233995,0.010114570060977712,0.020158075491216645,0.0201489514381182
untrained,4,0,5,False,0.020214310672599822,0.010094380006194115,0.010119930899236351,0.02019509207457304,0.020226630644920543
untrained,4,0,6,False,0.02019548142561689,0.010076891776407138,0.010118589649209753,0.020193986627354957,0.020196681920911223
untrained,4,0,7,False,0.02023446193197742,0.010098892031237483,0.010135570133570582,0.02024279345641844,0.020226130640367046
untrained,4,0,8,False,0.02017535496270284,0.010051084478618577,0.010124270571395755,0.020192981505441288,0.02015827097571813
untrained,4,0,9,False,0.020208981703035533,0.010095750447362661,0.010113231051946059,0.02024396023515499,0.02017174625108319
untrained,4,0,10,False,0.020189107803162187,0.010062452143756673,0.010126655892236158,0.020151003409409896,0.020227213099133223
untrained,4,0,11,False,0.020215121447108686,0.010084886976983398,0.010130234295502305,0.020220222723271165,0.02020896438123851
untrained,4,0,12,False,0.02015937230316922,0.010017434426117688,0.010141938080778345,0.020130024774482957,0.02018078829388361
untrained,4,0,13,False,0.020220337028149515,0.01008520319010131,0.010135133663425222,0.02019653465874769,0.020237705846493308
untrained,4,0,14,False,0.020178074424620718,0.01006783649791032,0.010110238217748702,0.020209834949202733,0.020135920714925638
untrained,4,0,15,False,0.020226849999744445,0.01008717020158656,0.010139679739950225,0.02023308470638262,0.020218833748783385
untrained,4,0,16,False,0.020196304540149868,0.010066369926789775,0.010129934817086905,0.020209901939545357,0.020179893596675887
untrained,4,0,17,False,0.02019041671883315,0.010059984895633534,0.010130431997822598,0.020185202789994385,0.020195797056196226
untrained,4,0,18,False,0.020180142833851278,0.010047877236502245,0.010132265626452863,0.020181528887607984,0.02017836066495095
untrained,4,0,19,False,0.020237806311342865,0.010078111983602867,0.010159694182220846,0.020245688953078708,0.020229673101788477
untrained,4,0,20,False,0.020209086418617517,0.010073350626043975,0.010135735938092694,0.02018674535136069,0.02023007373579524
untrained,4,0,21,False,0.020160160376690328,0.0100241030449979,0.010136057273484766,0.020160027622030334,0.020160297197954993
untrained,4,0,22,False,0.0201794151798822,0.010050991404568776,0.010128423949936405,0.020185957002368842,0.02017448674121948
untrained,4,0,23,False,0.020176785066723824,0.010068130301078781,0.010108654445502907,0.020155808245632012,0.020202913043791786
untrained,4,0,24,False,0.020234424388036132,0.010093522083479911,0.010140902129933238,0.020268676613094443,0.020205135875637978
untrained,4,0,25,False,0.02021467813756317,0.01006888653500937,0.010145791515242308,0.020219038939103484,0.020210317365126684
untrained,4,0,26,False,0.020224051782861352,0.010100533720105886,0.010123518208274618,0.02028395418980808,0.02016028506501067
untrained,4,0,27,False,0.02022800676058978,0.010097792226588354,0.010130214679520577,0.020237402743933833,0.02021735794842243
untrained,4,0,28,False,0.020281264674849808,0.010134101088624448,0.010147163644433022,0.020269730836153032,0.020297586074415244
untrained,4,0,29,False,0.020212012459523976,0.01008995235315524,0.010122060019057244,0.020219277328578755,0.020204747590469196
untrained,4,0,30,False,0.020206838031299412,0.010077307000756264,0.010129530739504844,0.020192455027311568,0.020220778022821136
untrained,4,0,31,False,0.020186916459351778,0.01007750045391731,0.010109415830811486,0.02016818815221389,0.020203441025360543
untrained,4,0,32,False,0.0201691024703905,0.01005998655455187,0.01010911597404629,0.020174704062250942,0.020165270194411278
untrained,4,0,33,False,0.02018911944469437,0.01006534113548696,0.010123778221895918,0.020187352297466196,0.02019105979897937
untrained,4,0,34,False,0.020222305960487574,0.010092313721543178,0.010129992180736735,0.020211191161682733,0.02023855045151252
untrained,4,0,35,False,0.02016925608040765,0.010045388771686703,0.010123867483343929,0.02016333006322384,0.02017448497388293
untrained,4,0,36,False,0.020228882785886526,0.01009561141836457,0.010133271367521957,0.02020776865852846,0.020257817132881398
untrained,4,0,37,False,0.020206634129863232,0.01005932834232226,0.010147305874852464,0.020200665367560253,0.020214308552177887
untrained,4,0,38,False,0.02020479179918766,0.01005186268594116,0.010152928967727348,0.020191088018398133,0.020217665273583298
untrained,4,0,39,False,0.020221361599396914,0.010087958100484684,0.010133403615327552,0.02022685271141858,0.020216812060347627
untrained,4,0,40,False,0.020208731992170215,0.010078532912302762,0.010130199370905757,0.020177396306512402,0.020229486966287936
untrained,4,0,41,False,0.02021593094104901,0.010075738857267424,0.010140192141989246,0.02020446187446988,0.020227047342520493
untrained,4,0,42,False,0.02021513821091503,0.010081770888064057,0.010133367468370125,0.02027601768764166,0.02015232557933482
untrained,4,0,43,False,0.020218893594574183,0.010085555608384311,0.010133337957086042,0.020267945450188507,0.020165016874670982
untrained,4,0,44,False,0.020197426609229296,0.010060894332127646,0.01013653218979016,0.02020463075672017,0.020190867776078966
untrained,4,0,45,False,0.02016474836273119,0.010034940234618261,0.010129807953489944,0.020147556198700782,0.020180898577426422
untrained,4,0,46,False,0.02019006514456123,0.010063506895676255,0.01012655789963901,0.020190893905237317,0.02018923597643152
untrained,4,0,47,False,0.020191264455206692,0.010090982512338087,0.010100281913764775,0.02018805532842069,0.020195662112975563
untrained,4,0,48,False,0.020192546769976616,0.010085236368468031,0.010107310343300924,0.020221311369767556,0.020162868476103223
untrained,4,0,49,True,0.01008607551921159,0.01008607551921159,0.0,nan,nan
untrained,4,1,0,False,0.020213261479511857,0.010117764584720135,0.010095496865687892,0.02019248375574411,0.020231027588032295
untrained,4,1,1,False,0.02018478454556316,0.010113339056260884,0.010071445722132921,0.020191117540978996,0.020179018684065162
untrained,4,1,2,False,0.02023687364999205,0.010093986755236983,0.010142886836547405,0.020218941143580846,0.0202585163301435
untrained,4,1,3,False,0.020203127700369805,0.010079071042127907,0.010124056687345728,0.020163199864327908,0.02024563176617507
untrained,4,1,4,False,0.020223166211508214,0.010122877371031791,0.01010028863674961,0.020253221879699336,0.020190154003803848
untrained,4,1,5,False,0.02019452751846984,0.010085119138238952,0.010109408147400245,0.020223422572016717,0.02017600490496709
untrained,4,1,6,False,0.02019747981103137,0.010092868033098057,0.01010461145779118,0.020212446323089432,0.020185463969976128
untrained,4,1,7,False,0.020187562331557274,0.010103872220497578,0.010083690169267356,0.020231103291735053,0.020144021342275664
untrained,4,1,8,False,0.020257989235688,0.010132030787644908,0.010125958418939263,0.020226702626262392,0.02028831302259977
untrained,4,1,9,False,0.020184790424536914,0.010140249854885042,0.010044540627859533,0.02020651638282068,0.020161662941738483
untrained,4,1,10,False,0.02023435092996806,0.010098661878146231,0.010135688848095015,0.02021627002977766,0.02025243145180866
untrained,4,1,11,False,0.020220606646034867,0.010159943078178912,0.010060663480544463,0.020182327713285174,0.02026680532585958
untrained,4,1,12,False,0.020248993416316807,0.010112492513144389,0.010136501106899232,0.020198220680295316,0.02028604390452037
untrained,4,1,13,False,0.020201699051540345,0.010123101703356951,0.010078597260871902,0.020219888538122177,0.02018842539070426
untrained,4,1,14,False,0.020202242070809007,0.010088440059917048,0.010113801923580468,0.020172279481201958,0.02024201134389097
untrained,4,1,15,False,0.020178428036160767,0.010102769214427099,0.010075658705318347,0.02017040690407157,0.020188740537767962
untrained,4,1,16,False,0.020174710836727172,0.010087468603160232,0.010087242349982262,0.02018717367734228,0.02015966986273897
untrained,4,1,17,False,0.020162463712040335,0.010102256899699569,0.010060206550406292,0.020170402612823705,0.020154272368739522
untrained,4,1,18,False,0.020232448528986424,0.010111305018654093,0.010121143626747653,0.02021392416726384,0.02025626609767122
untrained,4,1,19,False,0.02022811392089352,0.010130454378668219,0.010097659367602319,0.020225892330591494,0.02023040565351645
untrained,4,1,20,False,0.020188366470392793,0.010084760346217081,0.010103606182383373,0.02016103538053651,0.020214041441001675
untrained,4,1,21,False,0.020186175766866654,0.010108048416441306,0.010078127728775144,0.020197697556935824,0.020174288767434302
untrained,4,1,22,False,0.0202433867380023,0.010101746069267392,0.010141640610527247,0.020275522395968436,0.0202191749919359
untrained,4,1,23,False,0.02016305673168972,0.010082400898681954,0.010080655512865633,0.020180945979877258,0.020140773600392174
untrained,4,1,24,False,0.02018753351876512,0.010084710462251678,0.010102822940098122,0.02020314335823059,0.020174186028864075
untrained,4,1,25,False,0.020253595837857574,0.01014885856420733,0.010104737535584718,0.02027051438926719,0.02023667807225138
untrained,4,1,26,False,0.0201712207053788,0.010091647185618058,0.01007957331603393,0.020132171963764864,0.020212788194898634
untrained,4,1,27,False,0.020220538834109902,0.010153053066460416,0.010067485738545656,0.020200144143446404,0.02024365228911241
untrained,4,1,28,False,0.020217218378093094,0.010123669111635536,0.010093549062730744,0.020215495079755785,0.02021965672666172
untrained,4,1,29,False,0.02019586937967688,0.010094722150824964,0.010101147228851914,0.020241650490788743,0.020150088239461184
untrained,4,1,30,False,0.020207875408232212,0.01011472981190309,0.01009314539260231,0.020196684237037386,0.020218722035105413
untrained,4,1,31,False,0.02023284463211894,0.010142554121557623,0.010090290365042165,0.02019687807187438,0.020264580106253136
untrained,4,1,32,False,0.020185011497233063,0.010087617818498984,0.010097393475007266,0.020157920411573004,0.02020354720910913
untrained,4,1,33,False,0.020216737990267575,0.01011642615776509,0.010100311745190993,0.020185910471117317,0.02025059763281072
untrained,4,1,34,False,0.020145862130448222,0.010090944735566154,0.010054917220259085,0.02015505966387297,0.020132419653236866
untrained,4,1,35,False,0.020146941766142845,0.010088941548019648,0.010058000567369163,0.02015531112750371,0.020139557364232397
untrained,4,1,36,False,0.020131062308792025,0.010075949277961627,0.010055112856207415,0.020141755583117135,0.020116408321040648
untrained,4,1,37,False,0.020163786713965237,0.010076896578539163,0.010086890164529905,0.020152478841029935,0.020178324908816388
untrained,4,1,38,False,0.020195685618091375,0.010107449896167964,0.010088235983857885,0.02017952444692773,0.020210867183226525
untrained,4,1,39,False,0.02023716614348814,0.010149545734748244,0.01008762008859776,0.02026059957028463,0.020217749556260448
untrained,4,1,40,False,0.02022518787998706,0.010106224857736379,0.010118963109562173,0.020147064079840977,0.020276931973246787
untrained,4,1,41,False,0.02022434724494815,0.010137594828847796,0.010086752299685031,0.020205683769687774,0.02024243654539952
untrained,4,1,42,False,0.020203078805934638,0.010089357092510909,0.010113721567904577,0.020198212621303707,0.02020809899956461
untrained,4,1,43,False,0.02012335159815848,0.010041638102848083,0.01008171372814104,0.020114634992248977,0.02013292572781688
untrained,4,1,44,False,0.020171539159491658,0.010121467727003619,0.010050071607111022,0.020160520174464243,0.020181571453142522
untrained,4,1,45,False,0.020187560352496803,0.010113320662640035,0.010074240009998903,0.02020360433286236,0.020172489242571773
untrained,4,1,46,False,0.020218931778799742,0.010115550860064104,0.010103380947839469,0.02019645067048259,0.020241413090843707
untrained,4,1,47,False,0.02019630593713373,0.010098709841258824,0.010097596008563414,0.020218580206101008,0.020165782421827316
untrained,4,1,48,False,0.02020951360464096,0.010129501955816522,0.010080011619720608,0.020206305871789274,0.020212823377242166
untrained,4,1,49,True,0.010182626283494756,0.010182626283494756,0.0,nan,nan
untrained,4,2,0,False,0.020210718328598887,0.010101933090481907,0.010108785034390166,0.020191957353282785,0.020226760348979977
untrained,4,2,1,False,0.020148059469647706,0.010074491001432762,0.010073568468214944,0.020160508723776848,0.020136725518908074
untrained,4,2,2,False,0.020182899839710444,0.010099680366693065,0.010083219560328871,0.020077520396028246,0.020310081766340242
untrained,4,2,3,False,0.020219928584992886,0.010105535126058385,0.0101143934589345,0.02020800675293713,0.020232619537461187
untrained,4,2,4,False,0.02021708869142458,0.010107448062626645,0.01010964045417495,0.020239591737514114,0.020192371528656754
untrained,4,2,5,False,0.020200249273329973,0.01009885297389701,0.010101396415848285,0.020234800726175308,0.020178101192682218
untrained,4,2,6,False,0.020180930790957063,0.010080599749926478,0.010100330895511433,0.020183706329318513,0.02017870225327116
untrained,4,2,7,False,0.020185945788398385,0.010107131500262767,0.01007881440455094,0.020121504028793424,0.020250388013664633
untrained,4,2,8,False,0.02018690254772082,0.010098861443111673,0.010088041075505316,0.020181070037540935,0.020192555810969612
untrained,4,2,9,False,0.020144761831033975,0.010084134060889482,0.010060627857455984,0.020155302869776882,0.02013354117591535
untrained,4,2,10,False,0.02026995219057426,0.010161143727600574,0.010108808462973684,0.020281978591810912,0.020257925265468657
untrained,4,2,11,False,0.02022239932557568,0.010112107469467446,0.010110291739692912,0.020211731722312314,0.020235273922825682
untrained,4,2,12,False,0.020167698618024588,0.010069981450214982,0.010097716964082792,0.020188700356003307,0.020152372987689196
untrained,4,2,13,False,0.02020378754241392,0.010107884620083496,0.010095903067849576,0.020241799695348298,0.02017604927154812
untrained,4,2,14,False,0.020245199091732502,0.010135084536159411,0.010110114380950108,0.020244938767936132,0.020245543935082176
untrained,4,2,15,False,0.0201750923297368,0.010082173976115882,0.010092918324517086,0.02019231631937954,0.020152946651381044
untrained,4,2,16,False,0.020208520989399403,0.01012257588445209,0.010085945017635822,0.020178694198174137,0.020244518872992744
untrained,4,2,17,False,0.02018132689408958,0.010080366802867502,0.010100960033014417,0.020187607235633412,0.020174846555742008
untrained,4,2,18,False,0.020259014912880957,0.010146238375455141,0.010112776450114325,0.020227175982048116,0.02029995061457157
untrained,4,2,19,False,0.020200943748932332,0.010120269056642428,0.010080674546770751,0.020186247332737994,0.020216106422363763
untrained,4,2,20,False,0.020191685296595097,0.010095801495481282,0.01009588415035978,0.02019753373197971,0.020186191819833985
untrained,4,2,21,False,0.020221886865328997,0.01013031363254413,0.010091573087265715,0.0202214668576534,0.0202223202065816
untrained,4,2,22,False,0.020207710622344166,0.010115996905369684,0.010091713455040008,0.020227824524044993,0.020192556083202362
untrained,4,2,23,False,0.020231485657859594,0.010113966272911057,0.010117519443156198,0.020227646061652144,0.020236268312784664
untrained,4,2,24,False,0.020162738161161542,0.010058905318146572,0.010103832610184327,0.020171577679151197,0.020155179354807602
untrained,4,2,25,False,0.020212794886901975,0.010120785766048357,0.01009200923726894,0.020214844640577212,0.020210745104122907
untrained,4,2,26,False,0.0201921391999349,0.01011251867748797,0.010079620755277574,0.020191965878687122,0.0201923240036253
untrained,4,2,27,False,0.020193081407342106,0.01010462298290804,0.010088458424434066,0.02023455303381471,0.020146080510069928
untrained,4,2,28,False,0.02017420023912564,0.010089081712067127,0.01008511841064319,0.02017074093222618,0.02017909548473808
untrained,4,2,29,False,0.020213778188917786,0.010111873765708879,0.010101904394105077,0.020237389573594555,0.02019016694976017
untrained,4,2,30,False,0.020172594813629985,0.010098936763824895,0.010073657962493598,0.020142489216393895,0.020201774314045906
untrained,4,2,31,False,0.020240708079654723,0.010124832042492926,0.010115876066265628,0.020244164702792965,0.02023765830980504
untrained,4,2,32,False,0.020213932381011546,0.010102315136464313,0.010111617448274046,0.02019597994736754,0.020226215649592247
untrained,4,2,33,False,0.02024231100222096,0.01013066977611743,0.010111641604453325,0.020239270862136314,0.020245650416759194
untrained,4,2,34,False,0.020195549353957176,0.010103747539687902,0.010091801872476935,0.020197251076368907,0.02019306207792117
untrained,4,2,35,False,0.02018385089468211,0.010082989290822297,0.010100861662067473,0.02018810780718923,0.020180094822802964
untrained,4,2,36,False,0.020194093347527087,0.010103262698976323,0.010090830619446933,0.0201937590499182,0.020194551562545474
untrained,4,2,37,False,0.02019517228472978,0.010080141364596784,0.010115031094755977,0.020199111947375867,0.020190107203753933
untrained,4,2,38,False,0.020191704446915537,0.010100610117660835,0.010091094038216397,0.020183804505054026,0.02019912518109336
untrained,4,2,39,False,0.020207290537655354,0.01011375681264326,0.010093533899635077,0.0202342441690893,0.020184957555362155
untrained,4,2,40,False,0.02023474738234654,0.010134733194718137,0.010100014245836064,0.02022577256110369,0.02024069167189784
untrained,4,2,41,False,0.020231442409567535,0.010130748356459662,0.010100694082211703,0.020215595466276957,0.02024680215578813
untrained,4,2,42,False,0.02017700090073049,0.010081786080263555,0.010095214762259275,0.02018065830835929,0.02017322765101516
untrained,4,2,43,False,0.020151074160821736,0.010067065624753013,0.010084008623380214,0.0201687654063328,0.020131642823336553
untrained,4,2,44,False,0.020221068349201232,0.010130142356501892,0.01009092599269934,0.020251816810398806,0.020193073425942395
untrained,4,2,45,False,0.020158878120128065,0.010070385556900874,0.0100884924759157,0.020153531594382178,0.020163900501122982
untrained,4,2,46,False,0.020188133523333818,0.010103828215505928,0.010084305627970025,0.02017955805058591,0.020196709490846843
untrained,4,2,47,False,0.020247902488335967,0.01015628917957656,0.01009161351248622,0.020226379353049637,0.020277397120716394
untrained,4,2,48,False,0.020202443411108106,0.010124201769940555,0.010078241728479043,0.020170570967289116,0.02023532779680358
untrained,4,2,49,True,0.010137180128367618,0.010137180128367618,0.0,nan,nan
untrained,4,3,0,False,0.020179450046271086,0.010116388060851023,0.010063061927212402,0.020201146318498304,0.02016089794536432
untrained,4,3,1,False,0.020209991955198348,0.010127311514224857,0.010082680615596473,0.020197387540438136,0.02022146811681007
untrained,4,3,2,False,0.02022803423460573,0.010116918798303232,0.01011111561092548,0.02023844040398087,0.02021547532158679
untrained,4,3,3,False,0.02017473755404353,0.010091453732457012,0.010083283676067367,0.02017101284229394,0.020178701608411728
untrained,4,3,4,False,0.02016993658617139,0.010082216118462384,0.010087720613228157,0.020157207387374407,0.02018391805105522
untrained,4,3,5,False,0.02021974540548399,0.010109181079315022,0.010110564267961308,0.020246627330780028,0.020202513163288433
untrained,4,3,6,False,0.02019423380261287,0.01010019492241554,0.0100940388510935,0.0201708177725474,0.020213033033298772
untrained,4,3,7,False,0.02018532040528953,0.01010242578922771,0.010082894848892465,0.020207776717143133,0.02016286418074742
untrained,4,3,8,False,0.020225223968736827,0.010121465311385691,0.010103758366312832,0.020190686194433104,0.020258699013636663
untrained,4,3,9,False,0.02018469403265044,0.010113107302458957,0.010071586817502975,0.020142734276525902,0.020229361140199246
untrained,4,3,10,False,0.020223932864610106,0.010131773975444958,0.01009215900558047,0.020201356092002243,0.020246509375283495
untrained,4,3,11,False,0.02019433194072917,0.010094014724018052,0.010100317216711119,0.020213308903787815,0.020171428356191207
untrained,4,3,12,False,0.02020421763882041,0.010101402673171833,0.010102815052960068,0.020184582789187076,0.020218545772336623
untrained,4,3,13,False,0.02019322302658111,0.010086995869642124,0.010106227273354307,0.020196372884567135,0.020190924355709874
untrained,4,3,14,False,0.020249974506441504,0.010156010801438242,0.010093963675899431,0.020267701006098968,0.02022644630209966
untrained,4,3,15,False,0.020179956045467407,0.010111008014064282,0.010068948264233768,0.020183558627549145,0.02017532456998846
untrained,4,3,16,False,0.02020316303241998,0.010117251484189183,0.010085911635542288,0.020189968496561052,0.02021908724744772
untrained,4,3,17,False,0.02021330571733415,0.010110413481015712,0.010102892352733761,0.02023496516048908,0.020190958761506613
untrained,4,3,18,False,0.020181665604468435,0.010087444534292445,0.010094220866449177,0.020167349190968607,0.020200072355302315
untrained,4,3,19,False,0.020230133086442947,0.010131022427231073,0.010099110571900383,0.02024931661211527,0.02021034008690289
untrained,4,3,20,False,0.020179123152047396,0.010098405065946281,0.010080718144308776,0.020158273438292164,0.02019870983944698
untrained,4,3,21,False,0.02021720993798226,0.010103670821990818,0.010113539348822087,0.020238288291371784,0.02019546340618815
untrained,4,3,22,False,0.020193385775201023,0.010086632799357176,0.010106752946740016,0.02022305503487587,0.020171032376485327
untrained,4,3,23,False,0.02017816004808992,0.010112087649758905,0.010066072485642508,0.020194232358898914,0.020158140805729648
untrained,4,3,24,False,0.02020698954584077,0.010124204301973805,0.010082785098347813,0.020256631928732838,0.020164541657204212
untrained,4,3,25,False,0.020166123111266643,0.010089746268931776,0.010076376667711884,0.020088112534722313,0.020244133804226294
untrained,4,3,26,False,0.02016700425883755,0.010075523721752688,0.010091480624396354,0.02014346608440533,0.020192061220445943
untrained,4,3,27,False,0.020214126212522388,0.010145474137971178,0.010068652249174193,0.020214661709306872,0.020213519409298896
untrained,4,3,28,False,0.020214452291838825,0.010105582972755656,0.010108869348187,0.020221937795480094,0.02020385945742985
untrained,4,3,29,False,0.020204336557071656,0.010127270768862218,0.010077065759105608,0.020202011219225824,0.020206661865813658
untrained,4,3,30,False,0.020256460353266448,0.010155841737287119,0.010100618470460176,0.020267125130409288,0.020246123522520067
untrained,4,3,31,False,0.02018106507603079,0.010113456868566573,0.010067608149256557,0.020210819877684118,0.020154810483183933
untrained,4,3,32,False,0.020201527106110007,0.010129076661542058,0.010072450473671779,0.020209389702918436,0.0201961476551859
untrained,4,3,33,False,0.02016106084920466,0.01008830891805701,0.010072751814732328,0.020147146518105893,0.020176343803034454
untrained,4,3,34,False,0.0202333084307611,0.010147833410883322,0.010085475136293098,0.020256575540100276,0.02019930236901228
untrained,4,3,35,False,0.020182979525998235,0.010104867251357064,0.01007811224553734,0.02021798233812054,0.020152094609597153
untrained,4,3,36,False,0.020190251292660832,0.010097822319949046,0.010092428827192634,0.02020905078766314,0.02016448915970546
untrained,4,3,37,False,0.020207966095767915,0.010147358378162608,0.01006060786312446,0.020230962118754785,0.02017840021289885
untrained,4,3,38,False,0.020215074706356972,0.010113416705280542,0.01010165800107643,0.020221556717109297,0.02020898610917908
untrained,4,3,39,False,0.020186274719890207,0.01009005811647512,0.010096216545207426,0.020166159832272035,0.020202940835484438
untrained,4,3,40,False,0.020222922088578343,0.010126807901542634,0.010096113808685914,0.020207094649473827,0.02023340514921523
untrained,4,3,41,False,0.020207999681588262,0.01012629657634534,0.010081703221658245,0.020206508093646595,0.02020944546048458
untrained,4,3,42,False,0.0202601773198694,0.010168339387746528,0.010091838310472667,0.020227111904666972,0.02029429290384527
untrained,4,3,43,False,0.020236096053849906,0.010125891247298568,0.010110204631928355,0.020215756162556248,0.020258436010020676
untrained,4,3,44,False,0.02023334935074672,0.010144210420548916,0.010089139104820788,0.020244991437333527,0.020222749700074764
untrained,4,3,45,False,0.020177497004624456,0.01008736080257222,0.010090136289363727,0.02020684740836582,0.02014992561078433
untrained,4,3,46,False,0.02016312163323164,0.01008992554852739,0.010073195910081267,0.020121465786360204,0.020204777654726058
untrained,4,3,47,False,0.020206213288474828,0.010113846161402762,0.010092366894241422,0.020194760095831512,0.02022190792141137
untrained,4,3,48,False,0.020188502327073365,0.010101532621774822,0.010086969734402373,0.020180870248721196,0.020196376723192987
untrained,4,3,49,True,0.010101971158292145,0.010101971158292145,0.0,nan,nan
untrained,4,4,0,False,0.020225388056132942,0.010122747771674767,0.010102640226250514,0.02025758222503177,0.02019785960083422
untrained,4,4,1,False,0.020170927862636745,0.010065787093481049,0.010105140274390578,0.020144154943647928,0.020195302817581307
untrained,4,4,2,False,0.020231609698385,0.0100786067196168,0.010153003153391182,0.02023309799177306,0.020229813257424997
untrained,4,4,3,False,0.020210446557030082,0.010072852834127843,0.01013759383931756,0.020214213763899876,0.020206436274513122
untrained,4,4,4,False,0.020173854776658118,0.010050302575109527,0.010123552230652422,0.020136387907524606,0.020215006545186043
untrained,4,4,5,False,0.020189347327686846,0.010080765059683472,0.010108582297107205,0.020185702070593833,0.020191684269752257
untrained,4,4,6,False,0.020225757325533777,0.01008364133303985,0.010142116021597758,0.02020437404382647,0.020242924080558226
untrained,4,4,7,False,0.020173023571260273,0.010055517515866086,0.010117505938978866,0.02019168937113136,0.02015435745124705
untrained,4,4,8,False,0.02018127217888832,0.010052546858787537,0.010128725145477802,0.020185150176523222,0.0201775131174005
untrained,4,4,9,False,0.0202291845344007,0.010111683484865353,0.010117500933120027,0.020234834939015636,0.02022316961759521
untrained,4,4,10,False,0.020208486588671803,0.010094356664922088,0.010114129661815241,0.020215455821016803,0.020201516774250194
untrained,4,4,11,False,0.020177653175778687,0.010060460161184892,0.010117193072801456,0.020190999896398613,0.020161545706977105
untrained,4,4,12,False,0.020230522728525102,0.010101539577590302,0.010128983034519479,0.020186773570323432,0.020262447412352304
untrained,4,4,13,False,0.020210464077536017,0.010086079535540193,0.010124384541995823,0.020292148925364017,0.0201508561904366
untrained,4,4,14,False,0.020228092616889626,0.01011477067368105,0.010113322408869863,0.02020751909442144,0.020255399952557956
untrained,4,4,15,False,0.020155484846327454,0.010021211492130533,0.010134273383300751,0.020146222009013098,0.020167394640988538
untrained,4,4,16,False,0.02018242876511067,0.010061256092740223,0.010121172614162788,0.020198862946459225,0.02016259453676898
untrained,4,4,17,False,0.02019325428409502,0.010040554945589975,0.01015269965864718,0.020202991910851918,0.020183207733290534
untrained,4,4,18,False,0.02017559070372954,0.010052330762846395,0.010123259708052501,0.020192079582355086,0.020154390517356142
untrained,4,4,19,False,0.02015799580840394,0.010059980413643643,0.010098015394760296,0.02009411136118265,0.02022390856984116
untrained,4,4,20,False,0.020229734655003995,0.010081889195134863,0.010147845430765301,0.020247910111661882,0.02021266082583955
untrained,4,4,21,False,0.020245587162207812,0.010117887199157849,0.010127699380973354,0.020199519797013357,0.020293116480821653
untrained,4,4,22,False,0.020182906242553145,0.010076602513436228,0.010106303612701595,0.02016815255311402,0.020194021831840686
untrained,4,4,23,False,0.02023068116977811,0.01010532010695897,0.010125360771780834,0.020201803303100695,0.020266651780458916
untrained,4,4,24,False,0.020191957824863493,0.0100779612257611,0.010113996191648766,0.020171943546856863,0.02020907113193602
untrained,4,4,25,False,0.020261440775357187,0.01013239222811535,0.010129048983799294,0.020242402562871575,0.020280479599023238
untrained,4,4,26,False,0.020207549910992384,0.010067403432913125,0.010140146710909903,0.020209605833797745,0.020205362249285944
untrained,4,4,27,False,0.02015209139790386,0.010035285726189613,0.010116805846337229,0.020143999882480678,0.020161261533697447
untrained,4,4,28,False,0.02024983655428514,0.010110740375239402,0.01013909635366872,0.020267392496267952,0.02022499366188949
untrained,4,4,29,False,0.020211019029375166,0.010093261778820306,0.010117757454281673,0.02019929126254283,0.020222747145453468
untrained,4,4,30,False,0.020237217424437404,0.010111445706570521,0.010125771834282205,0.020246090633528575,0.02022861735178874
untrained,4,4,31,False,0.02014756918651983,0.010034321894636378,0.010113247146364301,0.02015419341623783,0.020141724277945125
untrained,4,4,32,False,0.02019992913119495,0.010070850228657946,0.010129079077159986,0.020222383336378977,0.020184566070766824
untrained,4,4,33,False,0.020155362086370587,0.010048621072201058,0.01010674110148102,0.02014050157323702,0.020171684472531568
untrained,4,4,34,False,0.020171551092062145,0.010045288392575458,0.010126262699486688,0.02017321844438189,0.020169113583576218
untrained,4,4,35,False,0.020198713697027415,0.010073439421830699,0.010125273984158412,0.020214140135794877,0.020185102106017226
untrained,4,4,36,False,0.020238212659023702,0.010087143251439556,0.01015106972772628,0.020248817984719534,0.020223679676376005
untrained,4,4,37,False,0.020153491175733507,0.010036712657893077,0.010116778314113617,0.02013968267581529,0.02017124436263527
untrained,4,4,38,False,0.020181240106467158,0.010054538870463148,0.010126701497938484,0.0201278543099761,0.020231390823469017
untrained,4,4,39,False,0.02017895254539326,0.010050576442154124,0.01012837589951232,0.02019872493913461,0.020162569571818625
untrained,4,4,40,False,0.02024221426108852,0.010097376187331975,0.010144838423002511,0.020256590098142624,0.020232693086583892
untrained,4,4,41,False,0.02023333852412179,0.010116007673786953,0.010117330850334838,0.020171247836616304,0.020293518585654407
untrained,4,4,42,False,0.020175154495518655,0.010050083685200661,0.01012507063569501,0.020184653481611838,0.020165354279535155
untrained,4,4,43,False,0.02018622204195708,0.010065146023407578,0.010121075960341841,0.020162032555733154,0.020212791188329946
untrained,4,4,44,False,0.020268075168132782,0.010105332243256271,0.01016274283756502,0.02028374453304244,0.020253809335738865
untrained,4,4,45,False,0.020213402167428285,0.010090307798236609,0.010123094485606998,0.020171577231057225,0.020252692541389755
untrained,4,4,46,False,0.020174733246676624,0.0100656826980412,0.010109050519531593,0.0201712932321243,0.020178173115709797
untrained,4,4,47,False,0.02024172671372071,0.010129963455256075,0.01011176299653016,0.020307623454042384,0.020151423359358753
untrained,4,4,48,False,0.020186349051073194,0.010092716373037547,0.010093632765347138,0.020182453468441965,0.02019036818473112
untrained,4,4,49,True,0.010122954059625044,0.010122954059625044,0.0,nan,nan
untrained,4,5,0,False,0.020193817908875644,0.010141314473003149,0.01005250375601463,0.020200593018178212,0.020188024753461715
untrained,4,5,1,False,0.020197097794152796,0.010133945645065978,0.010063152207294479,0.020173258743569497,0.020218801948784004
untrained,4,5,2,False,0.020161543448921293,0.010114465752849355,0.010047077375929803,0.020205050414162023,0.020109034625106846
untrained,4,5,3,False,0.020182440581265837,0.01012097523198463,0.010061465349281207,0.020126852884211323,0.020241614431142807
untrained,4,5,4,False,0.02016697241924703,0.010099342878675088,0.010067629715194926,0.020208819421814447,0.020121009592882922
untrained,4,5,5,False,0.020196540863253176,0.010147889814106748,0.01004865107825026,0.02025021880865097,0.02016213197165575
untrained,4,5,6,False,0.020190441340673715,0.010154543706448749,0.010035897576017305,0.020215469134742755,0.020170348604590122
untrained,4,5,7,False,0.0201743979123421,0.010121841914951801,0.010052555822767317,0.020201567851472646,0.02014722744934261
untrained,4,5,8,False,0.020194748474750668,0.010114276083186269,0.01008047247887589,0.020219111253344822,0.02017113550637777
untrained,4,5,9,False,0.020232772803865373,0.010180012905038893,0.010052760102553293,0.02024663815444166,0.020218013184926203
untrained,4,5,10,False,0.02020360971800983,0.01015769041259773,0.01004591933451593,0.020116948609938845,0.020290270855184644
untrained,4,5,11,False,0.020165496331173927,0.010144414904061705,0.01002108136890456,0.020198788334216393,0.020125316263272842
untrained,4,5,12,False,0.020208269415888935,0.010147552180569619,0.010060716769658029,0.02024206363906463,0.020183608640690107
untrained,4,5,13,False,0.020209689915645868,0.01016190167865716,0.010047788033261895,0.02018156354488046,0.020230214388386625
untrained,4,5,14,False,0.020210367627441883,0.010129743430297822,0.010080624517286196,0.02019740564570035,0.020227571966295894
untrained,4,5,15,False,0.020187113783322275,0.010120655788341537,0.010066457994980738,0.02021131172983183,0.020156002337379113
untrained,4,5,16,False,0.020228213805239648,0.010169223271077499,0.010058990359539166,0.020188572949596813,0.020276055639160087
untrained,4,5,17,False,0.02024367655394599,0.010160960198845714,0.010082716413307935,0.02029076356154222,0.020195094898106558
untrained,4,5,18,False,0.020193631411530077,0.010152854229090735,0.010040777211543173,0.020190018177446395,0.020198276898424537
untrained,4,5,19,False,0.020228803157806396,0.01017280260566622,0.01005600075586699,0.02027370952642881,0.02018247110148271
untrained,4,5,20,False,0.020216091244947165,0.010139741032617167,0.010076350154122338,0.020260068017148202,0.020174779703445507
untrained,4,5,21,False,0.020221978949848562,0.010130788170499727,0.010091190924867988,0.020200965037712685,0.02024366035466156
untrained,4,5,22,False,0.020187648362480104,0.01014954032143578,0.010038108099251986,0.02016294981268319,0.02020625701199656
untrained,4,5,23,False,0.020205426088068634,0.010160539182834327,0.010044886847026646,0.020226642909184307,0.02017899795451708
untrained,4,5,24,False,0.020226076594553888,0.01015444434597157,0.01007163236499764,0.0202237501172191,0.020228066090224442
untrained,4,5,25,False,0.02023776900023222,0.010183391452301294,0.010054377577034757,0.02023956654011272,0.020235971140209585
untrained,4,5,26,False,0.020169115741737187,0.010116314457263798,0.01005280134268105,0.02018293504123435,0.020154404814445206
untrained,4,5,27,False,0.0202397660468705,0.010176461975788698,0.010063304303912446,0.020240309429081046,0.020239150772492092
untrained,4,5,28,False,0.020229441579431295,0.010156116011785343,0.010073325509438291,0.020241537590821583,0.020212324757902127
untrained,4,5,29,False,0.02017121546668932,0.010116068238858134,0.010055147082312033,0.020190324663417414,0.0201521054841578
untrained,4,5,30,False,0.02022124081850052,0.010175594012252986,0.01004564660252072,0.020255636571655196,0.020187903195619583
untrained,4,5,31,False,0.02017705619800836,0.01010452926857397,0.01007252704584971,0.02012558082739512,0.02022247588919366
untrained,4,5,32,False,0.020207042223773897,0.010170403926167637,0.01003663829760626,0.020259742696697895,0.020170984005457478
untrained,4,5,33,False,0.020177356258500367,0.01012372097466141,0.01005363542935811,0.020156445899116457,0.020200323740966985
untrained,4,5,34,False,0.020176131336484104,0.010116156277945265,0.010059975291369483,0.020204538038294566,0.020134614350704048
untrained,4,5,35,False,0.02019762108102441,0.01014918225700967,0.010048438736703247,0.020223579152176777,0.020174716763636646
untrained,4,5,36,False,0.020197090692818165,0.010142547747818753,0.010054543177830055,0.020183365691352536,0.02021589930410738
untrained,4,5,37,False,0.020199031685478985,0.01013883389532566,0.010060197790153325,0.02019120530328817,0.02020909427665174
untrained,4,5,38,False,0.020186441601254046,0.010146392625756562,0.010040048917289823,0.020230087541764783,0.0201454409539248
untrained,4,5,39,False,0.020153801422566175,0.01008653428289108,0.010067266674013808,0.020146073034868157,0.020160204358398916
untrained,4,5,40,False,0.020224842301104218,0.010160895180888474,0.010063946974696591,0.020207235370488727,0.02023650367151607
untrained,4,5,41,False,0.02023563045077026,0.010160752892261371,0.010074877354782075,0.02020775529718588,0.02026264756344832
untrained,4,5,42,False,0.020255932991858572,0.010188905958784744,0.010067026945762336,0.020218740690212983,0.020294306267585074
untrained,4,5,43,False,0.020214268879499286,0.010151940194191411,0.010062328539788723,0.020205077117503578,0.020224364321739945
untrained,4,5,44,False,0.02021844935370609,0.010161256650462747,0.010057192674139515,0.020229383814530294,0.02020849409832883
untrained,4,5,45,False,0.020190395938698202,0.010151745664188638,0.010038650420028716,0.020222847440069722,0.020159911251429356
untrained,4,5,46,False,0.020196976722218096,0.0101336348161567,0.01006334210978821,0.020224959269398823,0.020168993942206725
untrained,4,5,47,False,0.020199955441057682,0.01013365451944992,0.010066300543257967,0.02022248929416811,0.020169074612635153
untrained,4,5,48,False,0.020149216579739004,0.0101217144401744,0.01002750196494162,0.02013816191599919,0.02016062227388223
untrained,4,5,49,True,0.01014734391355887,0.01014734391355887,0.0,nan,nan
untrained,5,0,0,False,0.020188308379147202,0.010060679633170366,0.010127628804184496,0.020192883333021945,0.020184862006404628
untrained,5,0,1,False,0.020199928258080035,0.010055459628347307,0.010144468396902084,0.020178683166360033,0.020217531227639744
untrained,5,0,2,False,0.020248435728717595,0.010104036191478372,0.01014439927530475,0.020281567918284546,0.020216322604280253
untrained,5,0,3,False,0.02020732028177008,0.010089426126796752,0.010117894096765667,0.020228891546139494,0.020185748842777684
untrained,5,0,4,False,0.020230373600497842,0.010085280198836699,0.010145093372557312,0.020222643421341977,0.020237194100285277
untrained,5,0,5,False,0.02019102341728285,0.01006288782809861,0.010128135822014883,0.020206853897581176,0.02017615216247963
untrained,5,0,6,False,0.02014641818823293,0.010026273521361873,0.010120144404936582,0.020163880897239903,0.020124665837277445
untrained,5,0,7,False,0.02024327212711796,0.010114985547261313,0.010128286376129836,0.02021336198917457,0.020279370665807147
untrained,5,0,8,False,0.02021269139368087,0.010094082535943016,0.010118608741322532,0.020161326974630356,0.02026568657703816
untrained,5,0,9,False,0.020190825394820422,0.010064223868539557,0.010126601904630661,0.020141507178300714,0.020235727749653716
untrained,5,0,10,False,0.020163539331406355,0.010071458586025983,0.010092080745380372,0.020190842277197925,0.020143615434298642
untrained,5,0,11,False,0.020199878665152937,0.010061920940643176,0.0101379576663021,0.02022745934102619,0.02017773656358182
untrained,5,0,12,False,0.020232429436873645,0.010102465777890757,0.01012996377539821,0.020229227630601775,0.020235437335390034
untrained,5,0,13,False,0.02019373991061002,0.010053099773358554,0.01014063970069401,0.020177136744476028,0.02021508594043553
untrained,5,0,14,False,0.020173390861600637,0.010059666354209185,0.010113724507391453,0.020178231224417687,0.02016839695473512
untrained,5,0,15,False,0.0202240445651114,0.01007892016787082,0.010145124397240579,0.02022669658712719,0.020220943268830494
untrained,5,0,16,False,0.020154827157966793,0.010023468843428418,0.010131358139915392,0.020137709916615096,0.020170411512033262
untrained,5,0,17,False,0.020230505266226828,0.010093512217281386,0.010136993310879916,0.020230378928607788,0.02023065374311754
untrained,5,0,18,False,0.020179096551146358,0.01004137535346672,0.010137721052160487,0.02016313225030899,0.020193182616768512
untrained,5,0,19,False,0.020230111142154783,0.01009623717982322,0.01013387372950092,0.02020888122419516,0.020260153127447614
untrained,5,0,20,False,0.020246732339728624,0.010099980980157852,0.010146751505089924,0.020262824782334706,0.020228494393328827
untrained,5,0,21,False,0.020244424871634692,0.010089870687806979,0.010154554242035374,0.020216277158208965,0.02026774752885103
untrained,5,0,22,False,0.020252497401088476,0.010124057851498947,0.010128439491381869,0.020256795205067898,0.020247470997905328
untrained,5,0,23,False,0.02019822521833703,0.010064220696222037,0.010134004463907331,0.02019274556501345,0.02020405797708419
untrained,5,0,24,False,0.020195824617985636,0.01006629824405536,0.010129526257514954,0.020191235187119003,0.020201916179873727
untrained,5,0,25,False,0.020222647523041815,0.01007637899601832,0.010146268556127325,0.0202212214226956,0.020223447825850508
untrained,5,0,26,False,0.020183232321869582,0.010068524483358487,0.010114707896718755,0.020191340494368756,0.02017344678912697
untrained,5,0,27,False,0.020212092611473054,0.010051416931673884,0.010160675650695339,0.020225794638617567,0.020200376385363983
untrained,5,0,28,False,0.020224097417667508,0.010092985787196085,0.010131111572263762,0.020206324342224333,0.020246948547927395
untrained,5,0,29,False,0.020212327188346535,0.010080956475576386,0.010131370567250997,0.020208805275615305,0.020215849101077765
untrained,5,0,30,False,0.02017255505779758,0.010061434441013262,0.010111120558576658,0.02015795549821286,0.020186705170915677
untrained,5,0,31,False,0.02018274535657838,0.01006217603571713,0.01012056929175742,0.02015043752124676,0.020216078630515506
untrained,5,0,32,False,0.020211794588249177,0.010091206466313452,0.010120588151039556,0.02021766915344275,0.020205734046323906
untrained,5,0,33,False,0.020167410955764353,0.010056860774056986,0.010110550094395876,0.020171224781922223,0.020164250848548754
untrained,5,0,34,False,0.020201626990456134,0.010078660066938028,0.010122966719791293,0.0202280528532962,0.02017830975134583
untrained,5,0,35,False,0.020221868355292827,0.01008948657545261,0.01013238201267086,0.02021002316704163,0.020234089876924242
untrained,5,0,36,False,0.020171835436485708,0.0100511382042896,0.010120697261299938,0.020197316945072204,0.020147138346846286
untrained,5,0,37,False,0.020199699443764985,0.010067572322441265,0.010132127004908398,0.020226417439839533,0.02017460057907032
untrained,5,0,38,False,0.02020277502015233,0.010071582335513085,0.010131192830158398,0.02022362763195166,0.020186556192735832
untrained,5,0,39,False,0.020172129734419286,0.010065684735309333,0.010106444853590801,0.020214615331497043,0.02012964425375685
untrained,5,0,40,False,0.02023277711123228,0.010092088195960969,0.010140689002582803,0.02020742032510131,0.02026062855710749
untrained,5,0,41,False,0.020232688053511083,0.010105229390319437,0.010127458604983985,0.02020713029644237,0.020250174878655297
untrained,5,0,42,False,0.020200403756462038,0.01007855765055865,0.010121845960384235,0.0202561765344757,0.020141032554449573
untrained,5,0,43,False,0.02013561548665166,0.010000344074796885,0.010135271382750943,0.02014760537812971,0.0201197013258934
untrained,5,0,44,False,0.020177927159238607,0.010065219481475651,0.010112707852385938,0.020179816924813965,0.020175851515082062
untrained,5,0,45,False,0.020252799207810313,0.010118718579178676,0.010134080657735467,0.02025722438359962,0.02024778410171469
untrained,5,0,46,False,0.020193753123749048,0.010071789991343394,0.010121963132405654,0.020195591328829005,0.020192277368525385
untrained,5,0,47,False,0.02019262860994786,0.010076126345666125,0.010116502293385565,0.020132859924533328,0.020247044903573704
untrained,5,0,48,False,0.020168011949863285,0.010056872648419812,0.010111139417858794,0.020150971569819376,0.02018505267915316
untrained,5,0,49,True,0.01007669253158383,0.01007669253158383,0.0,nan,nan
untrained,5,1,0,False,0.020198844198603183,0.010093599470565096,0.010105244786245748,0.020240487496961248,0.020167469340440343
untrained,5,1,1,False,0.02019872475648299,0.010113073542015627,0.01008565109805204,0.020219402708883942,0.020181591489485333
untrained,5,1,2,False,0.020213504030834883,0.010079312778543681,0.010134191252291203,0.02027060156540265,0.020158163372140665
untrained,5,1,3,False,0.020185697765555233,0.010101954714627936,0.010083742963615805,0.020211450930219144,0.02015994445537217
untrained,5,1,4,False,0.020228224922902882,0.010137631354155019,0.010090593481436372,0.020191179402172566,0.02026091192794197
untrained,5,1,5,False,0.020202363491989672,0.010125845234142616,0.010076518461573869,0.020200170666700407,0.020204423729217415
untrained,5,1,6,False,0.02017231867648661,0.010095350036863238,0.010076968494104221,0.02020861218932649,0.02012711073876473
untrained,5,1,7,False,0.020149616873823106,0.010079125728225335,0.010070490825455636,0.02018222457596234,0.020110262300947618
untrained,5,1,8,False,0.02023299428401515,0.010134275740711018,0.010098718310473487,0.020225720967237765,0.020240498263211476
untrained,5,1,9,False,0.020196463097818196,0.010097547143232077,0.010098915896378458,0.02015450886893468,0.02023466048178388
untrained,5,1,10,False,0.02023355377605185,0.010111168696312234,0.010122385167051107,0.020213012756020932,0.020248543596952346
untrained,5,1,11,False,0.020207994850352407,0.01012374967103824,0.010084245208417997,0.020174624692452583,0.020234785186992565
untrained,5,1,12,False,0.02021258056629449,0.010078616789542139,0.010133963689440861,0.020188009156094443,0.020235662743674988
untrained,5,1,13,False,0.02020072436425835,0.010103444015840068,0.01009728029021062,0.020235150742034115,0.02015646211137729
untrained,5,1,14,False,0.020237700664438307,0.010126368055352941,0.010111332667293027,0.02027921361418871,0.02019486975456987
untrained,5,1,15,False,0.020203875610604882,0.010107394366059452,0.010096481506479904,0.02023389546767525,0.020168768147290763
untrained,5,1,16,False,0.02017966262064874,0.010065578535431996,0.010114083852386102,0.020196875587838593,0.020163990751798474
untrained,5,1,17,False,0.020220768928993493,0.010123338521225378,0.01009743066970259,0.020233754149597622,0.02020558310767351
untrained,5,1,18,False,0.02024752413854003,0.010128369176527485,0.010119154932908714,0.020257352044185002,0.0202388524023049
untrained,5,1,19,False,0.020218605757690966,0.010108689806656912,0.010109915980137885,0.02021077441672484,0.020229687738531038
untrained,5,1,20,False,0.020181683532427996,0.01008413513773121,0.010097548278281465,0.020171870121403652,0.02019280462215344
untrained,5,1,21,False,0.020207293855492026,0.010099540289957076,0.010107753711054102,0.020244912115921235,0.020176124572753907
untrained,5,1,22,False,0.02025867672637105,0.010126669658347964,0.010132007213542238,0.02024421128241912,0.02027559394048432
untrained,5,1,23,False,0.02023846481461078,0.010116624151123688,0.010121840488864109,0.02022750579723806,0.020250130384679765
untrained,5,1,24,False,0.020168112474493682,0.01008100833860226,0.010087104135891423,0.02014291031311636,0.0202015623788942
untrained,5,1,25,False,0.020204360596835613,0.010078897816129029,0.010125463013537228,0.020205842533513256,0.020203529380080174
untrained,5,1,26,False,0.020190456707496196,0.010105782945174724,0.010084673704113811,0.02018979846366814,0.020191251043358754
untrained,5,1,27,False,0.02018629969097674,0.01008932662080042,0.010096972953760996,0.02013732966477588,0.02022817236897738
untrained,5,1,28,False,0.020192516851238906,0.010097531630890444,0.010094985278556123,0.020217810498757496,0.02015999674664012
untrained,5,1,29,False,0.020180104416795075,0.010090662923175842,0.010089441755553707,0.020159577310550958,0.020200631901388988
untrained,5,1,30,False,0.020196639001369476,0.01007627256331034,0.010120366467162967,0.0201902405787555,0.02020284023422461
untrained,5,1,31,False,0.020213625859469175,0.010129332484211773,0.010084293055115268,0.02023180972498197,0.020194864284897605
untrained,5,1,32,False,0.020196404424495995,0.010073513112729415,0.010122891457285732,0.020197707070754127,0.02019506064613187
untrained,5,1,33,False,0.020222679944708943,0.010128028457984328,0.010094651486724615,0.020198582350436985,0.020242646496210777
untrained,5,1,34,False,0.02016387536423281,0.010086356225656345,0.010077519138576463,0.020164944076289732,0.02016293254735715
untrained,5,1,35,False,0.02022283960832283,0.010118542675627396,0.010104297252837569,0.020182957099034237,0.02026398852467537
untrained,5,1,36,False,0.020210709306411445,0.010109209164511412,0.010101500141900033,0.020246117567968746,0.02017639081638593
untrained,5,1,37,False,0.020192446478176862,0.01011004374595359,0.010082402470288798,0.020190592074105815,0.02019418855056618
untrained,5,1,38,False,0.020171835902146995,0.010112786723766476,0.010059049585834146,0.02016232452089233,0.020179234082914062
untrained,5,1,39,False,0.020174761826638132,0.010097246413351968,0.010077515296870843,0.020200063416268677,0.020149459887761623
untrained,5,1,40,False,0.020188899943605065,0.010088519105920568,0.010100380866788328,0.020160282892522526,0.020220331939273195
untrained,5,1,41,False,0.020170574891380966,0.010087522241519764,0.010083052737172693,0.02014223403798846,0.020189966320207246
untrained,5,1,42,False,0.020198365149553865,0.01009399103350006,0.010104373970534652,0.0201769390171676,0.0202211732225072
untrained,5,1,43,False,0.02020013116998598,0.010105022956850007,0.010095108416862786,0.020228280162770455,0.02016277021982453
untrained,5,1,44,False,0.020191807416267693,0.010110690258443356,0.010081117245135829,0.02018243936238004,0.020202097131824883
untrained,5,1,45,False,0.020181451516691595,0.010098230734001845,0.010083220899105072,0.020163340055767226,0.020201977932204802
untrained,5,1,46,False,0.020181396743282676,0.010105889203259721,0.010075507394503802,0.020210679587826394,0.020157888164402733
untrained,5,1,47,False,0.020169317140243948,0.01009711212827824,0.010072205099277198,0.020186787532245527,0.020153411733570385
untrained,5,1,48,False,0.02020883437944576,0.010110142990015447,0.010098691273014992,0.020204986620228738,0.020212681934935972
untrained,5,1,49,True,0.010193694295594469,0.010193694295594469,0.0,nan,nan
untrained,5,2,0,False,0.0202395137748681,0.010148949193535373,0.01009056472685188,0.0202496371824633,0.020231886345842116
untrained,5,2,1,False,0.020163315173704177,0.010074770369101316,0.010088544833706692,0.02014292644914882,0.02018020844885281
untrained,5,2,2,False,0.02016432909294963,0.010103395761689171,0.01006093344767578,0.02015030650155885,0.020177920134021685
untrained,5,2,3,False,0.02023147908039391,0.01013974248780869,0.010091736592585221,0.020227049593813717,0.020235908566974103
untrained,5,2,4,False,0.020228117879014462,0.010142276267288253,0.010085841582622379,0.02017410648986697,0.020275774877518415
untrained,5,2,5,False,0.02019251708406955,0.010112500167451799,0.010080016916617751,0.020231726369069468,0.020155684458035412
untrained,5,2,6,False,0.020256641029845923,0.010158354096347466,0.010098286671563983,0.020305605657713513,0.020195649348591502
untrained,5,2,7,False,0.020151706703472883,0.010083859175210819,0.010067847062600777,0.020139871005501065,0.02016599046002174
untrained,5,2,8,False,0.02023308107163757,0.010134401702089235,0.010098679107613862,0.0202491865421717,0.020216464079798213
untrained,5,2,9,False,0.020196445926558226,0.010106937086675316,0.010089508985402063,0.02019319732169636,0.020199403111169585
untrained,5,2,10,False,0.020227333181537688,0.010135167423868552,0.010092165728565305,0.020261628001376437,0.02020230657748274
untrained,5,2,11,False,0.020216485776472837,0.01010818756185472,0.010108298185514286,0.020182632203949124,0.02024366439018451
untrained,5,2,12,False,0.02020297379931435,0.010114333388628438,0.010088640410685912,0.02019658393316692,0.020208976457290577
untrained,5,2,13,False,0.02021479606628418,0.010132692812476307,0.010082103253807873,0.02022719843727019,0.020198850559868982
untrained,5,2,14,False,0.020221396174747497,0.01012405237997882,0.010097344173118472,0.02023912831567801,0.020203101818287182
untrained,5,2,15,False,0.0201752248685807,0.010091405420098454,0.01008381912834011,0.020124391801115395,0.02023467333134958
untrained,5,2,16,False,0.0202190502313897,0.01012299585272558,0.01009605434956029,0.020251499733231107,0.020189507016495092
untrained,5,2,17,False,0.020182361302431673,0.010094113065861166,0.01008824841119349,0.02015706189516662,0.020211948934247936
untrained,5,2,18,False,0.020169917203020304,0.010098396945977584,0.010071519966004416,0.02010590791081389,0.020226395661559177
untrained,5,2,19,False,0.020238005032297224,0.010137706936802715,0.010100298386532813,0.020263265520334243,0.02020225944524666
untrained,5,2,20,False,0.02019690757151693,0.01010598533321172,0.01009092215099372,0.020177566747674174,0.02021882760648926
untrained,5,2,21,False,0.020182683423627168,0.010119209415279329,0.010063473891932517,0.02020314804695804,0.020165727074657167
untrained,5,2,22,False,0.02020955691114068,0.010138038080185652,0.01007151888916269,0.020206482946008877,0.020213152076733312
untrained,5,2,23,False,0.02019408077467233,0.010126074514118955,0.01006800594041124,0.02019277327891552,0.020195472084226146
untrained,5,2,24,False,0.02022953052073717,0.010126178327482194,0.010103352018631995,0.02021109496485697,0.02025399970060045
untrained,5,2,25,False,0.02018973248777911,0.010097659833263606,0.010092072770930827,0.020141024385457455,0.020217056499748694
untrained,5,2,26,False,0.02020863239886239,0.010124761698534712,0.01008387075853534,0.020185242992426668,0.02023686076803454
untrained,5,2,27,False,0.020176693855319172,0.010115469165612012,0.010061224806122482,0.020183160143383477,0.020171164980401165
untrained,5,2,28,False,0.02022226748522371,0.010135609394637868,0.010086658236104995,0.0202127232009338,0.02023453947289714
untrained,5,2,29,False,0.020179417973849922,0.010082897788379341,0.010096520010847598,0.020180938648991287,0.02017789683304727
untrained,5,2,30,False,0.020202817511744797,0.01011250464944169,0.010090312833199278,0.0202003586446009,0.020205200778750272
untrained,5,2,31,False,0.020208803412970155,0.010125204746145755,0.010083598550409079,0.020200641539234385,0.02021722397988751
untrained,5,2,32,False,0.02022691711317748,0.01012019847985357,0.010106718633323908,0.020225481115854704,0.02022839860901946
untrained,5,2,33,False,0.02020226913737133,0.010118266829522327,0.010084002482471988,0.02021559893057264,0.02019122445157596
untrained,5,2,34,False,0.020229562127497047,0.010128673602594063,0.01010088826296851,0.020195510486761728,0.020259607418933335
untrained,5,2,35,False,0.020224760402925313,0.010124572494532913,0.010100187704665586,0.020205668016121937,0.02024445901550944
untrained,5,2,36,False,0.02021211653482169,0.010118077305378392,0.010094038967508823,0.020209454384351535,0.02021469654372105
untrained,5,2,37,False,0.020197395933791995,0.010097213351400569,0.010100182611495256,0.020191969289895025,0.020202493859511436
untrained,5,2,38,False,0.02020851179258898,0.010112637130077928,0.01009587463340722,0.02022058766202203,0.020199119579046965
untrained,5,2,39,False,0.020216326229274273,0.010140813596080989,0.010075512516777962,0.020213347423123196,0.020219304889906198
untrained,5,2,40,False,0.0202196147874929,0.010136725642951205,0.010082888853503391,0.02018691529867364,0.02025553010037688
untrained,5,2,41,False,0.020179177809040993,0.010086862748721614,0.010092314973007888,0.02022555531360782,0.02014744580772362
untrained,5,2,42,False,0.02014235098613426,0.01008411982911639,0.010058231418952346,0.020184880461205135,0.020097077493706057
untrained,5,2,43,False,0.020222957187797874,0.010130731447134167,0.010092225536936894,0.02024096332184256,0.02019905752756379
untrained,5,2,44,False,0.02021754754241556,0.010130895825568587,0.010086651716846973,0.02020286757554581,0.020233671104565996
untrained,5,2,45,False,0.02015384321566671,0.010085995716508478,0.010067847731988877,0.020140618195428568,0.020168832068641982
untrained,5,2,46,False,0.02015143120661378,0.010058885876787826,0.010092545417137444,0.020129105860465454,0.020169354712879155
untrained,5,2,47,False,0.020199385646265,0.010122225736267865,0.010077159968204796,0.020197422167316813,0.020201173319078204
untrained,5,2,48,False,0.02018953743390739,0.010113921307493001,0.010075615893583745,0.020184699082165025,0.020194375480059534
untrained,5,2,49,True,0.010080486041260883,0.010080486041260883,0.0,nan,nan
untrained,5,3,0,False,0.020214178890455514,0.010131362156243995,0.010082816617796198,0.02021998099305413,0.020209807290198053
untrained,5,3,1,False,0.02018051181221381,0.010085177927976474,0.010095333534991369,0.020198211716166856,0.020165845804980823
untrained,5,3,2,False,0.02023227873723954,0.010104487504577264,0.010127791261766106,0.02016561680902091,0.020296889600845483
untrained,5,3,3,False,0.02020709088537842,0.010101578809553757,0.010105512134032324,0.020213991578202695,0.020200190221657977
untrained,5,3,4,False,0.020208548987284303,0.010103310400154442,0.010105238645337522,0.020213662864019474,0.020204036962240934
untrained,5,3,5,False,0.020247975829988718,0.010130262409802526,0.010117713216459379,0.020209063024770827,0.020284529493162125
untrained,5,3,6,False,0.02018803224200383,0.010106592788361013,0.010081439453642815,0.020185352840893706,0.02019136975797122
untrained,5,3,7,False,0.02020688384072855,0.010119067126652226,0.010087816568557173,0.02021512756390231,0.020196934005823626
untrained,5,3,8,False,0.02016614965396002,0.010096802783664316,0.010069346957607195,0.02015924256008405,0.020173276020657452
untrained,5,3,9,False,0.020182834996376187,0.010106022062245756,0.01007681293413043,0.020180639368100245,0.020184833945623086
untrained,5,3,10,False,0.020170945732388645,0.010091506905155256,0.010079438739921898,0.020134121317554404,0.020197817627843975
untrained,5,3,11,False,0.020159895066171885,0.010104855668032542,0.010055039398139343,0.020179449237490956,0.020144196646943897
untrained,5,3,12,False,0.02015863877022639,0.010084796900628135,0.010073842102428898,0.02017203252762556,0.02014605723547213
untrained,5,3,13,False,0.020221114915329963,0.010112291289260611,0.01010882353875786,0.020248097315844562,0.02018642272534115
untrained,5,3,14,False,0.020221817714627832,0.010117246798472479,0.010104570945259184,0.020220113545656206,0.020223576516386066
untrained,5,3,15,False,0.02019981073681265,0.010106666450155899,0.010093144286656752,0.0201865429247635,0.020215326951721967
untrained,5,3,16,False,0.02017779811285436,0.010117776284459978,0.010060021857498214,0.02011308965624356,0.02023671200471138
untrained,5,3,17,False,0.020194768672809005,0.010071766679175198,0.01012300216825679,0.020186940316056858,0.020203924153820944
untrained,5,3,18,False,0.02021168015198782,0.010109839466167614,0.010101840336574242,0.020230892238517602,0.020194727680919802
untrained,5,3,19,False,0.020234600524418056,0.010145279607968405,0.010089320916449651,0.02024158410727978,0.020224717603820674
untrained,5,3,20,False,0.02022053673863411,0.010140121099539101,0.010080415289849043,0.020229160730891368,0.020210762104640404
untrained,5,3,21,False,0.020212817704305053,0.010109138063853607,0.010103679669555277,0.020195676624004184,0.02022701988794974
untrained,5,3,22,False,0.02024186321068555,0.010157697222894058,0.010084166133310646,0.020192412362582443,0.020299695558467154
untrained,5,3,23,False,0.02017813513521105,0.010091835865750909,0.010086299065733328,0.020197720690207047,0.020157285455253818
untrained,5,3,24,False,0.020180456747766584,0.010108559625223279,0.010071897326270118,0.02017714190360618,0.020184857296672735
untrained,5,3,25,False,0.02017015195451677,0.010106142231961712,0.010064009693451226,0.02016540499323088,0.020172814770442683
untrained,5,3,26,False,0.020177761500235647,0.010102814994752407,0.010074946418171749,0.020180997784648623,0.020173855125904083
untrained,5,3,27,False,0.020211233117152005,0.010133134899660945,0.010078098013764247,0.020216929963079548,0.020206361577130745
untrained,5,3,28,False,0.020206307410262525,0.010113499185536057,0.010092808195622638,0.020189870821519032,0.020227439901126285
untrained,5,3,29,False,0.0202138465247117,0.010147313761990517,0.010066532588098198,0.020196068828227,0.020231624133884907
untrained,5,3,30,False,0.020143389294389635,0.010065524984383956,0.010077864571940154,0.020111713351474866,0.020174090736187422
untrained,5,3,31,False,0.020209503185469657,0.010109894734341651,0.010099608276505023,0.02021143648486871,0.020207508245394343
untrained,5,3,32,False,0.020179894927423447,0.010117222846020013,0.0100626724306494,0.020208342000842094,0.020150545038401135
untrained,5,3,33,False,0.02016503515187651,0.010086140857310966,0.010078894381877035,0.020189922495648778,0.020144414475985934
untrained,5,3,34,False,0.02022592897992581,0.010146072745556012,0.01007985626347363,0.02025302927941084,0.020202017197494995
untrained,5,3,35,False,0.020195404707919806,0.010117582132807001,0.010077822458697483,0.020251843103995693,0.020137174439335624
untrained,5,3,36,False,0.020199324877467006,0.01011226189439185,0.010087063128594309,0.02021906782119047,0.020180189638183667
untrained,5,3,37,False,0.020177310914732516,0.010101649473654106,0.010075661528389901,0.020194030667264617,0.020161604254760525
untrained,5,3,38,False,0.020212368515785784,0.01013481107656844,0.010077557497425005,0.02017644067694034,0.020240312338703208
untrained,5,3,39,False,0.02026275871321559,0.010147055960260332,0.010115702403709292,0.020279585296520963,0.02024593180976808
untrained,5,3,40,False,0.02019929577363655,0.010094155644765124,0.010105139866936952,0.020201409958414178,0.020196973361441346
untrained,5,3,41,False,0.02018217631848529,0.010097429185407236,0.010084747074870393,0.02021386443923872,0.020160495181028783
untrained,5,3,42,False,0.0202006803592667,0.010109224676853046,0.010091455653309822,0.020225240030523502,0.02017453658364473
untrained,5,3,43,False,0.020220078760758042,0.010120339546119794,0.010099739098222926,0.020195440376458103,0.02025277993895791
untrained,5,3,44,False,0.020214519230648875,0.010123956250026822,0.010090563155245036,0.020216402000010902,0.020212451392998463
untrained,5,3,45,False,0.02023091184673831,0.010124892025487497,0.010106019850354642,0.020260452101116672,0.02019743329534928
untrained,5,3,46,False,0.020161329477559775,0.010082459222758189,0.010078870283905417,0.020208573246603474,0.020123401892856812
untrained,5,3,47,False,0.020229545421898365,0.010147592111025006,0.010081953485496342,0.020254385123243096,0.02020693078303515
untrained,5,3,48,False,0.0202686790144071,0.010172971204156056,0.010095707810251042,0.02028472689562477,0.020252631336916238
untrained,5,3,49,True,0.010123204468982294,0.010123204468982294,0.0,nan,nan
untrained,5,4,0,False,0.020186019828543067,0.010069739713799208,0.010116280085640028,0.0201710354198109,0.02019730945156045
untrained,5,4,1,False,0.020157545222900808,0.010048034600913525,0.010109510651091114,0.020149085445907607,0.020164554486317293
untrained,5,4,2,False,0.020184242515824735,0.010059912427095696,0.01012432956486009,0.02018744752757133,0.02018113566132692
untrained,5,4,3,False,0.020202211278956383,0.010081753367558122,0.010120457853190601,0.02020061045186594,0.020203811989631504
untrained,5,4,4,False,0.02020981692476198,0.010092591168358922,0.010117225523572415,0.020217383994410434,0.020203139769899497
untrained,5,4,5,False,0.02019631228176877,0.010057911509647965,0.010138400772120804,0.02015880059691206,0.020231550898064266
untrained,5,4,6,False,0.020202890678774565,0.010081711370730773,0.010121179249836132,0.02019254196907433,0.020215780801025398
untrained,5,4,7,False,0.02021747612161562,0.010112066753208637,0.01010540931019932,0.02024431348379169,0.020185086362320803
untrained,5,4,8,False,0.020187491842079908,0.01008106698282063,0.010106424859259278,0.020206794371971717,0.020167576740421946
untrained,5,4,9,False,0.020166677772067487,0.010066905990242958,0.010099771665409207,0.020145001103643513,0.020186413413108284
untrained,5,4,10,False,0.020170255622360855,0.010065026028314605,0.010105229390319437,0.02020576748031157,0.02014434106043867
untrained,5,4,11,False,0.020248988759703934,0.010154970485018566,0.010094018274685368,0.020246436231230434,0.02025103792023491
untrained,5,4,12,False,0.02018076681997627,0.010070124233607203,0.010110642295330763,0.020192997950700023,0.020169276885236752
untrained,5,4,13,False,0.020204915024805814,0.010087345261126757,0.010117569763679057,0.02021078434255388,0.0201973682269454
untrained,5,4,14,False,0.020225275482516736,0.010105082968948409,0.010120192775502801,0.02022912837564945,0.02022130068923746
untrained,5,4,15,False,0.020212012284900993,0.010087553033372387,0.010124459629878402,0.02021020802034848,0.02021412283055863
untrained,5,4,16,False,0.02018349600257352,0.010097690159454942,0.010085805901326239,0.02019467904064499,0.020173314597402046
untrained,5,4,17,False,0.020239416684489697,0.010099995677592233,0.010139421239728108,0.020234155428150425,0.020245569679191555
untrained,5,4,18,False,0.020237583434209228,0.010100147716002539,0.010137435572687536,0.02024701979632179,0.02022925725973704
untrained,5,4,19,False,0.020179770595859736,0.010074178571812809,0.010105591849423945,0.02020202934741974,0.020148271905644884
untrained,5,4,20,False,0.02021182607859373,0.010062482644570991,0.010149343172088265,0.02023114965242498,0.020189926059295735
untrained,5,4,21,False,0.020181613974273205,0.010039992135716602,0.010141621925868094,0.020199469740277733,0.02016681924994503
untrained,5,4,22,False,0.02018231659894809,0.010109962924616411,0.010072353383293375,0.020205140545748283,0.02015562396559675
untrained,5,4,23,False,0.020225526939611882,0.010091569070937112,0.010133958072401583,0.020179685148777386,0.02027432644559491
untrained,5,4,24,False,0.020178877050057054,0.010094261990161613,0.010084614885272458,0.020219902418655893,0.020124424993991853
untrained,5,4,25,False,0.020257809723261744,0.010127591143827885,0.010130218579433858,0.020268705714008083,0.020251697565360764
untrained,5,4,26,False,0.020198219688609242,0.010100534884259105,0.010097684775246307,0.020175853025700366,0.020225214001176686
untrained,5,4,27,False,0.020243164617568254,0.010140111728105694,0.010103052714839578,0.020223364012978844,0.020260094840457474
untrained,5,4,28,False,0.020209670648910105,0.010087961592944339,0.0101217087067198,0.020207731518894434,0.02021216374955007
untrained,5,4,29,False,0.020181295985821635,0.010088874929351732,0.01009242085274309,0.020180091029033065,0.02018250004039146
untrained,5,4,30,False,0.020203015417791903,0.01008068208466284,0.01012233315850608,0.02019891110322778,0.020206993044568942
untrained,5,4,31,False,0.020221530692651868,0.010112597869010642,0.010108932532602921,0.02026836717358002,0.02017320716191852
untrained,5,4,32,False,0.020192466501612216,0.010089609597343951,0.01010285658412613,0.020174522268084378,0.020210980156820917
untrained,5,4,33,False,0.02022453647805378,0.010115769953699782,0.010108766466146335,0.02024592863845414,0.02020681138549532
untrained,5,4,34,False,0.020170016796328127,0.010059997846838087,0.01011001892038621,0.02018996703748902,0.020152413669754475
untrained,5,4,35,False,0.020204344706144184,0.010086749476613477,0.010117595258634537,0.02024356401883639,0.02016388021764301
untrained,5,4,36,False,0.02017032157164067,0.010053306410554796,0.010117015219293535,0.020154869509121726,0.02018529804280171
untrained,5,4,37,False,0.020197308796923608,0.010078494204208255,0.010118814621819183,0.020207683345483195,0.020187563601542603
untrained,5,4,38,False,0.02017821097979322,0.010065311071230099,0.0101128997921478,0.020122114968086992,0.020221841107640002
untrained,5,4,39,False,0.020246467785909772,0.010121125815203413,0.01012534205801785,0.02022061331081204,0.020272321969969198
untrained,5,4,40,False,0.020172623335383832,0.010068021627375856,0.010104601446073502,0.02017953930728471,0.02016502652378356
untrained,5,4,41,False,0.020184292865451425,0.010056623606942594,0.010127669054782018,0.020219589117914438,0.020160142675434287
untrained,5,4,42,False,0.020189392438624054,0.010082445514854044,0.010106946545420215,0.0201797808210055,0.0201996230790692
untrained,5,4,43,False,0.020230582682415843,0.010122843406861648,0.01010773962480016,0.02020812192804193,0.02026039483872327
untrained,5,4,44,False,0.020258874108549207,0.01012496286421083,0.01013391133164987,0.020272740955228234,0.020243643279202646
untrained,5,4,45,False,0.020211501803714782,0.010087730886880308,0.010123771033249795,0.02017945223761832,0.020247824396938084
untrained,5,4,46,False,0.020162675820756704,0.010063319379696622,0.010099356557475403,0.020205745980012832,0.02012809827713899
untrained,5,4,47,False,0.020185575471259654,0.010091489704791456,0.010094085708260536,0.02024056136485983,0.020135513270524014
untrained,5,4,48,False,0.02018317300826311,0.010080913227284327,0.010102259402628988,0.020228994137141854,0.02013735138461925
untrained,5,4,49,True,0.010149605281185359,0.010149605281185359,0.0,nan,nan
untrained,5,5,0,False,0.020194520009681582,0.010127339424798265,0.010067180613987148,0.02020925280045379,0.02018342019148069
untrained,5,5,1,False,0.020208812900818884,0.010137103992747143,0.01007170884986408,0.02024944283967388,0.020175148227385115
untrained,5,5,2,False,0.02019642072264105,0.010119597485754639,0.010076822974951938,0.020150232557503006,0.02024118728362597
untrained,5,5,3,False,0.02018137666163966,0.010118588979821652,0.010062787623610348,0.020236326672602445,0.020126426534261554
untrained,5,5,4,False,0.020203874621074647,0.010129393776878715,0.010074480844195932,0.02022604119653503,0.020184315686278483
untrained,5,5,5,False,0.02023072849260643,0.010145156091311947,0.01008557211025618,0.02022600585534688,0.020235164429653774
untrained,5,5,6,False,0.020200130762532353,0.010099557199282572,0.01010057344683446,0.020151279866695404,0.020260979993301526
untrained,5,5,7,False,0.020217681711073965,0.01016688035451807,0.010050801240140572,0.020281453377434186,0.02014071571415868
untrained,5,5,8,False,0.020218551566358656,0.010129552247235551,0.010088999231811613,0.020163175005179185,0.020275685581422988
untrained,5,5,9,False,0.02023962582461536,0.010156121716136113,0.01008350431220606,0.02027774382321561,0.020204921878540692
untrained,5,5,10,False,0.020178749749902636,0.010106618952704594,0.01007213132106699,0.020175770511505778,0.020180924216637742
untrained,5,5,11,False,0.020205529290251434,0.010151666356250644,0.01005386293400079,0.02020677273864286,0.020204531028866768
untrained,5,5,12,False,0.02020721376175061,0.010140173078980297,0.010067040799185634,0.020176974095163808,0.02023562089060292
untrained,5,5,13,False,0.020205998327583075,0.010151886672247201,0.010054111771751195,0.02018430130556226,0.020233895097460066
untrained,5,5,14,False,0.020220146514475346,0.010138247365830466,0.010081898944918066,0.020243020384357525,0.02019654657869112
untrained,5,5,15,False,0.02016497909789905,0.01009889817214571,0.010066080983961001,0.020178685909596043,0.020148949318770634
untrained,5,5,16,False,0.02023372711846605,0.010132960131159052,0.010100767045514658,0.020241840269233362,0.02022634029610833
untrained,5,5,17,False,0.020215387630742043,0.01012323793838732,0.010092149663250893,0.020238510211524757,0.020188346094751765
untrained,5,5,18,False,0.020169745956081897,0.010106029396411031,0.010063716705190018,0.020168655055264634,0.020170709145638874
untrained,5,5,19,False,0.02017802989576012,0.010113258613273501,0.010064771224278957,0.020195433869957924,0.02015340163038587
untrained,5,5,20,False,0.0202699828078039,0.010155352152651176,0.010114630771568045,0.020276674617301017,0.020262398912260927
untrained,5,5,21,False,0.02018829860026017,0.010127052199095488,0.010061246692202985,0.020166820300550295,0.020206094985561713
untrained,5,5,22,False,0.020145968941506,0.010119942220626399,0.01002602674998343,0.02014339715242386,0.02014897672175351
untrained,5,5,23,False,0.02018868742743507,0.010102911823196337,0.01008577601169236,0.02020764271869804,0.02016850915406981
untrained,5,5,24,False,0.02018661895999685,0.01010978507110849,0.010076833685161546,0.020194835756739526,0.02017571265724572
untrained,5,5,25,False,0.020176335296127945,0.01010076465900056,0.01007557031698525,0.020163278864777603,0.020183659045071137
untrained,5,5,26,False,0.020170924661215395,0.01011870734510012,0.010052217199699953,0.02015449692096029,0.020190750858907043
untrained,5,5,27,False,0.020200999977532774,0.01011821607244201,0.010082784137921408,0.020187228412951452,0.020212775906142982
untrained,5,5,28,False,0.020155690668616444,0.010096001235069707,0.010059689258923754,0.02012245838219921,0.02019841706247202
untrained,5,5,29,False,0.020166907866951078,0.01013195319683291,0.01003495484474115,0.020175079233013093,0.020158736617304385
untrained,5,5,30,False,0.02021084335865453,0.010134081123396754,0.010076762409880757,0.020184710680965393,0.020236172641699128
untrained,5,5,31,False,0.020244074403308332,0.0101409736671485,0.01010310064884834,0.0202897634357214,0.020196934777592854
untrained,5,5,32,False,0.020182567241135985,0.010093876189785078,0.010088691138662398,0.020184314422882522,0.02018076488896022
untrained,5,5,33,False,0.020297649723943323,0.01018367733922787,0.010113972093677148,0.020318044188978344,0.020280751106994493
untrained,5,5,34,False,0.020177686121314764,0.010119193902937695,0.01005849230568856,0.02017820610975226,0.020177227335379404
untrained,5,5,35,False,0.020234488474670798,0.01015029670088552,0.010084191511850804,0.020212263957812237,0.020257418295220722
untrained,5,5,36,False,0.02016480447491631,0.010125375265488401,0.010039429180324078,0.020181371726923518,0.020148746869885003
untrained,5,5,37,False,0.020177605329081416,0.01010184088954702,0.010075764177599922,0.020186693798149788,0.020169067873873493
untrained,5,5,38,False,0.02021051663905382,0.010139518446521834,0.010070998396258801,0.02020492304914764,0.020214867131370634
untrained,5,5,39,False,0.020204166299663484,0.010093523189425468,0.010110643052030355,0.020218821067828685,0.020189511618809775
untrained,5,5,40,False,0.020237427670508623,0.01014912303071469,0.010088304756209254,0.020261131727428577,0.020211392250217376
untrained,5,5,41,False,0.02016932185506448,0.010095786361489445,0.010073535464471206,0.020166841389324803,0.020171018905545537
untrained,5,5,42,False,0.020238990837242454,0.01015222872956656,0.010086762194987386,0.020249307861156536,0.02022800810875431
untrained,5,5,43,False,0.020194638229440898,0.010133246629266068,0.010061391425551847,0.02016115994894341,0.020239073139700026
untrained,5,5,44,False,0.02022238593781367,0.010141689388547093,0.01008069672388956,0.02026563777185198,0.020174880130369156
untrained,5,5,45,False,0.02019838901469484,0.010136578843230382,0.010061810200568289,0.020189988563823348,0.020207909898211557
untrained,5,5,46,False,0.020178421575110406,0.010114044154761359,0.010064377362141386,0.020237056129987826,0.020131348566689963
untrained,5,5,47,False,0.020159845415037125,0.01009629771579057,0.010063547582831234,0.020188181920618307,0.020134046284565284
untrained,5,5,48,False,0.020208048110362142,0.010139933408936486,0.010068115283502266,0.020227979111950845,0.020188118010992184
untrained,5,5,49,True,0.010166478314204141,0.010166478314204141,0.0,nan,nan
untrained,6,0,0,False,0.020215389609802514,0.010102687432663515,0.01011270223534666,0.020217175624566153,0.02021360312937759
untrained,6,0,1,False,0.020221974002197385,0.010078037885250524,0.010143935884116217,0.020238225115463138,0.02020572277251631
untrained,6,0,2,False,0.020182285574264824,0.01005673361942172,0.010125551780220121,0.020158699073363096,0.020205872249789536
untrained,6,0,3,False,0.02023249282501638,0.010086892492836341,0.010145600244868547,0.020222679146977722,0.020241427694016427
untrained,6,0,4,False,0.02021999761927873,0.010087591683259234,0.010132406314369291,0.020223562605679035,0.0202159574876229
untrained,6,0,5,False,0.020177595841232687,0.010055870719952509,0.010121725470526144,0.02016851359180042,0.02018639903802138
untrained,6,0,6,False,0.020215147000271827,0.010100979881826788,0.010114167118445039,0.02021238059345363,0.02021838255794877
untrained,6,0,7,False,0.02020497666671872,0.01007557989214547,0.01012939665815793,0.020208519841752835,0.02020108470784836
untrained,6,0,8,False,0.0202068779617548,0.010079103638418019,0.010127774177817628,0.020213535192477355,0.020199333565930525
untrained,6,0,9,False,0.020221377082634717,0.010093451390275732,0.010127925575943664,0.020262690571447212,0.020177398417745865
untrained,6,0,10,False,0.02016915474087,0.010073242476209998,0.010095912439282984,0.02015999374403195,0.020178906619548798
untrained,6,0,11,False,0.020197051228024065,0.010070279211504385,0.01012677201651968,0.020182504680835538,0.020215753249691
untrained,6,0,12,False,0.020178852486424148,0.010066089016618207,0.01011276341159828,0.020161082061964115,0.020203204101158515
untrained,6,0,13,False,0.02019674307666719,0.01007944718003273,0.010117295838426799,0.02019258938503988,0.02020116444797285
untrained,6,0,14,False,0.02015886822482571,0.010046220384538174,0.010112647636560723,0.020153055634738792,0.020165252025987283
untrained,6,0,15,False,0.02020652306964621,0.010070845542941242,0.010135677614016458,0.02017103027748434,0.02023501720436862
untrained,6,0,16,False,0.0201746016391553,0.010049719596281648,0.010124882421223447,0.020184658467769623,0.02015990373463585
untrained,6,0,17,False,0.02020927338162437,0.010083131171995774,0.010126141889486462,0.020215819222909034,0.020202304747316147
untrained,6,0,18,False,0.02020481211366132,0.010073115583509207,0.010131696530152112,0.020225974368089338,0.020186716690659523
untrained,6,0,19,False,0.020226120192091912,0.010086147580295801,0.010139972058823332,0.02018399135424541,0.020254944843289102
untrained,6,0,20,False,0.02019756508525461,0.010055335733341053,0.010142229206394404,0.020188784885864994,0.02020662384373801
untrained,6,0,21,False,0.020262683392502367,0.010103298001922667,0.010159385303268209,0.020222147532667108,0.02029041852802038
untrained,6,0,22,False,0.020189324277453125,0.010070842894492671,0.010118481382960454,0.02016876620741991,0.02021053501419605
untrained,6,0,23,False,0.0202337023220025,0.010094164434121922,0.010139537800569087,0.020224764258326852,0.02024383234481017
untrained,6,0,24,False,0.020179138402454555,0.010057297418825328,0.010121840983629227,0.020160454298768726,0.020201688214879613
untrained,6,0,25,False,0.02019874268444255,0.010068325325846672,0.010130417242180556,0.020236396722288594,0.020150330682684268
untrained,6,0,26,False,0.020162571338005364,0.010058403218863532,0.010104168381076306,0.02022111983123151,0.02010024537242228
untrained,6,0,27,False,0.020200132625177503,0.010083916102303192,0.010116216813912615,0.020206606192957787,0.020193858502002865
untrained,6,0,28,False,0.020249343302566558,0.010124402906512842,0.010124940512469038,0.020239076156529687,0.02025898816910657
untrained,6,0,29,False,0.020222888211719692,0.010101471358211711,0.010121416649781168,0.020188946241083052,0.020246111371211316
untrained,6,0,30,False,0.02018391527235508,0.010068658390082419,0.010115257085999474,0.020151421871213687,0.02021540910578691
untrained,6,0,31,False,0.020191085466649383,0.01007407225552015,0.010117013473063707,0.020205177968511213,0.020176545908999824
untrained,6,0,32,False,0.02019611664582044,0.010079494211822748,0.010116622579516843,0.020212366431951522,0.020179351496081504
untrained,6,0,33,False,0.02025619539199397,0.010115676181158051,0.010140519181732088,0.0202930000778593,0.020222686370139693
untrained,6,0,34,False,0.02023065509274602,0.010088768613059074,0.010141886421479285,0.020235742832864483,0.020225875615847835
untrained,6,0,35,False,0.02020220988197252,0.010087289003422484,0.010114920820342377,0.020215413851451272,0.020180921621468603
untrained,6,0,36,False,0.020161200838629156,0.010050103854155168,0.010111097362823784,0.020140063078677068,0.02018044563705352
untrained,6,0,37,False,0.020214619988109916,0.010089253453770652,0.010125366476131603,0.020197236407843846,0.020231468660327104
untrained,6,0,38,False,0.02018030791077763,0.010063014720799401,0.010117293189978227,0.020190724030588615,0.02016921999353555
untrained,6,0,39,False,0.020186190435197204,0.010071739961858839,0.010114450444234535,0.02018528827889399,0.02018687026957943
untrained,6,0,40,False,0.020197680103592575,0.010052536526927724,0.010145143256522715,0.02014438557470667,0.02024183813482523
untrained,6,0,41,False,0.020174328819848597,0.010042678972240537,0.01013164981850423,0.0202137763281503,0.020137272069625782
untrained,6,0,42,False,0.02018438489176333,0.010065298643894494,0.010119086160557345,0.020180910177852795,0.02018844910849959
untrained,6,0,43,False,0.020193838165141642,0.010071959957713261,0.010121878032805398,0.020233445335179567,0.020154230878688395
untrained,6,0,44,False,0.02022656030021608,0.010087044327519834,0.010139515943592414,0.020226893356690805,0.0202262660707621
untrained,6,0,45,False,0.020182220439892262,0.010060826025437564,0.01012139455997385,0.02019449074466068,0.020173824980462853
untrained,6,0,46,False,0.020245492865797132,0.010125304659595713,0.010120188031578436,0.02022865909623773,0.02026783525943756
untrained,6,0,47,False,0.020203952386509627,0.010100020270328969,0.010103932116180658,0.02018287672068585,0.020226387667559808
untrained,6,0,48,False,0.02020042424555868,0.010079045372549444,0.01012137925135903,0.020250247791409492,0.020147387208717484
untrained,6,0,49,True,0.010072416887851432,0.010072416887851432,0.0,nan,nan
untrained,6,1,0,False,0.02021561929723248,0.010111352894455194,0.010104266606504098,0.020224961364874616,0.02020627778256312
untrained,6,1,1,False,0.020227246801368892,0.010111004114151001,0.010116242541698739,0.020229955902323127,0.020224537554895505
untrained,6,1,2,False,0.020207478781230748,0.010088740877108648,0.0101187379041221,0.020190491661196575,0.020224466075887904
untrained,6,1,3,False,0.02018349024001509,0.010085882735438645,0.010097607620991766,0.020173397159478704,0.02019267954599501
untrained,6,1,4,False,0.020188987720757723,0.010094249562826008,0.010094737925101072,0.020186267300125432,0.02019207055370013
untrained,6,1,5,False,0.020221962535288185,0.010122033942025155,0.01009992862236686,0.0202319391130928,0.020212292986420483
untrained,6,1,6,False,0.02017112582689151,0.010080520587507635,0.010090605210280046,0.020154236532423805,0.020190877540005467
untrained,6,1,7,False,0.020200064755044878,0.010093350283568725,0.01010671429685317,0.020179700217585066,0.020222432438100946
untrained,6,1,8,False,0.02023224491858855,0.010140264814253896,0.010091980046126992,0.020244598826941324,0.020218243543058633
untrained,6,1,9,False,0.020203508145641536,0.010107093607075512,0.010096414742292836,0.02015633756915728,0.020253722195423415
untrained,6,1,10,False,0.02022174932062626,0.010093488614074886,0.010128260764759034,0.020236302872724606,0.020206257370450804
untrained,6,1,11,False,0.02020555891795084,0.010113386058947071,0.010092172742588446,0.020219877983132996,0.020187148641395782
untrained,6,1,12,False,0.02018224314088002,0.010079803440021351,0.010102439613547176,0.020152451193614584,0.02022306933240206
untrained,6,1,13,False,0.020166309317573905,0.010095537349116057,0.010070772405015305,0.020163074869549637,0.020169753220773513
untrained,6,1,14,False,0.020214041462168097,0.010142824263311923,0.010071217373479158,0.020183103576080125,0.020248022907581487
untrained,6,1,15,False,0.020230810274370015,0.010118557256646454,0.010112252930412069,0.020241258567885348,0.020222422050338397
untrained,6,1,16,False,0.020182277949061245,0.010114532051375136,0.01006774595589377,0.020201797057923517,0.020153749662523084
untrained,6,1,17,False,0.020244739134795964,0.010112923482665792,0.010131815681234002,0.020243288102475082,0.02024628345163599
untrained,6,1,18,False,0.020197595818899572,0.010080782492877916,0.010116813442436978,0.020188144045108457,0.020205677986360977
untrained,6,1,19,False,0.02023158414522186,0.01011820210260339,0.010113381984410807,0.020245208798979338,0.02022226208722905
untrained,6,1,20,False,0.02024045371217653,0.010138395387912169,0.01010205814964138,0.02024293541908264,0.02023789342788477
untrained,6,1,21,False,0.02023247635224834,0.010114312084624544,0.010118164063896984,0.020205969671503857,0.020250612330671987
untrained,6,1,22,False,0.020194033801089972,0.010092451120726764,0.010101582593051717,0.02017163491019836,0.020217142703514254
untrained,6,1,23,False,0.020214295422192663,0.010119557176949456,0.010094738157931715,0.020218337119063907,0.020209714708228906
untrained,6,1,24,False,0.020217375014908612,0.010136498778592795,0.010080876119900495,0.020203090671982084,0.02023461445009914
untrained,6,1,25,False,0.020225037878844887,0.010120205086423084,0.010104833112563938,0.02025015499546296,0.020192744642762203
untrained,6,1,26,False,0.020198346523102373,0.010103022097609937,0.010095324309077114,0.02016967303599372,0.02022886973234915
untrained,6,1,27,False,0.020204629865475,0.010117743979208171,0.010086886119097471,0.02019122677544753,0.02021762118316614
untrained,6,1,28,False,0.020164791552815586,0.010063380846986547,0.010101410589413717,0.020175781611713673,0.020154467021877117
untrained,6,1,29,False,0.020146591414231807,0.010064321162644774,0.010082270280690864,0.020128724953302972,0.020158815638799416
untrained,6,1,30,False,0.02016138640465215,0.01006706984480843,0.01009431664715521,0.020174543003714275,0.020148634967895655
untrained,6,1,31,False,0.020247103238943964,0.01013264525681734,0.010114457836607471,0.020269897780739343,0.020223585149598503
untrained,6,1,32,False,0.020158199418801814,0.010087352973641828,0.0100708466488868,0.020146503299474715,0.02017026696176756
untrained,6,1,33,False,0.020174417295493186,0.01008597039617598,0.010088446812005714,0.02017358995851923,0.02017517079279494
untrained,6,1,34,False,0.02019724401179701,0.010119866259628907,0.010077377693960443,0.02019881742495683,0.020195765900566723
untrained,6,1,35,False,0.020182224281597883,0.010060046362923458,0.010122178093297407,0.02015248346555082,0.0202301739886099
untrained,6,1,36,False,0.020206105313263834,0.01010429731104523,0.010101808089530095,0.020194012366357397,0.02021711542090373
untrained,6,1,37,False,0.020154208526946604,0.010066726827062666,0.010087481699883938,0.020128968866571548,0.020178671582387044
untrained,6,1,38,False,0.02019820164423436,0.010126799548743293,0.010071402008179575,0.020232320791392616,0.020161880690964962
untrained,6,1,39,False,0.02010242303367704,0.010037134954473004,0.010065288137411699,0.020097438720139593,0.020106178542522536
untrained,6,1,40,False,0.020240183570422232,0.010113427619216964,0.01012675603851676,0.020296036715394462,0.02019390514386552
untrained,6,1,41,False,0.020217068900819868,0.010137496021343395,0.010079573141410947,0.020208001226907777,0.02022558707518108
untrained,6,1,42,False,0.020217327575664967,0.010133032716112211,0.010084294626722112,0.020211914743202317,0.02022365707967241
untrained,6,1,43,False,0.020188283117022365,0.010098829690832645,0.010089453484397382,0.020187690388411283,0.02018887593294494
untrained,6,1,44,False,0.020176794787403196,0.010096356796566397,0.010080437932629138,0.02015980239957571,0.020191788043388552
untrained,6,1,45,False,0.02019790664780885,0.0101161680649966,0.010081738379085436,0.02017831632222694,0.020211310174904372
untrained,6,1,46,False,0.02017121302196756,0.010088773968163878,0.010082439112011343,0.020155090277325614,0.02019261226735332
untrained,6,1,47,False,0.020214306190609932,0.010111557086929679,0.010102749074576423,0.020224562578016157,0.020203388160875725
untrained,6,1,48,False,0.020207881345413625,0.01009289943613112,0.010114981909282506,0.020246575219613133,0.020166691753172105
untrained,6,1,49,True,0.010220849042525515,0.010220849042525515,0.0,nan,nan
untrained,6,2,0,False,0.02020529267610982,0.010109895752975717,0.010095397185068578,0.02018172145471908,0.020228864246746525
untrained,6,2,1,False,0.020164300629403442,0.010083773813676089,0.010080526553792879,0.020145325135672465,0.020183275948511437
untrained,6,2,2,False,0.020214443502482027,0.01012751620146446,0.010086927562952042,0.02022828027838841,0.020200606930302456
untrained,6,2,3,False,0.020205333887133747,0.010115161596331745,0.01009017211617902,0.02020461200812801,0.02020599081445096
untrained,6,2,4,False,0.020174024684820324,0.010092159209307283,0.010081865475513041,0.020169978358728045,0.020178610303749643
untrained,6,2,5,False,0.020205184468068182,0.010113505966728553,0.010091678268508986,0.02020268641885311,0.020207605167077137
untrained,6,2,6,False,0.020228997920639813,0.010134587006177753,0.010094410768942907,0.020223975262564163,0.020234871860909262
untrained,6,2,7,False,0.020210716815199703,0.010115318873431534,0.01009539799997583,0.020218671480221537,0.020201979266082654
untrained,6,2,8,False,0.020191688556224108,0.01009952716412954,0.010092161333886907,0.020175284788231638,0.020210279679546757
untrained,6,2,9,False,0.020175208628643304,0.010106932488270104,0.0100682761403732,0.02018251453498096,0.02016743177908563
untrained,6,2,10,False,0.020201697130687535,0.010106903238920495,0.010094793804455549,0.020221778106960384,0.020180320847899683
untrained,6,2,11,False,0.020187812857329845,0.010077565908432007,0.010110247356351465,0.020210976298484534,0.020158031589484638
untrained,6,2,12,False,0.020179402083158493,0.01010281898197718,0.010076583304908127,0.020172443089855684,0.020188939119516698
untrained,6,2,13,False,0.020236822951119393,0.010151898895855993,0.010084924317197874,0.020234758514120724,0.020239021088327133
untrained,6,2,14,False,0.02017533400794491,0.010104449553182349,0.010070884396554902,0.020182991650567125,0.020166922788150975
untrained,6,2,15,False,0.020202712388709188,0.010127469373401254,0.01007524278247729,0.020157811248250175,0.020238759783162197
untrained,6,2,16,False,0.020201200270093977,0.010127763729542494,0.010073436453239992,0.020209983481388343,0.02018836337643174
untrained,6,2,17,False,0.02017274365061894,0.010076723468955606,0.010096020036144182,0.020178284072740513,0.020166845481482242
untrained,6,2,18,False,0.02020064345560968,0.010104034940013662,0.010096608748426661,0.020182419663011018,0.02021622695568679
untrained,6,2,19,False,0.02019448491046205,0.010107940644957125,0.010086544672958553,0.020150147593365267,0.02022482121461316
untrained,6,2,20,False,0.020203970838338137,0.010109889728482813,0.010094081138959154,0.020207710220263554,0.02020011268674381
untrained,6,2,21,False,0.020215121912769973,0.010146544955205172,0.010068577190395445,0.02021228543554361,0.020217062831905327
untrained,6,2,22,False,0.02023669285699725,0.01014112905249931,0.010095563746290281,0.020222311896773485,0.020251530237377635
untrained,6,2,23,False,0.020190717361401767,0.01011573729920201,0.010074979916680604,0.02016403109711759,0.020220961514860393
untrained,6,2,24,False,0.020210594055242836,0.010110611096024513,0.010099982901010662,0.020229454019239968,0.020187831483781338
untrained,6,2,25,False,0.02021740941563621,0.010131300979992375,0.010086108261020854,0.020234104323511325,0.020195944733651622
untrained,6,2,26,False,0.02019733499037102,0.010123427520738915,0.010073907469632104,0.02017828556850101,0.020217613106773745
untrained,6,2,27,False,0.02018468192545697,0.010121839790372178,0.010062842135084793,0.020166028350118607,0.020202761601943238
untrained,6,2,28,False,0.020217672339640558,0.010115973185747862,0.010101698862854391,0.020207524900474855,0.020227204443830433
untrained,6,2,29,False,0.02021860418608412,0.010132361494470388,0.010086242691613734,0.02026697459559028,0.02018550832412745
untrained,6,2,30,False,0.020181093888822943,0.010087779344758019,0.010093314340338111,0.020167792807259256,0.02019398524784125
untrained,6,2,31,False,0.020189698552712798,0.010113247204571962,0.010076451289933175,0.020174399605737282,0.020205483077064393
untrained,6,2,32,False,0.02019617351470515,0.010106719040777534,0.010089454561239108,0.02019064030968226,0.020201882524859337
untrained,6,2,33,False,0.020164714544080198,0.01011071857647039,0.010053995822090656,0.0201703778116918,0.02015955857376554
untrained,6,2,34,False,0.02021397347562015,0.010115857614437118,0.010098115890286863,0.020186597331156655,0.02023969045981313
untrained,6,2,35,False,0.02018180798040703,0.010101456748088822,0.01008035140694119,0.020170695230930666,0.02019972504325667
untrained,6,2,36,False,0.020232942886650562,0.010126516281161457,0.010106426518177614,0.0202215600025947,0.020243306380154483
untrained,6,2,37,False,0.02021827665157616,0.01011215423932299,0.01010612229583785,0.020239557036095195,0.020197650532309826
untrained,6,2,38,False,0.020202934741973877,0.010120812017703429,0.010082122753374279,0.020235649620493255,0.02016810865532006
untrained,6,2,39,False,0.02019399672280997,0.010107431677170098,0.010086564987432212,0.020204516991295596,0.02018607035279274
untrained,6,2,40,False,0.02022529859095812,0.010131077899131924,0.010094220808241516,0.020242804597164023,0.020210793614387514
untrained,6,2,41,False,0.02022903732722625,0.010135198041098192,0.010093839286128059,0.020169917433973283,0.020284574309533294
untrained,6,2,42,False,0.02019407815532759,0.010107381880516186,0.01008669676957652,0.02018304050400637,0.02020698751054578
untrained,6,2,43,False,0.02020153240300715,0.01013387631974183,0.010067656403407454,0.020194480195641518,0.020208584784995764
untrained,6,2,44,False,0.020214307121932507,0.010122746840352193,0.010091560339787975,0.020210856633881728,0.020217351998914692
untrained,6,2,45,False,0.020204443717375398,0.010112073534401134,0.010092370008351281,0.020231339704388607,0.020186040893589195
untrained,6,2,46,False,0.020191873190924525,0.01011425702017732,0.010077616170747206,0.020151048847665526,0.020246057686480606
untrained,6,2,47,False,0.020220948848873377,0.010115413402672857,0.010105535067850724,0.02019109147967714,0.020252731793950644
untrained,6,2,48,False,0.020208388566970825,0.010151044727535918,0.010057343635708094,0.020230650337356507,0.020184690282950477
untrained,6,2,49,True,0.010113638156326488,0.010113638156326488,0.0,nan,nan
untrained,6,3,0,False,0.02016516833100468,0.010086955298902467,0.010078212944790721,0.02012470457702875,0.020205631793942302
untrained,6,3,1,False,0.02018975291866809,0.010098630707943812,0.010091122589074075,0.020182877429760993,0.020196628523990512
untrained,6,3,2,False,0.020221555954776704,0.01012927433475852,0.010092281620018184,0.020270863373298198,0.020172248623566702
untrained,6,3,3,False,0.020225093758199364,0.010126826469786465,0.010098267171997577,0.020254994666234392,0.02019787029321514
untrained,6,3,4,False,0.020236299838870764,0.010127624846063554,0.01010867502191104,0.02025060689843753,0.020220085295538107
untrained,6,3,5,False,0.020246695377863944,0.010135391203220934,0.010111303970916197,0.02021055192583137,0.02028172666636797
untrained,6,3,6,False,0.020170231349766254,0.010104190703714266,0.010066040646051988,0.02018230567699757,0.02015611088945199
untrained,6,3,7,False,0.020188830909319222,0.010109385912073776,0.010079445317387581,0.0201772723569354,0.020201526887592722
untrained,6,3,8,False,0.02014716964913532,0.010072699369629845,0.010074470163090155,0.020166351870798013,0.020125429735829432
untrained,6,3,9,False,0.02019161859061569,0.01011027695494704,0.010081341752083972,0.020188109328349434,0.02019535469251775
untrained,6,3,10,False,0.0201988160260953,0.010117462777998298,0.010081353451823816,0.020222445667693108,0.020173662312088475
untrained,6,3,11,False,0.020215489610563964,0.010120067076059058,0.010095422650920227,0.020266955977098808,0.02014931891712227
untrained,6,3,12,False,0.020205285283736885,0.010119726764969528,0.010085558460559696,0.020203830045018648,0.0202072792927976
untrained,6,3,13,False,0.020228049193974584,0.010138892132090405,0.010089157178299502,0.020202113908122887,0.02025565805454408
untrained,6,3,14,False,0.02023114636540413,0.010109889786690474,0.010121256753336638,0.020241363724665857,0.02021992429480201
untrained,6,3,15,False,0.0201832793536596,0.01008130970876664,0.010101969848619774,0.02019757185980939,0.02017180542920677
untrained,6,3,16,False,0.020227500470355153,0.010140773636521772,0.010086726659210399,0.02021976805439121,0.020238801156385586
untrained,6,3,17,False,0.020202682295348495,0.010097610065713525,0.010105072316946462,0.02020205938341943,0.020203345365101294
untrained,6,3,18,False,0.020188737951684743,0.010102550178999081,0.010086187947308645,0.020165831513576586,0.020208325048071754
untrained,6,3,19,False,0.020236270036548376,0.010144998552277684,0.01009127133875154,0.020211233793256376,0.020253399877171764
untrained,6,3,20,False,0.02017826697556302,0.01010535762179643,0.01007290932466276,0.02021431318269326,0.02014107591221257
untrained,6,3,21,False,0.02023423492209986,0.010121743631316349,0.010112491465406492,0.02022123924241616,0.02024312692351247
untrained,6,3,22,False,0.020138817722909153,0.01010490520275198,0.010033912665676326,0.02014339849925958,0.020134091850311037
untrained,6,3,23,False,0.020229128596838564,0.01012834976427257,0.010100778483320028,0.020261367235113594,0.020192590666313966
untrained,6,3,24,False,0.02021596668055281,0.01010083279106766,0.010115134122315794,0.02023416869342327,0.0201939990872453
untrained,6,3,25,False,0.02021708694519475,0.010151759051950648,0.010065327631309628,0.020200798365597926,0.020238028789338256
untrained,6,3,26,False,0.02024017251096666,0.010151410038815811,0.01008876258856617,0.020273199784710552,0.020205014745794957
untrained,6,3,27,False,0.02018759516067803,0.010114154778420925,0.010073440382257104,0.020186247777134653,0.02018890122954662
untrained,6,3,28,False,0.020228304725605994,0.010122868028702214,0.010105436434969306,0.020237489333075863,0.020219676535237922
untrained,6,3,29,False,0.020232641778420657,0.010127686167834327,0.01010495555237867,0.020220725116534874,0.020240795455480878
untrained,6,3,30,False,0.020236109499819577,0.01014250100706704,0.010093608492752537,0.020236505372893242,0.02023572552089508
untrained,6,3,31,False,0.02014919900102541,0.01006102591054514,0.010088173148687929,0.020145342069176526,0.020153178375155206
untrained,6,3,32,False,0.02019167976686731,0.010118735313881189,0.01007294439477846,0.02023051426960872,0.020151612097545277
untrained,6,3,33,False,0.02022887219209224,0.010125191969564185,0.010103680193424225,0.02025278364537192,0.020207102090787528
untrained,6,3,34,False,0.020165037538390607,0.01008796680252999,0.01007707102689892,0.02019912370991322,0.020133017703439247
untrained,6,3,35,False,0.020202574087306857,0.010125169763341546,0.010077404498588294,0.02024317697822293,0.020137112245571857
untrained,6,3,36,False,0.020170701027382165,0.010103066160809249,0.010067635157611221,0.020188261464726732,0.020154713500124304
untrained,6,3,37,False,0.020154348225332797,0.010106923669809476,0.010047424584627151,0.020083357033038894,0.02022315515921666
untrained,6,3,38,False,0.020213059266097844,0.010131832357728854,0.01008122687926516,0.02022050247725212,0.02020513617824162
untrained,6,3,39,False,0.020210275542922318,0.010139808728126809,0.01007046693121083,0.02016261484135281,0.020246184214133107
untrained,6,3,40,False,0.020186723209917545,0.010087074275361374,0.01009964887634851,0.02020174608533752,0.02017427600388016
untrained,6,3,41,False,0.020189589879009873,0.010105649678735062,0.010083940054755658,0.02019847289568955,0.020181244972980385
untrained,6,3,42,False,0.020216301316395402,0.010153778275707737,0.010062523186206818,0.020206485267566597,0.020227781323305632
untrained,6,3,43,False,0.020245003630407155,0.010143835650524125,0.01010116792167537,0.020222621562425047,0.020267385378247127
untrained,6,3,44,False,0.020183687563985586,0.01011097978334874,0.010072707547806203,0.020190257113426924,0.020177890272701487
untrained,6,3,45,False,0.02021150232758373,0.010113095311680809,0.010098406841279939,0.020248522462609872,0.02018617270024199
untrained,6,3,46,False,0.020171278854832053,0.010095440142322332,0.010075838450575247,0.02017538943519331,0.020165823129090397
untrained,6,3,47,False,0.02013710152823478,0.010078643099404871,0.010058458254206926,0.020148758593043596,0.020124692229493972
untrained,6,3,48,False,0.020195718039758503,0.0100805718684569,0.010115146142197773,0.020207772539420563,0.02018288574031284
untrained,6,3,49,True,0.010139345045899972,0.010139345045899972,0.0,nan,nan
untrained,6,4,0,False,0.020232032286003232,0.010105201799888164,0.010126830457011238,0.02022659857175313,0.02023746579652652
untrained,6,4,1,False,0.020173893950413913,0.010087454051245004,0.010086439928272739,0.020138329913606867,0.02020945801632479
untrained,6,4,2,False,0.02020269341301173,0.010078375053126365,0.010124318272573873,0.0201559676497709,0.02024941868148744
untrained,6,4,3,False,0.020261861849576235,0.010129086469532922,0.010132775350939482,0.02025000002906948,0.020272661528702992
untrained,6,4,4,False,0.020185573725029826,0.010075849771965295,0.010109724040376022,0.020165969672448495,0.020207791961729525
untrained,6,4,5,False,0.020165707916021347,0.010065473587019369,0.010100234096171334,0.020124927547479434,0.020205233102807633
untrained,6,4,6,False,0.02025168720865622,0.01013050857000053,0.010121178696863353,0.02026713364150213,0.020233623162543367
untrained,6,4,7,False,0.02013767889002338,0.01005010973312892,0.01008756912779063,0.020123487533028447,0.020153266347211894
untrained,6,4,8,False,0.02021545305615291,0.010096682235598564,0.010118770966073498,0.020203235203071553,0.02022930048406124
untrained,6,4,9,False,0.020207651366945356,0.010107337409863248,0.010100313782459125,0.02024012205727173,0.020173085387796164
untrained,6,4,10,False,0.02020005276426673,0.010072110366309062,0.010127942397957668,0.020201232820523506,0.02019879678564687
untrained,6,4,11,False,0.020239864068571478,0.010104426357429475,0.010135437682038173,0.02024294798158937,0.020235899287009876
untrained,6,4,12,False,0.02015570306684822,0.010055969178210944,0.010099733830429614,0.020126941462827695,0.02019511668563441
untrained,6,4,13,False,0.020175881509203464,0.010056921921204776,0.01011895967531018,0.020193259175302403,0.020157382883612185
untrained,6,4,14,False,0.020205319859087467,0.010077524377265945,0.010127795481821522,0.020196183376125436,0.020215354890364114
untrained,6,4,15,False,0.0202349130413495,0.010090424679219723,0.0101444884785451,0.020200862206126515,0.02026224996842129
untrained,6,4,16,False,0.02021626610076055,0.010068466188386083,0.010147799592232332,0.020235551619216016,0.020188078714104798
untrained,6,4,17,False,0.02023462182842195,0.010105852474225685,0.010128769441507757,0.020290469299211647,0.020175171475256642
untrained,6,4,18,False,0.020173056633211672,0.01004610926611349,0.010126947367098182,0.02017365032964844,0.020172549195695617
untrained,6,4,19,False,0.02019166521495208,0.010061629873234779,0.010130035225301981,0.020152067586493034,0.020218758500720326
untrained,6,4,20,False,0.02023772755637765,0.010114872100530192,0.01012285563047044,0.020192557487350243,0.020284331536718776
untrained,6,4,21,False,0.02018626272911206,0.0100651913380716,0.010121071536559612,0.020242269473293655,0.02014794242323229
untrained,6,4,22,False,0.02023816225118935,0.010107997542945668,0.010130164766451344,0.020240200454225907,0.0202360592841629
untrained,6,4,23,False,0.020239396195393056,0.010113219381310046,0.01012617678497918,0.02023623985074022,0.020242973199735087
untrained,6,4,24,False,0.02016470063244924,0.010039266577223316,0.010125434142537415,0.020163691097072195,0.0201659187481835
untrained,6,4,25,False,0.0202011430519633,0.010086061723995954,0.010115081357071176,0.02019356964673433,0.02021088037041149
untrained,6,4,26,False,0.020176000543870032,0.010061997425509617,0.01011400343850255,0.02017949242144823,0.02017228392463538
untrained,6,4,27,False,0.02018044621217996,0.010052857105620205,0.010127589368494228,0.020202156570222646,0.020159404209026927
untrained,6,4,28,False,0.020214357937220484,0.010084264300530776,0.010130093287443742,0.02018467333888815,0.020242243384321533
untrained,6,4,29,False,0.020171884447336197,0.010064353526104242,0.010107530717505142,0.02022799892494312,0.020133490012468475
untrained,6,4,30,False,0.02019279997330159,0.010088478506077081,0.010104321350809187,0.020131378005894405,0.020252331919395006
untrained,6,4,31,False,0.020198921440169215,0.010103802429512143,0.010095119039760903,0.020229456516412586,0.020167416937294458
untrained,6,4,32,False,0.02017234719824046,0.010071493044961244,0.010100854182383046,0.020179072280342762,0.02016540865103404
untrained,6,4,33,False,0.020179859013296664,0.01006087675341405,0.01011898202705197,0.020171229803904157,0.020187714595848054
untrained,6,4,34,False,0.02019893837859854,0.010090335155837238,0.010108603339176625,0.020251904283800432,0.020149182246038407
untrained,6,4,35,False,0.020209004229400307,0.010082588734803721,0.010126415843842551,0.02019769684234752,0.020227235171715825
untrained,6,4,36,False,0.02026895573362708,0.010132686729775742,0.010136269149370492,0.020259238382587665,0.020277803096531044
untrained,6,4,37,False,0.020201575243845582,0.010087464936077595,0.010114110307767987,0.020195793123945358,0.02020717956698858
untrained,6,4,38,False,0.02018691395642236,0.010070948686916381,0.010115965356817469,0.02016285022325588,0.020212530278630795
untrained,6,4,39,False,0.020199202233925462,0.010093360062455758,0.010105842229677364,0.020159763453358955,0.020228916064721263
untrained,6,4,40,False,0.020230064634233713,0.010115979821421206,0.010114084871020168,0.020180578407799375,0.020271067480955807
untrained,6,4,41,False,0.020222445076797158,0.010099064063979313,0.01012338072177954,0.02024771158974017,0.02019870961367181
untrained,6,4,42,False,0.020161806547548622,0.010041162982815877,0.010120643331902102,0.020186424417340237,0.02013301543133744
untrained,6,4,43,False,0.020212141040246934,0.010099625971633941,0.010112515359651297,0.02019793089129962,0.020226351858582348
untrained,6,4,44,False,0.02021465846337378,0.010079445084556937,0.01013521323329769,0.020229863778998457,0.02020124167970875
untrained,6,4,45,False,0.020209922979120165,0.010077307495521381,0.010132615541806445,0.020239375352572933,0.02018977162477217
untrained,6,4,46,False,0.020186508249025792,0.010076785227283835,0.010109722818015143,0.02018855634617479,0.020183789222077888
untrained,6,4,47,False,0.020183792628813535,0.010076671082060784,0.010107121663168073,0.020176065224928385,0.020192018920375455
untrained,6,4,48,False,0.02015092794317752,0.010060106724267825,0.010090821277117357,0.020138187729048004,0.02016449013664838
untrained,6,4,49,True,0.010147561086341739,0.010147561086341739,0.0,nan,nan
untrained,6,5,0,False,0.020303698431234807,0.01020883914316073,0.010094859608216211,0.020309381070546806,0.020298015791922808
untrained,6,5,1,False,0.020212218107189983,0.010135624354006723,0.010076593782287091,0.020251613343134522,0.02017282322049141
untrained,6,5,2,False,0.020177650963887572,0.010112344520166516,0.010065306239994243,0.020169469935353845,0.020185831614071503
untrained,6,5,3,False,0.02022873959504068,0.010159976198337972,0.010068763658637181,0.020275885819411667,0.020185815809822795
untrained,6,5,4,False,0.020218516991008073,0.010163874481804669,0.010054642654722556,0.02023259550333023,0.020202561840415002
untrained,6,5,5,False,0.020213175157550722,0.01012806681683287,0.010085108428029343,0.020194945531705068,0.02023084398645621
untrained,6,5,6,False,0.020173008262645453,0.010119934275280684,0.010053073900053278,0.020217916266857715,0.020120488385022697
untrained,6,5,7,False,0.02017625147709623,0.010132541763596237,0.010043710091849789,0.0201538942976674,0.0202008081050437
untrained,6,5,8,False,0.02021331514697522,0.010138828831259161,0.010074486548546702,0.020219536443405295,0.020206264561663072
untrained,6,5,9,False,0.020235436328221112,0.010158102406421676,0.010077333980007097,0.020241402851586994,0.020229084927949212
untrained,6,5,10,False,0.020186930196359754,0.010132395138498396,0.01005453450488858,0.020192745988341896,0.020180738260669094
untrained,6,5,11,False,0.020241790334694088,0.010165218118345365,0.010076572216348723,0.020250250016235642,0.020230914050314044
untrained,6,5,12,False,0.02014321810565889,0.010094811004819348,0.01004840707173571,0.020155553831844718,0.02012631336778954
untrained,6,5,13,False,0.020140138280112296,0.010095277422806248,0.010044860769994557,0.020110169086943974,0.020172040368760785
untrained,6,5,14,False,0.020203789637889713,0.010121573373908177,0.010082216176670045,0.02019071103587969,0.02021815484298057
untrained,6,5,15,False,0.020182897860649973,0.010105064982781187,0.010077832528622821,0.020223459032805344,0.020150334325055003
untrained,6,5,16,False,0.02020604338031262,0.010113505035405979,0.010092537850141525,0.020209095685889845,0.020201581745193556
untrained,6,5,17,False,0.02024870296008885,0.010146889457246289,0.01010181350284256,0.02024512563013669,0.02025251069496716
untrained,6,5,18,False,0.020198676211293787,0.010131463001016527,0.01006721326848492,0.02018674914488348,0.020208874906318775
untrained,6,5,19,False,0.020218734280206263,0.01015559647930786,0.01006313820835203,0.020202259855488174,0.020230006622640708
untrained,6,5,20,False,0.020209236186929047,0.010138388228369877,0.010070847987663,0.020227568911818358,0.020190321529905
untrained,6,5,21,False,0.020220870210323483,0.010139096208149567,0.010081774089485407,0.020206032464137443,0.020231022450484727
untrained,6,5,22,False,0.02019480458693579,0.01014863743330352,0.01004616727004759,0.020201250853446814,0.0201881541500962
untrained,6,5,23,False,0.020229091809596866,0.010158594261156395,0.010070497402921319,0.020268451942897895,0.020184483317037424
untrained,6,5,24,False,0.02022840903373435,0.010143955267267302,0.010084453970193863,0.020201950946024488,0.02026034133701489
untrained,6,5,25,False,0.020172808959614486,0.010113049123901874,0.010059759602881968,0.0201445536998411,0.020209136552044323
untrained,6,5,26,False,0.020201280945912004,0.010147906956262887,0.010053374047856778,0.020221613234642784,0.02017963646099933
untrained,6,5,27,False,0.020202428800985217,0.01016310922568664,0.010039319808129221,0.02022374276485708,0.020181771253163998
untrained,6,5,28,False,0.020229520450811833,0.010131108429050073,0.010098412079969421,0.020265406748700525,0.020195808826070843
untrained,6,5,29,False,0.020201397652272135,0.010138217883650213,0.010063179826829582,0.02026062333383239,0.020160874866537358
untrained,6,5,30,False,0.020184704510029405,0.010130868962733075,0.010053835139842704,0.020123006687277838,0.02024450350839358
untrained,6,5,31,False,0.020182998792733997,0.01013264461653307,0.010050354176200926,0.02017281628572024,0.020193504435675486
untrained,6,5,32,False,0.02021230204263702,0.01013257569866255,0.01007972631487064,0.020189833325835377,0.020235484111167136
untrained,6,5,33,False,0.020184867607895285,0.010129964299267158,0.01005490351235494,0.02020619583667302,0.0201654497589638
untrained,6,5,34,False,0.02015562087763101,0.010123279702384025,0.010032340796897188,0.020169441768478964,0.020142636882762112
untrained,6,5,35,False,0.02023080229992047,0.010159151657717302,0.010071650351164863,0.020228612036267413,0.0202343327430438
untrained,6,5,36,False,0.020175565616227686,0.010110569681273773,0.010064995934953913,0.020194997064402843,0.02015787390853042
untrained,6,5,37,False,0.020205229928251356,0.010132621275261045,0.010072608216432855,0.020149216588054384,0.02025951949449686
untrained,6,5,38,False,0.020178267848677933,0.010104588378453627,0.010073679382912815,0.020159827855726085,0.020197897819021055
untrained,6,5,39,False,0.020159336971119046,0.010134089243365452,0.010025247524026781,0.02010799842801961,0.020198016618824984
untrained,6,5,40,False,0.020140194275882095,0.010079924541059881,0.010060269851237535,0.020156661562364675,0.02012655013906104
untrained,6,5,41,False,0.02021028904709965,0.010146751097636297,0.010063537920359522,0.020174493262123675,0.02024391513656486
untrained,6,5,42,False,0.020222591992933303,0.010164373932639137,0.010058217885671183,0.020237476335487503,0.020205185133016716
untrained,6,5,43,False,0.020220364385750145,0.010172783397138119,0.010047580843092874,0.020223136409185827,0.02021759282797575
untrained,6,5,44,False,0.020224955980665982,0.010169644141569734,0.010055312101030722,0.020227458824714023,0.020222747972344652
untrained,6,5,45,False,0.020184405148029327,0.01013200357556343,0.01005240180529654,0.020226880406531006,0.0201553431290545
untrained,6,5,46,False,0.020200071565341204,0.010157003212952986,0.010043068235972896,0.020219660734068858,0.020174071666869253
untrained,6,5,47,False,0.020172222168184817,0.010134656360605732,0.010037565953098238,0.020193261630607376,0.020149825696623134
untrained,6,5,48,False,0.020192289142869413,0.010111411014804617,0.010080878273583949,0.020246731117367744,0.02013433487304757
untrained,6,5,49,True,0.01015014192671515,0.01015014192671515,0.0,nan,nan
untrained,7,0,0,False,0.020208300498779863,0.010113204683875665,0.010095095698488876,0.020203691670450115,0.02021224135398001
untrained,7,0,1,False,0.02020768151851371,0.010105087887495756,0.010102593863848597,0.020234899506682443,0.020181301006904014
untrained,7,0,2,False,0.020160122541710734,0.010075098020024598,0.010085024405270815,0.020168611946116598,0.020153519956188068
untrained,7,0,3,False,0.020200622966513038,0.010094854806084186,0.010105768131325021,0.020204934531024524,0.020195418872453012
untrained,7,0,4,False,0.02026245923480019,0.010148479836061597,0.010113979369634762,0.020262963504397442,0.02026206689576308
untrained,7,0,5,False,0.020141089509706944,0.010054569109342992,0.010086520545883104,0.020173933781814157,0.020114721730351448
untrained,7,0,6,False,0.02023151610046625,0.010094553144881502,0.010136963042896241,0.020226556266988476,0.020236175450863262
untrained,7,0,7,False,0.020218468736857176,0.01010991376824677,0.010108554910402745,0.020228617764528722,0.020208934477219977
untrained,7,0,8,False,0.020227161643560976,0.010105611407198012,0.010121550090843812,0.020210851161252884,0.02024297006428242
untrained,7,0,9,False,0.020170438685454428,0.010066673683468252,0.010103765205712989,0.020161401916993782,0.02017947580316104
untrained,7,0,10,False,0.02022256061900407,0.010124656924745068,0.010097903665155172,0.020240047364495695,0.020205073786200956
untrained,7,0,11,False,0.020253770577255636,0.010127853485755622,0.010125917178811505,0.020277061862713202,0.02023385486740997
untrained,7,0,12,False,0.020216104050632566,0.010110229923157021,0.010105874127475545,0.02020833223801235,0.020222543392862592
untrained,7,0,13,False,0.020163064531516284,0.01006412279093638,0.010098941653268412,0.020176608756673143,0.020150733194244444
untrained,7,0,14,False,0.020230965863447636,0.010128618479939178,0.010102347645442933,0.02023715498064881,0.020224168438647612
untrained,7,0,15,False,0.020200572442263365,0.010083903121994808,0.010116669291164726,0.020194782311437835,0.020207785004586504
untrained,7,0,16,False,0.02022594423033297,0.010116738034412265,0.010109206225024536,0.020191506338371357,0.02026884100939098
untrained,7,0,17,False,0.020174901408609003,0.010059769003419206,0.010115132492501289,0.020182718643017353,0.02016755808709246
untrained,7,0,18,False,0.02021159144351259,0.010103188426000997,0.0101084029302001,0.020190594221154847,0.020230118377024636
untrained,7,0,19,False,0.020200478611513972,0.010091255127917975,0.010109223512699828,0.020194043267945775,0.020206337544455458
untrained,7,0,20,False,0.02018086356110871,0.010082797234645113,0.010098066413775086,0.020184513615214658,0.020176018842241978
untrained,7,0,21,False,0.020215465687215328,0.010109333059517667,0.010106132802320644,0.020214107575324866,0.020216867386821716
untrained,7,0,22,False,0.020200802420731634,0.010094282974023372,0.010106519795954227,0.0202049548354219,0.02019609672327836
untrained,7,0,23,False,0.020185666508041322,0.010082293680170551,0.010103372624143958,0.020237244133438383,0.02013567610142323
untrained,7,0,24,False,0.020176206424366683,0.01008014497347176,0.010096061392687261,0.02015181791943473,0.020209627708903066
untrained,7,0,25,False,0.020178702718112618,0.010081217100378126,0.010097485850565135,0.020165561398459694,0.02018993976863398
untrained,7,0,26,False,0.020203591440804303,0.01010897074593231,0.010094620316522196,0.020201571759278492,0.02020531809092432
untrained,7,0,27,False,0.020220144360791892,0.010105678113177419,0.010114466393133625,0.020206750728763066,0.0202339638970674
untrained,7,0,28,False,0.020235401461832225,0.01011860920698382,0.010116792371263728,0.020215300363347385,0.020256799765892567
untrained,7,0,29,False,0.020131004508584738,0.01005509527749382,0.010075909172883257,0.020144162248029854,0.020116997852681145
untrained,7,0,30,False,0.02020524238469079,0.010098963684868068,0.010106278379680589,0.020227308291941883,0.020185772000866777
untrained,7,0,31,False,0.02022134594153613,0.010113976517459378,0.010107369103934616,0.020246061087961783,0.020201503915686002
untrained,7,0,32,False,0.020148967450950295,0.010086541151395068,0.010062426183139905,0.02016108985425848,0.020136062806892778
untrained,7,0,33,False,0.02019472513347864,0.010072458419017494,0.010122266976395622,0.020156989095069595,0.020226992126824196
untrained,7,0,34,False,0.02024043316487223,0.01012793046538718,0.010112502495758235,0.020243341292160145,0.020237031976802874
untrained,7,0,35,False,0.020192535361275077,0.010074232646729797,0.010118302423506975,0.02016186215718028,0.02023074168123697
untrained,7,0,36,False,0.020183360436931252,0.01010161280282773,0.0100817475176882,0.020186853905518852,0.02017964167340148
untrained,7,0,37,False,0.020219598663970828,0.010092654643813148,0.010126943670911714,0.02022332165455609,0.02021660907587535
untrained,7,0,38,False,0.020157529623247683,0.010060406231787056,0.01009712356608361,0.020158883133852806,0.02015567508836587
untrained,7,0,39,False,0.020199398510158062,0.010107084672199562,0.010092313925269991,0.020192752394712334,0.020206473587501432
untrained,7,0,40,False,0.020188296504784375,0.010081010172143579,0.010107286274433136,0.020198633161480312,0.02017888579684407
untrained,7,0,41,False,0.02022311056498438,0.01011552379350178,0.010107586800586432,0.020198276698855416,0.02024242600115637
untrained,7,0,42,False,0.020215594733599573,0.010109639639267698,0.010105955472681671,0.02020352419752341,0.0202280492300079
untrained,7,0,43,False,0.02023662580177188,0.010128286288818344,0.010108339716680348,0.020252781074780683,0.020219958076874413
untrained,7,0,44,False,0.020204660831950605,0.010105480556376278,0.010099180071847513,0.020215152529999614,0.020191171805241277
untrained,7,0,45,False,0.020202315819915384,0.010109044902492315,0.010093270859215409,0.020209472724481634,0.020191855907726746
untrained,7,0,46,False,0.020169826631899923,0.010059570311568677,0.010110256291227415,0.020117996041389072,0.02022856827825308
untrained,7,0,47,False,0.020186517853289843,0.010094641707837582,0.010091876174556091,0.020187324039259196,0.02018582885679991
untrained,7,0,48,False,0.02018303016666323,0.0100872136245016,0.010095816571265459,0.020154683725335278,0.020202425038932187
untrained,7,0,49,True,0.010171219764743,0.010171219764743,0.0,nan,nan
untrained,7,1,0,False,0.020183074346277863,0.010093743534525856,0.01008933101547882,0.020195871780989534,0.020172131666238758
untrained,7,1,1,False,0.020216960867401212,0.010120939696207643,0.010096021316712722,0.020185998182684656,0.020246971369935918
untrained,7,1,2,False,0.020184604509267956,0.010100817686179653,0.010083786997711286,0.02016376827045211,0.020200810990192823
untrained,7,1,3,False,0.020180799008812755,0.010086607246194035,0.010094191646203399,0.020162136400384563,0.020203322750227203
untrained,7,1,4,False,0.020198473474010825,0.010096404614159837,0.010102068859850988,0.020179282441469173,0.020213399755044114
untrained,7,1,5,False,0.020235327479895204,0.0101160112535581,0.010119316226337105,0.020253373457020836,0.0202208401923868
untrained,7,1,6,False,0.020251156820449978,0.010153950424864888,0.010097206220962107,0.020271870998605605,0.020231697990587265
untrained,7,1,7,False,0.020195925841107965,0.010113211581483483,0.010082714376039803,0.020217052841138453,0.020176078968991838
untrained,7,1,8,False,0.020172011107206345,0.010096390877151862,0.010075620171846822,0.020201248042876756,0.020143673597620083
untrained,7,1,9,False,0.020189138944260776,0.010104899440193549,0.010084239882417023,0.02020999908563681,0.020168279006611556
untrained,7,1,10,False,0.02019968075910583,0.010117963247466832,0.010081717482535169,0.020240043668309227,0.020159317675279453
untrained,7,1,11,False,0.020178728213068098,0.010099109465954825,0.010079618747113273,0.020162936489460832,0.020192231119110962
untrained,7,1,12,False,0.020232096896506846,0.010115927550941706,0.010116169432876632,0.020176356754683215,0.020278281824929374
untrained,7,1,13,False,0.02022636728361249,0.010127449437277392,0.010098917759023607,0.020212794944155413,0.02023872421748603
untrained,7,1,14,False,0.020233878458384424,0.010129509319085628,0.010104369197506458,0.020209990330596467,0.020260116635043113
untrained,7,1,15,False,0.02021078730467707,0.010120187245775014,0.010090600175317377,0.020200113437964882,0.020224083574456084
untrained,7,1,16,False,0.020193118893075734,0.010112674935953692,0.01008044381160289,0.020203454970893726,0.020180243868054004
untrained,7,1,17,False,0.020172195974737406,0.010081854328745976,0.010090342024341226,0.0202010934872012,0.020145050419325176
untrained,7,1,18,False,0.02024590171640739,0.010123605869011953,0.010122295730980113,0.02019952206561963,0.02028682507464991
untrained,7,1,19,False,0.02019754727371037,0.010107713082106784,0.010089834104292095,0.020152560511573415,0.020238505648588066
untrained,7,1,20,False,0.02017186669399962,0.010087207134347409,0.010084659472340718,0.020167878280355506,0.02017716094851494
untrained,7,1,21,False,0.02020211040508002,0.010107053880346939,0.010095056641148403,0.02021026469480533,0.020193697736849862
untrained,7,1,22,False,0.020209409878589213,0.010117061756318435,0.01009234826778993,0.020166060942060807,0.020258539418379466
untrained,7,1,23,False,0.020186140842270106,0.010113230033311993,0.010072910663438961,0.02017368742870906,0.020198211288796022
untrained,7,1,24,False,0.02019567508250475,0.010108443500939757,0.010087231843499467,0.02018584492238792,0.020209145990924705
untrained,7,1,25,False,0.02022223680978641,0.01013149760547094,0.010090739524457604,0.0202236962267908,0.020220989172441372
untrained,7,1,26,False,0.020198701764456928,0.010132724564755335,0.010065977112390101,0.02017802315748344,0.020216383552853615
untrained,7,1,27,False,0.02019831637153402,0.010116130055394024,0.010082186257932335,0.020200724297991166,0.020195832032532918
untrained,7,1,28,False,0.020171556796412915,0.010108437185408548,0.01006311972741969,0.020164942594640183,0.020178597750923326
untrained,7,1,29,False,0.020171720068901777,0.010111315554240718,0.010060404660180211,0.020210344570152687,0.020130603844600338
untrained,7,1,30,False,0.020213036332279444,0.010120157035999,0.010092879354488105,0.020163689833134414,0.020256577251369465
untrained,7,1,31,False,0.02020023192744702,0.010103316832100973,0.010096915386384353,0.02022208812597551,0.020182685847853273
untrained,7,1,32,False,0.020206858578603715,0.010138349753106013,0.010068508650874719,0.02027204557971069,0.02013746594950076
untrained,7,1,33,False,0.020221889135427773,0.010122954321559519,0.01009893449372612,0.020214296277549306,0.02022838112020838
untrained,7,1,34,False,0.02013649564469233,0.01008729575551115,0.010049200063804165,0.02011876866437387,0.020157227545218953
untrained,7,1,35,False,0.020157441322226077,0.010088575043482706,0.010068866569781676,0.02010187286306435,0.020226659220561646
untrained,7,1,36,False,0.020237705088220537,0.010126071429112926,0.010111633484484628,0.02023811291225932,0.020237270472270828
untrained,7,1,37,False,0.020196463214233518,0.010100368497660384,0.010096094716573134,0.02020605506473466,0.020188762688300978
untrained,7,1,38,False,0.02019875164842233,0.01012992108007893,0.010068830568343401,0.020185961060830065,0.02021627935270468
untrained,7,1,39,False,0.02016019547590986,0.0101086750801187,0.010051520250272006,0.020200299607081848,0.020117504432076407
untrained,7,1,40,False,0.02021009474992752,0.01013848907314241,0.01007160556036979,0.02022335666124938,0.02019802069486077
untrained,7,1,41,False,0.02019277203362435,0.010114263015566394,0.010078508988954127,0.020192327476771813,0.020193118369206786
untrained,7,1,42,False,0.02019857446430251,0.010104242741363123,0.010094331519212574,0.02018879050245652,0.020208668377664354
untrained,7,1,43,False,0.020136904320679605,0.010083361674332991,0.010053542675450444,0.02015624398795458,0.020116951020937118
untrained,7,1,44,False,0.020217588113155216,0.010103750915732235,0.01011383708100766,0.02022080752067268,0.020213448658718595
untrained,7,1,45,False,0.020231739210430533,0.010110309667652473,0.01012142954277806,0.020235117426828333,0.020226801530672956
untrained,7,1,46,False,0.020191406831145287,0.010092616605106741,0.010098790138727054,0.020157833967138737,0.020229456449548402
untrained,7,1,47,False,0.020220507285557687,0.010116190824192017,0.01010431643226184,0.020197910177758183,0.0202398294771927
untrained,7,1,48,False,0.02020793064730242,0.010105662193382159,0.010102268541231751,0.020261339019410886,0.020171387929861482
untrained,7,1,49,True,0.01023790508043021,0.01023790508043021,0.0,nan,nan
untrained,7,2,0,False,0.02022694144397974,0.010101963358465582,0.010124977707164362,0.020237535111984964,0.02021788292820903
untrained,7,2,1,False,0.020224109757691622,0.010126344743184745,0.010097764927195385,0.020227624753874445,0.02022070257136455
untrained,7,2,2,False,0.02016480953898281,0.010071691067423671,0.010093118267832324,0.020182972574340447,0.020150682138693
untrained,7,2,3,False,0.02022486791247502,0.010090294905239716,0.010134572861716151,0.020178651463772568,0.020280646192359513
untrained,7,2,4,False,0.02023961237864569,0.010106569592608139,0.01013304284424521,0.020247120476726974,0.02023377279854483
untrained,7,2,5,False,0.020216302596963942,0.010119077749550343,0.0100972248474136,0.02020067800032465,0.020228846497099166
untrained,7,2,6,False,0.02018547843908891,0.01008367634494789,0.0101018019777257,0.020170544184023333,0.020199507644230667
untrained,7,2,7,False,0.020174429519101977,0.010072989389300346,0.010101439955178648,0.020173231109736428,0.020175555452817316
untrained,7,2,8,False,0.020203367341309786,0.010125773900654167,0.010077593266032636,0.02020272296217699,0.020203992151297055
untrained,7,2,9,False,0.020184829423669726,0.010099456238094717,0.010085373098263517,0.02020819511380978,0.020161463733529672
untrained,7,2,10,False,0.02022775710793212,0.010105808352818713,0.010121948667801917,0.020259867975255474,0.02019564653164707
untrained,7,2,11,False,0.020176027610432357,0.01005669793812558,0.01011932996334508,0.02012546527815067,0.020219262797331466
untrained,7,2,12,False,0.020175466663204134,0.010083876317366958,0.010091590113006532,0.020184071895120472,0.020168335789016313
untrained,7,2,13,False,0.020189619157463312,0.010076577600557357,0.01011304120765999,0.020209951020899366,0.02017110730729886
untrained,7,2,14,False,0.020205934066325426,0.010098931728862226,0.010107002191944048,0.020223260148247678,0.020186903535342606
untrained,7,2,15,False,0.020192938740365207,0.010097551479702815,0.010095387493493035,0.020202757921856895,0.020180708124187954
untrained,7,2,16,False,0.020206214336212724,0.010079646948724985,0.010126567183760926,0.020232740947058504,0.020173171535134315
untrained,7,2,17,False,0.020198678597807884,0.010095962701598182,0.010102715896209702,0.020172657985841072,0.020223122287654514
untrained,7,2,18,False,0.02020963269751519,0.010097841353854164,0.010111791489180177,0.02019421604151527,0.02022323587580639
untrained,7,2,19,False,0.020182303618639708,0.010055086633656174,0.01012721678125672,0.02021057509862986,0.020156563996379055
untrained,7,2,20,False,0.020246472500730306,0.01010553041123785,0.010140942002180964,0.020247529273572033,0.020245069874958558
untrained,7,2,21,False,0.020191002055071294,0.010077572631416842,0.010113429685588926,0.02021220442480766,0.02016912717076521
untrained,7,2,22,False,0.020188533060718328,0.01008493357221596,0.010103599284775555,0.02017372186460039,0.020205318989853064
untrained,7,2,23,False,0.020192243449855596,0.010111769719514996,0.010080473497509956,0.020217658508391606,0.02016761007790382
untrained,7,2,24,False,0.020205697743222117,0.01008847908815369,0.010117218596860766,0.02020117232727038,0.020211899135675695
untrained,7,2,25,False,0.02021332475123927,0.010118720238097012,0.010094604716869071,0.02024787083520728,0.020183785832014637
untrained,7,2,26,False,0.020201672392431647,0.010089774412335828,0.010111897892784327,0.02016931563868361,0.020229339491629948
untrained,7,2,27,False,0.02016246714629233,0.010074304096633568,0.010088162671308964,0.020151582073706847,0.02017369688976379
untrained,7,2,28,False,0.020195612334646285,0.010078707855427638,0.010116904566530138,0.02019378190126383,0.02019756119097433
untrained,7,2,29,False,0.020213909447193146,0.010098475933773443,0.010115433135069907,0.02024427341353713,0.020181586244894613
untrained,7,2,30,False,0.02017265511676669,0.01007819946971722,0.010094455472426489,0.020173745167752107,0.020171692375751102
untrained,7,2,31,False,0.020188804308418185,0.010103750246344134,0.010085053829243407,0.020172620813051857,0.020201796272271116
untrained,7,2,32,False,0.020203963620588183,0.010089564777445048,0.010114398784935474,0.020174920714149874,0.020234880458203052
untrained,7,2,33,False,0.020204906642902642,0.010118480160599574,0.010086426394991577,0.020210773952431597,0.020199889587103455
untrained,7,2,34,False,0.020206742046866566,0.010089120594784617,0.01011762151028961,0.02022316312228424,0.02018753767518674
untrained,7,2,35,False,0.020157192659098655,0.010045426111901179,0.01011176619795151,0.020109738262606338,0.02021630199854834
untrained,7,2,36,False,0.020182543201372027,0.010078289837110788,0.010104253597091883,0.020145767340154358,0.02022169205930925
untrained,7,2,37,False,0.020207343564834446,0.010088054434163496,0.010119288926944137,0.020178030195989106,0.020230876622905195
untrained,7,2,38,False,0.02022631303407252,0.010083958914037794,0.010142354120034724,0.020225180564699945,0.02022786469509204
untrained,7,2,39,False,0.02022791508352384,0.010129055357538164,0.01009885928942822,0.020268594338135285,0.020184610609806357
untrained,7,2,40,False,0.02023646980524063,0.010115563520230353,0.010120906139491126,0.02022091311509492,0.020250633219952012
untrained,7,2,41,False,0.02019793848739937,0.01009057613555342,0.010107362555572763,0.02020455597500716,0.02019279134563274
untrained,7,2,42,False,0.02019506477518007,0.01008229108992964,0.010112773830769584,0.020203386361782365,0.02018647889296214
untrained,7,2,43,False,0.020198685524519533,0.010084396548336372,0.010114288830664009,0.020209991588042334,0.02018702110009534
untrained,7,2,44,False,0.02026846061926335,0.010148733737878501,0.010119726852281019,0.020257356136830315,0.02028273759476308
untrained,7,2,45,False,0.020239121629856527,0.010124895954504609,0.010114225617144257,0.020281018983376656,0.020177886104927614
untrained,7,2,46,False,0.020168719172943383,0.010062588087748736,0.010106131347129121,0.020154163679655862,0.020185215429713327
untrained,7,2,47,False,0.02016647084383294,0.010062120476504788,0.01010435019270517,0.020159163591215164,0.020172718615419624
untrained,7,2,48,False,0.020232423848938197,0.010117651720065624,0.010114772041561082,0.020274917774188977,0.020203349254045048
untrained,7,2,49,True,0.010098016093252227,0.010098016093252227,0.0,nan,nan
untrained,7,3,0,False,0.02020742418244481,0.010132225841516629,0.010075198486447334,0.02019774481275324,0.020215700906903847
untrained,7,3,1,False,0.020211640337947756,0.010139932710444555,0.010071707627503201,0.020173660642097867,0.020248451370459337
untrained,7,3,2,False,0.020188925904221833,0.01007656057481654,0.010112365649547428,0.02013073948078922,0.020234182451127306
untrained,7,3,3,False,0.020172277058009058,0.010105917986948043,0.010066359012853354,0.020155803566532474,0.02019215901863986
untrained,7,3,4,False,0.020190874114632607,0.010115334414876997,0.0100755397870671,0.02020868439493435,0.020177021933098633
untrained,7,3,5,False,0.02021372941089794,0.010095781355630606,0.010117947938852012,0.02017374439655166,0.02024582988569434
untrained,7,3,6,False,0.02020154893398285,0.010100338608026505,0.010101210267748684,0.020187426208248063,0.020214815680502037
untrained,7,3,7,False,0.020148497656919062,0.010081151616759598,0.010067345894640312,0.02016714578794856,0.02013097982853651
untrained,7,3,8,False,0.020182041509542614,0.010076858103275299,0.01010518366820179,0.020211009900011713,0.020153964683413506
untrained,7,3,9,False,0.020233980962075293,0.010132172901649028,0.010101807885803282,0.020253360155038536,0.02021460182731971
untrained,7,3,10,False,0.020211198017932475,0.010123520361958072,0.010087677539559081,0.020215531607391313,0.020206864312058315
untrained,7,3,11,False,0.020225300453603268,0.010130721726454794,0.010094578756252304,0.020252079466136837,0.02020240256535834
untrained,7,3,12,False,0.02019729738822207,0.010094702476635575,0.010102594998897985,0.020199015736579895,0.02019587414605277
untrained,7,3,13,False,0.020207674184348434,0.010116580204339698,0.010091093892697245,0.02023474493476211,0.02018302773584181
untrained,7,3,14,False,0.02021728828549385,0.010137222707271576,0.010080065490910783,0.02023125673407939,0.020201945921680967
untrained,7,3,15,False,0.02018713968573138,0.010091256961459294,0.010095882695168257,0.020164181937424232,0.02021573650601663
untrained,7,3,16,False,0.020204831613227725,0.01013038051314652,0.010074451216496527,0.020182147490936265,0.020233087405039554
untrained,7,3,17,False,0.02020918158814311,0.010096651938511059,0.010112529766047373,0.020175741895312262,0.020240595084473942
untrained,7,3,18,False,0.020227594301104546,0.010128192778211087,0.01009940158110112,0.02025312523668011,0.020205067525453427
untrained,7,3,19,False,0.020234053721651435,0.01014177082106471,0.010092282842379063,0.020207701342516256,0.020258045685825062
untrained,7,3,20,False,0.020189197501167655,0.01013579175923951,0.010053405829239637,0.020178520363079357,0.020203368467363442
untrained,7,3,21,False,0.02019020536681637,0.010085295332828537,0.010104910121299326,0.020167627185583115,0.020213500108747253
untrained,7,3,22,False,0.020263277925550938,0.010188779415329918,0.010074498655740172,0.020262278205550772,0.020264411624521018
untrained,7,3,23,False,0.020233216928318143,0.01012096565682441,0.01011225103866309,0.020289414222278295,0.02017874813710268
untrained,7,3,24,False,0.020136418112087995,0.010047350515378639,0.01008906785864383,0.020140873519955457,0.020130313105053373
untrained,7,3,25,False,0.0201997488620691,0.01011480504530482,0.010084943671245128,0.020179113846714215,0.020217393322483353
untrained,7,3,26,False,0.02016756939701736,0.010093538701767102,0.010074030578834936,0.0202020623926389,0.02013807562922222
untrained,7,3,27,False,0.020199602178763598,0.01012023354996927,0.010079368570586666,0.020221728659593142,0.020176773181273824
untrained,7,3,28,False,0.020192800206132233,0.010109411174198613,0.010083389206556603,0.020197792317379608,0.020187486113319473
untrained,7,3,29,False,0.020173031894955784,0.010073304671095684,0.010099727427586913,0.0201779944596417,0.02016774943519023
untrained,7,3,30,False,0.020225262618623674,0.01011224914691411,0.010113013267982751,0.020203997815648713,0.020244025433545604
untrained,7,3,31,False,0.020221825630869716,0.010137246397789568,0.010084579436806962,0.020246325812318867,0.02020215678592803
untrained,7,3,32,False,0.02017706324113533,0.010080978710902855,0.010096084442920983,0.020220987569314963,0.020130305040267207
untrained,7,3,33,False,0.020196606987155974,0.01009726946358569,0.010099337348947302,0.020154891630350533,0.02023227634313314
untrained,7,3,34,False,0.020217727462295443,0.010126195411430672,0.010091532050864771,0.02020411614490592,0.020233646129905167
untrained,7,3,35,False,0.020197511825244874,0.010133973235497251,0.01006353844422847,0.020174022081872106,0.020226770358388886
untrained,7,3,36,False,0.020223156840074807,0.01010254750144668,0.010120609280420467,0.020225483585487716,0.020220679861883962
untrained,7,3,37,False,0.020218147430568933,0.010130852286238223,0.01008729508612305,0.020248649086345705,0.020193660028383763
untrained,7,3,38,False,0.0201606517075561,0.010092497017467394,0.010068154137115926,0.020150339583287366,0.02017478241274754
untrained,7,3,39,False,0.02025390276685357,0.010143773921299726,0.010110128641827032,0.020270425205429397,0.020236313913858706
untrained,7,3,40,False,0.020187912799883634,0.010080388077767566,0.01010752489673905,0.020242458911704238,0.02013825127549136
untrained,7,3,41,False,0.020204849250148982,0.01009629198233597,0.010108557587955147,0.020181625516020825,0.020222912568392024
untrained,7,3,42,False,0.020226262044161558,0.010143482242710888,0.01008277985965833,0.02023437458735246,0.0202178917825222
untrained,7,3,43,False,0.020215677737724036,0.010127499961527064,0.010088177514262497,0.02022834910223117,0.02020260375288744
untrained,7,3,44,False,0.0201622907188721,0.010084765614010394,0.010077524813823402,0.02013822011132207,0.020193238493188152
untrained,7,3,45,False,0.02023567969445139,0.010137580626178533,0.01009809918468818,0.02019665326530996,0.020292718715679184
untrained,7,3,46,False,0.020180916995741427,0.010084905079565942,0.010096011799760163,0.02017420804237618,0.02018851979325215
untrained,7,3,47,False,0.02018009207677096,0.010104210348799825,0.010075881611555815,0.02024249404163684,0.02012673390192398
untrained,7,3,48,False,0.02022641577059403,0.010143052000785246,0.010083363944431767,0.020185008054026045,0.02025474754995421
untrained,7,3,49,True,0.010070475400425494,0.010070475400425494,0.0,nan,nan
untrained,7,4,0,False,0.020151029340922832,0.010048541909782216,0.010102487169206142,0.020193821103391,0.020114438851242478
untrained,7,4,1,False,0.020236746757291257,0.010132759140105918,0.01010398770449683,0.020209045045905642,0.020263596051014385
untrained,7,4,2,False,0.020167598326224834,0.010049161763163283,0.010118436446646228,0.020115797906847938,0.020207887230854895
untrained,7,4,3,False,0.020179386483505368,0.010073456185637042,0.01010592986131087,0.02018621140824897,0.02017114847770025
untrained,7,4,4,False,0.020176461490336806,0.0100705357035622,0.01010592601960525,0.020180944320080538,0.020172975284771785
untrained,7,4,5,False,0.0201911234180443,0.010071656492073089,0.010119466780452058,0.02019871952698419,0.020185025382629583
untrained,7,4,6,False,0.02025848429184407,0.010138357320101932,0.010120126971742138,0.020301029717008912,0.020218517377295277
untrained,7,4,7,False,0.020192933559883386,0.010081412590807304,0.01011152088176459,0.020170586544179147,0.0202139257735601
untrained,7,4,8,False,0.020191112824250013,0.01005978268221952,0.010131330462172627,0.02018511253926489,0.020196929287451964
untrained,7,4,9,False,0.020210833637975156,0.010077679267851636,0.010133154224604368,0.020203439897159114,0.020218227058649063
untrained,7,4,10,False,0.02020872855791822,0.01009796594735235,0.010110762756085023,0.020207523339195177,0.020209934271406382
untrained,7,4,11,False,0.020207989146001637,0.010096151701873168,0.010111837822478265,0.02026598783746614,0.020158396790856903
untrained,7,4,12,False,0.020236653450410813,0.010111107811098918,0.010125545435585082,0.02024954133506479,0.020225974119135313
untrained,7,4,13,False,0.0202217097976245,0.010094729688717052,0.01012697970145382,0.020250706765495362,0.02019530940634101
untrained,7,4,14,False,0.020191978313960135,0.010085536312544718,0.010106441652169451,0.020188985086643876,0.02019526620135933
untrained,7,4,15,False,0.020233725663274527,0.010111665411386639,0.010122060310095549,0.02027862141249885,0.020177802659179036
untrained,7,4,16,False,0.020151909557171166,0.010055249731522053,0.010096659796545282,0.020129307684764054,0.020180062930050653
untrained,7,4,17,False,0.02020191471092403,0.010043867194326594,0.010158047080039978,0.020238142640840624,0.0201678816229105
untrained,7,4,18,False,0.020200046245008707,0.010077682585688308,0.01012236374663189,0.02018081263328592,0.020217017133665437
untrained,7,4,19,False,0.020190090290270746,0.010079183441121131,0.010110906820045784,0.020176237174233454,0.020202702800951787
untrained,7,4,20,False,0.02020265650935471,0.010094124707393348,0.010108531976584345,0.02020657317687387,0.020197458599101412
untrained,7,4,21,False,0.020169419061858207,0.010055531864054501,0.010113887517945841,0.02016496678384451,0.020174013539439158
untrained,7,4,22,False,0.020214553631376475,0.010091548494528979,0.010123005282366648,0.020229233237092987,0.020197916713853677
untrained,7,4,23,False,0.020162533153779805,0.01002742166747339,0.010135111428098753,0.020160941407084465,0.020164075665749036
untrained,7,4,24,False,0.02020372252445668,0.010080578649649397,0.010123144165845588,0.020177693659993445,0.020239392778387776
untrained,7,4,25,False,0.020188426424283534,0.01008383501903154,0.010104591608978808,0.02018675946835744,0.02018985249426054
untrained,7,4,26,False,0.02023137133801356,0.010112563875736669,0.010118807229446247,0.020219928127224163,0.02024115589649781
untrained,7,4,27,False,0.020180367049761117,0.010078496823552996,0.010101869964273646,0.02013702461352715,0.020225085229391142
untrained,7,4,28,False,0.020180427643936127,0.010070849995827302,0.010109577619004995,0.020185450091958046,0.020175081317222888
untrained,7,4,29,False,0.02021707029780373,0.010083981498610228,0.010133088886504993,0.0202418239505002,0.020190719785469192
untrained,7,4,30,False,0.020198581798467785,0.010049805830931291,0.010148775996640325,0.020147269715865453,0.020243857357212725
untrained,7,4,31,False,0.020216294506099075,0.010098637663759291,0.010117656842339784,0.02024534249907,0.020192974260155584
untrained,7,4,32,False,0.020244957704562694,0.010133244126336649,0.010111713752849028,0.020325410236237625,0.020159314927314556
untrained,7,4,33,False,0.020205743028782308,0.010107673850143328,0.010098069353261963,0.020222100697584074,0.02019175644154134
untrained,7,4,34,False,0.02014393120771274,0.010059663734864444,0.010084267443744466,0.020140016856400864,0.020148508976829255
untrained,7,4,35,False,0.02019849349744618,0.010087362315971404,0.010111131181474775,0.020215771095433703,0.02017697283442606
untrained,7,4,36,False,0.02020425273803994,0.010088765353430063,0.010115487355506048,0.020253462406496205,0.02015186789175195
untrained,7,4,37,False,0.02019358635880053,0.01011449150973931,0.010079095081891865,0.02023754131637121,0.020158299362995256
untrained,7,4,38,False,0.020151355245616287,0.01006887000403367,0.010082484979648143,0.02016487380338682,0.020132829987064556
untrained,7,4,39,False,0.02019880269654095,0.010085866088047624,0.010112936404766515,0.020217183187152404,0.020179235766972264
untrained,7,4,40,False,0.020217490731738508,0.010109669383382425,0.010107821435667574,0.02023805919118592,0.02019876444628879
untrained,7,4,41,False,0.020202671468723565,0.010081818007165566,0.010120853577973321,0.020193525789571662,0.020209784619510177
untrained,7,4,42,False,0.020199379068799317,0.010082833847263828,0.01011654525063932,0.02021153904497623,0.020186833209461637
untrained,7,4,43,False,0.020220580336172134,0.010107886337209493,0.010112694086274132,0.02021728135072268,0.02022398393305521
untrained,7,4,44,False,0.020208957605063915,0.010096747166244313,0.010112210409715772,0.02020316907308168,0.020216399820388427
untrained,7,4,45,False,0.02027092984644696,0.010151714610401541,0.010119215527083725,0.02023821775066225,0.020318739796773747
untrained,7,4,46,False,0.02021501457784325,0.010115926328580827,0.01009908807463944,0.02023767143049661,0.020189336532106004
untrained,7,4,47,False,0.0201899548410438,0.010095752193592489,0.010094202472828329,0.02021431218895872,0.02016912700365419
untrained,7,4,48,False,0.020187276240903884,0.010098173370352015,0.010089102841448039,0.0201801650154476,0.020192141644656658
untrained,7,4,49,True,0.010180746379774064,0.010180746379774064,0.0,nan,nan
untrained,7,5,0,False,0.02017352287657559,0.010114373464602977,0.010059149470180273,0.020208115389539025,0.020143943852272587
untrained,7,5,1,False,0.020165361638646573,0.010119556740392,0.010045804985566065,0.020124398851915012,0.020205063401506497
untrained,7,5,2,False,0.02019783342257142,0.01011973069398664,0.01007810264127329,0.02016813783640308,0.020220930248291955
untrained,7,5,3,False,0.020181724103167653,0.01013759383931756,0.010044130380265415,0.020223416733954634,0.0201314053466094
untrained,7,5,4,False,0.02018237014999613,0.010147007851628587,0.010035362123744562,0.020229354134893844,0.02014582697302103
untrained,7,5,5,False,0.020213827956467867,0.010107798065291718,0.01010602992027998,0.020192713100920644,0.020230779712888558
untrained,7,5,6,False,0.02022666239645332,0.01014237746130675,0.01008428487693891,0.02019427887975208,0.020257083191113037
untrained,7,5,7,False,0.020162846194580197,0.010124189080670476,0.010038657230325043,0.020146782089385293,0.02017793698575009
untrained,7,5,8,False,0.02021079434780404,0.010133178962860256,0.010077615355839953,0.02024557533126975,0.020177083577101046
untrained,7,5,9,False,0.020231646776665002,0.010151338035939261,0.01008030871162191,0.020263859623810276,0.02019943401683122
untrained,7,5,10,False,0.0202467767521739,0.010158000775845721,0.010088775947224349,0.02024583611637354,0.020247717504389584
untrained,7,5,11,False,0.02018619846785441,0.010114546224940568,0.010071652388432994,0.02022003145667456,0.020157268837742184
untrained,7,5,12,False,0.020198215497657657,0.010128836089279503,0.010069379408378154,0.02015084307640791,0.020237466746142935
untrained,7,5,13,False,0.02025502797914669,0.010172187903663144,0.010082840133691207,0.020298739009704747,0.02021523125803293
untrained,7,5,14,False,0.020182691980153322,0.010141385515453294,0.010041306319180876,0.02014335239333893,0.020225900881847395
untrained,7,5,15,False,0.02021522622089833,0.010147828375920653,0.010067397786770016,0.020236747837822203,0.020188419115647935
untrained,7,5,16,False,0.020234132243786007,0.010143845167476684,0.010090286930790171,0.020214401631498003,0.02025870851388103
untrained,7,5,17,False,0.020172704244032502,0.010093910881550983,0.010078793216962367,0.020182145158610037,0.020163835308542755
untrained,7,5,18,False,0.020177169353701174,0.010125614324351773,0.010051555116660893,0.02017265564451615,0.02018115242176196
untrained,7,5,19,False,0.020172171818558127,0.01010446046711877,0.01006771155516617,0.020136645766066722,0.02020451682272242
untrained,7,5,20,False,0.02020589937455952,0.010140131402295083,0.01006576800136827,0.02023702681268731,0.02016458423300223
untrained,7,5,21,False,0.020193336240481585,0.010088737064506859,0.01010459937970154,0.020199146422629172,0.020187341327232027
untrained,7,5,22,False,0.02020255709066987,0.010125241795321926,0.010077315528178588,0.020185487317469192,0.020221903113027413
untrained,7,5,23,False,0.02020806580549106,0.010135321732377633,0.010072744364151731,0.02025947796683463,0.020158235857693052
untrained,7,5,24,False,0.020245829946361482,0.01014594966545701,0.010099880310008302,0.02026567348857989,0.020218637116529325
untrained,7,5,25,False,0.020190356648527086,0.010119881306309253,0.010070475429529324,0.020168860774424115,0.02020873744850573
untrained,7,5,26,False,0.020215124590322375,0.010138087789528072,0.010077036946313456,0.020208886998184655,0.0202204585345327
untrained,7,5,27,False,0.020182321371976286,0.010120840655872598,0.010061480483273044,0.02016961293724867,0.020195433012549842
untrained,7,5,28,False,0.020192944502923638,0.010131617251317948,0.010061327076982707,0.020218714958790577,0.02016551122670212
untrained,7,5,29,False,0.020207208581268787,0.010113714524777606,0.010093494056491181,0.02016961718486114,0.020247225499441548
untrained,7,5,30,False,0.020190371782518923,0.010110356757650152,0.010080015403218567,0.020175750150034828,0.020203273743391037
untrained,7,5,31,False,0.020213655661791563,0.010127420333446935,0.010086235561175272,0.020179995090553637,0.020240679540684526
untrained,7,5,32,False,0.02023417758755386,0.010125453380169347,0.010108724411111325,0.020252960324851854,0.020214183856883356
untrained,7,5,33,False,0.020169652765616775,0.010109218332218006,0.010060434287879616,0.020161025699670033,0.020177029856089233
untrained,7,5,34,False,0.020184721739497036,0.010125829023309052,0.01005889251246117,0.020164572890254036,0.02020828520595017
untrained,7,5,35,False,0.020226158609148115,0.010174467257456854,0.010051691439002752,0.020219687477383813,0.020234219501154463
untrained,7,5,36,False,0.020212381787132472,0.010135503427591175,0.010076878184918314,0.020223792444801693,0.020200234717659412
untrained,7,5,37,False,0.020170607429463416,0.010099274106323719,0.010071333294035867,0.02022321538574863,0.02012837268936802
untrained,7,5,38,False,0.020196487137582153,0.010131505609024316,0.010064981412142515,0.020149725766198053,0.020260567845845665
untrained,7,5,39,False,0.02024014591006562,0.010140186437638476,0.010099959530634806,0.020214597158359757,0.0202673428481625
untrained,7,5,40,False,0.020185679895803332,0.010105061548529193,0.010080618318170309,0.02016100076744791,0.02020814939777353
untrained,7,5,41,False,0.02014941436937079,0.010089037212310359,0.01006037718616426,0.02018075143652303,0.02012504135361976
untrained,7,5,42,False,0.020191849151160568,0.010134412354091182,0.010057436622446403,0.020196229649277836,0.02018732950091362
untrained,7,5,43,False,0.020223420637194067,0.010157351527595893,0.010066069313324988,0.020220925028507527,0.02022599558981638
untrained,7,5,44,False,0.020211318624205887,0.01011608328553848,0.010095235251355916,0.020245060686849888,0.020167935539835268
untrained,7,5,45,False,0.020239382050931454,0.01016820824588649,0.010071174096083269,0.02025421537262829,0.02021770286731995
untrained,7,5,46,False,0.020211538125295192,0.010127387591637671,0.010084150795591995,0.020236325505025247,0.020183446475615104
untrained,7,5,47,False,0.020184165914542973,0.010129393660463393,0.010054772312287241,0.020227768853054207,0.020146882080513497
untrained,7,5,48,False,0.02015986427431926,0.010120980674400926,0.010038883949164301,0.02014908155139822,0.02016724241701396
untrained,7,5,49,True,0.010174460127018392,0.010174460127018392,0.0,nan,nan
untrained,8,0,0,False,0.02019312500488013,0.01008725311839953,0.010105871508130804,0.02018368186278118,0.020206065037874157
untrained,8,0,1,False,0.020237629942130297,0.010118597361724824,0.01011903234757483,0.02026133993640542,0.020216708811109558
untrained,8,0,2,False,0.02022167859831825,0.010115277516888455,0.010106401226948947,0.020240081974597122,0.0202014650538808
untrained,8,0,3,False,0.020213653275277466,0.010095549368998036,0.010118103760760278,0.02020877065218013,0.02021936303541317
untrained,8,0,4,False,0.020196675439365208,0.010079881263663992,0.010116794350324199,0.020201880135573447,0.02019147074315697
untrained,8,0,5,False,0.02018939913250506,0.010092181211803108,0.01009721789159812,0.020175339541687022,0.020201048254966734
untrained,8,0,6,False,0.02019760780967772,0.010075482714455575,0.010122124920599163,0.02017957638476936,0.020220068038294188
untrained,8,0,7,False,0.020170597592368722,0.010068471281556413,0.010102126223500818,0.020193890758579774,0.020148716189644554
untrained,8,0,8,False,0.020211737311910838,0.01010470706387423,0.010107029986102134,0.020249880911385427,0.020177009612766663
untrained,8,0,9,False,0.02020499244099483,0.010095690377056599,0.010109301947522908,0.020206605659469086,0.020203163878371316
untrained,8,0,10,False,0.020173057971987873,0.010088167240610346,0.010084890673169866,0.02015648689121008,0.020191838219761848
untrained,8,0,11,False,0.02023044100496918,0.010092886630445719,0.0101375543163158,0.02025286634370946,0.020212437249195407
untrained,8,0,12,False,0.020203694177325815,0.010083419270813465,0.010120274615474045,0.020225122899693602,0.02017940835406383
untrained,8,0,13,False,0.020187556219752878,0.010072905570268631,0.010114650503965095,0.020167938470840453,0.020215316763464008
untrained,8,0,14,False,0.020222395949531347,0.010098095546709374,0.010124300606548786,0.02020289332816197,0.0202407164668495
untrained,8,0,15,False,0.020225089858286083,0.01010390036390163,0.010121189465280622,0.020228975883393147,0.020220821876017772
untrained,8,0,16,False,0.020204401982482523,0.01010458412929438,0.01009981770766899,0.020203039715332643,0.02020604593743538
untrained,8,0,17,False,0.020187332236673683,0.01008799867122434,0.010099333798279986,0.020176316952953736,0.02019705212510684
untrained,8,0,18,False,0.020237239659763873,0.01011914195260033,0.010118097474332899,0.020265877327841263,0.020203747612945102
untrained,8,0,19,False,0.02015659835888073,0.010042801790405065,0.010113796597579494,0.02020048134265438,0.02011406562076165
untrained,8,0,20,False,0.020161875756457448,0.010057233244879171,0.010104642336955294,0.020171907411089963,0.02014976857101609
untrained,8,0,21,False,0.02021468261955306,0.010099325474584475,0.010115356795722619,0.020173914406610573,0.020262360762236482
untrained,8,0,22,False,0.02020153804915026,0.010104619024787098,0.010096918907947838,0.020214884728193286,0.020189761458074343
untrained,8,0,23,False,0.02019122283672914,0.010072330362163484,0.010118892299942672,0.02019275174691127,0.020189645271452648
untrained,8,0,24,False,0.020236988901160657,0.010105722030857578,0.010131266782991588,0.020223547640728624,0.020254829424348746
untrained,8,0,25,False,0.020188553200569004,0.01008561669732444,0.010102936445036903,0.020173541485117033,0.020204041034929336
untrained,8,0,26,False,0.02019949263194576,0.01009489520220086,0.010104597342433408,0.020215258355541475,0.020186429098248485
untrained,8,0,27,False,0.02017006982350722,0.01006783713819459,0.010102232656208798,0.020165107329376042,0.020175032346742228
untrained,8,0,28,False,0.02023514627944678,0.010107372741913423,0.010127773479325697,0.020211794685858944,0.020259239252597566
untrained,8,0,29,False,0.020234894938766956,0.010108448885148391,0.010126446111826226,0.020257051206297345,0.02021342031657696
untrained,8,0,30,False,0.02021042548585683,0.010110517672728747,0.010099907987751067,0.020200828659451667,0.020222764661801715
untrained,8,0,31,False,0.02020743489265442,0.010114263684954494,0.010093171178596094,0.020226802304387094,0.020184060237531005
untrained,8,0,32,False,0.020172348653431982,0.010050500684883446,0.010121847881237045,0.020210414770103637,0.020135453543983974
untrained,8,0,33,False,0.020217470766510814,0.010101112915435806,0.0101163579383865,0.020201984382070163,0.02023502234369516
untrained,8,0,34,False,0.020221072831191123,0.010097077523823828,0.010123995511094108,0.020183964477231104,0.02026878370504294
untrained,8,0,35,False,0.02018510625930503,0.01006822008639574,0.01011688620201312,0.020168462856894446,0.020201238015523322
untrained,8,0,36,False,0.020186180889140815,0.010094539844430983,0.010091641219332814,0.02017240631844728,0.020199120806699448
untrained,8,0,37,False,0.02019209077116102,0.010070033720694482,0.01012205725419335,0.020206948394997645,0.020179386075208153
untrained,8,0,38,False,0.020206737623084337,0.01009756131679751,0.010109176335390657,0.020169274627485058,0.020246617375842987
untrained,8,0,39,False,0.020220162870828062,0.010116820427356288,0.010103342501679435,0.02022103894063655,0.020219170364240806
untrained,8,0,40,False,0.020235228585079312,0.010113156313309446,0.010122072359081358,0.020221730266682437,0.020247517793036216
untrained,8,0,41,False,0.020192874129861593,0.010081039101351053,0.010111834795679897,0.02019994826270984,0.02018557530310419
untrained,8,0,42,False,0.02021261549089104,0.010087432485306635,0.010125183063792065,0.02022350104826112,0.020202389946489624
untrained,8,0,43,False,0.020188298425637186,0.010071014461573213,0.010117283964063972,0.020192610680079853,0.020184372371034837
untrained,8,0,44,False,0.020153366611339152,0.010054489801404998,0.010098876693518832,0.020147506842168712,0.020158377030621403
untrained,8,0,45,False,0.020200270984787494,0.010103556385729462,0.010096714657265693,0.02018119478181227,0.020221223474526012
untrained,8,0,46,False,0.020227218861691654,0.010108268819749355,0.010118949809111655,0.020224732331047622,0.02022934464764768
untrained,8,0,47,False,0.02015594014665112,0.010059803345939144,0.010096136888023466,0.0201512691206657,0.02016076005049168
untrained,8,0,48,False,0.02019582863431424,0.010072111617773771,0.010123716783709824,0.020220260170322878,0.020178000216145773
untrained,8,0,49,True,0.010119957471033558,0.010119957471033558,0.0,nan,nan
untrained,8,1,0,False,0.020190548966638744,0.01010160314035602,0.010088945942698047,0.020163240993546473,0.02022797153848741
untrained,8,1,1,False,0.02018255728762597,0.010114231816260144,0.010068325937027112,0.020199605201681455,0.02016751539400395
untrained,8,1,2,False,0.02023158100200817,0.010134827141882852,0.010096753831021488,0.02021779928968024,0.020246717620824205
untrained,8,1,3,False,0.020194092590827495,0.010094004654092714,0.010100087791215628,0.020204580294481224,0.020181826820944326
untrained,8,1,4,False,0.020217703480739146,0.010119856335222721,0.01009784749476239,0.02024308269028552,0.020192324242088944
untrained,8,1,5,False,0.020166391506791115,0.010084572626510635,0.010081818822072819,0.02013551707154718,0.02019197323492595
untrained,8,1,6,False,0.020210230781231076,0.010102311993250623,0.010107918846188113,0.02016833351111748,0.020262418706950388
untrained,8,1,7,False,0.020219667814671993,0.010111821698956192,0.010107846173923463,0.020233793514630487,0.02020639796374422
untrained,8,1,8,False,0.02023174409987405,0.010131229151738808,0.010100514919031411,0.02023795500519823,0.020226089339425317
untrained,8,1,9,False,0.020179361978080124,0.010104606248205528,0.010074755671666935,0.020196494262884643,0.02015994526445866
untrained,8,1,10,False,0.020184649212751538,0.010109447728609666,0.01007520139683038,0.02015868837342543,0.020214071683585643
untrained,8,1,11,False,0.02019061188912019,0.010104648332344368,0.010085963207529858,0.020197721688370956,0.0201849035761306
untrained,8,1,12,False,0.020242891449015588,0.010153780836844817,0.010089110728586093,0.02022783737629652,0.020259952762474616
untrained,8,1,13,False,0.020206435467116535,0.01011842317529954,0.010088012524647638,0.020230834980805718,0.020171908380569155
untrained,8,1,14,False,0.020203158841468394,0.010095950041431934,0.010107208974659443,0.020211511652075475,0.02019531251580426
untrained,8,1,15,False,0.020184198394417763,0.010099364124471322,0.010084834328154102,0.02019655095663533,0.020170630703939766
untrained,8,1,16,False,0.020191073941532522,0.010103387088747695,0.010087686590850353,0.020151047461799215,0.02023938160132745
untrained,8,1,17,False,0.020171957614365965,0.010085610061651096,0.010086347785545513,0.020202677231281996,0.020144852453514057
untrained,8,1,18,False,0.020188267750199884,0.010082147258799523,0.01010612046229653,0.020216166379227157,0.02015564044527078
untrained,8,1,19,False,0.02014495909679681,0.010081215004902333,0.010063744324725121,0.02013924558247839,0.020150497154547618
untrained,8,1,20,False,0.020185054978355765,0.010112456744536757,0.010072598088299856,0.02016894104225295,0.020204502270267953
untrained,8,1,21,False,0.0201933664502576,0.010110631177667528,0.010082734923344105,0.02021563255592533,0.02016732589168064
untrained,8,1,22,False,0.02020567748695612,0.010113638505572453,0.010092039010487497,0.02020413919041554,0.020207034807433102
untrained,8,1,23,False,0.020217018376570195,0.010123169515281916,0.010093849035911262,0.020250585560615247,0.020182385331108457
untrained,8,1,24,False,0.020231173606589437,0.010122918320121244,0.01010825508274138,0.020241921742076743,0.02021690759469162
untrained,8,1,25,False,0.020214594900608063,0.010118778969626874,0.01009581596008502,0.020224428520752832,0.020204449515967143
untrained,8,1,26,False,0.0201243405463174,0.010050075856270269,0.010074265068396926,0.02012063887227198,0.020127407993589128
untrained,8,1,27,False,0.02016803971491754,0.010097520455019549,0.010070519376313314,0.0201490449544508,0.02018703441717662
untrained,8,1,28,False,0.02021151687949896,0.010126193257747218,0.010085323505336419,0.020228528317350607,0.020193965484698612
untrained,8,1,29,False,0.020197279518470168,0.010111201030667871,0.010086078400490806,0.02019373688196379,0.02020071317943243
untrained,8,1,30,False,0.02021932339994237,0.010120377963175997,0.010098945436766371,0.020231557440840535,0.020203594284664308
untrained,8,1,31,False,0.020204835571348667,0.01010188160580583,0.01010295411106199,0.020204729480402812,0.02020496399752025
untrained,8,1,32,False,0.020232568553183228,0.010128324443940073,0.010104244167450815,0.020216953423288133,0.02024770318888701
untrained,8,1,33,False,0.020251731271855533,0.010118203557794914,0.010133527510333806,0.020242868429597684,0.020261775702238083
untrained,8,1,34,False,0.020203035091981292,0.010145564359845594,0.010057470761239529,0.020189544858617917,0.02022038007687245
untrained,8,1,35,False,0.02018906275043264,0.01011375873349607,0.01007530401693657,0.02020701692099609,0.02017166158900811
untrained,8,1,36,False,0.02018284157384187,0.01007902532001026,0.010103816021000966,0.020191816552992792,0.02017441030704614
untrained,8,1,37,False,0.02020777529105544,0.010127395478775725,0.010080379812279716,0.020151932865886363,0.020255524395168693
untrained,8,1,38,False,0.020225843240041286,0.010118192702066153,0.01010765033424832,0.020207679237831726,0.02024517884297717
untrained,8,1,39,False,0.020215504860971123,0.010140696103917435,0.010074808786157519,0.020179511431385487,0.020256297445545593
untrained,8,1,40,False,0.02019973919959739,0.010108436283189803,0.010091303411172703,0.020140201067093945,0.020253946365260365
untrained,8,1,41,False,0.020166354079265147,0.010085486574098468,0.010080867330543697,0.02011102919395153,0.0202234351031837
untrained,8,1,42,False,0.02022960316389799,0.010130692535312846,0.010098910803208128,0.020292086076111562,0.020170907489955425
untrained,8,1,43,False,0.02017085236730054,0.010097773687448353,0.010073078738059849,0.020157621654330708,0.02018289876851573
untrained,8,1,44,False,0.02014249440981075,0.010071096738101915,0.010071397788124159,0.02013373204459578,0.020149987028992695
untrained,8,1,45,False,0.02021649171365425,0.010106300323968753,0.01011019159341231,0.02020575083903412,0.020228289342561708
untrained,8,1,46,False,0.020197380566969514,0.010108121059602126,0.010089259594678879,0.020224492996931076,0.02017419698877611
untrained,8,1,47,False,0.02022193354787305,0.010129854024853557,0.010092079552123323,0.02021729464714344,0.020226720070082044
untrained,8,1,48,False,0.020221891987603158,0.010099315899424255,0.010122576029971242,0.02020335418206674,0.020235419801964954
untrained,8,1,49,True,0.01022059257957153,0.01022059257957153,0.0,nan,nan
untrained,8,2,0,False,0.02023866039235145,0.01011665357509628,0.010122006846359,0.020259185115227826,0.020210534506649884
untrained,8,2,1,False,0.02019830804783851,0.010101944004418328,0.010096364101627842,0.020190717776616414,0.020205005537718534
untrained,8,2,2,False,0.020215531752910465,0.0101138275640551,0.010101704217959195,0.02020431549024226,0.020227851376670304
untrained,8,2,3,False,0.020195797667838633,0.01008059989544563,0.010115197655977681,0.02021300684714663,0.02017567150484202
untrained,8,2,4,False,0.020253436057828367,0.010137645382201299,0.010115790646523237,0.02026327734347433,0.020243594888597727
untrained,8,2,5,False,0.020230531983543187,0.010125001543201506,0.010105530527653173,0.02031006636740319,0.020164632318275314
untrained,8,2,6,False,0.020217974670231342,0.010104015556862578,0.010113959200680256,0.020234391513005108,0.020197526143308272
untrained,8,2,7,False,0.020175387151539326,0.010059595835627988,0.010115791345015168,0.020180203411127293,0.020170862250255814
untrained,8,2,8,False,0.020198319863993675,0.010103530396008864,0.010094789555296302,0.020191461855515107,0.020204563416651826
untrained,8,2,9,False,0.020148310577496886,0.01007541108992882,0.010072899516671896,0.02015387557227822,0.020142003490279118
untrained,8,2,10,False,0.020197072415612638,0.010085876187076792,0.010111196170328185,0.020178317503236672,0.020218327827751636
untrained,8,2,11,False,0.020220299426000565,0.01010099018458277,0.010119309357833117,0.020223674870896758,0.020217590034008026
untrained,8,2,12,False,0.02017306466586888,0.01008561861817725,0.010087445756653324,0.02014560022336595,0.020204190413157144
untrained,8,2,13,False,0.020224929961841553,0.010099117353092879,0.010125812579644844,0.020250101685523984,0.020189309949582478
untrained,8,2,14,False,0.020166543312370777,0.010071454278659075,0.010095088538946584,0.020197486519933708,0.020137474900393776
untrained,8,2,15,False,0.020181200525257736,0.010072601930005476,0.010108598740771413,0.020150688601963555,0.020214713651870116
untrained,8,2,16,False,0.020190012524835765,0.01007330892025493,0.010116703604580835,0.020203253094639096,0.020174032494682692
untrained,8,2,17,False,0.02023535454645753,0.010098150960402563,0.010137203644262627,0.020251913958539564,0.020220743820947757
untrained,8,2,18,False,0.02017269015777856,0.010073390993056819,0.010099299368448555,0.020173565498080807,0.020171666833556305
untrained,8,2,19,False,0.02014603285351768,0.010050834593130276,0.010095198435010388,0.020091339413608824,0.020199043647601053
untrained,8,2,20,False,0.020207233726978302,0.010093068412970752,0.010114165605045855,0.020241408156497137,0.02016598928783988
untrained,8,2,21,False,0.020187637128401548,0.010095678269863129,0.010091958509292454,0.02021435599612153,0.02015638903919923
untrained,8,2,22,False,0.020202489802613854,0.010110931150848046,0.010091558477142826,0.020212932862341406,0.020193275721634138
untrained,8,2,23,False,0.020162169763352722,0.010074408346554264,0.010087761038448662,0.02015246975307281,0.02017217753307214
untrained,8,2,24,False,0.02019362465944141,0.010086237161885947,0.01010738784680143,0.0202105557673598,0.020171153105118057
untrained,8,2,25,False,0.020250220026355237,0.010139253281522542,0.010110966657521203,0.020245721764289414,0.020254861267786178
untrained,8,2,26,False,0.020190836454275995,0.010102194763021544,0.01008864157483913,0.02012260306369642,0.020247372505920274
untrained,8,2,27,False,0.020145007234532386,0.010043753747595474,0.010101253690663725,0.020130882621742785,0.020159132283879444
untrained,8,2,28,False,0.02017272962257266,0.01007462665438652,0.010098103084601462,0.020158886880828786,0.02018701190513278
untrained,8,2,29,False,0.020208691188599914,0.010111402050824836,0.010097289312398061,0.02018432990307846,0.020232302953417484
untrained,8,2,30,False,0.02020197454839945,0.010094029130414128,0.010107945476192981,0.020201675749073427,0.020202358519392352
untrained,8,2,31,False,0.020232276408933103,0.010113310330780223,0.01011896604904905,0.020249500178865024,0.02021148954999858
untrained,8,2,32,False,0.020216022094246,0.010129902861081064,0.010086119378684089,0.020216786140014258,0.0202152811563932
untrained,8,2,33,False,0.02022321935510263,0.010111723386216909,0.010111495910678059,0.020224763683098206,0.020221468744178614
untrained,8,2,34,False,0.020199754915665835,0.010097705700900406,0.010102049331180751,0.020188487652275294,0.020214241596737077
untrained,8,2,35,False,0.020199238264467567,0.010087667993502691,0.010111570270964876,0.020207506974065113,0.020191224091328105
untrained,8,2,36,False,0.020228400244377553,0.010119159094756469,0.010109241411555558,0.020226050288446488,0.020230608314953068
untrained,8,2,37,False,0.02022133325226605,0.010111090639838949,0.010110242321388796,0.020241409729597933,0.02020416622036609
untrained,8,2,38,False,0.02020450506825,0.010099202103447169,0.010105302761076018,0.02020758937931422,0.02020122179941785
untrained,8,2,39,False,0.020185172732453793,0.01009748171782121,0.010087691101944074,0.020202160593779647,0.02016591966773073
untrained,8,2,40,False,0.020213004550896585,0.01011483438196592,0.010098170343553647,0.020208060222326733,0.020217506409581025
untrained,8,2,41,False,0.020175275159999728,0.01007479554391466,0.010100479616085067,0.02016408363213906,0.020186821501406414
untrained,8,2,42,False,0.02021385618718341,0.01012694911332801,0.010086907132063061,0.0202096180930253,0.020217837511815807
untrained,8,2,43,False,0.0202191025018692,0.010102662054123357,0.010116440593264997,0.02024002281613037,0.0202000561211981
untrained,8,2,44,False,0.020183788845315576,0.010097761172801256,0.010086027381476015,0.020154775136103066,0.02020859718322754
untrained,8,2,45,False,0.020203453197609633,0.010109680355526507,0.010093772521940991,0.02022706817335157,0.02017751543736849
untrained,8,2,46,False,0.020207338617183268,0.010091755248140544,0.010115583339938894,0.02016509510576725,0.02024345979958341
untrained,8,2,47,False,0.020264174207113683,0.010153175884624943,0.01011099829338491,0.02028670646250248,0.02024092693768796
untrained,8,2,48,False,0.020188423281069845,0.010094069060869515,0.010094354336615652,0.02017706537757207,0.020196711065600045
untrained,8,2,49,True,0.010119583399500698,0.010119583399500698,0.0,nan,nan
untrained,8,3,0,False,0.020156014245003462,0.010070284275570884,0.010085729998536408,0.020149877571777716,0.02016442377741138
untrained,8,3,1,False,0.0201845207484439,0.010118489968590438,0.01006603121641092,0.020181213039904833,0.020187439917422393
untrained,8,3,2,False,0.020197003497742116,0.010097849677549675,0.010099153674673289,0.020215896222351204,0.020176252228070478
untrained,8,3,3,False,0.020225542539265007,0.010128980473382398,0.010096562007674947,0.020228612520124603,0.020221952143740854
untrained,8,3,4,False,0.02021350007271394,0.010108942457009107,0.010104557732120156,0.020220809616148472,0.020206190587487072
untrained,8,3,5,False,0.02022589824628085,0.010148006404051557,0.010077891434775665,0.020182130328411686,0.020262163025992257
untrained,8,3,6,False,0.0202016300172545,0.010128403431735933,0.01007322667283006,0.02019862164284142,0.02020537794420594
untrained,8,3,7,False,0.020173130207695067,0.010104485496412963,0.010068644740385935,0.02021719353093255,0.020131737332452427
untrained,8,3,8,False,0.02022625389508903,0.01013268085080199,0.010093573073390871,0.02022779415376851,0.020224851458819946
untrained,8,3,9,False,0.020173308614175767,0.01007664910866879,0.010096659563714638,0.020155624596073347,0.020193350780755282
untrained,8,3,10,False,0.0201964148436673,0.010123206389835104,0.010073208686662838,0.020223675514845288,0.02016552003721396
untrained,8,3,11,False,0.020195155520923436,0.010109282360645011,0.010085873218486086,0.020166923373676184,0.020217820582255512
untrained,8,3,12,False,0.020189916947856545,0.010089025425259024,0.010100891551701352,0.020246440106455016,0.020125857306023436
untrained,8,3,13,False,0.02019446372287348,0.010134610929526389,0.010059853113489226,0.02017494817574819,0.020222080238866357
untrained,8,3,14,False,0.02023557136999443,0.010139772028196603,0.010095799516420811,0.020205804882871527,0.020263534208590332
untrained,8,3,15,False,0.02020919165806845,0.010136154189240187,0.010073037265101448,0.020203950189387622,0.020214948100877587
untrained,8,3,16,False,0.020173509255982935,0.010085875168442726,0.010087633942021057,0.020192710602922097,0.020150335537719315
untrained,8,3,17,False,0.020229598740115762,0.010127646295586601,0.010101952473632991,0.020216698634127776,0.020240980885265505
untrained,8,3,18,False,0.02022185968235135,0.01010389017756097,0.01011796950479038,0.020239232485924942,0.02020154179910482
untrained,8,3,19,False,0.020222030172590166,0.010115361830685288,0.010106668225489557,0.02022234380008682,0.02022172613785817
untrained,8,3,20,False,0.02012742211809382,0.01007333563757129,0.010054086655145511,0.020093106904200145,0.020168837224101198
untrained,8,3,21,False,0.02021280670305714,0.01009767790674232,0.010115129000041634,0.020180173812137134,0.020250970371446367
untrained,8,3,22,False,0.02019088843371719,0.01012483675731346,0.01006605158909224,0.020253033222009737,0.020136054714812952
untrained,8,3,23,False,0.020230539492331445,0.010148157860385254,0.010082381661050022,0.020257940172002865,0.020202268595023762
untrained,8,3,24,False,0.02022684836992994,0.010129905975190923,0.010096942278323695,0.020279279157315214,0.020157258415764025
untrained,8,3,25,False,0.020176170044578612,0.010127839457709342,0.010048330208519474,0.02019022895166507,0.020161664734284084
untrained,8,3,26,False,0.020242693251930177,0.010142948827706277,0.010099744278704748,0.0202657505227574,0.02022358817713601
untrained,8,3,27,False,0.020207038323860615,0.010127389279659837,0.010079648811370134,0.020233167189871892,0.020180909021291882
untrained,8,3,28,False,0.020198297686874866,0.010104233777383342,0.010094063793076202,0.020233420769755657,0.020162059526358335
untrained,8,3,29,False,0.02024528943002224,0.010130253416718915,0.010115036100614816,0.020228540790932517,0.020261523156211925
untrained,8,3,30,False,0.020160373649559915,0.01009344556950964,0.010066928138257936,0.02013252220220036,0.020196182753092474
untrained,8,3,31,False,0.020126960007473826,0.010072427132399753,0.010054532525828108,0.020109482322420394,0.020148053412036647
untrained,8,3,32,False,0.02019142615608871,0.010100327664986253,0.010091098287375644,0.020176247797078557,0.02020613711613875
untrained,8,3,33,False,0.020249072345905006,0.010171679954510182,0.010077392274979502,0.02026021077900248,0.020236448477953674
untrained,8,3,34,False,0.020174464443698525,0.010089815856190398,0.010084648500196636,0.020175435425092775,0.02017321590600269
untrained,8,3,35,False,0.020201250386890024,0.010123745276359841,0.010077505052322522,0.020193583553745634,0.02020868114553965
untrained,8,3,36,False,0.020184330001939088,0.010116327699506655,0.010068002302432433,0.020160980913187226,0.020206263571074516
untrained,8,3,37,False,0.020169346476905048,0.010107973532285541,0.010061372799100354,0.020174056701993535,0.020165318839144016
untrained,8,3,38,False,0.020195229910314083,0.010116125515196472,0.010079104482429102,0.02024071519686417,0.020146810359531836
untrained,8,3,39,False,0.020195210934616625,0.010102990199811757,0.010092220385558903,0.020184485816999394,0.020207365695387124
untrained,8,3,40,False,0.020242197788320482,0.010124942869879305,0.010117254802025855,0.020215380631509378,0.020266613353099396
untrained,8,3,41,False,0.02019789209589362,0.010117499332409352,0.01008039276348427,0.020173438008014973,0.020223122740548754
untrained,8,3,42,False,0.020217169425450265,0.010116022051079199,0.010101147287059575,0.02017836546104762,0.020253621831987846
untrained,8,3,43,False,0.020207504683639854,0.010113633412402123,0.01009387115482241,0.020227426968392775,0.0201893666786934
untrained,8,3,44,False,0.02015501633286476,0.010083011904498562,0.010072004748508334,0.020146282484470788,0.0201624845141086
untrained,8,3,45,False,0.02029667148599401,0.010174436523811892,0.01012223504949361,0.020278611011914353,0.020316508552822913
untrained,8,3,46,False,0.02019737591035664,0.010101984429638833,0.010095391422510147,0.02021557452567553,0.020181814235621605
untrained,8,3,47,False,0.020184045541100204,0.010113892494700849,0.010070153075503185,0.020174520921248655,0.020193872441138537
untrained,8,3,48,False,0.02021590096410364,0.010096402489580214,0.010119498358108103,0.020219592463777022,0.020213207179630124
untrained,8,3,49,True,0.010136055760085583,0.010136055760085583,0.0,nan,nan
untrained,8,4,0,False,0.020223503175657243,0.01009523737593554,0.010128265828825533,0.02023960471253943,0.02020143819283004
untrained,8,4,1,False,0.020221227721776813,0.010117842903127894,0.010103384789545089,0.020242428531249364,0.020202521015616023
untrained,8,4,2,False,0.020208454225212336,0.01010934539954178,0.010099108796566725,0.020189800452607782,0.020228942611911258
untrained,8,4,3,False,0.02020510652801022,0.010096163605339825,0.010108942718943581,0.02023439098527466,0.020170858492916922
untrained,8,4,4,False,0.020231402246281505,0.01013103689183481,0.010100365645484999,0.0202636661415454,0.020199138612952083
untrained,8,4,5,False,0.020202206913381815,0.010104854532983154,0.010097352060256526,0.020213771226077246,0.02019262481480837
untrained,8,4,6,False,0.020188355585560203,0.01007773305173032,0.010110622650245205,0.020184385052449266,0.0201933016967878
untrained,8,4,7,False,0.020185277156997472,0.010062026471132413,0.010123251035111025,0.0201528956813197,0.02021569645766056
untrained,8,4,8,False,0.020224438165314496,0.010088838374940678,0.010135600052308291,0.02019655139597713,0.020249827778828677
untrained,8,4,9,False,0.020270074368454516,0.010143146442715079,0.010126927780220285,0.020250272581025082,0.020292516332119703
untrained,8,4,10,False,0.020208643632940948,0.010109259601449594,0.010099384177010506,0.020238527781603968,0.0201747750552992
untrained,8,4,11,False,0.020233603194355965,0.010143274848815054,0.010090328491060063,0.02021825029269645,0.02024592944538929
untrained,8,4,12,False,0.020179066399578005,0.01008196608745493,0.010097100166603923,0.020237110500388285,0.02011328274384141
untrained,8,4,13,False,0.020197866193484515,0.010092093900311738,0.010105772264068946,0.0202070789039135,0.02018482912823839
untrained,8,4,14,False,0.020155908714514226,0.010051326244138181,0.01010458220844157,0.02018659982469774,0.020127076768513878
untrained,8,4,15,False,0.02019241824746132,0.0101029890938662,0.010089429240906611,0.02022634618985119,0.020155152916663983
untrained,8,4,16,False,0.020180178864393383,0.010084232402732596,0.010095946374349296,0.02017794783626284,0.02018287135609265
untrained,8,4,17,False,0.020213244017213583,0.010089442977914587,0.010123801126610488,0.020189339450250067,0.020234336063046664
untrained,8,4,18,False,0.020198434591293335,0.010099155741045251,0.010099278850248083,0.020241851095056187,0.020147659989484284
untrained,8,4,19,False,0.02023048629052937,0.010106365691171959,0.01012412051204592,0.020245443822609052,0.02021598876095735
untrained,8,4,20,False,0.020213130861520767,0.010100794315803796,0.01011233645840548,0.020191274157592226,0.020239509080119174
untrained,8,4,21,False,0.020147559291217476,0.010038438020274043,0.010109121009008959,0.020130822758959686,0.020167132586998454
untrained,8,4,22,False,0.020235076604876667,0.010139489808352664,0.010095587145769969,0.02020268396784862,0.020263658836483955
untrained,8,4,23,False,0.020147376169916242,0.010031416139099747,0.010115960089024156,0.020195090455504563,0.020098147352063465
untrained,8,4,24,False,0.02019033196847886,0.010084794921567664,0.010105537046911195,0.020167866032825756,0.02022015005350113
untrained,8,4,25,False,0.02022105740616098,0.010097197024151683,0.010123860178282484,0.020251354632469326,0.02018979827444705
untrained,8,4,26,False,0.020188396389130503,0.010089236224303022,0.010099160223035142,0.020188929609440527,0.02018795449818884
untrained,8,4,27,False,0.020178450853563845,0.010091433097841218,0.010087017726618797,0.020169769937638193,0.02018713191500865
untrained,8,4,28,False,0.020207624591421336,0.010114178148796782,0.010093446122482419,0.020208530901716305,0.020206688947620843
untrained,8,4,29,False,0.020200765400659293,0.010105120483785868,0.010095645004184917,0.020193608448145883,0.020207701709408027
untrained,8,4,30,False,0.02020836918381974,0.010103688051458448,0.010104681132361293,0.02022983951287137,0.020180764375254512
untrained,8,4,31,False,0.0202171741402708,0.010098185099195689,0.01011898898286745,0.02024081093924386,0.020188646936981844
untrained,8,4,32,False,0.020274565904401243,0.010180146578932181,0.01009441917994991,0.020295472046922124,0.020254302426026417
untrained,8,4,33,False,0.020168631162960082,0.010060479457024485,0.010108151793247089,0.020199043977567378,0.020134163678934176
untrained,8,4,34,False,0.020204079046379775,0.010111789160873741,0.010092289914609864,0.020192138643728364,0.020219430260892422
untrained,8,4,35,False,0.0201804781681858,0.010064669681014493,0.010115808341652155,0.02020408334358344,0.02015759867544358
untrained,8,4,36,False,0.02020730631193146,0.01008509105304256,0.0101222152588889,0.020191985993616043,0.020221697787443798
untrained,8,4,37,False,0.020230500784236938,0.010121836035978049,0.010108664748258889,0.020212311392365876,0.020246054059353428
untrained,8,4,38,False,0.020147749863099307,0.010070015938254073,0.010077733866637573,0.020120466071547882,0.020176793358499003
untrained,8,4,39,False,0.02018246112857014,0.010076209320686758,0.01010625172057189,0.020166630062329417,0.020200403003642956
untrained,8,4,40,False,0.02023112797178328,0.010119191341800615,0.010111936804605648,0.020237005269918285,0.02022577716565844
untrained,8,4,41,False,0.020200658414978534,0.010099099949002266,0.010101558174937963,0.02017176220050225,0.020230471526109985
untrained,8,4,42,False,0.020215406664647162,0.01009281529695727,0.010122591542312875,0.020253065763221632,0.020180029794573784
untrained,8,4,43,False,0.02016970148542896,0.010066743765491992,0.010102957370691001,0.02019152610150517,0.020149830228357174
untrained,8,4,44,False,0.020188188005704433,0.010089217888889834,0.01009897020412609,0.020203109799047648,0.02017542862913747
untrained,8,4,45,False,0.020213621552102268,0.010083652683533728,0.010129969159606844,0.020227080461249422,0.020198839365458878
untrained,8,4,46,False,0.020208324654959142,0.010090516530908644,0.010117808153154328,0.02028481097165811,0.020142922879777096
untrained,8,4,47,False,0.020209578855428845,0.01009497552877292,0.010114603268448263,0.020208848239137576,0.02021033216326956
untrained,8,4,48,False,0.020157730323262513,0.010074959718622267,0.01008277086657472,0.02015102178686195,0.02016262604376754
untrained,8,4,49,True,0.010104683635290712,0.010104683635290712,0.0,nan,nan
untrained,8,5,0,False,0.020224733103532344,0.010138988989638165,0.010085743997478858,0.020234686398022884,0.020211093714115797
untrained,8,5,1,False,0.02015205129282549,0.010094797238707542,0.01005725417053327,0.02016964533055822,0.02013652749797877
untrained,8,5,2,False,0.020219712576363236,0.010141308070160449,0.010078404535306618,0.020201496891121367,0.02023972002942054
untrained,8,5,3,False,0.020220127364154905,0.010129075846634805,0.010091051459312439,0.020210426192784653,0.020231472644007813
untrained,8,5,4,False,0.02020375384017825,0.010134957963600755,0.010068795760162175,0.02018380252411589,0.020223704894306138
untrained,8,5,5,False,0.020212903153151274,0.010142663260921836,0.010070240095956251,0.020262102130800486,0.02017213816621474
untrained,8,5,6,False,0.02022260910598561,0.010166464780922979,0.010056144092231989,0.020256955701280648,0.020179826374116697
untrained,8,5,7,False,0.020216766162775457,0.010152527072932571,0.010064238886116073,0.020189201279032613,0.020242660278172203
untrained,8,5,8,False,0.02021605957997963,0.010139207181055099,0.010076852544443682,0.02021021896698436,0.02022137740321124
untrained,8,5,9,False,0.02017135446658358,0.010102650878252462,0.010068703471915796,0.020138333551585674,0.020208778170247875
untrained,8,5,10,False,0.02020583680132404,0.010136146593140438,0.010069690033560619,0.020221070386469364,0.02018857185418407
untrained,8,5,11,False,0.020213741750922054,0.010134858195669949,0.010078883758978918,0.02022039190980426,0.020208403127084315
untrained,8,5,12,False,0.020207476511131972,0.010139208345208317,0.010068268195027485,0.020202126189628068,0.02021354055032134
untrained,8,5,13,False,0.020165804715361446,0.010111192765180022,0.010054611891973764,0.02014409855008125,0.020196520002945414
untrained,8,5,14,False,0.02023362397449091,0.010143844061531126,0.010089779563713819,0.020247720542453954,0.02022038140531742
untrained,8,5,15,False,0.02019817754626274,0.010120495251612738,0.010077682149130851,0.02022590730061282,0.02016771990866935
untrained,8,5,16,False,0.020190498034935445,0.010115118871908635,0.01007537922123447,0.020165245713932176,0.02022097516676475
untrained,8,5,17,False,0.02027416368946433,0.010154046525713056,0.010120117309270427,0.020269668847322463,0.020278129918391216
untrained,8,5,18,False,0.02021754445740953,0.010123161715455353,0.010094382596435025,0.020183403341882473,0.02025747213954643
untrained,8,5,19,False,0.020207459456287324,0.010122451378265396,0.010085007932502776,0.020187622054465233,0.020226686189954098
untrained,8,5,20,False,0.02024791727308184,0.0101441545994021,0.0101037627318874,0.02021068576723337,0.02029285189727771
untrained,8,5,21,False,0.02014317171415314,0.010079954168759286,0.010063217603601515,0.02013981164149616,0.020147101227509772
untrained,8,5,22,False,0.02020907832775265,0.010134566808119416,0.010074511665152386,0.020249245067437492,0.02017363708685426
untrained,8,5,23,False,0.020163945271633565,0.010096563026309013,0.010067382274428383,0.020192895743709343,0.02013407570738641
untrained,8,5,24,False,0.02020502445520833,0.010139560152310878,0.010065464302897453,0.02020454253644159,0.020205663923512803
untrained,8,5,25,False,0.020214872434735298,0.01016408042050898,0.01005079215974547,0.020203387508025535,0.020226722346648338
untrained,8,5,26,False,0.02018676936859265,0.010112678253790364,0.010074090940179303,0.020237107857547957,0.02014506044132369
untrained,8,5,27,False,0.02020266029285267,0.0101238573261071,0.01007880293764174,0.020218095422023907,0.02018722490174696
untrained,8,5,28,False,0.02021375484764576,0.010128136404091492,0.01008561864728108,0.020216525517977202,0.020210896456052386
untrained,8,5,29,False,0.020211735100019723,0.010144808678887784,0.0100669264793396,0.02025838072101275,0.020166525015464197
untrained,8,5,30,False,0.020229868008755147,0.010175281029660255,0.010054587153717875,0.02021547717352708,0.020248370577714274
untrained,8,5,31,False,0.020201767969410866,0.010096633719513193,0.010105134540935978,0.020236703593816074,0.020159604381127606
untrained,8,5,32,False,0.020221300364937633,0.010131688613910228,0.010089611983858049,0.020216095719545607,0.02022634518261139
untrained,8,5,33,False,0.020205369219183922,0.010119776503415778,0.010085593035910279,0.020191470517174286,0.020221121391902366
untrained,8,5,34,False,0.020216748875100166,0.010162980790482834,0.010053768084617332,0.020194234274741676,0.020245695686233894
untrained,8,5,35,False,0.020155589561909437,0.010103794396854937,0.010051794990431517,0.020132159370751607,0.020178298165018742
untrained,8,5,36,False,0.020170889561995864,0.010104860790306702,0.010066028480650857,0.020216093068161318,0.020128425634042782
untrained,8,5,37,False,0.02018652524566278,0.010121276049176231,0.010065249167382717,0.020189290834685503,0.020184160412653633
untrained,8,5,38,False,0.02015939896227792,0.010095150850247592,0.010064248053822666,0.020161297510970722,0.02015737771627403
untrained,8,5,39,False,0.020195838413201272,0.010142159066163003,0.010053679172415286,0.02020088766756303,0.020190115738660096
untrained,8,5,40,False,0.02017338667064905,0.010117326281033456,0.010056060156784952,0.02013910888526283,0.020204594358801842
untrained,8,5,41,False,0.020192144555039704,0.010136266209883615,0.010055878316052258,0.02014260570017191,0.02024325630849316
untrained,8,5,42,False,0.020172093936707824,0.010109154711244628,0.010062939254567027,0.020195431166118192,0.02015017077439662
untrained,8,5,43,False,0.020210321934428066,0.010126919980393723,0.010083402041345835,0.020253012506443947,0.020171454343110767
untrained,8,5,44,False,0.02019626699620858,0.010116194112924859,0.010080072679556906,0.020171141220351397,0.02021775127429029
untrained,8,5,45,False,0.020214147516526282,0.010137831181054935,0.010076316306367517,0.02020580232588213,0.020223313912016448
untrained,8,5,46,False,0.02017775713466108,0.010118947684532031,0.010058809159090742,0.020244128212837848,0.020121004567414093
untrained,8,5,47,False,0.020184877794235945,0.010111332638189197,0.010073545505292714,0.02020220899811158,0.020166996807333023
untrained,8,5,48,False,0.02025693457107991,0.01017438675626181,0.010082547581987455,0.0203196477420904,0.02021117088057705
untrained,8,5,49,True,0.010105451598064974,0.010105451598064974,0.0,nan,nan
untrained,9,0,0,False,0.020218917925376445,0.010103704815264791,0.010115213197423145,0.020215033682891063,0.02022391208447516
untrained,9,0,1,False,0.02023071446456015,0.010106923553394154,0.010123790882062167,0.020247180176817852,0.020211457543201364
untrained,9,0,2,False,0.020211816881783307,0.010092315322253853,0.010119501501321793,0.020200822922125668,0.020225511406335914
untrained,9,0,3,False,0.0202001299476251,0.010086289723403752,0.010113840398844332,0.020228753228568368,0.02016332921838122
untrained,9,0,4,False,0.020206834306009114,0.010095165780512616,0.010111668554600328,0.020208567349334895,0.020205352482372436
untrained,9,0,5,False,0.02019290317548439,0.010093466466059908,0.01009943670942448,0.02018633081692539,0.02020162642002106
untrained,9,0,6,False,0.02022481826134026,0.010097461636178195,0.010127356566954404,0.0202222245817001,0.020227494013924447
untrained,9,0,7,False,0.020208108995575458,0.010087779926834628,0.010120329272467643,0.020224977465760376,0.02018642076291144
untrained,9,0,8,False,0.020159465610049665,0.010051221877802163,0.01010824358672835,0.020105131917585763,0.020205924665366394
untrained,9,0,9,False,0.020192638621665537,0.010081062588142231,0.010111575917107984,0.02019113441929221,0.020193426160230524
untrained,9,0,10,False,0.020182898617349565,0.010077778395498171,0.010105120483785868,0.020148431792134238,0.0202152772496144
untrained,9,0,11,False,0.02017458964837715,0.010064191359560937,0.010110398521646857,0.02016343573914535,0.020186841548954854
untrained,9,0,12,False,0.02018092857906595,0.010065042559290305,0.010115885990671813,0.0201867766212672,0.020171181764453646
untrained,9,0,13,False,0.020208170637488365,0.01010146169574,0.01010670920368284,0.02020077693707018,0.02021629228943684
untrained,9,0,14,False,0.02016727498266846,0.010070735908811912,0.010096539015648887,0.020156334548936054,0.020176630089248436
untrained,9,0,15,False,0.02023165818536654,0.010094010678585619,0.010137647594092414,0.020246607011982373,0.02021361627326957
untrained,9,0,16,False,0.02020575653295964,0.01007931781350635,0.01012643810827285,0.020210014534045438,0.02020187909478572
untrained,9,0,17,False,0.02018759702332318,0.010069702053442597,0.010117895173607394,0.020221448969095945,0.020153745426796377
untrained,9,0,18,False,0.020181694300845265,0.01007060197298415,0.010111092444276437,0.02017301462333778,0.02018888627312013
untrained,9,0,19,False,0.020197258330881596,0.010053161560790613,0.010144096944713965,0.020181066198990898,0.02021396520828444
untrained,9,0,20,False,0.02025157498428598,0.010121134429937229,0.010130440146895126,0.020256733713562,0.020245727896690366
untrained,9,0,21,False,0.020191690942738205,0.010073708166601136,0.010117982630617917,0.02021467187923604,0.020172649142997608
untrained,9,0,22,False,0.02019675518386066,0.010097591002704576,0.01009916397742927,0.020187023205353934,0.020207784697413442
untrained,9,0,23,False,0.020187174319289625,0.010067946917843074,0.01011922737234272,0.020156262106582768,0.020215318274142136
untrained,9,0,24,False,0.020228508219588548,0.010094802273670211,0.010133706236956641,0.020214199704619556,0.020243270766167415
untrained,9,0,25,False,0.020209882350172848,0.010112708958331496,0.010097173508256674,0.02020177428300182,0.020217036910574228
untrained,9,0,26,False,0.020197905832901597,0.010084873356390744,0.010113032622030005,0.020188994653208156,0.020209006409634626
untrained,9,0,27,False,0.02018277469323948,0.010044489317806438,0.010138285346329212,0.02014892115531599,0.020221141787866753
untrained,9,0,28,False,0.02023515268228948,0.010113851691130549,0.01012130084563978,0.02021128821070306,0.02025901703746058
untrained,9,0,29,False,0.020214719872456044,0.010101659980136901,0.010113059950526804,0.020202606384243284,0.020229340306129946
untrained,9,0,30,False,0.020208099100273103,0.01009912884910591,0.010108970338478684,0.02019265738495609,0.02022049568173751
untrained,9,0,31,False,0.02023876999737695,0.01012763800099492,0.010111132200108841,0.02023244607196727,0.020246647821183787
untrained,9,0,32,False,0.020217588578816503,0.010105444234795868,0.0101121446932666,0.02022572809746906,0.020208648848729055
untrained,9,0,33,False,0.020210617629345506,0.010084163310239092,0.010126454231794924,0.020220288385947544,0.020198183666382517
untrained,9,0,34,False,0.020186339737847447,0.010076681297505274,0.010109658469446003,0.020198232631253848,0.020172861001143853
untrained,9,0,35,False,0.02018345321994275,0.010079571598907933,0.01010388127178885,0.020181289828214488,0.02018542259709159
untrained,9,0,36,False,0.02018182910978794,0.010093539109220728,0.010088290408020839,0.020161231034504835,0.02020445346954416
untrained,9,0,37,False,0.020236118289176375,0.010094852972542867,0.010141265200218186,0.020212265806129344,0.020252438409155922
untrained,9,0,38,False,0.020174001052509993,0.010074699472170323,0.010099301725858822,0.02017193303807922,0.02017641945158021
untrained,9,0,39,False,0.02020097093190998,0.010086437920108438,0.01011453301180154,0.020169588386035355,0.02022954290593738
untrained,9,0,40,False,0.02018355281325057,0.01006948936264962,0.010114063392393291,0.020212654368235515,0.020153527251548238
untrained,9,0,41,False,0.020222725346684456,0.010112386516993865,0.010110338946105912,0.020278650258357327,0.02018917049281299
untrained,9,0,42,False,0.02024534350493923,0.010136604105355218,0.01010873937048018,0.020271633909298824,0.020218218366305035
untrained,9,0,43,False,0.020203023916110396,0.01008172266301699,0.010121301340404898,0.020209885483223295,0.020196373101610404
untrained,9,0,44,False,0.020230552938301116,0.010111618088558316,0.010118934733327478,0.02021384655381553,0.020247259497409686
untrained,9,0,45,False,0.02020073216408491,0.010101861174916849,0.010098871076479554,0.020229551679221913,0.020171913114609197
untrained,9,0,46,False,0.020166420785244554,0.01004441233817488,0.010122008447069675,0.02018424499211675,0.02015118014769278
untrained,9,0,47,False,0.020183344138786197,0.010075815778691322,0.010107528418302536,0.020193315531697967,0.020173976931608086
untrained,9,0,48,False,0.02023874834412709,0.01012484185048379,0.01011390652274713,0.020250021512138432,0.020229408091732435
untrained,9,0,49,True,0.010027449927292764,0.010027449927292764,0.0,nan,nan
untrained,9,1,0,False,0.020199920574668795,0.010116013028891757,0.010083907749503851,0.020160948081562918,0.020250028065804924
untrained,9,1,1,False,0.02021086070453748,0.010109027789440006,0.010101832973305136,0.02022515377704648,0.020194145108936197
untrained,9,1,2,False,0.020217682817019522,0.01011358984396793,0.010104092856636271,0.020231211321874405,0.020200831488820545
untrained,9,1,3,False,0.0201431448222138,0.010081210144562647,0.010061934619443491,0.020188055647951033,0.020085402498287816
untrained,9,1,4,False,0.02016351342899725,0.010084331617690623,0.010079181694891304,0.0201766650366076,0.0201522678244805
untrained,9,1,5,False,0.020217507320921868,0.010116832359926775,0.010100675135618076,0.02021708375174705,0.02021806917407296
untrained,9,1,6,False,0.020213770680129528,0.010111663956195116,0.010102106753038242,0.02018352818603699,0.020244973223833812
untrained,9,1,7,False,0.020225719432346523,0.010132666095159948,0.010093053570017219,0.020245404862281352,0.020200409660381932
untrained,9,1,8,False,0.02017535630147904,0.010087726288475096,0.01008762972196564,0.020196146821066484,0.020157578630723816
untrained,9,1,9,False,0.02014761045575142,0.010083886241773143,0.010063724243082106,0.02014464368535714,0.020149164655733676
untrained,9,1,10,False,0.0202059069997631,0.010095274017658085,0.010110633273143321,0.02021381003601897,0.02019848307651101
untrained,9,1,11,False,0.02020366844953969,0.010127140500117093,0.010076527949422598,0.020191671382357824,0.020216845067553835
untrained,9,1,12,False,0.020203813153784722,0.010100738873006776,0.010103074047947302,0.02017640578560531,0.020249491615686566
untrained,9,1,13,False,0.02021785610122606,0.01011568374815397,0.01010217223665677,0.020238429891751772,0.020195257895794072
untrained,9,1,14,False,0.020160990592557937,0.010092119307955727,0.01006887128460221,0.02018751144030337,0.020138313318940178
untrained,9,1,15,False,0.020206710149068385,0.010114640492247418,0.010092069685924798,0.020192612068993705,0.020223724880609018
untrained,9,1,16,False,0.020216186356265098,0.010120405000634491,0.010095781326526776,0.020185280957671463,0.02024432394041944
untrained,9,1,17,False,0.0202234074822627,0.010112815973116085,0.010110591276315972,0.020223990955855697,0.020222824066877365
untrained,9,1,18,False,0.020185729139484465,0.010094547644257545,0.01009118146612309,0.020212390010469945,0.02016363822455917
untrained,9,1,19,False,0.020186967100016773,0.010073476209072396,0.010113491181982681,0.020205151490294018,0.020168204984021568
untrained,9,1,20,False,0.02021751005668193,0.010109250491950661,0.010108259622938931,0.020212339922128356,0.020223369201024372
untrained,9,1,21,False,0.02019407320767641,0.010092920419992879,0.010101152816787362,0.020188860017164002,0.02019839281482356
untrained,9,1,22,False,0.02020612731575966,0.010104344051796943,0.010101783147547394,0.02021939307451248,0.02019109269604087
untrained,9,1,23,False,0.020223872386850417,0.010126297624083236,0.010097574646351859,0.020150572305820028,0.020290608114715832
untrained,9,1,24,False,0.020187672052998096,0.010094457073137164,0.01009321483434178,0.0201489643408702,0.020227608640515614
untrained,9,1,25,False,0.02019233361352235,0.01010861826944165,0.010083715111250058,0.0201754176368316,0.02020725890007966
untrained,9,1,26,False,0.020219483005348593,0.010115239449078217,0.010104243585374206,0.02017798049139305,0.020271179462341887
untrained,9,1,27,False,0.02021735697053373,0.010119230806594715,0.010098126163939014,0.020194227012860423,0.020243571357180676
untrained,9,1,28,False,0.02022432693047449,0.010099490318680182,0.010124836640898138,0.020217059936840087,0.020231593865901232
untrained,9,1,29,False,0.020221734419465065,0.010120438266312703,0.010101296124048531,0.020257767822061266,0.02017824621549968
untrained,9,1,30,False,0.02019566885428503,0.010125986707862467,0.010069682291941717,0.02023174283666569,0.020166707789184342
untrained,9,1,31,False,0.020207218651194125,0.01012264026212506,0.010084578098030761,0.020212025079928652,0.020201231369323898
untrained,9,1,32,False,0.02016096079023555,0.010068605915876105,0.010092354496009648,0.020194753893275758,0.020123843195252733
untrained,9,1,33,False,0.020224835723638535,0.010108427348313853,0.010116408200701699,0.020276174156202212,0.02015882870182395
untrained,9,1,34,False,0.020219776430167258,0.010136453085578978,0.010083323461003602,0.020240582087460685,0.02019619643688202
untrained,9,1,35,False,0.020136739825829864,0.010089493327541277,0.010047246440080926,0.020118053575031093,0.020153752903440104
untrained,9,1,36,False,0.020221700135152787,0.010137880977708846,0.010083819302963093,0.020200226066717463,0.020245286498646268
untrained,9,1,37,False,0.020187379559502006,0.010086780821438879,0.010100598854478449,0.020152981034838237,0.02021091553921762
untrained,9,1,38,False,0.020169485767837614,0.010084943642141297,0.010084542242111638,0.020163306183573128,0.020176712928687113
untrained,9,1,39,False,0.020195847318973392,0.010109668743098155,0.010086178575875238,0.020212572251186996,0.02018061966927194
untrained,9,1,40,False,0.02025588817195967,0.010152307688258588,0.010103580600116402,0.020256718420065364,0.020255032039823987
untrained,9,1,41,False,0.020187978632748127,0.010114242642885074,0.010073736106278375,0.020214617892634124,0.020171995181590317
untrained,9,1,42,False,0.0201572134392336,0.01006986465654336,0.01008734869537875,0.020187533761446295,0.02012593003492507
untrained,9,1,43,False,0.02022603969089687,0.010138747835299,0.010087291884701699,0.020200028719883117,0.02025125020971665
untrained,9,1,44,False,0.020247617037966847,0.010145341220777482,0.010102276195539162,0.020209765381878242,0.020285468926886097
untrained,9,1,45,False,0.020183868356980383,0.010083336354000494,0.010100532119395211,0.020251420937711373,0.020116315776249394
untrained,9,1,46,False,0.02017478074412793,0.01008989938418381,0.01008488130173646,0.020197782128796738,0.020155112704505092
untrained,9,1,47,False,0.020175142330117524,0.010073047364130616,0.01010209508240223,0.020216260616096757,0.020136516117914154
untrained,9,1,48,False,0.0201808451092802,0.010083656554343179,0.01009718852583319,0.02013173824625796,0.02022153367953641
untrained,9,1,49,True,0.010260203300276771,0.010260203300276771,0.0,nan,nan
untrained,9,2,0,False,0.020196490921080112,0.010099446721142158,0.01009704387979582,0.0201961699511028,0.020196903297411542
untrained,9,2,1,False,0.020197317062411457,0.010086355556268245,0.010110961593454704,0.02015954199368539,0.020241494811439917
untrained,9,2,2,False,0.020204926433507353,0.010113000229466707,0.010091926058521494,0.020197631502655192,0.020214012676947994
untrained,9,2,3,False,0.020202767860610038,0.010099893959704787,0.010102873551659286,0.020203411630872223,0.020201939457495297
untrained,9,2,4,False,0.0201906111324206,0.010091950854985043,0.010098660248331726,0.020189474889282452,0.020191582567665886
untrained,9,2,5,False,0.02017201518174261,0.010091731703141704,0.010080283595016226,0.02016715105776101,0.02017847126857801
untrained,9,2,6,False,0.020217178796883672,0.010103686363436282,0.010113492113305256,0.020244065987376065,0.020189437749130387
untrained,9,2,7,False,0.02020417235326022,0.010107808251632378,0.010096364101627842,0.020173223559848137,0.020243963958429437
untrained,9,2,8,False,0.020152488199528307,0.010039020300609991,0.010113468044437468,0.0201507528643992,0.020153971928833187
untrained,9,2,9,False,0.020194455748423934,0.010102983651449904,0.0100914720678702,0.020162559114396572,0.020211163553453627
untrained,9,2,10,False,0.02023499325150624,0.01012851920677349,0.01010647407383658,0.020253022051145955,0.02021805682417118
untrained,9,2,11,False,0.02024660469032824,0.010125525237526745,0.010121079336386174,0.02022683047758999,0.02026832415187945
untrained,9,2,12,False,0.020232059876434505,0.010135540418559685,0.010096519778016955,0.02023189552128315,0.02023233417033528
untrained,9,2,13,False,0.020255214476492256,0.010133777977898717,0.010121436178451404,0.020229671734260088,0.020283269161572224
untrained,9,2,14,False,0.020153588498942554,0.010065546113764867,0.01008804255980067,0.020183721178416478,0.02012782322539799
untrained,9,2,15,False,0.020220722071826458,0.010110926406923681,0.010109795694006607,0.02018790202481406,0.020260332698195146
untrained,9,2,16,False,0.02018149895593524,0.01008035842096433,0.01010114059317857,0.020180626024232536,0.0201822935478456
untrained,9,2,17,False,0.02017701044678688,0.010077675280626863,0.01009933536988683,0.020185698376735672,0.020168323011603206
untrained,9,2,18,False,0.020159128354862332,0.01008468450163491,0.010074443911435083,0.020165855803623282,0.020153554555560862
untrained,9,2,19,False,0.020203592895995826,0.010117119527421892,0.010086473368573934,0.020234748319937632,0.02017144855880548
untrained,9,2,20,False,0.020218064077198505,0.010120363789610565,0.01009770028758794,0.020209470332381043,0.02022780341406663
untrained,9,2,21,False,0.020200124592520297,0.01011502812616527,0.010085096408147365,0.02021219786898843,0.020190120648060524
untrained,9,2,22,False,0.020174918056000024,0.010084048786666244,0.010090869414852932,0.02016669210484799,0.020184241080035765
untrained,9,2,23,False,0.02018527768086642,0.01009707892080769,0.01008819867274724,0.020128201143663437,0.020237242886379583
untrained,9,2,24,False,0.020202782761771232,0.01010026567382738,0.010102517320774496,0.02017447527211446,0.02023198925668285
untrained,9,2,25,False,0.02023506397381425,0.010127239220310003,0.01010782495723106,0.020281371505310137,0.020194204770685995
untrained,9,2,26,False,0.02021707355743274,0.010106405155966058,0.010110668372362852,0.02021893318480169,0.020214757653312723
untrained,9,2,27,False,0.020163320004940033,0.010086774011142552,0.010076546081108972,0.02015912308193305,0.02016807689021031
untrained,9,2,28,False,0.02023184217978269,0.010129099886398762,0.010102742468006909,0.020229013811331242,0.020234670693753287
untrained,9,2,29,False,0.02024160063592717,0.010117309808265418,0.01012429129332304,0.020266827674848695,0.020211154659246576
untrained,9,2,30,False,0.020143821951933205,0.010056361585156992,0.01008746022125706,0.020167648792266846,0.020124693020758495
untrained,9,2,31,False,0.020146929775364697,0.010064213536679745,0.010082716034958139,0.02012090458416603,0.020179346661295807
untrained,9,2,32,False,0.0201874123304151,0.010087670380016789,0.010099742125021294,0.020151116954746532,0.020227277743034674
untrained,9,2,33,False,0.02019901294261217,0.01009701713337563,0.010101995867444202,0.020179823972284794,0.020223684442628707
untrained,9,2,34,False,0.020229409798048437,0.010114362667081878,0.010115047276485711,0.020257280153386736,0.020197823643684387
untrained,9,2,35,False,0.02020458463812247,0.01010715586016886,0.010097428690642118,0.02016955620196999,0.02023647619939562
untrained,9,2,36,False,0.020266831328626722,0.010167899657972157,0.010098931525135413,0.020284557464852263,0.02024736176015901
untrained,9,2,37,False,0.020222622842993587,0.010114870907273144,0.010107752226758748,0.02020798738186176,0.02023263657955747
untrained,9,2,38,False,0.020207546709571034,0.010108201473485678,0.010099345061462373,0.020172037778125294,0.020249074040833166
untrained,9,2,39,False,0.020189401402603835,0.010076999693410471,0.010112401825608686,0.020210714247383056,0.02016999747659733
untrained,9,2,40,False,0.020171925018075854,0.010079771192977205,0.010092153795994818,0.02014954061462329,0.02019501965315569
untrained,9,2,41,False,0.020187970774713904,0.010093612218042836,0.010094358585774899,0.02020115900086239,0.020180057920515537
untrained,9,2,42,False,0.02019188500707969,0.010092502692714334,0.01009938251809217,0.020165385764378766,0.02021922567297542
untrained,9,2,43,False,0.020205954439006746,0.0100968960323371,0.010109058290254325,0.02022789672963203,0.020184687066536686
untrained,9,2,44,False,0.02022186224348843,0.010119949409272522,0.010101912776008248,0.020191382034681737,0.020252342394087464
untrained,9,2,45,False,0.020225535496138036,0.010121775238076225,0.010103760432684794,0.02025914136902429,0.020191930001601577
untrained,9,2,46,False,0.020204481086693704,0.010107221256475896,0.010097259830217808,0.020211653910198454,0.020198347667853035
untrained,9,2,47,False,0.020193321746774018,0.010094992438098416,0.010098329046741128,0.020182691995174654,0.020203307017006657
untrained,9,2,48,False,0.02024217846337706,0.010152737755561247,0.010089440562296659,0.020241414421591265,0.02024281157978943
untrained,9,2,49,True,0.010090405296068639,0.010090405296068639,0.0,nan,nan
untrained,9,3,0,False,0.020174108387436718,0.01009914290625602,0.010074965743115172,0.020160729970989954,0.020191309607720802
untrained,9,3,1,False,0.020213493786286563,0.01014435151591897,0.01006914212484844,0.02024009240710217,0.020182386230109102
untrained,9,3,2,False,0.020201414939947426,0.010110580100445077,0.010090834606671706,0.02019010673106556,0.020215500113472604
untrained,9,3,3,False,0.020194001670461148,0.010121829662239179,0.0100721720373258,0.02019653891006278,0.020190739405474493
untrained,9,3,4,False,0.02021282381610945,0.010126631968887523,0.010086191992741078,0.020227186792230203,0.020200542322751404
untrained,9,3,5,False,0.020244135637767613,0.010128697555046529,0.010115438140928745,0.02027193811556248,0.020207234505902637
untrained,9,3,6,False,0.020215961034409702,0.010118994017830119,0.010096966871060431,0.02020913173372929,0.02022300719741791
untrained,9,3,7,False,0.02020791155518964,0.010113677359186113,0.010094233846757561,0.020220140176307824,0.02019218827730843
untrained,9,3,8,False,0.020233801507856697,0.010138753423234448,0.010095047793583944,0.020222427134039038,0.020243526989783066
untrained,9,3,9,False,0.020124737231526524,0.010060948465252295,0.010063788940897211,0.020139676942066715,0.020116911668862612
untrained,9,3,10,False,0.020169913244899362,0.010076665843371302,0.010093247517943382,0.020167306005474058,0.020172362526257835
untrained,9,3,11,False,0.020250923873391002,0.010164308565435931,0.010086615278851241,0.02025656944224194,0.020244722666799046
untrained,9,3,12,False,0.020245123305357993,0.010142123530386016,0.010102999454829842,0.020256087509915234,0.020226849320655067
untrained,9,3,13,False,0.020167278533335775,0.010098258120706305,0.010069020470837131,0.02021139306919788,0.020118825320826202
untrained,9,3,14,False,0.02019521564943716,0.010113466705661267,0.010081748885568231,0.02021989554671918,0.02017411233290382
untrained,9,3,15,False,0.020168623537756503,0.010080894862767309,0.010087728762300685,0.020183728582092695,0.0201503934402918
untrained,9,3,16,False,0.02017081476515159,0.010082930763019249,0.010087884176755324,0.02018494476548961,0.020157950332582886
untrained,9,3,17,False,0.020202945393975824,0.010117922618519515,0.010085022688144818,0.02016613117302768,0.02023975973133929
untrained,9,3,18,False,0.020222250372171402,0.010125240514753386,0.010097009624587372,0.02017724819095998,0.020259537574435982
untrained,9,3,19,False,0.020211445807944983,0.010088840936077759,0.010122605046490207,0.020186163255801567,0.02023753089209398
untrained,9,3,20,False,0.02024139155400917,0.010164779523620382,0.010076612263219431,0.020220311721512937,0.02026528203859925
untrained,9,3,21,False,0.02016573288710788,0.010071141383377835,0.010094591416418552,0.020135451878966957,0.02019082329102925
untrained,9,3,22,False,0.020227315952070057,0.010159765457501635,0.010067550669191405,0.020181504954748294,0.020279235175500312
untrained,9,3,23,False,0.020180834748316556,0.0100904990977142,0.010090335796121508,0.02020573112197587,0.020158168317666692
untrained,9,3,24,False,0.020207103982102126,0.01010408319416456,0.010103020758833736,0.020225926517294004,0.02018768387654471
untrained,9,3,25,False,0.020186354406177998,0.010138975456357002,0.01004737862967886,0.020201665225128333,0.020172844723086145
untrained,9,3,26,False,0.020162570115644485,0.010094750265125185,0.010067819705000147,0.020159939776214077,0.02016584606220325
untrained,9,3,27,False,0.020225069019943476,0.010121526167495176,0.010103542997967452,0.020191239686134985,0.020263409148901703
untrained,9,3,28,False,0.02019190276041627,0.01009767796494998,0.010094225319335237,0.020167319889878854,0.020216486416757107
untrained,9,3,29,False,0.020209728740155697,0.010150020738365129,0.010059707768959925,0.020206383881824358,0.02021376531699608
untrained,9,3,30,False,0.020236631098669022,0.010145131731405854,0.010091499658301473,0.020272478363231608,0.020207852781028816
untrained,9,3,31,False,0.02018723578657955,0.010110112722031772,0.010077123180963099,0.02023117889610814,0.020132499665283323
untrained,9,3,32,False,0.02014629903715104,0.010083438974106684,0.010062859946629032,0.02020382611498014,0.020083113161266826
untrained,9,3,33,False,0.020241049292962998,0.010143680003238842,0.010097369289724156,0.02027629491769605,0.020195733024073497
untrained,9,3,34,False,0.020167196518741548,0.010106128873303533,0.010061067645438015,0.02018644956543165,0.02014537683377663
untrained,9,3,35,False,0.020202939515002072,0.010136330442037433,0.010066609247587621,0.020224332778913078,0.02018346226037438
untrained,9,3,36,False,0.020190778363030404,0.010104212065925822,0.010086566355312243,0.02017802542158917,0.020204785508943383
untrained,9,3,37,False,0.02019956399453804,0.010130821843631566,0.010068742267321795,0.020263393230449695,0.020155891629033966
untrained,9,3,38,False,0.02018844778649509,0.010108668881002814,0.010079778818180785,0.02020117894246958,0.020173559091606383
untrained,9,3,39,False,0.020231275935657322,0.01013204240007326,0.010099233506480232,0.020260013273504913,0.020205111729342546
untrained,9,3,40,False,0.020216669247020036,0.010103023960255086,0.010113644850207493,0.020232674307548083,0.020200155320621672
untrained,9,3,41,False,0.02019210672006011,0.010118440026417375,0.010073666839161888,0.020229251046354573,0.02016982045024633
untrained,9,3,42,False,0.020153877791017294,0.010063820867799222,0.010090057068737224,0.02015563868559324,0.020152060728934076
untrained,9,3,43,False,0.020244395185727626,0.010150434682145715,0.01009396038716659,0.020227391982362383,0.020260875356885102
untrained,9,3,44,False,0.020264143648091704,0.01017750144819729,0.010086642490932718,0.020234450639691204,0.020293837442295626
untrained,9,3,45,False,0.020221510203555226,0.010125770466402173,0.010095739737153053,0.020242198777850717,0.020200821658363566
untrained,9,3,46,False,0.020186925714369863,0.010107449197676033,0.010079476749524474,0.020177018623483384,0.020195396887003513
untrained,9,3,47,False,0.020223713421728462,0.010127036803169176,0.010096676531247795,0.02016601995414784,0.020277910188517788
untrained,9,3,48,False,0.02021291118580848,0.01012961266678758,0.010083298373501748,0.020225622723328656,0.02020237919475351
untrained,9,3,49,True,0.01006740127922967,0.01006740127922967,0.0,nan,nan
untrained,9,4,0,False,0.020260356832295656,0.010137238772585988,0.010123117855982855,0.020247711127416954,0.020276615362880484
untrained,9,4,1,False,0.020164544694125652,0.010079341300297529,0.010085203568451107,0.02016521121064822,0.020163765524403524
untrained,9,4,2,False,0.02019454794935882,0.010067581839393824,0.010126966226380318,0.020229069437359422,0.02015154756474913
untrained,9,4,3,False,0.020188087597489357,0.010077606624690816,0.010110481234733015,0.02015982371651464,0.020224427139120444
untrained,9,4,4,False,0.020222528837621212,0.010115617391420528,0.010106911533512175,0.020181160136047056,0.020257902156183685
untrained,9,4,5,False,0.020190604962408543,0.01010899554239586,0.010081609390908852,0.020211371759029283,0.02016304135322571
untrained,9,4,6,False,0.020167025737464428,0.010074177640490234,0.010092848242493346,0.020204150590759057,0.020128722642622297
untrained,9,4,7,False,0.020195406512357295,0.010090108524309471,0.010105297551490366,0.020182487166797124,0.020212016600583284
untrained,9,4,8,False,0.020223326864652336,0.010107650043210015,0.010115676617715508,0.020222269219614692,0.020224231119821037
untrained,9,4,9,False,0.020206026907544583,0.010084370849654078,0.010121655825059861,0.02022062847390771,0.020198378401498
untrained,9,4,10,False,0.02020851441193372,0.010102484666276723,0.010106029803864658,0.02015939033440044,0.020254660792874565
untrained,9,4,11,False,0.020213836280163378,0.010119768645381555,0.010094067605677992,0.020237123399083297,0.02018825859442109
untrained,9,4,12,False,0.02016570692649111,0.010079245665110648,0.010086461319588125,0.020158729795366526,0.02017733477987349
untrained,9,4,13,False,0.020225659711286426,0.0101142130442895,0.0101114469289314,0.02021171766986598,0.020240973406394976
untrained,9,4,14,False,0.020194865355733782,0.010081670130603015,0.01011319542885758,0.020202009733450613,0.020188756934974503
untrained,9,4,15,False,0.020195514138322324,0.010084133507916704,0.010111380834132433,0.020144115122301236,0.020257547786780475
untrained,9,4,16,False,0.020200497412588447,0.010090846888488159,0.010109650436788797,0.020188322993086986,0.020211581418763346
untrained,9,4,17,False,0.02021151507506147,0.01010105010936968,0.010110464645549655,0.02020222184364684,0.020220807928126305
untrained,9,4,18,False,0.020238354976754636,0.010124167281901464,0.010114187811268494,0.02024992892582869,0.020228765452546732
untrained,9,4,19,False,0.020199135353323072,0.010102250176714733,0.010096885089296848,0.020174514788847703,0.020224537020401348
untrained,9,4,20,False,0.020230389549396932,0.010122618317836896,0.010107771056937054,0.0202401342240217,0.020219344987223546
untrained,9,4,21,False,0.020211032999213785,0.010106231668032706,0.01010480133118108,0.020234607738153686,0.02019149959087372
untrained,9,4,22,False,0.020163474488072097,0.010050783195765689,0.010112691204994917,0.02019542094100924,0.020127268352856238
untrained,9,4,23,False,0.020228063222020864,0.010111513664014637,0.01011654909234494,0.020205568858101722,0.020248542553675707
untrained,9,4,24,False,0.02016598533373326,0.010085674322908744,0.010080311127239838,0.020145246787713122,0.020187382512385884
untrained,9,4,25,False,0.02023390866816044,0.01011382884462364,0.010120079707121477,0.020231695814679068,0.020235861350289163
untrained,9,4,26,False,0.02019375516101718,0.010093906981637701,0.010099848033860326,0.02019554481539928,0.020191525746332973
untrained,9,4,27,False,0.020196414028760046,0.01010707812383771,0.010089335934026167,0.020192123703001177,0.020201276056468487
untrained,9,4,28,False,0.02017130277818069,0.010072656150441617,0.010098646860569715,0.020210312883136794,0.02013229302247055
untrained,9,4,29,False,0.02018150989897549,0.010066170245409012,0.010115339769981802,0.020190343473638808,0.020170848527602078
untrained,9,4,30,False,0.020213626616168767,0.010108878486789763,0.010104748333105817,0.020212668304642044,0.020214396253438065
untrained,9,4,31,False,0.020215598575305194,0.010107215406605974,0.010108383110491559,0.020175902618908545,0.020265044448407075
untrained,9,4,32,False,0.020218137826304883,0.010134389682207257,0.010083748260512948,0.02020112400068276,0.020236825570464134
untrained,9,4,33,False,0.02017832372803241,0.010097828780999407,0.010080495208967477,0.020179086571766272,0.020177343926791637
untrained,9,4,34,False,0.020200868137180805,0.010105508961714804,0.01009535911725834,0.020144938902162454,0.02026425451040268
untrained,9,4,35,False,0.020234525960404426,0.01011907626525499,0.010115449782460928,0.02021930424771348,0.02024838428443937
untrained,9,4,36,False,0.020217098819557577,0.01011371414642781,0.010103384673129767,0.020206191396312925,0.02022907873768298
untrained,9,4,37,False,0.02017429593252018,0.010065308044431731,0.010108988004503772,0.02011595655662509,0.020214212176046874
untrained,9,4,38,False,0.020228401117492467,0.010144043626496568,0.010084357258165255,0.02017187456721845,0.02029450815486706
untrained,9,4,39,False,0.020240509882569313,0.010131500253919512,0.010109009803272784,0.020234582243395634,0.020245906604982135
untrained,9,4,40,False,0.02021006739232689,0.010099221603013575,0.010110845702001825,0.02020509271667554,0.02021519990549201
untrained,9,4,41,False,0.02014958520885557,0.01006168857566081,0.010087896749610081,0.020065084410210453,0.02020028596743941
untrained,9,4,42,False,0.020171999000012875,0.010087109927553684,0.010084889101563022,0.020176612528470847,0.020167239542518343
untrained,9,4,43,False,0.020223259925842285,0.01011960458708927,0.010103655164130032,0.020206289809374584,0.02023970791353629
untrained,9,4,44,False,0.020239831297658384,0.01012885250383988,0.0101109791721683,0.020161300111794844,0.02031836280366406
untrained,9,4,45,False,0.020191780640743673,0.01007073960499838,0.010121040919329971,0.020207423804095015,0.020176137273665518
untrained,9,4,46,False,0.0201946257147938,0.010105143330292776,0.010089482268085703,0.0201902717541335,0.02019834853168847
untrained,9,4,47,False,0.0201539266272448,0.010085371526656672,0.010068554896861315,0.02014009588428082,0.020166918804699722
untrained,9,4,48,False,0.020188125723507255,0.01010195424896665,0.010086171241709962,0.020174306046603054,0.020199576392769814
untrained,9,4,49,True,0.010113519616425037,0.010113519616425037,0.0,nan,nan
untrained,9,5,0,False,0.020190615381579846,0.010128284193342552,0.010062331130029634,0.020205702658535708,0.02017121745406517
untrained,9,5,1,False,0.020211325492709875,0.010121170111233369,0.010090155294165015,0.020216241262961124,0.020205576414779082
untrained,9,5,2,False,0.02017488470301032,0.010087863338412717,0.010087021044455469,0.020171086028428147,0.020179615764502896
untrained,9,5,3,False,0.020188307040371,0.01012033614097163,0.010067971015814692,0.020156045832360785,0.02022978563659958
untrained,9,5,4,False,0.020172347547486424,0.010085803194670007,0.010086544847581536,0.020117372463820345,0.020219355686635212
untrained,9,5,5,False,0.02012392575852573,0.010066991730127484,0.010056933824671432,0.020144912682167473,0.02009606977755373
untrained,9,5,6,False,0.02019624609965831,0.01009777226136066,0.010098473547259346,0.020209158613131595,0.02018292313293805
untrained,9,5,7,False,0.020200015336740762,0.010118115606019273,0.010081899759825319,0.020187796585054863,0.02021572506055236
untrained,9,5,8,False,0.020221065380610526,0.010119841521373019,0.010101223946548998,0.020197276026010513,0.020241406894680382
untrained,9,5,9,False,0.020177196012809873,0.01011420285794884,0.010062993504106998,0.02011506890200756,0.02020973925079618
untrained,9,5,10,False,0.020204710017424077,0.010104322311235592,0.010100387764396146,0.02018105097475552,0.020226935263384472
untrained,9,5,11,False,0.020210997434332967,0.010132593277376145,0.010078404244268313,0.020214308720471252,0.020207361333438607
untrained,9,5,12,False,0.020225186657626182,0.01013344747480005,0.010091739299241453,0.020227272203192117,0.02022171103938793
untrained,9,5,13,False,0.020183478016406298,0.01011351600755006,0.010069961950648576,0.020156496051532122,0.020213114280925423
untrained,9,5,14,False,0.020235152449458838,0.010163421364268288,0.01007173114339821,0.02021611819706731,0.020251428141542103
untrained,9,5,15,False,0.020209158130455762,0.010119938029674813,0.010089219984365627,0.020211698540619442,0.02020609186127268
untrained,9,5,16,False,0.02018956176470965,0.010113697353517637,0.01007586414925754,0.020175877286762487,0.02020202054461436
untrained,9,5,17,False,0.02021347376285121,0.01014656203915365,0.01006691189832054,0.020193438802380115,0.02023350933450274
untrained,9,5,18,False,0.020209786074701697,0.010142535524209961,0.010067250725114718,0.020219835870224856,0.020201459207705087
untrained,9,5,19,False,0.020159762643743306,0.010089827352203429,0.010069935029605404,0.020102685861862625,0.020218650647808634
untrained,9,5,20,False,0.02024601388256997,0.010147841123398393,0.010098172526340932,0.02023663911420633,0.020256638837357364
untrained,9,5,21,False,0.02022572373971343,0.010163568542338908,0.010062155459308997,0.020206072303498614,0.020242006491337505
untrained,9,5,22,False,0.020219921600073576,0.010140411031898111,0.010079510509967804,0.020216685747179913,0.02022358893106381
untrained,9,5,23,False,0.02024226851062849,0.010131568531505764,0.010110699775395915,0.02024130550686453,0.020243145025043346
untrained,9,5,24,False,0.0202045293408446,0.01013022378901951,0.010074305697344244,0.020214044646574898,0.020194712257574476
untrained,9,5,25,False,0.0201969284680672,0.01013791240984574,0.01005901611642912,0.020225295672814052,0.020171898334999296
untrained,9,5,26,False,0.02020340913441032,0.010108039568876848,0.010095369361806661,0.020176237947504286,0.020237253946170472
untrained,9,5,27,False,0.02019478811416775,0.01011345227016136,0.010081336047733203,0.020206743221291724,0.020181239458421867
untrained,9,5,28,False,0.020184041815809906,0.010113340627867728,0.010070701246149838,0.02021161894663237,0.020156465005129576
untrained,9,5,29,False,0.020130878605414182,0.01007431442849338,0.010056564031401649,0.020154050844056266,0.020102911532439035
untrained,9,5,30,False,0.02021421102108434,0.010147437482373789,0.010066773829748854,0.020204994500729073,0.02022161075032093
untrained,9,5,31,False,0.020234873984009027,0.0101608841214329,0.010073989687953144,0.020267503624650796,0.02019422975156391
untrained,9,5,32,False,0.0201998254051432,0.010131476039532572,0.010068349103676155,0.02018421129393044,0.020216974994686783
untrained,9,5,33,False,0.020240565529093146,0.010152315750019625,0.010088249837281182,0.020275304093956947,0.02019590189281319
untrained,9,5,34,False,0.02020855963928625,0.010139321093447506,0.010069238400319591,0.020202734398052972,0.020215161393086115
untrained,9,5,35,False,0.020247031236067414,0.010163609113078564,0.010083422384923324,0.02023004633603526,0.02026249496127242
untrained,9,5,36,False,0.020207001944072545,0.010119162587216124,0.010087839153129607,0.02018741162410423,0.020228518570055726
untrained,9,5,37,False,0.020207434659823775,0.010123476415174082,0.010083958273753524,0.02022134566393036,0.020197916236755098
untrained,9,5,38,False,0.02015049458714202,0.010108390008099377,0.010042104637250304,0.020121199821216473,0.020184754820193274
untrained,9,5,39,False,0.02015960542485118,0.010112562129506841,0.010047043208032846,0.02016366602944546,0.02015590851209057
untrained,9,5,40,False,0.02019913657568395,0.010115976765519008,0.010083159693749622,0.020203128514381555,0.020195017258326214
untrained,9,5,41,False,0.020233102375641465,0.01016814322792925,0.010064959002193063,0.02024355299848442,0.02022683173418045
untrained,9,5,42,False,0.02018555102404207,0.010135022399481386,0.010050528653664514,0.020167743643889062,0.02020392374741653
untrained,9,5,43,False,0.02025498275179416,0.010166535037569702,0.010088447947055101,0.020184197714404453,0.020323589931313807
untrained,9,5,44,False,0.020236413402017206,0.010144698026124388,0.010091715375892818,0.02020213834475726,0.020270688633900136
untrained,9,5,45,False,0.020208276517223567,0.010129678208613768,0.010078598337713629,0.020214719435898587,0.020201833714963868
untrained,9,5,46,False,0.02021963830338791,0.010143214836716652,0.010076423524878919,0.020248631267982015,0.0201948470827462
untrained,9,5,47,False,0.020170032687019557,0.010098710568854585,0.010071322089061141,0.020178196200680346,0.020162363959984345
untrained,9,5,48,False,0.020175848389044404,0.010099829029059038,0.010076019301777706,0.020176718268415023,0.020175127711679255
untrained,9,5,49,True,0.010101717431098223,0.010101717431098223,0.0,nan,nan
